<?xml version="1.0" encoding="UTF-8" ?>
<gpx version="1.1" xmlns:xsi="http://www.w3.org/2001/XMLSchema-instance" 
    xmlns="http://www.topografix.com/GPX/1/1"
    xsi:schemaLocation="http://www.topografix.com/GPX/1/1 http://www.topografix.com/GPX/1/1/gpx.xsd" 
    creator="Openrunner - https://www.openrunner.com" >	<trk>
	                   <name>CSL 2026 Etape 2  Chardonnay - Chardonnay-22910169</name>
						<trkseg>
					<trkpt lat="46.509040" lon="4.862870">
						<ele>231</ele>
						<time>2026-02-16T09:11:53Z</time>
					</trkpt>
					<trkpt lat="46.509220" lon="4.862680">
						<ele>232</ele>
						<time>2026-02-16T09:11:57Z</time>
					</trkpt>
					<trkpt lat="46.509320" lon="4.862580">
						<ele>233</ele>
						<time>2026-02-16T09:11:59Z</time>
					</trkpt>
					<trkpt lat="46.509430" lon="4.862540">
						<ele>233</ele>
						<time>2026-02-16T09:12:01Z</time>
					</trkpt>
					<trkpt lat="46.509500" lon="4.862510">
						<ele>233</ele>
						<time>2026-02-16T09:12:02Z</time>
					</trkpt>
					<trkpt lat="46.509550" lon="4.862490">
						<ele>233</ele>
						<time>2026-02-16T09:12:03Z</time>
					</trkpt>
					<trkpt lat="46.509830" lon="4.862450">
						<ele>234</ele>
						<time>2026-02-16T09:12:08Z</time>
					</trkpt>
					<trkpt lat="46.509910" lon="4.862210">
						<ele>235</ele>
						<time>2026-02-16T09:12:12Z</time>
					</trkpt>
					<trkpt lat="46.509940" lon="4.862080">
						<ele>235</ele>
						<time>2026-02-16T09:12:13Z</time>
					</trkpt>
					<trkpt lat="46.510030" lon="4.861770">
						<ele>236</ele>
						<time>2026-02-16T09:12:17Z</time>
					</trkpt>
					<trkpt lat="46.510050" lon="4.861630">
						<ele>237</ele>
						<time>2026-02-16T09:12:19Z</time>
					</trkpt>
					<trkpt lat="46.510050" lon="4.861550">
						<ele>237</ele>
						<time>2026-02-16T09:12:20Z</time>
					</trkpt>
					<trkpt lat="46.510050" lon="4.861490">
						<ele>237</ele>
						<time>2026-02-16T09:12:21Z</time>
					</trkpt>
					<trkpt lat="46.510040" lon="4.861460">
						<ele>237</ele>
						<time>2026-02-16T09:12:21Z</time>
					</trkpt>
					<trkpt lat="46.510020" lon="4.861380">
						<ele>238</ele>
						<time>2026-02-16T09:12:22Z</time>
					</trkpt>
					<trkpt lat="46.509940" lon="4.861170">
						<ele>238</ele>
						<time>2026-02-16T09:12:25Z</time>
					</trkpt>
					<trkpt lat="46.509890" lon="4.861030">
						<ele>239</ele>
						<time>2026-02-16T09:12:27Z</time>
					</trkpt>
					<trkpt lat="46.509880" lon="4.860900">
						<ele>240</ele>
						<time>2026-02-16T09:12:29Z</time>
					</trkpt>
					<trkpt lat="46.509920" lon="4.860100">
						<ele>243</ele>
						<time>2026-02-16T09:12:39Z</time>
					</trkpt>
					<trkpt lat="46.509950" lon="4.859120">
						<ele>246</ele>
						<time>2026-02-16T09:12:51Z</time>
					</trkpt>
					<trkpt lat="46.509990" lon="4.858200">
						<ele>245</ele>
						<time>2026-02-16T09:13:02Z</time>
					</trkpt>
					<trkpt lat="46.510000" lon="4.857600">
						<ele>244</ele>
						<time>2026-02-16T09:13:09Z</time>
					</trkpt>
					<trkpt lat="46.510020" lon="4.857010">
						<ele>247</ele>
						<time>2026-02-16T09:13:17Z</time>
					</trkpt>
					<trkpt lat="46.510020" lon="4.856750">
						<ele>249</ele>
						<time>2026-02-16T09:13:20Z</time>
					</trkpt>
					<trkpt lat="46.510000" lon="4.856470">
						<ele>251</ele>
						<time>2026-02-16T09:13:23Z</time>
					</trkpt>
					<trkpt lat="46.509950" lon="4.856260">
						<ele>253</ele>
						<time>2026-02-16T09:13:26Z</time>
					</trkpt>
					<trkpt lat="46.509850" lon="4.856030">
						<ele>256</ele>
						<time>2026-02-16T09:13:29Z</time>
					</trkpt>
					<trkpt lat="46.509660" lon="4.855690">
						<ele>259</ele>
						<time>2026-02-16T09:13:35Z</time>
					</trkpt>
					<trkpt lat="46.509410" lon="4.855170">
						<ele>264</ele>
						<time>2026-02-16T09:13:42Z</time>
					</trkpt>
					<trkpt lat="46.509180" lon="4.854720">
						<ele>266</ele>
						<time>2026-02-16T09:13:49Z</time>
					</trkpt>
					<trkpt lat="46.508930" lon="4.854200">
						<ele>269</ele>
						<time>2026-02-16T09:13:57Z</time>
					</trkpt>
					<trkpt lat="46.508800" lon="4.853960">
						<ele>268</ele>
						<time>2026-02-16T09:14:01Z</time>
					</trkpt>
					<trkpt lat="46.508810" lon="4.853960">
						<ele>268</ele>
						<time>2026-02-16T09:14:01Z</time>
					</trkpt>
					<trkpt lat="46.508980" lon="4.853740">
						<ele>267</ele>
						<time>2026-02-16T09:14:05Z</time>
					</trkpt>
					<trkpt lat="46.509030" lon="4.853690">
						<ele>267</ele>
						<time>2026-02-16T09:14:06Z</time>
					</trkpt>
					<trkpt lat="46.509150" lon="4.853580">
						<ele>267</ele>
						<time>2026-02-16T09:14:09Z</time>
					</trkpt>
					<trkpt lat="46.509170" lon="4.853560">
						<ele>267</ele>
						<time>2026-02-16T09:14:09Z</time>
					</trkpt>
					<trkpt lat="46.509380" lon="4.853320">
						<ele>267</ele>
						<time>2026-02-16T09:14:14Z</time>
					</trkpt>
					<trkpt lat="46.509550" lon="4.853110">
						<ele>267</ele>
						<time>2026-02-16T09:14:18Z</time>
					</trkpt>
					<trkpt lat="46.510120" lon="4.852400">
						<ele>265</ele>
						<time>2026-02-16T09:14:31Z</time>
					</trkpt>
					<trkpt lat="46.510370" lon="4.852130">
						<ele>264</ele>
						<time>2026-02-16T09:14:37Z</time>
					</trkpt>
					<trkpt lat="46.510620" lon="4.851890">
						<ele>262</ele>
						<time>2026-02-16T09:14:42Z</time>
					</trkpt>
					<trkpt lat="46.510760" lon="4.851790">
						<ele>262</ele>
						<time>2026-02-16T09:14:45Z</time>
					</trkpt>
					<trkpt lat="46.510910" lon="4.851690">
						<ele>261</ele>
						<time>2026-02-16T09:14:48Z</time>
					</trkpt>
					<trkpt lat="46.511390" lon="4.851410">
						<ele>260</ele>
						<time>2026-02-16T09:14:57Z</time>
					</trkpt>
					<trkpt lat="46.512310" lon="4.850940">
						<ele>259</ele>
						<time>2026-02-16T09:15:14Z</time>
					</trkpt>
					<trkpt lat="46.512600" lon="4.850780">
						<ele>258</ele>
						<time>2026-02-16T09:15:20Z</time>
					</trkpt>
					<trkpt lat="46.513020" lon="4.850480">
						<ele>258</ele>
						<time>2026-02-16T09:15:28Z</time>
					</trkpt>
					<trkpt lat="46.513560" lon="4.850100">
						<ele>257</ele>
						<time>2026-02-16T09:15:39Z</time>
					</trkpt>
					<trkpt lat="46.513780" lon="4.850000">
						<ele>257</ele>
						<time>2026-02-16T09:15:43Z</time>
					</trkpt>
					<trkpt lat="46.514320" lon="4.849830">
						<ele>256</ele>
						<time>2026-02-16T09:15:53Z</time>
					</trkpt>
					<trkpt lat="46.514490" lon="4.849800">
						<ele>256</ele>
						<time>2026-02-16T09:15:56Z</time>
					</trkpt>
					<trkpt lat="46.514580" lon="4.849790">
						<ele>256</ele>
						<time>2026-02-16T09:15:57Z</time>
					</trkpt>
					<trkpt lat="46.514700" lon="4.849790">
						<ele>256</ele>
						<time>2026-02-16T09:15:59Z</time>
					</trkpt>
					<trkpt lat="46.515250" lon="4.849830">
						<ele>257</ele>
						<time>2026-02-16T09:16:09Z</time>
					</trkpt>
					<trkpt lat="46.515460" lon="4.849800">
						<ele>258</ele>
						<time>2026-02-16T09:16:13Z</time>
					</trkpt>
					<trkpt lat="46.515560" lon="4.849770">
						<ele>258</ele>
						<time>2026-02-16T09:16:15Z</time>
					</trkpt>
					<trkpt lat="46.515710" lon="4.849690">
						<ele>259</ele>
						<time>2026-02-16T09:16:18Z</time>
					</trkpt>
					<trkpt lat="46.515900" lon="4.849540">
						<ele>258</ele>
						<time>2026-02-16T09:16:21Z</time>
					</trkpt>
					<trkpt lat="46.516890" lon="4.848680">
						<ele>257</ele>
						<time>2026-02-16T09:16:42Z</time>
					</trkpt>
					<trkpt lat="46.517710" lon="4.847960">
						<ele>259</ele>
						<time>2026-02-16T09:16:59Z</time>
					</trkpt>
					<trkpt lat="46.518740" lon="4.847090">
						<ele>261</ele>
						<time>2026-02-16T09:17:20Z</time>
					</trkpt>
					<trkpt lat="46.519190" lon="4.846750">
						<ele>262</ele>
						<time>2026-02-16T09:17:29Z</time>
					</trkpt>
					<trkpt lat="46.519890" lon="4.846220">
						<ele>263</ele>
						<time>2026-02-16T09:17:43Z</time>
					</trkpt>
					<trkpt lat="46.520190" lon="4.846040">
						<ele>265</ele>
						<time>2026-02-16T09:17:49Z</time>
					</trkpt>
					<trkpt lat="46.520520" lon="4.845880">
						<ele>266</ele>
						<time>2026-02-16T09:17:55Z</time>
					</trkpt>
					<trkpt lat="46.520910" lon="4.845710">
						<ele>269</ele>
						<time>2026-02-16T09:18:03Z</time>
					</trkpt>
					<trkpt lat="46.521100" lon="4.845590">
						<ele>270</ele>
						<time>2026-02-16T09:18:06Z</time>
					</trkpt>
					<trkpt lat="46.521600" lon="4.845190">
						<ele>275</ele>
						<time>2026-02-16T09:18:16Z</time>
					</trkpt>
					<trkpt lat="46.521790" lon="4.845030">
						<ele>276</ele>
						<time>2026-02-16T09:18:20Z</time>
					</trkpt>
					<trkpt lat="46.522620" lon="4.844390">
						<ele>281</ele>
						<time>2026-02-16T09:18:37Z</time>
					</trkpt>
					<trkpt lat="46.522850" lon="4.844180">
						<ele>283</ele>
						<time>2026-02-16T09:18:42Z</time>
					</trkpt>
					<trkpt lat="46.523050" lon="4.844000">
						<ele>284</ele>
						<time>2026-02-16T09:18:46Z</time>
					</trkpt>
					<trkpt lat="46.523180" lon="4.843940">
						<ele>285</ele>
						<time>2026-02-16T09:18:48Z</time>
					</trkpt>
					<trkpt lat="46.523370" lon="4.843910">
						<ele>285</ele>
						<time>2026-02-16T09:18:52Z</time>
					</trkpt>
					<trkpt lat="46.524050" lon="4.843910">
						<ele>288</ele>
						<time>2026-02-16T09:19:04Z</time>
					</trkpt>
					<trkpt lat="46.524350" lon="4.843880">
						<ele>289</ele>
						<time>2026-02-16T09:19:09Z</time>
					</trkpt>
					<trkpt lat="46.524480" lon="4.843850">
						<ele>290</ele>
						<time>2026-02-16T09:19:12Z</time>
					</trkpt>
					<trkpt lat="46.524630" lon="4.843770">
						<ele>291</ele>
						<time>2026-02-16T09:19:14Z</time>
					</trkpt>
					<trkpt lat="46.524750" lon="4.843630">
						<ele>292</ele>
						<time>2026-02-16T09:19:17Z</time>
					</trkpt>
					<trkpt lat="46.524850" lon="4.843470">
						<ele>294</ele>
						<time>2026-02-16T09:19:20Z</time>
					</trkpt>
					<trkpt lat="46.524970" lon="4.843200">
						<ele>294</ele>
						<time>2026-02-16T09:19:24Z</time>
					</trkpt>
					<trkpt lat="46.525030" lon="4.843000">
						<ele>292</ele>
						<time>2026-02-16T09:19:26Z</time>
					</trkpt>
					<trkpt lat="46.525020" lon="4.842880">
						<ele>292</ele>
						<time>2026-02-16T09:19:28Z</time>
					</trkpt>
					<trkpt lat="46.525000" lon="4.842810">
						<ele>291</ele>
						<time>2026-02-16T09:19:29Z</time>
					</trkpt>
					<trkpt lat="46.524960" lon="4.842730">
						<ele>291</ele>
						<time>2026-02-16T09:19:30Z</time>
					</trkpt>
					<trkpt lat="46.524630" lon="4.842340">
						<ele>290</ele>
						<time>2026-02-16T09:19:38Z</time>
					</trkpt>
					<trkpt lat="46.524440" lon="4.842080">
						<ele>290</ele>
						<time>2026-02-16T09:19:42Z</time>
					</trkpt>
					<trkpt lat="46.524150" lon="4.841530">
						<ele>289</ele>
						<time>2026-02-16T09:19:51Z</time>
					</trkpt>
					<trkpt lat="46.523950" lon="4.840990">
						<ele>286</ele>
						<time>2026-02-16T09:19:58Z</time>
					</trkpt>
					<trkpt lat="46.523650" lon="4.840060">
						<ele>282</ele>
						<time>2026-02-16T09:20:11Z</time>
					</trkpt>
					<trkpt lat="46.523570" lon="4.839820">
						<ele>282</ele>
						<time>2026-02-16T09:20:14Z</time>
					</trkpt>
					<trkpt lat="46.523490" lon="4.839570">
						<ele>281</ele>
						<time>2026-02-16T09:20:18Z</time>
					</trkpt>
					<trkpt lat="46.523450" lon="4.839370">
						<ele>280</ele>
						<time>2026-02-16T09:20:20Z</time>
					</trkpt>
					<trkpt lat="46.523450" lon="4.839160">
						<ele>278</ele>
						<time>2026-02-16T09:20:23Z</time>
					</trkpt>
					<trkpt lat="46.523450" lon="4.839070">
						<ele>278</ele>
						<time>2026-02-16T09:20:24Z</time>
					</trkpt>
					<trkpt lat="46.523480" lon="4.838890">
						<ele>278</ele>
						<time>2026-02-16T09:20:26Z</time>
					</trkpt>
					<trkpt lat="46.523510" lon="4.838770">
						<ele>277</ele>
						<time>2026-02-16T09:20:28Z</time>
					</trkpt>
					<trkpt lat="46.523560" lon="4.838650">
						<ele>277</ele>
						<time>2026-02-16T09:20:29Z</time>
					</trkpt>
					<trkpt lat="46.523460" lon="4.838610">
						<ele>277</ele>
						<time>2026-02-16T09:20:31Z</time>
					</trkpt>
					<trkpt lat="46.523400" lon="4.838570">
						<ele>277</ele>
						<time>2026-02-16T09:20:32Z</time>
					</trkpt>
					<trkpt lat="46.523180" lon="4.838420">
						<ele>277</ele>
						<time>2026-02-16T09:20:37Z</time>
					</trkpt>
					<trkpt lat="46.522970" lon="4.838270">
						<ele>279</ele>
						<time>2026-02-16T09:20:41Z</time>
					</trkpt>
					<trkpt lat="46.522490" lon="4.837880">
						<ele>280</ele>
						<time>2026-02-16T09:20:51Z</time>
					</trkpt>
					<trkpt lat="46.521710" lon="4.837240">
						<ele>284</ele>
						<time>2026-02-16T09:21:07Z</time>
					</trkpt>
					<trkpt lat="46.521460" lon="4.837100">
						<ele>286</ele>
						<time>2026-02-16T09:21:11Z</time>
					</trkpt>
					<trkpt lat="46.521120" lon="4.836890">
						<ele>288</ele>
						<time>2026-02-16T09:21:18Z</time>
					</trkpt>
					<trkpt lat="46.520380" lon="4.836510">
						<ele>291</ele>
						<time>2026-02-16T09:21:32Z</time>
					</trkpt>
					<trkpt lat="46.519850" lon="4.836140">
						<ele>293</ele>
						<time>2026-02-16T09:21:42Z</time>
					</trkpt>
					<trkpt lat="46.519660" lon="4.836020">
						<ele>294</ele>
						<time>2026-02-16T09:21:46Z</time>
					</trkpt>
					<trkpt lat="46.519510" lon="4.835940">
						<ele>294</ele>
						<time>2026-02-16T09:21:49Z</time>
					</trkpt>
					<trkpt lat="46.517650" lon="4.835020">
						<ele>303</ele>
						<time>2026-02-16T09:22:24Z</time>
					</trkpt>
					<trkpt lat="46.517440" lon="4.834870">
						<ele>306</ele>
						<time>2026-02-16T09:22:28Z</time>
					</trkpt>
					<trkpt lat="46.517180" lon="4.834640">
						<ele>310</ele>
						<time>2026-02-16T09:22:33Z</time>
					</trkpt>
					<trkpt lat="46.517100" lon="4.834560">
						<ele>311</ele>
						<time>2026-02-16T09:22:35Z</time>
					</trkpt>
					<trkpt lat="46.517040" lon="4.834450">
						<ele>312</ele>
						<time>2026-02-16T09:22:37Z</time>
					</trkpt>
					<trkpt lat="46.517000" lon="4.834270">
						<ele>312</ele>
						<time>2026-02-16T09:22:39Z</time>
					</trkpt>
					<trkpt lat="46.516980" lon="4.834150">
						<ele>313</ele>
						<time>2026-02-16T09:22:41Z</time>
					</trkpt>
					<trkpt lat="46.516940" lon="4.833700">
						<ele>316</ele>
						<time>2026-02-16T09:22:46Z</time>
					</trkpt>
					<trkpt lat="46.516920" lon="4.833600">
						<ele>317</ele>
						<time>2026-02-16T09:22:47Z</time>
					</trkpt>
					<trkpt lat="46.516870" lon="4.833510">
						<ele>317</ele>
						<time>2026-02-16T09:22:49Z</time>
					</trkpt>
					<trkpt lat="46.516800" lon="4.833410">
						<ele>318</ele>
						<time>2026-02-16T09:22:51Z</time>
					</trkpt>
					<trkpt lat="46.516690" lon="4.833340">
						<ele>318</ele>
						<time>2026-02-16T09:22:53Z</time>
					</trkpt>
					<trkpt lat="46.516330" lon="4.833160">
						<ele>319</ele>
						<time>2026-02-16T09:23:00Z</time>
					</trkpt>
					<trkpt lat="46.516200" lon="4.833100">
						<ele>319</ele>
						<time>2026-02-16T09:23:02Z</time>
					</trkpt>
					<trkpt lat="46.515490" lon="4.832900">
						<ele>316</ele>
						<time>2026-02-16T09:23:15Z</time>
					</trkpt>
					<trkpt lat="46.513440" lon="4.832340">
						<ele>303</ele>
						<time>2026-02-16T09:23:52Z</time>
					</trkpt>
					<trkpt lat="46.511570" lon="4.831830">
						<ele>291</ele>
						<time>2026-02-16T09:24:26Z</time>
					</trkpt>
					<trkpt lat="46.511310" lon="4.831720">
						<ele>289</ele>
						<time>2026-02-16T09:24:31Z</time>
					</trkpt>
					<trkpt lat="46.510880" lon="4.831490">
						<ele>286</ele>
						<time>2026-02-16T09:24:39Z</time>
					</trkpt>
					<trkpt lat="46.510650" lon="4.831400">
						<ele>285</ele>
						<time>2026-02-16T09:24:43Z</time>
					</trkpt>
					<trkpt lat="46.510300" lon="4.831310">
						<ele>283</ele>
						<time>2026-02-16T09:24:49Z</time>
					</trkpt>
					<trkpt lat="46.509910" lon="4.831230">
						<ele>281</ele>
						<time>2026-02-16T09:24:56Z</time>
					</trkpt>
					<trkpt lat="46.509490" lon="4.831190">
						<ele>280</ele>
						<time>2026-02-16T09:25:04Z</time>
					</trkpt>
					<trkpt lat="46.509150" lon="4.831130">
						<ele>278</ele>
						<time>2026-02-16T09:25:10Z</time>
					</trkpt>
					<trkpt lat="46.508410" lon="4.830940">
						<ele>275</ele>
						<time>2026-02-16T09:25:23Z</time>
					</trkpt>
					<trkpt lat="46.508030" lon="4.830830">
						<ele>273</ele>
						<time>2026-02-16T09:25:30Z</time>
					</trkpt>
					<trkpt lat="46.507750" lon="4.830770">
						<ele>273</ele>
						<time>2026-02-16T09:25:35Z</time>
					</trkpt>
					<trkpt lat="46.507490" lon="4.830770">
						<ele>272</ele>
						<time>2026-02-16T09:25:40Z</time>
					</trkpt>
					<trkpt lat="46.506720" lon="4.830870">
						<ele>270</ele>
						<time>2026-02-16T09:25:54Z</time>
					</trkpt>
					<trkpt lat="46.506100" lon="4.830850">
						<ele>268</ele>
						<time>2026-02-16T09:26:05Z</time>
					</trkpt>
					<trkpt lat="46.505730" lon="4.830860">
						<ele>267</ele>
						<time>2026-02-16T09:26:11Z</time>
					</trkpt>
					<trkpt lat="46.505030" lon="4.830960">
						<ele>266</ele>
						<time>2026-02-16T09:26:24Z</time>
					</trkpt>
					<trkpt lat="46.504900" lon="4.830990">
						<ele>265</ele>
						<time>2026-02-16T09:26:26Z</time>
					</trkpt>
					<trkpt lat="46.504730" lon="4.830970">
						<ele>265</ele>
						<time>2026-02-16T09:26:29Z</time>
					</trkpt>
					<trkpt lat="46.504350" lon="4.830860">
						<ele>262</ele>
						<time>2026-02-16T09:26:36Z</time>
					</trkpt>
					<trkpt lat="46.503980" lon="4.830770">
						<ele>261</ele>
						<time>2026-02-16T09:26:43Z</time>
					</trkpt>
					<trkpt lat="46.503430" lon="4.830600">
						<ele>260</ele>
						<time>2026-02-16T09:26:53Z</time>
					</trkpt>
					<trkpt lat="46.503250" lon="4.830560">
						<ele>260</ele>
						<time>2026-02-16T09:26:56Z</time>
					</trkpt>
					<trkpt lat="46.501660" lon="4.830660">
						<ele>258</ele>
						<time>2026-02-16T09:27:24Z</time>
					</trkpt>
					<trkpt lat="46.501320" lon="4.830720">
						<ele>258</ele>
						<time>2026-02-16T09:27:30Z</time>
					</trkpt>
					<trkpt lat="46.500460" lon="4.831000">
						<ele>259</ele>
						<time>2026-02-16T09:27:46Z</time>
					</trkpt>
					<trkpt lat="46.499840" lon="4.831210">
						<ele>262</ele>
						<time>2026-02-16T09:27:57Z</time>
					</trkpt>
					<trkpt lat="46.499690" lon="4.831220">
						<ele>263</ele>
						<time>2026-02-16T09:28:00Z</time>
					</trkpt>
					<trkpt lat="46.499530" lon="4.831220">
						<ele>264</ele>
						<time>2026-02-16T09:28:03Z</time>
					</trkpt>
					<trkpt lat="46.499440" lon="4.831210">
						<ele>264</ele>
						<time>2026-02-16T09:28:04Z</time>
					</trkpt>
					<trkpt lat="46.499340" lon="4.831180">
						<ele>264</ele>
						<time>2026-02-16T09:28:06Z</time>
					</trkpt>
					<trkpt lat="46.499240" lon="4.831130">
						<ele>263</ele>
						<time>2026-02-16T09:28:08Z</time>
					</trkpt>
					<trkpt lat="46.499150" lon="4.831100">
						<ele>263</ele>
						<time>2026-02-16T09:28:10Z</time>
					</trkpt>
					<trkpt lat="46.499080" lon="4.831100">
						<ele>263</ele>
						<time>2026-02-16T09:28:11Z</time>
					</trkpt>
					<trkpt lat="46.499010" lon="4.831140">
						<ele>264</ele>
						<time>2026-02-16T09:28:12Z</time>
					</trkpt>
					<trkpt lat="46.498890" lon="4.831230">
						<ele>266</ele>
						<time>2026-02-16T09:28:15Z</time>
					</trkpt>
					<trkpt lat="46.498780" lon="4.831180">
						<ele>266</ele>
						<time>2026-02-16T09:28:17Z</time>
					</trkpt>
					<trkpt lat="46.498330" lon="4.830850">
						<ele>263</ele>
						<time>2026-02-16T09:28:26Z</time>
					</trkpt>
					<trkpt lat="46.497630" lon="4.830270">
						<ele>259</ele>
						<time>2026-02-16T09:28:40Z</time>
					</trkpt>
					<trkpt lat="46.495000" lon="4.828090">
						<ele>248</ele>
						<time>2026-02-16T09:29:34Z</time>
					</trkpt>
					<trkpt lat="46.494420" lon="4.827610">
						<ele>244</ele>
						<time>2026-02-16T09:29:46Z</time>
					</trkpt>
					<trkpt lat="46.494360" lon="4.827560">
						<ele>243</ele>
						<time>2026-02-16T09:29:47Z</time>
					</trkpt>
					<trkpt lat="46.493600" lon="4.826800">
						<ele>241</ele>
						<time>2026-02-16T09:30:04Z</time>
					</trkpt>
					<trkpt lat="46.493580" lon="4.826780">
						<ele>241</ele>
						<time>2026-02-16T09:30:04Z</time>
					</trkpt>
					<trkpt lat="46.493150" lon="4.826340">
						<ele>239</ele>
						<time>2026-02-16T09:30:13Z</time>
					</trkpt>
					<trkpt lat="46.493000" lon="4.826190">
						<ele>239</ele>
						<time>2026-02-16T09:30:17Z</time>
					</trkpt>
					<trkpt lat="46.492700" lon="4.826460">
						<ele>241</ele>
						<time>2026-02-16T09:30:23Z</time>
					</trkpt>
					<trkpt lat="46.492420" lon="4.826710">
						<ele>244</ele>
						<time>2026-02-16T09:30:29Z</time>
					</trkpt>
					<trkpt lat="46.492160" lon="4.826880">
						<ele>247</ele>
						<time>2026-02-16T09:30:34Z</time>
					</trkpt>
					<trkpt lat="46.491910" lon="4.826940">
						<ele>248</ele>
						<time>2026-02-16T09:30:38Z</time>
					</trkpt>
					<trkpt lat="46.491590" lon="4.827010">
						<ele>249</ele>
						<time>2026-02-16T09:30:44Z</time>
					</trkpt>
					<trkpt lat="46.491360" lon="4.827160">
						<ele>250</ele>
						<time>2026-02-16T09:30:49Z</time>
					</trkpt>
					<trkpt lat="46.491240" lon="4.827240">
						<ele>250</ele>
						<time>2026-02-16T09:30:51Z</time>
					</trkpt>
					<trkpt lat="46.491190" lon="4.827330">
						<ele>251</ele>
						<time>2026-02-16T09:30:52Z</time>
					</trkpt>
					<trkpt lat="46.491100" lon="4.827650">
						<ele>253</ele>
						<time>2026-02-16T09:30:57Z</time>
					</trkpt>
					<trkpt lat="46.491040" lon="4.827760">
						<ele>253</ele>
						<time>2026-02-16T09:30:58Z</time>
					</trkpt>
					<trkpt lat="46.490870" lon="4.827760">
						<ele>252</ele>
						<time>2026-02-16T09:31:01Z</time>
					</trkpt>
					<trkpt lat="46.490790" lon="4.827730">
						<ele>252</ele>
						<time>2026-02-16T09:31:03Z</time>
					</trkpt>
					<trkpt lat="46.490410" lon="4.827510">
						<ele>249</ele>
						<time>2026-02-16T09:31:10Z</time>
					</trkpt>
					<trkpt lat="46.490320" lon="4.827440">
						<ele>248</ele>
						<time>2026-02-16T09:31:12Z</time>
					</trkpt>
					<trkpt lat="46.490280" lon="4.827340">
						<ele>248</ele>
						<time>2026-02-16T09:31:13Z</time>
					</trkpt>
					<trkpt lat="46.490210" lon="4.827350">
						<ele>247</ele>
						<time>2026-02-16T09:31:15Z</time>
					</trkpt>
					<trkpt lat="46.489960" lon="4.827330">
						<ele>246</ele>
						<time>2026-02-16T09:31:19Z</time>
					</trkpt>
					<trkpt lat="46.489550" lon="4.827310">
						<ele>244</ele>
						<time>2026-02-16T09:31:26Z</time>
					</trkpt>
					<trkpt lat="46.489460" lon="4.827290">
						<ele>244</ele>
						<time>2026-02-16T09:31:28Z</time>
					</trkpt>
					<trkpt lat="46.489300" lon="4.827260">
						<ele>243</ele>
						<time>2026-02-16T09:31:31Z</time>
					</trkpt>
					<trkpt lat="46.488510" lon="4.827090">
						<ele>238</ele>
						<time>2026-02-16T09:31:45Z</time>
					</trkpt>
					<trkpt lat="46.488300" lon="4.827010">
						<ele>237</ele>
						<time>2026-02-16T09:31:49Z</time>
					</trkpt>
					<trkpt lat="46.488010" lon="4.826970">
						<ele>237</ele>
						<time>2026-02-16T09:31:54Z</time>
					</trkpt>
					<trkpt lat="46.487910" lon="4.826930">
						<ele>237</ele>
						<time>2026-02-16T09:31:56Z</time>
					</trkpt>
					<trkpt lat="46.487790" lon="4.826890">
						<ele>237</ele>
						<time>2026-02-16T09:31:58Z</time>
					</trkpt>
					<trkpt lat="46.487760" lon="4.826960">
						<ele>237</ele>
						<time>2026-02-16T09:31:59Z</time>
					</trkpt>
					<trkpt lat="46.487470" lon="4.827250">
						<ele>237</ele>
						<time>2026-02-16T09:32:05Z</time>
					</trkpt>
					<trkpt lat="46.487300" lon="4.827380">
						<ele>236</ele>
						<time>2026-02-16T09:32:09Z</time>
					</trkpt>
					<trkpt lat="46.487080" lon="4.827510">
						<ele>235</ele>
						<time>2026-02-16T09:32:13Z</time>
					</trkpt>
					<trkpt lat="46.486880" lon="4.827580">
						<ele>235</ele>
						<time>2026-02-16T09:32:17Z</time>
					</trkpt>
					<trkpt lat="46.486690" lon="4.827610">
						<ele>234</ele>
						<time>2026-02-16T09:32:20Z</time>
					</trkpt>
					<trkpt lat="46.486500" lon="4.827600">
						<ele>234</ele>
						<time>2026-02-16T09:32:23Z</time>
					</trkpt>
					<trkpt lat="46.485090" lon="4.827180">
						<ele>230</ele>
						<time>2026-02-16T09:32:49Z</time>
					</trkpt>
					<trkpt lat="46.484900" lon="4.827160">
						<ele>230</ele>
						<time>2026-02-16T09:32:52Z</time>
					</trkpt>
					<trkpt lat="46.484720" lon="4.827190">
						<ele>231</ele>
						<time>2026-02-16T09:32:56Z</time>
					</trkpt>
					<trkpt lat="46.484630" lon="4.827250">
						<ele>231</ele>
						<time>2026-02-16T09:32:57Z</time>
					</trkpt>
					<trkpt lat="46.484530" lon="4.827360">
						<ele>230</ele>
						<time>2026-02-16T09:33:00Z</time>
					</trkpt>
					<trkpt lat="46.484410" lon="4.827690">
						<ele>229</ele>
						<time>2026-02-16T09:33:04Z</time>
					</trkpt>
					<trkpt lat="46.484240" lon="4.828290">
						<ele>225</ele>
						<time>2026-02-16T09:33:12Z</time>
					</trkpt>
					<trkpt lat="46.484230" lon="4.828420">
						<ele>225</ele>
						<time>2026-02-16T09:33:14Z</time>
					</trkpt>
					<trkpt lat="46.484150" lon="4.828720">
						<ele>224</ele>
						<time>2026-02-16T09:33:18Z</time>
					</trkpt>
					<trkpt lat="46.484010" lon="4.828940">
						<ele>224</ele>
						<time>2026-02-16T09:33:21Z</time>
					</trkpt>
					<trkpt lat="46.483860" lon="4.829080">
						<ele>224</ele>
						<time>2026-02-16T09:33:25Z</time>
					</trkpt>
					<trkpt lat="46.483200" lon="4.829690">
						<ele>223</ele>
						<time>2026-02-16T09:33:38Z</time>
					</trkpt>
					<trkpt lat="46.482130" lon="4.830740">
						<ele>222</ele>
						<time>2026-02-16T09:34:01Z</time>
					</trkpt>
					<trkpt lat="46.481930" lon="4.830910">
						<ele>222</ele>
						<time>2026-02-16T09:34:06Z</time>
					</trkpt>
					<trkpt lat="46.481680" lon="4.831110">
						<ele>221</ele>
						<time>2026-02-16T09:34:11Z</time>
					</trkpt>
					<trkpt lat="46.481520" lon="4.831220">
						<ele>221</ele>
						<time>2026-02-16T09:34:14Z</time>
					</trkpt>
					<trkpt lat="46.481390" lon="4.831290">
						<ele>221</ele>
						<time>2026-02-16T09:34:16Z</time>
					</trkpt>
					<trkpt lat="46.480540" lon="4.831580">
						<ele>220</ele>
						<time>2026-02-16T09:34:32Z</time>
					</trkpt>
					<trkpt lat="46.480340" lon="4.831690">
						<ele>220</ele>
						<time>2026-02-16T09:34:36Z</time>
					</trkpt>
					<trkpt lat="46.480160" lon="4.831820">
						<ele>220</ele>
						<time>2026-02-16T09:34:39Z</time>
					</trkpt>
					<trkpt lat="46.479870" lon="4.832120">
						<ele>219</ele>
						<time>2026-02-16T09:34:46Z</time>
					</trkpt>
					<trkpt lat="46.479780" lon="4.832250">
						<ele>219</ele>
						<time>2026-02-16T09:34:48Z</time>
					</trkpt>
					<trkpt lat="46.479680" lon="4.832410">
						<ele>219</ele>
						<time>2026-02-16T09:34:50Z</time>
					</trkpt>
					<trkpt lat="46.479590" lon="4.832680">
						<ele>218</ele>
						<time>2026-02-16T09:34:54Z</time>
					</trkpt>
					<trkpt lat="46.479390" lon="4.833690">
						<ele>215</ele>
						<time>2026-02-16T09:35:07Z</time>
					</trkpt>
					<trkpt lat="46.479040" lon="4.835330">
						<ele>212</ele>
						<time>2026-02-16T09:35:28Z</time>
					</trkpt>
					<trkpt lat="46.478860" lon="4.836110">
						<ele>212</ele>
						<time>2026-02-16T09:35:38Z</time>
					</trkpt>
					<trkpt lat="46.478730" lon="4.836720">
						<ele>211</ele>
						<time>2026-02-16T09:35:46Z</time>
					</trkpt>
					<trkpt lat="46.478620" lon="4.837330">
						<ele>210</ele>
						<time>2026-02-16T09:35:54Z</time>
					</trkpt>
					<trkpt lat="46.478530" lon="4.837550">
						<ele>209</ele>
						<time>2026-02-16T09:35:57Z</time>
					</trkpt>
					<trkpt lat="46.478440" lon="4.837740">
						<ele>209</ele>
						<time>2026-02-16T09:36:00Z</time>
					</trkpt>
					<trkpt lat="46.478030" lon="4.838440">
						<ele>209</ele>
						<time>2026-02-16T09:36:11Z</time>
					</trkpt>
					<trkpt lat="46.477950" lon="4.838550">
						<ele>209</ele>
						<time>2026-02-16T09:36:13Z</time>
					</trkpt>
					<trkpt lat="46.477950" lon="4.838700">
						<ele>209</ele>
						<time>2026-02-16T09:36:15Z</time>
					</trkpt>
					<trkpt lat="46.477950" lon="4.838890">
						<ele>209</ele>
						<time>2026-02-16T09:36:17Z</time>
					</trkpt>
					<trkpt lat="46.477910" lon="4.838990">
						<ele>209</ele>
						<time>2026-02-16T09:36:18Z</time>
					</trkpt>
					<trkpt lat="46.477830" lon="4.839100">
						<ele>209</ele>
						<time>2026-02-16T09:36:20Z</time>
					</trkpt>
					<trkpt lat="46.477710" lon="4.839170">
						<ele>208</ele>
						<time>2026-02-16T09:36:23Z</time>
					</trkpt>
					<trkpt lat="46.477550" lon="4.839250">
						<ele>208</ele>
						<time>2026-02-16T09:36:26Z</time>
					</trkpt>
					<trkpt lat="46.476870" lon="4.839520">
						<ele>207</ele>
						<time>2026-02-16T09:36:38Z</time>
					</trkpt>
					<trkpt lat="46.476790" lon="4.839580">
						<ele>207</ele>
						<time>2026-02-16T09:36:40Z</time>
					</trkpt>
					<trkpt lat="46.476580" lon="4.839750">
						<ele>207</ele>
						<time>2026-02-16T09:36:44Z</time>
					</trkpt>
					<trkpt lat="46.476450" lon="4.839880">
						<ele>209</ele>
						<time>2026-02-16T09:36:47Z</time>
					</trkpt>
					<trkpt lat="46.476340" lon="4.840040">
						<ele>210</ele>
						<time>2026-02-16T09:36:50Z</time>
					</trkpt>
					<trkpt lat="46.476250" lon="4.840240">
						<ele>212</ele>
						<time>2026-02-16T09:36:53Z</time>
					</trkpt>
					<trkpt lat="46.476120" lon="4.840580">
						<ele>214</ele>
						<time>2026-02-16T09:36:57Z</time>
					</trkpt>
					<trkpt lat="46.476040" lon="4.840740">
						<ele>216</ele>
						<time>2026-02-16T09:37:00Z</time>
					</trkpt>
					<trkpt lat="46.476000" lon="4.841090">
						<ele>215</ele>
						<time>2026-02-16T09:37:04Z</time>
					</trkpt>
					<trkpt lat="46.476000" lon="4.841160">
						<ele>215</ele>
						<time>2026-02-16T09:37:05Z</time>
					</trkpt>
					<trkpt lat="46.475820" lon="4.841900">
						<ele>213</ele>
						<time>2026-02-16T09:37:15Z</time>
					</trkpt>
					<trkpt lat="46.475680" lon="4.842270">
						<ele>211</ele>
						<time>2026-02-16T09:37:20Z</time>
					</trkpt>
					<trkpt lat="46.475490" lon="4.842710">
						<ele>212</ele>
						<time>2026-02-16T09:37:26Z</time>
					</trkpt>
					<trkpt lat="46.475400" lon="4.842830">
						<ele>212</ele>
						<time>2026-02-16T09:37:28Z</time>
					</trkpt>
					<trkpt lat="46.475280" lon="4.843020">
						<ele>213</ele>
						<time>2026-02-16T09:37:31Z</time>
					</trkpt>
					<trkpt lat="46.475210" lon="4.843140">
						<ele>213</ele>
						<time>2026-02-16T09:37:33Z</time>
					</trkpt>
					<trkpt lat="46.475130" lon="4.843320">
						<ele>214</ele>
						<time>2026-02-16T09:37:36Z</time>
					</trkpt>
					<trkpt lat="46.475070" lon="4.843560">
						<ele>215</ele>
						<time>2026-02-16T09:37:39Z</time>
					</trkpt>
					<trkpt lat="46.475010" lon="4.843930">
						<ele>216</ele>
						<time>2026-02-16T09:37:44Z</time>
					</trkpt>
					<trkpt lat="46.474420" lon="4.848250">
						<ele>227</ele>
						<time>2026-02-16T09:38:38Z</time>
					</trkpt>
					<trkpt lat="46.474360" lon="4.848600">
						<ele>228</ele>
						<time>2026-02-16T09:38:42Z</time>
					</trkpt>
					<trkpt lat="46.474310" lon="4.848790">
						<ele>228</ele>
						<time>2026-02-16T09:38:45Z</time>
					</trkpt>
					<trkpt lat="46.474250" lon="4.848960">
						<ele>228</ele>
						<time>2026-02-16T09:38:47Z</time>
					</trkpt>
					<trkpt lat="46.474180" lon="4.849070">
						<ele>228</ele>
						<time>2026-02-16T09:38:49Z</time>
					</trkpt>
					<trkpt lat="46.474090" lon="4.849180">
						<ele>228</ele>
						<time>2026-02-16T09:38:51Z</time>
					</trkpt>
					<trkpt lat="46.474020" lon="4.849250">
						<ele>228</ele>
						<time>2026-02-16T09:38:52Z</time>
					</trkpt>
					<trkpt lat="46.473920" lon="4.849320">
						<ele>228</ele>
						<time>2026-02-16T09:38:54Z</time>
					</trkpt>
					<trkpt lat="46.473820" lon="4.849360">
						<ele>228</ele>
						<time>2026-02-16T09:38:56Z</time>
					</trkpt>
					<trkpt lat="46.473620" lon="4.849400">
						<ele>228</ele>
						<time>2026-02-16T09:39:00Z</time>
					</trkpt>
					<trkpt lat="46.471920" lon="4.849670">
						<ele>230</ele>
						<time>2026-02-16T09:39:30Z</time>
					</trkpt>
					<trkpt lat="46.470870" lon="4.849900">
						<ele>232</ele>
						<time>2026-02-16T09:39:49Z</time>
					</trkpt>
					<trkpt lat="46.470840" lon="4.849900">
						<ele>232</ele>
						<time>2026-02-16T09:39:50Z</time>
					</trkpt>
					<trkpt lat="46.470010" lon="4.850070">
						<ele>233</ele>
						<time>2026-02-16T09:40:05Z</time>
					</trkpt>
					<trkpt lat="46.469970" lon="4.850080">
						<ele>233</ele>
						<time>2026-02-16T09:40:05Z</time>
					</trkpt>
					<trkpt lat="46.469880" lon="4.850100">
						<ele>233</ele>
						<time>2026-02-16T09:40:07Z</time>
					</trkpt>
					<trkpt lat="46.469590" lon="4.850150">
						<ele>232</ele>
						<time>2026-02-16T09:40:12Z</time>
					</trkpt>
					<trkpt lat="46.469470" lon="4.850200">
						<ele>232</ele>
						<time>2026-02-16T09:40:14Z</time>
					</trkpt>
					<trkpt lat="46.469410" lon="4.850240">
						<ele>231</ele>
						<time>2026-02-16T09:40:16Z</time>
					</trkpt>
					<trkpt lat="46.469300" lon="4.850380">
						<ele>231</ele>
						<time>2026-02-16T09:40:18Z</time>
					</trkpt>
					<trkpt lat="46.469230" lon="4.850530">
						<ele>230</ele>
						<time>2026-02-16T09:40:20Z</time>
					</trkpt>
					<trkpt lat="46.469170" lon="4.850700">
						<ele>229</ele>
						<time>2026-02-16T09:40:23Z</time>
					</trkpt>
					<trkpt lat="46.469100" lon="4.851010">
						<ele>228</ele>
						<time>2026-02-16T09:40:27Z</time>
					</trkpt>
					<trkpt lat="46.469080" lon="4.851120">
						<ele>227</ele>
						<time>2026-02-16T09:40:28Z</time>
					</trkpt>
					<trkpt lat="46.469020" lon="4.851520">
						<ele>227</ele>
						<time>2026-02-16T09:40:33Z</time>
					</trkpt>
					<trkpt lat="46.469010" lon="4.851580">
						<ele>226</ele>
						<time>2026-02-16T09:40:34Z</time>
					</trkpt>
					<trkpt lat="46.468980" lon="4.851970">
						<ele>225</ele>
						<time>2026-02-16T09:40:39Z</time>
					</trkpt>
					<trkpt lat="46.468910" lon="4.852800">
						<ele>222</ele>
						<time>2026-02-16T09:40:49Z</time>
					</trkpt>
					<trkpt lat="46.468880" lon="4.853100">
						<ele>221</ele>
						<time>2026-02-16T09:40:53Z</time>
					</trkpt>
					<trkpt lat="46.468850" lon="4.853420">
						<ele>220</ele>
						<time>2026-02-16T09:40:57Z</time>
					</trkpt>
					<trkpt lat="46.468830" lon="4.853780">
						<ele>219</ele>
						<time>2026-02-16T09:41:01Z</time>
					</trkpt>
					<trkpt lat="46.469860" lon="4.854370">
						<ele>218</ele>
						<time>2026-02-16T09:41:21Z</time>
					</trkpt>
					<trkpt lat="46.469940" lon="4.854460">
						<ele>218</ele>
						<time>2026-02-16T09:41:23Z</time>
					</trkpt>
					<trkpt lat="46.469990" lon="4.854580">
						<ele>217</ele>
						<time>2026-02-16T09:41:24Z</time>
					</trkpt>
					<trkpt lat="46.470000" lon="4.854700">
						<ele>216</ele>
						<time>2026-02-16T09:41:26Z</time>
					</trkpt>
					<trkpt lat="46.469990" lon="4.854860">
						<ele>216</ele>
						<time>2026-02-16T09:41:28Z</time>
					</trkpt>
					<trkpt lat="46.469880" lon="4.855430">
						<ele>215</ele>
						<time>2026-02-16T09:41:35Z</time>
					</trkpt>
					<trkpt lat="46.469680" lon="4.856510">
						<ele>214</ele>
						<time>2026-02-16T09:41:49Z</time>
					</trkpt>
					<trkpt lat="46.469510" lon="4.857130">
						<ele>214</ele>
						<time>2026-02-16T09:41:57Z</time>
					</trkpt>
					<trkpt lat="46.469490" lon="4.857240">
						<ele>214</ele>
						<time>2026-02-16T09:41:58Z</time>
					</trkpt>
					<trkpt lat="46.469480" lon="4.857350">
						<ele>214</ele>
						<time>2026-02-16T09:42:00Z</time>
					</trkpt>
					<trkpt lat="46.469500" lon="4.857510">
						<ele>214</ele>
						<time>2026-02-16T09:42:02Z</time>
					</trkpt>
					<trkpt lat="46.469540" lon="4.857630">
						<ele>214</ele>
						<time>2026-02-16T09:42:03Z</time>
					</trkpt>
					<trkpt lat="46.469810" lon="4.857870">
						<ele>213</ele>
						<time>2026-02-16T09:42:09Z</time>
					</trkpt>
					<trkpt lat="46.470050" lon="4.858070">
						<ele>214</ele>
						<time>2026-02-16T09:42:14Z</time>
					</trkpt>
					<trkpt lat="46.470330" lon="4.858240">
						<ele>213</ele>
						<time>2026-02-16T09:42:19Z</time>
					</trkpt>
					<trkpt lat="46.470640" lon="4.858410">
						<ele>212</ele>
						<time>2026-02-16T09:42:25Z</time>
					</trkpt>
					<trkpt lat="46.471020" lon="4.858520">
						<ele>210</ele>
						<time>2026-02-16T09:42:32Z</time>
					</trkpt>
					<trkpt lat="46.471330" lon="4.858600">
						<ele>209</ele>
						<time>2026-02-16T09:42:38Z</time>
					</trkpt>
					<trkpt lat="46.472170" lon="4.858800">
						<ele>206</ele>
						<time>2026-02-16T09:42:53Z</time>
					</trkpt>
					<trkpt lat="46.472570" lon="4.858970">
						<ele>203</ele>
						<time>2026-02-16T09:43:00Z</time>
					</trkpt>
					<trkpt lat="46.473590" lon="4.859760">
						<ele>198</ele>
						<time>2026-02-16T09:43:21Z</time>
					</trkpt>
					<trkpt lat="46.473770" lon="4.859860">
						<ele>198</ele>
						<time>2026-02-16T09:43:24Z</time>
					</trkpt>
					<trkpt lat="46.474090" lon="4.859920">
						<ele>198</ele>
						<time>2026-02-16T09:43:30Z</time>
					</trkpt>
					<trkpt lat="46.474180" lon="4.859930">
						<ele>198</ele>
						<time>2026-02-16T09:43:32Z</time>
					</trkpt>
					<trkpt lat="46.474320" lon="4.859930">
						<ele>198</ele>
						<time>2026-02-16T09:43:34Z</time>
					</trkpt>
					<trkpt lat="46.474400" lon="4.859950">
						<ele>197</ele>
						<time>2026-02-16T09:43:35Z</time>
					</trkpt>
					<trkpt lat="46.474850" lon="4.860100">
						<ele>195</ele>
						<time>2026-02-16T09:43:44Z</time>
					</trkpt>
					<trkpt lat="46.474990" lon="4.860120">
						<ele>195</ele>
						<time>2026-02-16T09:43:46Z</time>
					</trkpt>
					<trkpt lat="46.475090" lon="4.860130">
						<ele>195</ele>
						<time>2026-02-16T09:43:48Z</time>
					</trkpt>
					<trkpt lat="46.475180" lon="4.860110">
						<ele>195</ele>
						<time>2026-02-16T09:43:50Z</time>
					</trkpt>
					<trkpt lat="46.475380" lon="4.860000">
						<ele>195</ele>
						<time>2026-02-16T09:43:53Z</time>
					</trkpt>
					<trkpt lat="46.475580" lon="4.859870">
						<ele>194</ele>
						<time>2026-02-16T09:43:57Z</time>
					</trkpt>
					<trkpt lat="46.475700" lon="4.859800">
						<ele>194</ele>
						<time>2026-02-16T09:44:00Z</time>
					</trkpt>
					<trkpt lat="46.475790" lon="4.859760">
						<ele>194</ele>
						<time>2026-02-16T09:44:01Z</time>
					</trkpt>
					<trkpt lat="46.475870" lon="4.859740">
						<ele>194</ele>
						<time>2026-02-16T09:44:03Z</time>
					</trkpt>
					<trkpt lat="46.475980" lon="4.859730">
						<ele>194</ele>
						<time>2026-02-16T09:44:05Z</time>
					</trkpt>
					<trkpt lat="46.476230" lon="4.859740">
						<ele>194</ele>
						<time>2026-02-16T09:44:09Z</time>
					</trkpt>
					<trkpt lat="46.476710" lon="4.859790">
						<ele>195</ele>
						<time>2026-02-16T09:44:18Z</time>
					</trkpt>
					<trkpt lat="46.477990" lon="4.859850">
						<ele>205</ele>
						<time>2026-02-16T09:44:40Z</time>
					</trkpt>
					<trkpt lat="46.478460" lon="4.859900">
						<ele>208</ele>
						<time>2026-02-16T09:44:49Z</time>
					</trkpt>
					<trkpt lat="46.478660" lon="4.859890">
						<ele>209</ele>
						<time>2026-02-16T09:44:52Z</time>
					</trkpt>
					<trkpt lat="46.478800" lon="4.859910">
						<ele>210</ele>
						<time>2026-02-16T09:44:55Z</time>
					</trkpt>
					<trkpt lat="46.478870" lon="4.859930">
						<ele>210</ele>
						<time>2026-02-16T09:44:56Z</time>
					</trkpt>
					<trkpt lat="46.479160" lon="4.860130">
						<ele>211</ele>
						<time>2026-02-16T09:45:02Z</time>
					</trkpt>
					<trkpt lat="46.480730" lon="4.861280">
						<ele>213</ele>
						<time>2026-02-16T09:45:33Z</time>
					</trkpt>
					<trkpt lat="46.481380" lon="4.861720">
						<ele>213</ele>
						<time>2026-02-16T09:45:46Z</time>
					</trkpt>
					<trkpt lat="46.482120" lon="4.862230">
						<ele>211</ele>
						<time>2026-02-16T09:46:01Z</time>
					</trkpt>
					<trkpt lat="46.482140" lon="4.862250">
						<ele>211</ele>
						<time>2026-02-16T09:46:01Z</time>
					</trkpt>
					<trkpt lat="46.482630" lon="4.862790">
						<ele>207</ele>
						<time>2026-02-16T09:46:12Z</time>
					</trkpt>
					<trkpt lat="46.482790" lon="4.862990">
						<ele>206</ele>
						<time>2026-02-16T09:46:16Z</time>
					</trkpt>
					<trkpt lat="46.482920" lon="4.863200">
						<ele>205</ele>
						<time>2026-02-16T09:46:19Z</time>
					</trkpt>
					<trkpt lat="46.483070" lon="4.863480">
						<ele>204</ele>
						<time>2026-02-16T09:46:23Z</time>
					</trkpt>
					<trkpt lat="46.483320" lon="4.864040">
						<ele>207</ele>
						<time>2026-02-16T09:46:32Z</time>
					</trkpt>
					<trkpt lat="46.483380" lon="4.864170">
						<ele>208</ele>
						<time>2026-02-16T09:46:34Z</time>
					</trkpt>
					<trkpt lat="46.483960" lon="4.864850">
						<ele>210</ele>
						<time>2026-02-16T09:46:47Z</time>
					</trkpt>
					<trkpt lat="46.484040" lon="4.864980">
						<ele>210</ele>
						<time>2026-02-16T09:46:49Z</time>
					</trkpt>
					<trkpt lat="46.484110" lon="4.865140">
						<ele>210</ele>
						<time>2026-02-16T09:46:51Z</time>
					</trkpt>
					<trkpt lat="46.484350" lon="4.865990">
						<ele>210</ele>
						<time>2026-02-16T09:47:03Z</time>
					</trkpt>
					<trkpt lat="46.484530" lon="4.866670">
						<ele>210</ele>
						<time>2026-02-16T09:47:11Z</time>
					</trkpt>
					<trkpt lat="46.484600" lon="4.866900">
						<ele>210</ele>
						<time>2026-02-16T09:47:15Z</time>
					</trkpt>
					<trkpt lat="46.484680" lon="4.867180">
						<ele>210</ele>
						<time>2026-02-16T09:47:18Z</time>
					</trkpt>
					<trkpt lat="46.484840" lon="4.867440">
						<ele>210</ele>
						<time>2026-02-16T09:47:23Z</time>
					</trkpt>
					<trkpt lat="46.485030" lon="4.867700">
						<ele>211</ele>
						<time>2026-02-16T09:47:27Z</time>
					</trkpt>
					<trkpt lat="46.485390" lon="4.868090">
						<ele>210</ele>
						<time>2026-02-16T09:47:35Z</time>
					</trkpt>
					<trkpt lat="46.485530" lon="4.868290">
						<ele>210</ele>
						<time>2026-02-16T09:47:39Z</time>
					</trkpt>
					<trkpt lat="46.485630" lon="4.868450">
						<ele>210</ele>
						<time>2026-02-16T09:47:41Z</time>
					</trkpt>
					<trkpt lat="46.485840" lon="4.868920">
						<ele>210</ele>
						<time>2026-02-16T09:47:48Z</time>
					</trkpt>
					<trkpt lat="46.486230" lon="4.869720">
						<ele>211</ele>
						<time>2026-02-16T09:48:00Z</time>
					</trkpt>
					<trkpt lat="46.486340" lon="4.869880">
						<ele>211</ele>
						<time>2026-02-16T09:48:03Z</time>
					</trkpt>
					<trkpt lat="46.486360" lon="4.869910">
						<ele>211</ele>
						<time>2026-02-16T09:48:03Z</time>
					</trkpt>
					<trkpt lat="46.487790" lon="4.871260">
						<ele>210</ele>
						<time>2026-02-16T09:48:34Z</time>
					</trkpt>
					<trkpt lat="46.488140" lon="4.871610">
						<ele>209</ele>
						<time>2026-02-16T09:48:41Z</time>
					</trkpt>
					<trkpt lat="46.488470" lon="4.872000">
						<ele>209</ele>
						<time>2026-02-16T09:48:49Z</time>
					</trkpt>
					<trkpt lat="46.488700" lon="4.872200">
						<ele>209</ele>
						<time>2026-02-16T09:48:54Z</time>
					</trkpt>
					<trkpt lat="46.489060" lon="4.872480">
						<ele>209</ele>
						<time>2026-02-16T09:49:01Z</time>
					</trkpt>
					<trkpt lat="46.489940" lon="4.873160">
						<ele>209</ele>
						<time>2026-02-16T09:49:19Z</time>
					</trkpt>
					<trkpt lat="46.490190" lon="4.873310">
						<ele>210</ele>
						<time>2026-02-16T09:49:24Z</time>
					</trkpt>
					<trkpt lat="46.490940" lon="4.873550">
						<ele>211</ele>
						<time>2026-02-16T09:49:37Z</time>
					</trkpt>
					<trkpt lat="46.491280" lon="4.873720">
						<ele>210</ele>
						<time>2026-02-16T09:49:44Z</time>
					</trkpt>
					<trkpt lat="46.491920" lon="4.874160">
						<ele>209</ele>
						<time>2026-02-16T09:49:56Z</time>
					</trkpt>
					<trkpt lat="46.492280" lon="4.874410">
						<ele>208</ele>
						<time>2026-02-16T09:50:03Z</time>
					</trkpt>
					<trkpt lat="46.492490" lon="4.874530">
						<ele>208</ele>
						<time>2026-02-16T09:50:07Z</time>
					</trkpt>
					<trkpt lat="46.492730" lon="4.874640">
						<ele>208</ele>
						<time>2026-02-16T09:50:12Z</time>
					</trkpt>
					<trkpt lat="46.492910" lon="4.874760">
						<ele>208</ele>
						<time>2026-02-16T09:50:15Z</time>
					</trkpt>
					<trkpt lat="46.493530" lon="4.875250">
						<ele>210</ele>
						<time>2026-02-16T09:50:28Z</time>
					</trkpt>
					<trkpt lat="46.493890" lon="4.875590">
						<ele>211</ele>
						<time>2026-02-16T09:50:35Z</time>
					</trkpt>
					<trkpt lat="46.494220" lon="4.875870">
						<ele>212</ele>
						<time>2026-02-16T09:50:42Z</time>
					</trkpt>
					<trkpt lat="46.494360" lon="4.876020">
						<ele>212</ele>
						<time>2026-02-16T09:50:45Z</time>
					</trkpt>
					<trkpt lat="46.494620" lon="4.876310">
						<ele>212</ele>
						<time>2026-02-16T09:50:51Z</time>
					</trkpt>
					<trkpt lat="46.495020" lon="4.876840">
						<ele>212</ele>
						<time>2026-02-16T09:51:01Z</time>
					</trkpt>
					<trkpt lat="46.495160" lon="4.876980">
						<ele>211</ele>
						<time>2026-02-16T09:51:04Z</time>
					</trkpt>
					<trkpt lat="46.495350" lon="4.877130">
						<ele>210</ele>
						<time>2026-02-16T09:51:08Z</time>
					</trkpt>
					<trkpt lat="46.495580" lon="4.877260">
						<ele>208</ele>
						<time>2026-02-16T09:51:12Z</time>
					</trkpt>
					<trkpt lat="46.495760" lon="4.877330">
						<ele>208</ele>
						<time>2026-02-16T09:51:15Z</time>
					</trkpt>
					<trkpt lat="46.495950" lon="4.877350">
						<ele>207</ele>
						<time>2026-02-16T09:51:19Z</time>
					</trkpt>
					<trkpt lat="46.496100" lon="4.877360">
						<ele>207</ele>
						<time>2026-02-16T09:51:21Z</time>
					</trkpt>
					<trkpt lat="46.496230" lon="4.877380">
						<ele>207</ele>
						<time>2026-02-16T09:51:24Z</time>
					</trkpt>
					<trkpt lat="46.496370" lon="4.877440">
						<ele>207</ele>
						<time>2026-02-16T09:51:26Z</time>
					</trkpt>
					<trkpt lat="46.496510" lon="4.877540">
						<ele>207</ele>
						<time>2026-02-16T09:51:29Z</time>
					</trkpt>
					<trkpt lat="46.496650" lon="4.877670">
						<ele>207</ele>
						<time>2026-02-16T09:51:32Z</time>
					</trkpt>
					<trkpt lat="46.497130" lon="4.878150">
						<ele>211</ele>
						<time>2026-02-16T09:51:43Z</time>
					</trkpt>
					<trkpt lat="46.497270" lon="4.878300">
						<ele>212</ele>
						<time>2026-02-16T09:51:46Z</time>
					</trkpt>
					<trkpt lat="46.497690" lon="4.878670">
						<ele>215</ele>
						<time>2026-02-16T09:51:54Z</time>
					</trkpt>
					<trkpt lat="46.498070" lon="4.879000">
						<ele>217</ele>
						<time>2026-02-16T09:52:02Z</time>
					</trkpt>
					<trkpt lat="46.498920" lon="4.879460">
						<ele>220</ele>
						<time>2026-02-16T09:52:18Z</time>
					</trkpt>
					<trkpt lat="46.499850" lon="4.879980">
						<ele>221</ele>
						<time>2026-02-16T09:52:36Z</time>
					</trkpt>
					<trkpt lat="46.499910" lon="4.880010">
						<ele>222</ele>
						<time>2026-02-16T09:52:37Z</time>
					</trkpt>
					<trkpt lat="46.499960" lon="4.880070">
						<ele>222</ele>
						<time>2026-02-16T09:52:38Z</time>
					</trkpt>
					<trkpt lat="46.500130" lon="4.880210">
						<ele>221</ele>
						<time>2026-02-16T09:52:42Z</time>
					</trkpt>
					<trkpt lat="46.500600" lon="4.880730">
						<ele>219</ele>
						<time>2026-02-16T09:52:52Z</time>
					</trkpt>
					<trkpt lat="46.500630" lon="4.880770">
						<ele>219</ele>
						<time>2026-02-16T09:52:53Z</time>
					</trkpt>
					<trkpt lat="46.500830" lon="4.880970">
						<ele>219</ele>
						<time>2026-02-16T09:52:57Z</time>
					</trkpt>
					<trkpt lat="46.501070" lon="4.881220">
						<ele>219</ele>
						<time>2026-02-16T09:53:03Z</time>
					</trkpt>
					<trkpt lat="46.501230" lon="4.881430">
						<ele>220</ele>
						<time>2026-02-16T09:53:07Z</time>
					</trkpt>
					<trkpt lat="46.501280" lon="4.881510">
						<ele>220</ele>
						<time>2026-02-16T09:53:08Z</time>
					</trkpt>
					<trkpt lat="46.501380" lon="4.881660">
						<ele>221</ele>
						<time>2026-02-16T09:53:10Z</time>
					</trkpt>
					<trkpt lat="46.501690" lon="4.882200">
						<ele>221</ele>
						<time>2026-02-16T09:53:19Z</time>
					</trkpt>
					<trkpt lat="46.501840" lon="4.882430">
						<ele>222</ele>
						<time>2026-02-16T09:53:23Z</time>
					</trkpt>
					<trkpt lat="46.502010" lon="4.882700">
						<ele>223</ele>
						<time>2026-02-16T09:53:27Z</time>
					</trkpt>
					<trkpt lat="46.502060" lon="4.882780">
						<ele>223</ele>
						<time>2026-02-16T09:53:29Z</time>
					</trkpt>
					<trkpt lat="46.502150" lon="4.882900">
						<ele>224</ele>
						<time>2026-02-16T09:53:31Z</time>
					</trkpt>
					<trkpt lat="46.502160" lon="4.882920">
						<ele>224</ele>
						<time>2026-02-16T09:53:31Z</time>
					</trkpt>
					<trkpt lat="46.502310" lon="4.883120">
						<ele>224</ele>
						<time>2026-02-16T09:53:35Z</time>
					</trkpt>
					<trkpt lat="46.502380" lon="4.883230">
						<ele>225</ele>
						<time>2026-02-16T09:53:37Z</time>
					</trkpt>
					<trkpt lat="46.502600" lon="4.882090">
						<ele>226</ele>
						<time>2026-02-16T09:53:51Z</time>
					</trkpt>
					<trkpt lat="46.502620" lon="4.882000">
						<ele>226</ele>
						<time>2026-02-16T09:53:52Z</time>
					</trkpt>
					<trkpt lat="46.502820" lon="4.880970">
						<ele>227</ele>
						<time>2026-02-16T09:54:05Z</time>
					</trkpt>
					<trkpt lat="46.503060" lon="4.879740">
						<ele>230</ele>
						<time>2026-02-16T09:54:21Z</time>
					</trkpt>
					<trkpt lat="46.503090" lon="4.879470">
						<ele>230</ele>
						<time>2026-02-16T09:54:24Z</time>
					</trkpt>
					<trkpt lat="46.503090" lon="4.879310">
						<ele>230</ele>
						<time>2026-02-16T09:54:26Z</time>
					</trkpt>
					<trkpt lat="46.503070" lon="4.879050">
						<ele>230</ele>
						<time>2026-02-16T09:54:30Z</time>
					</trkpt>
					<trkpt lat="46.502980" lon="4.878570">
						<ele>229</ele>
						<time>2026-02-16T09:54:36Z</time>
					</trkpt>
					<trkpt lat="46.502430" lon="4.876260">
						<ele>227</ele>
						<time>2026-02-16T09:55:06Z</time>
					</trkpt>
					<trkpt lat="46.502030" lon="4.874540">
						<ele>227</ele>
						<time>2026-02-16T09:55:28Z</time>
					</trkpt>
					<trkpt lat="46.501650" lon="4.872870">
						<ele>227</ele>
						<time>2026-02-16T09:55:49Z</time>
					</trkpt>
					<trkpt lat="46.501620" lon="4.872670">
						<ele>227</ele>
						<time>2026-02-16T09:55:52Z</time>
					</trkpt>
					<trkpt lat="46.501640" lon="4.872400">
						<ele>227</ele>
						<time>2026-02-16T09:55:55Z</time>
					</trkpt>
					<trkpt lat="46.501670" lon="4.872270">
						<ele>227</ele>
						<time>2026-02-16T09:55:57Z</time>
					</trkpt>
					<trkpt lat="46.501720" lon="4.872090">
						<ele>226</ele>
						<time>2026-02-16T09:55:59Z</time>
					</trkpt>
					<trkpt lat="46.501790" lon="4.871960">
						<ele>226</ele>
						<time>2026-02-16T09:56:01Z</time>
					</trkpt>
					<trkpt lat="46.501860" lon="4.871850">
						<ele>226</ele>
						<time>2026-02-16T09:56:03Z</time>
					</trkpt>
					<trkpt lat="46.501990" lon="4.871730">
						<ele>227</ele>
						<time>2026-02-16T09:56:06Z</time>
					</trkpt>
					<trkpt lat="46.502660" lon="4.871220">
						<ele>227</ele>
						<time>2026-02-16T09:56:19Z</time>
					</trkpt>
					<trkpt lat="46.502840" lon="4.871060">
						<ele>227</ele>
						<time>2026-02-16T09:56:23Z</time>
					</trkpt>
					<trkpt lat="46.502950" lon="4.870920">
						<ele>226</ele>
						<time>2026-02-16T09:56:26Z</time>
					</trkpt>
					<trkpt lat="46.503090" lon="4.870660">
						<ele>226</ele>
						<time>2026-02-16T09:56:30Z</time>
					</trkpt>
					<trkpt lat="46.503130" lon="4.870600">
						<ele>226</ele>
						<time>2026-02-16T09:56:31Z</time>
					</trkpt>
					<trkpt lat="46.503200" lon="4.870460">
						<ele>226</ele>
						<time>2026-02-16T09:56:33Z</time>
					</trkpt>
					<trkpt lat="46.504180" lon="4.869220">
						<ele>227</ele>
						<time>2026-02-16T09:56:56Z</time>
					</trkpt>
					<trkpt lat="46.504320" lon="4.869050">
						<ele>226</ele>
						<time>2026-02-16T09:56:59Z</time>
					</trkpt>
					<trkpt lat="46.504470" lon="4.868930">
						<ele>226</ele>
						<time>2026-02-16T09:57:02Z</time>
					</trkpt>
					<trkpt lat="46.504750" lon="4.868720">
						<ele>226</ele>
						<time>2026-02-16T09:57:08Z</time>
					</trkpt>
					<trkpt lat="46.504860" lon="4.868610">
						<ele>225</ele>
						<time>2026-02-16T09:57:10Z</time>
					</trkpt>
					<trkpt lat="46.505000" lon="4.868420">
						<ele>225</ele>
						<time>2026-02-16T09:57:14Z</time>
					</trkpt>
					<trkpt lat="46.505490" lon="4.867720">
						<ele>224</ele>
						<time>2026-02-16T09:57:26Z</time>
					</trkpt>
					<trkpt lat="46.505690" lon="4.867440">
						<ele>224</ele>
						<time>2026-02-16T09:57:31Z</time>
					</trkpt>
					<trkpt lat="46.505910" lon="4.867190">
						<ele>224</ele>
						<time>2026-02-16T09:57:36Z</time>
					</trkpt>
					<trkpt lat="46.506580" lon="4.866510">
						<ele>225</ele>
						<time>2026-02-16T09:57:50Z</time>
					</trkpt>
					<trkpt lat="46.506740" lon="4.866310">
						<ele>226</ele>
						<time>2026-02-16T09:57:54Z</time>
					</trkpt>
					<trkpt lat="46.506850" lon="4.866140">
						<ele>226</ele>
						<time>2026-02-16T09:57:57Z</time>
					</trkpt>
					<trkpt lat="46.507340" lon="4.865320">
						<ele>228</ele>
						<time>2026-02-16T09:58:10Z</time>
					</trkpt>
					<trkpt lat="46.507850" lon="4.864420">
						<ele>228</ele>
						<time>2026-02-16T09:58:25Z</time>
					</trkpt>
					<trkpt lat="46.508210" lon="4.863790">
						<ele>228</ele>
						<time>2026-02-16T09:58:35Z</time>
					</trkpt>
					<trkpt lat="46.508270" lon="4.863690">
						<ele>228</ele>
						<time>2026-02-16T09:58:36Z</time>
					</trkpt>
					<trkpt lat="46.508340" lon="4.863600">
						<ele>228</ele>
						<time>2026-02-16T09:58:38Z</time>
					</trkpt>
					<trkpt lat="46.508660" lon="4.863260">
						<ele>229</ele>
						<time>2026-02-16T09:58:45Z</time>
					</trkpt>
					<trkpt lat="46.509220" lon="4.862680">
						<ele>232</ele>
						<time>2026-02-16T09:58:57Z</time>
					</trkpt>
					<trkpt lat="46.509320" lon="4.862580">
						<ele>233</ele>
						<time>2026-02-16T09:58:59Z</time>
					</trkpt>
					<trkpt lat="46.509430" lon="4.862540">
						<ele>233</ele>
						<time>2026-02-16T09:59:01Z</time>
					</trkpt>
					<trkpt lat="46.509500" lon="4.862510">
						<ele>233</ele>
						<time>2026-02-16T09:59:03Z</time>
					</trkpt>
					<trkpt lat="46.509550" lon="4.862490">
						<ele>233</ele>
						<time>2026-02-16T09:59:04Z</time>
					</trkpt>
					<trkpt lat="46.509830" lon="4.862450">
						<ele>234</ele>
						<time>2026-02-16T09:59:09Z</time>
					</trkpt>
					<trkpt lat="46.509910" lon="4.862210">
						<ele>235</ele>
						<time>2026-02-16T09:59:12Z</time>
					</trkpt>
					<trkpt lat="46.509940" lon="4.862080">
						<ele>235</ele>
						<time>2026-02-16T09:59:13Z</time>
					</trkpt>
					<trkpt lat="46.510030" lon="4.861770">
						<ele>236</ele>
						<time>2026-02-16T09:59:18Z</time>
					</trkpt>
					<trkpt lat="46.510050" lon="4.861630">
						<ele>237</ele>
						<time>2026-02-16T09:59:19Z</time>
					</trkpt>
					<trkpt lat="46.510050" lon="4.861550">
						<ele>237</ele>
						<time>2026-02-16T09:59:20Z</time>
					</trkpt>
					<trkpt lat="46.510050" lon="4.861490">
						<ele>237</ele>
						<time>2026-02-16T09:59:21Z</time>
					</trkpt>
					<trkpt lat="46.510040" lon="4.861460">
						<ele>237</ele>
						<time>2026-02-16T09:59:21Z</time>
					</trkpt>
					<trkpt lat="46.510020" lon="4.861380">
						<ele>238</ele>
						<time>2026-02-16T09:59:23Z</time>
					</trkpt>
					<trkpt lat="46.509940" lon="4.861170">
						<ele>238</ele>
						<time>2026-02-16T09:59:25Z</time>
					</trkpt>
					<trkpt lat="46.509890" lon="4.861030">
						<ele>239</ele>
						<time>2026-02-16T09:59:27Z</time>
					</trkpt>
					<trkpt lat="46.509880" lon="4.860900">
						<ele>240</ele>
						<time>2026-02-16T09:59:29Z</time>
					</trkpt>
					<trkpt lat="46.509920" lon="4.860100">
						<ele>243</ele>
						<time>2026-02-16T09:59:39Z</time>
					</trkpt>
					<trkpt lat="46.509950" lon="4.859120">
						<ele>246</ele>
						<time>2026-02-16T09:59:51Z</time>
					</trkpt>
					<trkpt lat="46.509990" lon="4.858200">
						<ele>245</ele>
						<time>2026-02-16T10:00:02Z</time>
					</trkpt>
					<trkpt lat="46.510000" lon="4.857600">
						<ele>244</ele>
						<time>2026-02-16T10:00:09Z</time>
					</trkpt>
					<trkpt lat="46.510020" lon="4.857010">
						<ele>247</ele>
						<time>2026-02-16T10:00:17Z</time>
					</trkpt>
					<trkpt lat="46.510020" lon="4.856750">
						<ele>249</ele>
						<time>2026-02-16T10:00:20Z</time>
					</trkpt>
					<trkpt lat="46.510000" lon="4.856470">
						<ele>251</ele>
						<time>2026-02-16T10:00:23Z</time>
					</trkpt>
					<trkpt lat="46.509950" lon="4.856260">
						<ele>253</ele>
						<time>2026-02-16T10:00:26Z</time>
					</trkpt>
					<trkpt lat="46.509850" lon="4.856030">
						<ele>256</ele>
						<time>2026-02-16T10:00:29Z</time>
					</trkpt>
					<trkpt lat="46.509660" lon="4.855690">
						<ele>259</ele>
						<time>2026-02-16T10:00:35Z</time>
					</trkpt>
					<trkpt lat="46.509410" lon="4.855170">
						<ele>264</ele>
						<time>2026-02-16T10:00:43Z</time>
					</trkpt>
					<trkpt lat="46.509180" lon="4.854720">
						<ele>266</ele>
						<time>2026-02-16T10:00:49Z</time>
					</trkpt>
					<trkpt lat="46.508930" lon="4.854200">
						<ele>269</ele>
						<time>2026-02-16T10:00:57Z</time>
					</trkpt>
					<trkpt lat="46.508800" lon="4.853960">
						<ele>268</ele>
						<time>2026-02-16T10:01:01Z</time>
					</trkpt>
					<trkpt lat="46.508980" lon="4.853740">
						<ele>267</ele>
						<time>2026-02-16T10:01:05Z</time>
					</trkpt>
					<trkpt lat="46.509030" lon="4.853690">
						<ele>267</ele>
						<time>2026-02-16T10:01:06Z</time>
					</trkpt>
					<trkpt lat="46.509170" lon="4.853560">
						<ele>267</ele>
						<time>2026-02-16T10:01:09Z</time>
					</trkpt>
					<trkpt lat="46.509380" lon="4.853320">
						<ele>267</ele>
						<time>2026-02-16T10:01:14Z</time>
					</trkpt>
					<trkpt lat="46.509550" lon="4.853110">
						<ele>267</ele>
						<time>2026-02-16T10:01:18Z</time>
					</trkpt>
					<trkpt lat="46.510120" lon="4.852400">
						<ele>265</ele>
						<time>2026-02-16T10:01:31Z</time>
					</trkpt>
					<trkpt lat="46.510370" lon="4.852130">
						<ele>264</ele>
						<time>2026-02-16T10:01:37Z</time>
					</trkpt>
					<trkpt lat="46.510620" lon="4.851890">
						<ele>262</ele>
						<time>2026-02-16T10:01:42Z</time>
					</trkpt>
					<trkpt lat="46.510760" lon="4.851790">
						<ele>262</ele>
						<time>2026-02-16T10:01:45Z</time>
					</trkpt>
					<trkpt lat="46.510910" lon="4.851690">
						<ele>261</ele>
						<time>2026-02-16T10:01:48Z</time>
					</trkpt>
					<trkpt lat="46.511390" lon="4.851410">
						<ele>260</ele>
						<time>2026-02-16T10:01:57Z</time>
					</trkpt>
					<trkpt lat="46.512310" lon="4.850940">
						<ele>259</ele>
						<time>2026-02-16T10:02:14Z</time>
					</trkpt>
					<trkpt lat="46.512600" lon="4.850780">
						<ele>258</ele>
						<time>2026-02-16T10:02:20Z</time>
					</trkpt>
					<trkpt lat="46.513020" lon="4.850480">
						<ele>258</ele>
						<time>2026-02-16T10:02:28Z</time>
					</trkpt>
					<trkpt lat="46.513560" lon="4.850100">
						<ele>257</ele>
						<time>2026-02-16T10:02:39Z</time>
					</trkpt>
					<trkpt lat="46.513780" lon="4.850000">
						<ele>257</ele>
						<time>2026-02-16T10:02:43Z</time>
					</trkpt>
					<trkpt lat="46.514320" lon="4.849830">
						<ele>256</ele>
						<time>2026-02-16T10:02:53Z</time>
					</trkpt>
					<trkpt lat="46.514490" lon="4.849800">
						<ele>256</ele>
						<time>2026-02-16T10:02:56Z</time>
					</trkpt>
					<trkpt lat="46.514580" lon="4.849790">
						<ele>256</ele>
						<time>2026-02-16T10:02:57Z</time>
					</trkpt>
					<trkpt lat="46.514700" lon="4.849790">
						<ele>256</ele>
						<time>2026-02-16T10:03:00Z</time>
					</trkpt>
					<trkpt lat="46.515250" lon="4.849830">
						<ele>257</ele>
						<time>2026-02-16T10:03:09Z</time>
					</trkpt>
					<trkpt lat="46.515460" lon="4.849800">
						<ele>258</ele>
						<time>2026-02-16T10:03:13Z</time>
					</trkpt>
					<trkpt lat="46.515560" lon="4.849770">
						<ele>258</ele>
						<time>2026-02-16T10:03:15Z</time>
					</trkpt>
					<trkpt lat="46.515710" lon="4.849690">
						<ele>259</ele>
						<time>2026-02-16T10:03:18Z</time>
					</trkpt>
					<trkpt lat="46.515900" lon="4.849540">
						<ele>258</ele>
						<time>2026-02-16T10:03:22Z</time>
					</trkpt>
					<trkpt lat="46.516890" lon="4.848680">
						<ele>257</ele>
						<time>2026-02-16T10:03:42Z</time>
					</trkpt>
					<trkpt lat="46.517710" lon="4.847960">
						<ele>259</ele>
						<time>2026-02-16T10:03:59Z</time>
					</trkpt>
					<trkpt lat="46.518740" lon="4.847090">
						<ele>261</ele>
						<time>2026-02-16T10:04:20Z</time>
					</trkpt>
					<trkpt lat="46.519190" lon="4.846750">
						<ele>262</ele>
						<time>2026-02-16T10:04:29Z</time>
					</trkpt>
					<trkpt lat="46.519890" lon="4.846220">
						<ele>263</ele>
						<time>2026-02-16T10:04:43Z</time>
					</trkpt>
					<trkpt lat="46.520190" lon="4.846040">
						<ele>265</ele>
						<time>2026-02-16T10:04:49Z</time>
					</trkpt>
					<trkpt lat="46.520520" lon="4.845880">
						<ele>266</ele>
						<time>2026-02-16T10:04:55Z</time>
					</trkpt>
					<trkpt lat="46.520910" lon="4.845710">
						<ele>269</ele>
						<time>2026-02-16T10:05:03Z</time>
					</trkpt>
					<trkpt lat="46.521100" lon="4.845590">
						<ele>270</ele>
						<time>2026-02-16T10:05:06Z</time>
					</trkpt>
					<trkpt lat="46.521600" lon="4.845190">
						<ele>275</ele>
						<time>2026-02-16T10:05:17Z</time>
					</trkpt>
					<trkpt lat="46.521790" lon="4.845030">
						<ele>276</ele>
						<time>2026-02-16T10:05:20Z</time>
					</trkpt>
					<trkpt lat="46.522620" lon="4.844390">
						<ele>281</ele>
						<time>2026-02-16T10:05:37Z</time>
					</trkpt>
					<trkpt lat="46.522850" lon="4.844180">
						<ele>283</ele>
						<time>2026-02-16T10:05:42Z</time>
					</trkpt>
					<trkpt lat="46.523050" lon="4.844000">
						<ele>284</ele>
						<time>2026-02-16T10:05:46Z</time>
					</trkpt>
					<trkpt lat="46.523180" lon="4.843940">
						<ele>285</ele>
						<time>2026-02-16T10:05:49Z</time>
					</trkpt>
					<trkpt lat="46.523370" lon="4.843910">
						<ele>285</ele>
						<time>2026-02-16T10:05:52Z</time>
					</trkpt>
					<trkpt lat="46.524050" lon="4.843910">
						<ele>288</ele>
						<time>2026-02-16T10:06:04Z</time>
					</trkpt>
					<trkpt lat="46.524350" lon="4.843880">
						<ele>289</ele>
						<time>2026-02-16T10:06:09Z</time>
					</trkpt>
					<trkpt lat="46.524480" lon="4.843850">
						<ele>290</ele>
						<time>2026-02-16T10:06:12Z</time>
					</trkpt>
					<trkpt lat="46.524630" lon="4.843770">
						<ele>291</ele>
						<time>2026-02-16T10:06:15Z</time>
					</trkpt>
					<trkpt lat="46.524750" lon="4.843630">
						<ele>292</ele>
						<time>2026-02-16T10:06:17Z</time>
					</trkpt>
					<trkpt lat="46.524850" lon="4.843470">
						<ele>294</ele>
						<time>2026-02-16T10:06:20Z</time>
					</trkpt>
					<trkpt lat="46.524970" lon="4.843200">
						<ele>294</ele>
						<time>2026-02-16T10:06:24Z</time>
					</trkpt>
					<trkpt lat="46.525030" lon="4.843000">
						<ele>292</ele>
						<time>2026-02-16T10:06:27Z</time>
					</trkpt>
					<trkpt lat="46.525020" lon="4.842880">
						<ele>292</ele>
						<time>2026-02-16T10:06:28Z</time>
					</trkpt>
					<trkpt lat="46.525000" lon="4.842810">
						<ele>291</ele>
						<time>2026-02-16T10:06:29Z</time>
					</trkpt>
					<trkpt lat="46.524960" lon="4.842730">
						<ele>291</ele>
						<time>2026-02-16T10:06:30Z</time>
					</trkpt>
					<trkpt lat="46.524630" lon="4.842340">
						<ele>290</ele>
						<time>2026-02-16T10:06:38Z</time>
					</trkpt>
					<trkpt lat="46.524440" lon="4.842080">
						<ele>290</ele>
						<time>2026-02-16T10:06:42Z</time>
					</trkpt>
					<trkpt lat="46.524150" lon="4.841530">
						<ele>289</ele>
						<time>2026-02-16T10:06:51Z</time>
					</trkpt>
					<trkpt lat="46.523950" lon="4.840990">
						<ele>286</ele>
						<time>2026-02-16T10:06:58Z</time>
					</trkpt>
					<trkpt lat="46.523650" lon="4.840060">
						<ele>282</ele>
						<time>2026-02-16T10:07:11Z</time>
					</trkpt>
					<trkpt lat="46.523570" lon="4.839820">
						<ele>282</ele>
						<time>2026-02-16T10:07:14Z</time>
					</trkpt>
					<trkpt lat="46.523490" lon="4.839570">
						<ele>281</ele>
						<time>2026-02-16T10:07:18Z</time>
					</trkpt>
					<trkpt lat="46.523450" lon="4.839370">
						<ele>280</ele>
						<time>2026-02-16T10:07:20Z</time>
					</trkpt>
					<trkpt lat="46.523450" lon="4.839160">
						<ele>278</ele>
						<time>2026-02-16T10:07:23Z</time>
					</trkpt>
					<trkpt lat="46.523450" lon="4.839070">
						<ele>278</ele>
						<time>2026-02-16T10:07:24Z</time>
					</trkpt>
					<trkpt lat="46.523480" lon="4.838890">
						<ele>278</ele>
						<time>2026-02-16T10:07:26Z</time>
					</trkpt>
					<trkpt lat="46.523510" lon="4.838770">
						<ele>277</ele>
						<time>2026-02-16T10:07:28Z</time>
					</trkpt>
					<trkpt lat="46.523560" lon="4.838650">
						<ele>277</ele>
						<time>2026-02-16T10:07:29Z</time>
					</trkpt>
					<trkpt lat="46.523460" lon="4.838610">
						<ele>277</ele>
						<time>2026-02-16T10:07:31Z</time>
					</trkpt>
					<trkpt lat="46.523400" lon="4.838570">
						<ele>277</ele>
						<time>2026-02-16T10:07:32Z</time>
					</trkpt>
					<trkpt lat="46.523180" lon="4.838420">
						<ele>277</ele>
						<time>2026-02-16T10:07:37Z</time>
					</trkpt>
					<trkpt lat="46.522970" lon="4.838270">
						<ele>279</ele>
						<time>2026-02-16T10:07:41Z</time>
					</trkpt>
					<trkpt lat="46.522490" lon="4.837880">
						<ele>280</ele>
						<time>2026-02-16T10:07:51Z</time>
					</trkpt>
					<trkpt lat="46.521710" lon="4.837240">
						<ele>284</ele>
						<time>2026-02-16T10:08:07Z</time>
					</trkpt>
					<trkpt lat="46.521460" lon="4.837100">
						<ele>286</ele>
						<time>2026-02-16T10:08:11Z</time>
					</trkpt>
					<trkpt lat="46.521120" lon="4.836890">
						<ele>288</ele>
						<time>2026-02-16T10:08:18Z</time>
					</trkpt>
					<trkpt lat="46.520380" lon="4.836510">
						<ele>291</ele>
						<time>2026-02-16T10:08:32Z</time>
					</trkpt>
					<trkpt lat="46.519850" lon="4.836140">
						<ele>293</ele>
						<time>2026-02-16T10:08:42Z</time>
					</trkpt>
					<trkpt lat="46.519660" lon="4.836020">
						<ele>294</ele>
						<time>2026-02-16T10:08:46Z</time>
					</trkpt>
					<trkpt lat="46.519510" lon="4.835940">
						<ele>294</ele>
						<time>2026-02-16T10:08:49Z</time>
					</trkpt>
					<trkpt lat="46.517650" lon="4.835020">
						<ele>303</ele>
						<time>2026-02-16T10:09:24Z</time>
					</trkpt>
					<trkpt lat="46.517440" lon="4.834870">
						<ele>306</ele>
						<time>2026-02-16T10:09:28Z</time>
					</trkpt>
					<trkpt lat="46.517180" lon="4.834640">
						<ele>310</ele>
						<time>2026-02-16T10:09:33Z</time>
					</trkpt>
					<trkpt lat="46.517100" lon="4.834560">
						<ele>311</ele>
						<time>2026-02-16T10:09:35Z</time>
					</trkpt>
					<trkpt lat="46.517040" lon="4.834450">
						<ele>312</ele>
						<time>2026-02-16T10:09:37Z</time>
					</trkpt>
					<trkpt lat="46.517000" lon="4.834270">
						<ele>312</ele>
						<time>2026-02-16T10:09:39Z</time>
					</trkpt>
					<trkpt lat="46.516980" lon="4.834150">
						<ele>313</ele>
						<time>2026-02-16T10:09:41Z</time>
					</trkpt>
					<trkpt lat="46.516940" lon="4.833700">
						<ele>316</ele>
						<time>2026-02-16T10:09:46Z</time>
					</trkpt>
					<trkpt lat="46.516920" lon="4.833600">
						<ele>317</ele>
						<time>2026-02-16T10:09:48Z</time>
					</trkpt>
					<trkpt lat="46.516870" lon="4.833510">
						<ele>317</ele>
						<time>2026-02-16T10:09:49Z</time>
					</trkpt>
					<trkpt lat="46.516800" lon="4.833410">
						<ele>318</ele>
						<time>2026-02-16T10:09:51Z</time>
					</trkpt>
					<trkpt lat="46.516690" lon="4.833340">
						<ele>318</ele>
						<time>2026-02-16T10:09:53Z</time>
					</trkpt>
					<trkpt lat="46.516330" lon="4.833160">
						<ele>319</ele>
						<time>2026-02-16T10:10:00Z</time>
					</trkpt>
					<trkpt lat="46.516200" lon="4.833100">
						<ele>319</ele>
						<time>2026-02-16T10:10:02Z</time>
					</trkpt>
					<trkpt lat="46.515490" lon="4.832900">
						<ele>316</ele>
						<time>2026-02-16T10:10:15Z</time>
					</trkpt>
					<trkpt lat="46.513440" lon="4.832340">
						<ele>303</ele>
						<time>2026-02-16T10:10:52Z</time>
					</trkpt>
					<trkpt lat="46.511570" lon="4.831830">
						<ele>291</ele>
						<time>2026-02-16T10:11:26Z</time>
					</trkpt>
					<trkpt lat="46.511310" lon="4.831720">
						<ele>289</ele>
						<time>2026-02-16T10:11:31Z</time>
					</trkpt>
					<trkpt lat="46.510880" lon="4.831490">
						<ele>286</ele>
						<time>2026-02-16T10:11:39Z</time>
					</trkpt>
					<trkpt lat="46.510650" lon="4.831400">
						<ele>285</ele>
						<time>2026-02-16T10:11:43Z</time>
					</trkpt>
					<trkpt lat="46.510300" lon="4.831310">
						<ele>283</ele>
						<time>2026-02-16T10:11:49Z</time>
					</trkpt>
					<trkpt lat="46.509910" lon="4.831230">
						<ele>281</ele>
						<time>2026-02-16T10:11:56Z</time>
					</trkpt>
					<trkpt lat="46.509490" lon="4.831190">
						<ele>280</ele>
						<time>2026-02-16T10:12:04Z</time>
					</trkpt>
					<trkpt lat="46.509150" lon="4.831130">
						<ele>278</ele>
						<time>2026-02-16T10:12:10Z</time>
					</trkpt>
					<trkpt lat="46.508410" lon="4.830940">
						<ele>275</ele>
						<time>2026-02-16T10:12:23Z</time>
					</trkpt>
					<trkpt lat="46.508030" lon="4.830830">
						<ele>273</ele>
						<time>2026-02-16T10:12:30Z</time>
					</trkpt>
					<trkpt lat="46.507750" lon="4.830770">
						<ele>273</ele>
						<time>2026-02-16T10:12:35Z</time>
					</trkpt>
					<trkpt lat="46.507490" lon="4.830770">
						<ele>272</ele>
						<time>2026-02-16T10:12:40Z</time>
					</trkpt>
					<trkpt lat="46.506720" lon="4.830870">
						<ele>270</ele>
						<time>2026-02-16T10:12:54Z</time>
					</trkpt>
					<trkpt lat="46.506100" lon="4.830850">
						<ele>268</ele>
						<time>2026-02-16T10:13:05Z</time>
					</trkpt>
					<trkpt lat="46.505730" lon="4.830860">
						<ele>267</ele>
						<time>2026-02-16T10:13:11Z</time>
					</trkpt>
					<trkpt lat="46.505030" lon="4.830960">
						<ele>266</ele>
						<time>2026-02-16T10:13:24Z</time>
					</trkpt>
					<trkpt lat="46.504900" lon="4.830990">
						<ele>265</ele>
						<time>2026-02-16T10:13:26Z</time>
					</trkpt>
					<trkpt lat="46.504730" lon="4.830970">
						<ele>265</ele>
						<time>2026-02-16T10:13:29Z</time>
					</trkpt>
					<trkpt lat="46.504350" lon="4.830860">
						<ele>262</ele>
						<time>2026-02-16T10:13:36Z</time>
					</trkpt>
					<trkpt lat="46.504080" lon="4.830790">
						<ele>261</ele>
						<time>2026-02-16T10:13:41Z</time>
					</trkpt>
					<trkpt lat="46.503980" lon="4.830770">
						<ele>261</ele>
						<time>2026-02-16T10:13:43Z</time>
					</trkpt>
					<trkpt lat="46.503430" lon="4.830600">
						<ele>260</ele>
						<time>2026-02-16T10:13:53Z</time>
					</trkpt>
					<trkpt lat="46.503250" lon="4.830560">
						<ele>260</ele>
						<time>2026-02-16T10:13:56Z</time>
					</trkpt>
					<trkpt lat="46.501660" lon="4.830660">
						<ele>258</ele>
						<time>2026-02-16T10:14:24Z</time>
					</trkpt>
					<trkpt lat="46.501320" lon="4.830720">
						<ele>258</ele>
						<time>2026-02-16T10:14:30Z</time>
					</trkpt>
					<trkpt lat="46.500460" lon="4.831000">
						<ele>259</ele>
						<time>2026-02-16T10:14:46Z</time>
					</trkpt>
					<trkpt lat="46.499840" lon="4.831210">
						<ele>262</ele>
						<time>2026-02-16T10:14:57Z</time>
					</trkpt>
					<trkpt lat="46.499690" lon="4.831220">
						<ele>263</ele>
						<time>2026-02-16T10:15:00Z</time>
					</trkpt>
					<trkpt lat="46.499530" lon="4.831220">
						<ele>264</ele>
						<time>2026-02-16T10:15:03Z</time>
					</trkpt>
					<trkpt lat="46.499440" lon="4.831210">
						<ele>264</ele>
						<time>2026-02-16T10:15:05Z</time>
					</trkpt>
					<trkpt lat="46.499340" lon="4.831180">
						<ele>264</ele>
						<time>2026-02-16T10:15:06Z</time>
					</trkpt>
					<trkpt lat="46.499240" lon="4.831130">
						<ele>263</ele>
						<time>2026-02-16T10:15:08Z</time>
					</trkpt>
					<trkpt lat="46.499150" lon="4.831100">
						<ele>263</ele>
						<time>2026-02-16T10:15:10Z</time>
					</trkpt>
					<trkpt lat="46.499080" lon="4.831100">
						<ele>263</ele>
						<time>2026-02-16T10:15:11Z</time>
					</trkpt>
					<trkpt lat="46.499010" lon="4.831140">
						<ele>264</ele>
						<time>2026-02-16T10:15:13Z</time>
					</trkpt>
					<trkpt lat="46.498890" lon="4.831230">
						<ele>266</ele>
						<time>2026-02-16T10:15:15Z</time>
					</trkpt>
					<trkpt lat="46.498780" lon="4.831180">
						<ele>266</ele>
						<time>2026-02-16T10:15:17Z</time>
					</trkpt>
					<trkpt lat="46.498330" lon="4.830850">
						<ele>263</ele>
						<time>2026-02-16T10:15:26Z</time>
					</trkpt>
					<trkpt lat="46.497630" lon="4.830270">
						<ele>259</ele>
						<time>2026-02-16T10:15:40Z</time>
					</trkpt>
					<trkpt lat="46.496390" lon="4.829240">
						<ele>257</ele>
						<time>2026-02-16T10:16:06Z</time>
					</trkpt>
					<trkpt lat="46.495000" lon="4.828090">
						<ele>248</ele>
						<time>2026-02-16T10:16:34Z</time>
					</trkpt>
					<trkpt lat="46.494420" lon="4.827610">
						<ele>244</ele>
						<time>2026-02-16T10:16:46Z</time>
					</trkpt>
					<trkpt lat="46.494360" lon="4.827560">
						<ele>243</ele>
						<time>2026-02-16T10:16:47Z</time>
					</trkpt>
					<trkpt lat="46.493840" lon="4.827050">
						<ele>242</ele>
						<time>2026-02-16T10:16:58Z</time>
					</trkpt>
					<trkpt lat="46.493000" lon="4.826190">
						<ele>239</ele>
						<time>2026-02-16T10:17:17Z</time>
					</trkpt>
					<trkpt lat="46.491840" lon="4.825040">
						<ele>237</ele>
						<time>2026-02-16T10:17:42Z</time>
					</trkpt>
					<trkpt lat="46.491170" lon="4.824390">
						<ele>238</ele>
						<time>2026-02-16T10:17:56Z</time>
					</trkpt>
					<trkpt lat="46.491140" lon="4.824360">
						<ele>238</ele>
						<time>2026-02-16T10:17:57Z</time>
					</trkpt>
					<trkpt lat="46.490950" lon="4.824200">
						<ele>238</ele>
						<time>2026-02-16T10:18:01Z</time>
					</trkpt>
					<trkpt lat="46.490780" lon="4.824030">
						<ele>238</ele>
						<time>2026-02-16T10:18:04Z</time>
					</trkpt>
					<trkpt lat="46.490610" lon="4.823900">
						<ele>238</ele>
						<time>2026-02-16T10:18:08Z</time>
					</trkpt>
					<trkpt lat="46.490220" lon="4.823700">
						<ele>238</ele>
						<time>2026-02-16T10:18:15Z</time>
					</trkpt>
					<trkpt lat="46.489400" lon="4.823330">
						<ele>239</ele>
						<time>2026-02-16T10:18:30Z</time>
					</trkpt>
					<trkpt lat="46.488050" lon="4.822670">
						<ele>244</ele>
						<time>2026-02-16T10:18:56Z</time>
					</trkpt>
					<trkpt lat="46.487620" lon="4.822470">
						<ele>246</ele>
						<time>2026-02-16T10:19:04Z</time>
					</trkpt>
					<trkpt lat="46.487400" lon="4.822350">
						<ele>247</ele>
						<time>2026-02-16T10:19:08Z</time>
					</trkpt>
					<trkpt lat="46.487170" lon="4.822210">
						<ele>247</ele>
						<time>2026-02-16T10:19:12Z</time>
					</trkpt>
					<trkpt lat="46.486080" lon="4.821500">
						<ele>247</ele>
						<time>2026-02-16T10:19:34Z</time>
					</trkpt>
					<trkpt lat="46.485150" lon="4.820890">
						<ele>245</ele>
						<time>2026-02-16T10:19:52Z</time>
					</trkpt>
					<trkpt lat="46.484480" lon="4.820480">
						<ele>242</ele>
						<time>2026-02-16T10:20:05Z</time>
					</trkpt>
					<trkpt lat="46.483840" lon="4.820150">
						<ele>240</ele>
						<time>2026-02-16T10:20:17Z</time>
					</trkpt>
					<trkpt lat="46.483490" lon="4.819950">
						<ele>239</ele>
						<time>2026-02-16T10:20:23Z</time>
					</trkpt>
					<trkpt lat="46.483000" lon="4.819600">
						<ele>238</ele>
						<time>2026-02-16T10:20:33Z</time>
					</trkpt>
					<trkpt lat="46.482610" lon="4.819340">
						<ele>237</ele>
						<time>2026-02-16T10:20:41Z</time>
					</trkpt>
					<trkpt lat="46.482320" lon="4.819090">
						<ele>237</ele>
						<time>2026-02-16T10:20:47Z</time>
					</trkpt>
					<trkpt lat="46.482240" lon="4.819010">
						<ele>237</ele>
						<time>2026-02-16T10:20:49Z</time>
					</trkpt>
					<trkpt lat="46.482130" lon="4.818880">
						<ele>237</ele>
						<time>2026-02-16T10:20:51Z</time>
					</trkpt>
					<trkpt lat="46.481890" lon="4.818490">
						<ele>236</ele>
						<time>2026-02-16T10:20:57Z</time>
					</trkpt>
					<trkpt lat="46.481830" lon="4.818370">
						<ele>235</ele>
						<time>2026-02-16T10:20:59Z</time>
					</trkpt>
					<trkpt lat="46.481710" lon="4.818180">
						<ele>235</ele>
						<time>2026-02-16T10:21:02Z</time>
					</trkpt>
					<trkpt lat="46.481580" lon="4.818020">
						<ele>235</ele>
						<time>2026-02-16T10:21:05Z</time>
					</trkpt>
					<trkpt lat="46.481290" lon="4.817700">
						<ele>235</ele>
						<time>2026-02-16T10:21:12Z</time>
					</trkpt>
					<trkpt lat="46.480970" lon="4.817380">
						<ele>233</ele>
						<time>2026-02-16T10:21:19Z</time>
					</trkpt>
					<trkpt lat="46.480830" lon="4.817210">
						<ele>233</ele>
						<time>2026-02-16T10:21:22Z</time>
					</trkpt>
					<trkpt lat="46.480680" lon="4.816980">
						<ele>232</ele>
						<time>2026-02-16T10:21:26Z</time>
					</trkpt>
					<trkpt lat="46.480660" lon="4.816950">
						<ele>232</ele>
						<time>2026-02-16T10:21:26Z</time>
					</trkpt>
					<trkpt lat="46.480540" lon="4.816640">
						<ele>231</ele>
						<time>2026-02-16T10:21:31Z</time>
					</trkpt>
					<trkpt lat="46.480480" lon="4.816450">
						<ele>230</ele>
						<time>2026-02-16T10:21:33Z</time>
					</trkpt>
					<trkpt lat="46.480400" lon="4.816180">
						<ele>230</ele>
						<time>2026-02-16T10:21:37Z</time>
					</trkpt>
					<trkpt lat="46.480350" lon="4.816020">
						<ele>229</ele>
						<time>2026-02-16T10:21:39Z</time>
					</trkpt>
					<trkpt lat="46.480250" lon="4.815810">
						<ele>228</ele>
						<time>2026-02-16T10:21:42Z</time>
					</trkpt>
					<trkpt lat="46.479920" lon="4.815250">
						<ele>227</ele>
						<time>2026-02-16T10:21:51Z</time>
					</trkpt>
					<trkpt lat="46.479810" lon="4.815080">
						<ele>227</ele>
						<time>2026-02-16T10:21:54Z</time>
					</trkpt>
					<trkpt lat="46.479570" lon="4.814700">
						<ele>226</ele>
						<time>2026-02-16T10:22:01Z</time>
					</trkpt>
					<trkpt lat="46.479360" lon="4.814380">
						<ele>226</ele>
						<time>2026-02-16T10:22:06Z</time>
					</trkpt>
					<trkpt lat="46.479270" lon="4.814200">
						<ele>226</ele>
						<time>2026-02-16T10:22:09Z</time>
					</trkpt>
					<trkpt lat="46.479180" lon="4.813980">
						<ele>227</ele>
						<time>2026-02-16T10:22:12Z</time>
					</trkpt>
					<trkpt lat="46.479060" lon="4.813670">
						<ele>228</ele>
						<time>2026-02-16T10:22:16Z</time>
					</trkpt>
					<trkpt lat="46.479010" lon="4.813560">
						<ele>228</ele>
						<time>2026-02-16T10:22:18Z</time>
					</trkpt>
					<trkpt lat="46.478740" lon="4.813100">
						<ele>231</ele>
						<time>2026-02-16T10:22:25Z</time>
					</trkpt>
					<trkpt lat="46.478680" lon="4.813050">
						<ele>231</ele>
						<time>2026-02-16T10:22:26Z</time>
					</trkpt>
					<trkpt lat="46.478620" lon="4.813020">
						<ele>231</ele>
						<time>2026-02-16T10:22:28Z</time>
					</trkpt>
					<trkpt lat="46.478360" lon="4.813020">
						<ele>231</ele>
						<time>2026-02-16T10:22:32Z</time>
					</trkpt>
					<trkpt lat="46.478190" lon="4.813030">
						<ele>231</ele>
						<time>2026-02-16T10:22:35Z</time>
					</trkpt>
					<trkpt lat="46.477650" lon="4.813060">
						<ele>231</ele>
						<time>2026-02-16T10:22:45Z</time>
					</trkpt>
					<trkpt lat="46.477230" lon="4.813040">
						<ele>231</ele>
						<time>2026-02-16T10:22:52Z</time>
					</trkpt>
					<trkpt lat="46.476320" lon="4.812920">
						<ele>232</ele>
						<time>2026-02-16T10:23:09Z</time>
					</trkpt>
					<trkpt lat="46.475660" lon="4.812830">
						<ele>232</ele>
						<time>2026-02-16T10:23:20Z</time>
					</trkpt>
					<trkpt lat="46.475400" lon="4.812740">
						<ele>232</ele>
						<time>2026-02-16T10:23:25Z</time>
					</trkpt>
					<trkpt lat="46.475160" lon="4.812630">
						<ele>232</ele>
						<time>2026-02-16T10:23:30Z</time>
					</trkpt>
					<trkpt lat="46.474810" lon="4.812380">
						<ele>231</ele>
						<time>2026-02-16T10:23:36Z</time>
					</trkpt>
					<trkpt lat="46.474720" lon="4.812320">
						<ele>230</ele>
						<time>2026-02-16T10:23:38Z</time>
					</trkpt>
					<trkpt lat="46.474640" lon="4.812240">
						<ele>230</ele>
						<time>2026-02-16T10:23:40Z</time>
					</trkpt>
					<trkpt lat="46.474530" lon="4.812050">
						<ele>229</ele>
						<time>2026-02-16T10:23:43Z</time>
					</trkpt>
					<trkpt lat="46.474480" lon="4.811950">
						<ele>229</ele>
						<time>2026-02-16T10:23:45Z</time>
					</trkpt>
					<trkpt lat="46.474440" lon="4.811830">
						<ele>229</ele>
						<time>2026-02-16T10:23:46Z</time>
					</trkpt>
					<trkpt lat="46.474380" lon="4.811640">
						<ele>229</ele>
						<time>2026-02-16T10:23:49Z</time>
					</trkpt>
					<trkpt lat="46.474040" lon="4.810340">
						<ele>232</ele>
						<time>2026-02-16T10:24:06Z</time>
					</trkpt>
					<trkpt lat="46.473940" lon="4.809920">
						<ele>233</ele>
						<time>2026-02-16T10:24:11Z</time>
					</trkpt>
					<trkpt lat="46.473920" lon="4.809810">
						<ele>233</ele>
						<time>2026-02-16T10:24:13Z</time>
					</trkpt>
					<trkpt lat="46.473870" lon="4.809190">
						<ele>235</ele>
						<time>2026-02-16T10:24:20Z</time>
					</trkpt>
					<trkpt lat="46.473810" lon="4.808750">
						<ele>235</ele>
						<time>2026-02-16T10:24:26Z</time>
					</trkpt>
					<trkpt lat="46.473800" lon="4.808650">
						<ele>235</ele>
						<time>2026-02-16T10:24:27Z</time>
					</trkpt>
					<trkpt lat="46.473830" lon="4.808250">
						<ele>235</ele>
						<time>2026-02-16T10:24:32Z</time>
					</trkpt>
					<trkpt lat="46.473870" lon="4.807750">
						<ele>234</ele>
						<time>2026-02-16T10:24:38Z</time>
					</trkpt>
					<trkpt lat="46.473890" lon="4.807580">
						<ele>233</ele>
						<time>2026-02-16T10:24:40Z</time>
					</trkpt>
					<trkpt lat="46.473910" lon="4.807450">
						<ele>233</ele>
						<time>2026-02-16T10:24:42Z</time>
					</trkpt>
					<trkpt lat="46.473950" lon="4.807310">
						<ele>233</ele>
						<time>2026-02-16T10:24:44Z</time>
					</trkpt>
					<trkpt lat="46.473990" lon="4.807230">
						<ele>233</ele>
						<time>2026-02-16T10:24:45Z</time>
					</trkpt>
					<trkpt lat="46.474010" lon="4.807150">
						<ele>233</ele>
						<time>2026-02-16T10:24:46Z</time>
					</trkpt>
					<trkpt lat="46.474140" lon="4.807010">
						<ele>233</ele>
						<time>2026-02-16T10:24:49Z</time>
					</trkpt>
					<trkpt lat="46.474240" lon="4.806920">
						<ele>233</ele>
						<time>2026-02-16T10:24:51Z</time>
					</trkpt>
					<trkpt lat="46.474280" lon="4.806900">
						<ele>234</ele>
						<time>2026-02-16T10:24:52Z</time>
					</trkpt>
					<trkpt lat="46.474380" lon="4.806840">
						<ele>234</ele>
						<time>2026-02-16T10:24:54Z</time>
					</trkpt>
					<trkpt lat="46.474590" lon="4.806780">
						<ele>236</ele>
						<time>2026-02-16T10:24:57Z</time>
					</trkpt>
					<trkpt lat="46.474630" lon="4.806770">
						<ele>236</ele>
						<time>2026-02-16T10:24:58Z</time>
					</trkpt>
					<trkpt lat="46.474760" lon="4.806790">
						<ele>237</ele>
						<time>2026-02-16T10:25:00Z</time>
					</trkpt>
					<trkpt lat="46.474880" lon="4.806830">
						<ele>238</ele>
						<time>2026-02-16T10:25:03Z</time>
					</trkpt>
					<trkpt lat="46.475020" lon="4.806870">
						<ele>240</ele>
						<time>2026-02-16T10:25:05Z</time>
					</trkpt>
					<trkpt lat="46.475150" lon="4.806910">
						<ele>242</ele>
						<time>2026-02-16T10:25:08Z</time>
					</trkpt>
					<trkpt lat="46.475280" lon="4.806920">
						<ele>244</ele>
						<time>2026-02-16T10:25:10Z</time>
					</trkpt>
					<trkpt lat="46.475380" lon="4.806900">
						<ele>245</ele>
						<time>2026-02-16T10:25:12Z</time>
					</trkpt>
					<trkpt lat="46.475500" lon="4.806800">
						<ele>244</ele>
						<time>2026-02-16T10:25:14Z</time>
					</trkpt>
					<trkpt lat="46.475770" lon="4.806510">
						<ele>243</ele>
						<time>2026-02-16T10:25:20Z</time>
					</trkpt>
					<trkpt lat="46.475910" lon="4.806320">
						<ele>244</ele>
						<time>2026-02-16T10:25:24Z</time>
					</trkpt>
					<trkpt lat="46.476130" lon="4.805970">
						<ele>244</ele>
						<time>2026-02-16T10:25:29Z</time>
					</trkpt>
					<trkpt lat="46.476230" lon="4.805850">
						<ele>244</ele>
						<time>2026-02-16T10:25:32Z</time>
					</trkpt>
					<trkpt lat="46.476310" lon="4.805760">
						<ele>245</ele>
						<time>2026-02-16T10:25:33Z</time>
					</trkpt>
					<trkpt lat="46.476400" lon="4.805700">
						<ele>246</ele>
						<time>2026-02-16T10:25:35Z</time>
					</trkpt>
					<trkpt lat="46.476580" lon="4.805660">
						<ele>247</ele>
						<time>2026-02-16T10:25:38Z</time>
					</trkpt>
					<trkpt lat="46.476680" lon="4.805660">
						<ele>248</ele>
						<time>2026-02-16T10:25:40Z</time>
					</trkpt>
					<trkpt lat="46.477030" lon="4.805690">
						<ele>253</ele>
						<time>2026-02-16T10:25:46Z</time>
					</trkpt>
					<trkpt lat="46.477150" lon="4.805660">
						<ele>254</ele>
						<time>2026-02-16T10:25:49Z</time>
					</trkpt>
					<trkpt lat="46.477220" lon="4.805630">
						<ele>255</ele>
						<time>2026-02-16T10:25:50Z</time>
					</trkpt>
					<trkpt lat="46.477300" lon="4.805550">
						<ele>255</ele>
						<time>2026-02-16T10:25:52Z</time>
					</trkpt>
					<trkpt lat="46.477390" lon="4.805400">
						<ele>253</ele>
						<time>2026-02-16T10:25:54Z</time>
					</trkpt>
					<trkpt lat="46.477440" lon="4.805290">
						<ele>252</ele>
						<time>2026-02-16T10:25:56Z</time>
					</trkpt>
					<trkpt lat="46.477520" lon="4.805040">
						<ele>249</ele>
						<time>2026-02-16T10:25:59Z</time>
					</trkpt>
					<trkpt lat="46.477780" lon="4.803860">
						<ele>251</ele>
						<time>2026-02-16T10:26:14Z</time>
					</trkpt>
					<trkpt lat="46.478070" lon="4.802830">
						<ele>249</ele>
						<time>2026-02-16T10:26:28Z</time>
					</trkpt>
					<trkpt lat="46.478130" lon="4.802620">
						<ele>247</ele>
						<time>2026-02-16T10:26:31Z</time>
					</trkpt>
					<trkpt lat="46.478170" lon="4.802260">
						<ele>246</ele>
						<time>2026-02-16T10:26:35Z</time>
					</trkpt>
					<trkpt lat="46.478180" lon="4.802060">
						<ele>247</ele>
						<time>2026-02-16T10:26:38Z</time>
					</trkpt>
					<trkpt lat="46.478170" lon="4.801800">
						<ele>247</ele>
						<time>2026-02-16T10:26:41Z</time>
					</trkpt>
					<trkpt lat="46.477820" lon="4.798890">
						<ele>257</ele>
						<time>2026-02-16T10:27:17Z</time>
					</trkpt>
					<trkpt lat="46.477650" lon="4.798060">
						<ele>259</ele>
						<time>2026-02-16T10:27:28Z</time>
					</trkpt>
					<trkpt lat="46.477290" lon="4.795950">
						<ele>262</ele>
						<time>2026-02-16T10:27:54Z</time>
					</trkpt>
					<trkpt lat="46.477220" lon="4.795400">
						<ele>262</ele>
						<time>2026-02-16T10:28:01Z</time>
					</trkpt>
					<trkpt lat="46.477210" lon="4.795070">
						<ele>262</ele>
						<time>2026-02-16T10:28:05Z</time>
					</trkpt>
					<trkpt lat="46.477210" lon="4.794670">
						<ele>261</ele>
						<time>2026-02-16T10:28:10Z</time>
					</trkpt>
					<trkpt lat="46.477240" lon="4.794380">
						<ele>261</ele>
						<time>2026-02-16T10:28:14Z</time>
					</trkpt>
					<trkpt lat="46.477280" lon="4.794160">
						<ele>260</ele>
						<time>2026-02-16T10:28:16Z</time>
					</trkpt>
					<trkpt lat="46.477340" lon="4.794000">
						<ele>259</ele>
						<time>2026-02-16T10:28:19Z</time>
					</trkpt>
					<trkpt lat="46.477420" lon="4.793870">
						<ele>257</ele>
						<time>2026-02-16T10:28:21Z</time>
					</trkpt>
					<trkpt lat="46.477490" lon="4.793770">
						<ele>255</ele>
						<time>2026-02-16T10:28:23Z</time>
					</trkpt>
					<trkpt lat="46.478000" lon="4.793240">
						<ele>260</ele>
						<time>2026-02-16T10:28:34Z</time>
					</trkpt>
					<trkpt lat="46.478110" lon="4.793130">
						<ele>261</ele>
						<time>2026-02-16T10:28:36Z</time>
					</trkpt>
					<trkpt lat="46.478770" lon="4.791940">
						<ele>258</ele>
						<time>2026-02-16T10:28:55Z</time>
					</trkpt>
					<trkpt lat="46.479000" lon="4.791430">
						<ele>257</ele>
						<time>2026-02-16T10:29:02Z</time>
					</trkpt>
					<trkpt lat="46.479130" lon="4.791110">
						<ele>256</ele>
						<time>2026-02-16T10:29:07Z</time>
					</trkpt>
					<trkpt lat="46.479520" lon="4.790150">
						<ele>252</ele>
						<time>2026-02-16T10:29:20Z</time>
					</trkpt>
					<trkpt lat="46.479860" lon="4.789500">
						<ele>252</ele>
						<time>2026-02-16T10:29:30Z</time>
					</trkpt>
					<trkpt lat="46.480050" lon="4.789150">
						<ele>252</ele>
						<time>2026-02-16T10:29:36Z</time>
					</trkpt>
					<trkpt lat="46.480140" lon="4.788960">
						<ele>252</ele>
						<time>2026-02-16T10:29:39Z</time>
					</trkpt>
					<trkpt lat="46.480360" lon="4.788400">
						<ele>253</ele>
						<time>2026-02-16T10:29:47Z</time>
					</trkpt>
					<trkpt lat="46.480560" lon="4.787860">
						<ele>255</ele>
						<time>2026-02-16T10:29:54Z</time>
					</trkpt>
					<trkpt lat="46.480720" lon="4.787440">
						<ele>256</ele>
						<time>2026-02-16T10:30:00Z</time>
					</trkpt>
					<trkpt lat="46.480790" lon="4.787210">
						<ele>256</ele>
						<time>2026-02-16T10:30:03Z</time>
					</trkpt>
					<trkpt lat="46.480800" lon="4.787020">
						<ele>256</ele>
						<time>2026-02-16T10:30:05Z</time>
					</trkpt>
					<trkpt lat="46.480780" lon="4.786800">
						<ele>256</ele>
						<time>2026-02-16T10:30:08Z</time>
					</trkpt>
					<trkpt lat="46.480750" lon="4.786720">
						<ele>256</ele>
						<time>2026-02-16T10:30:09Z</time>
					</trkpt>
					<trkpt lat="46.480730" lon="4.786660">
						<ele>256</ele>
						<time>2026-02-16T10:30:10Z</time>
					</trkpt>
					<trkpt lat="46.480360" lon="4.786240">
						<ele>257</ele>
						<time>2026-02-16T10:30:18Z</time>
					</trkpt>
					<trkpt lat="46.480120" lon="4.785920">
						<ele>258</ele>
						<time>2026-02-16T10:30:24Z</time>
					</trkpt>
					<trkpt lat="46.479970" lon="4.785740">
						<ele>259</ele>
						<time>2026-02-16T10:30:28Z</time>
					</trkpt>
					<trkpt lat="46.479810" lon="4.785600">
						<ele>259</ele>
						<time>2026-02-16T10:30:31Z</time>
					</trkpt>
					<trkpt lat="46.479750" lon="4.785560">
						<ele>260</ele>
						<time>2026-02-16T10:30:32Z</time>
					</trkpt>
					<trkpt lat="46.479170" lon="4.785140">
						<ele>264</ele>
						<time>2026-02-16T10:30:44Z</time>
					</trkpt>
					<trkpt lat="46.479050" lon="4.784950">
						<ele>265</ele>
						<time>2026-02-16T10:30:47Z</time>
					</trkpt>
					<trkpt lat="46.478940" lon="4.784680">
						<ele>267</ele>
						<time>2026-02-16T10:30:51Z</time>
					</trkpt>
					<trkpt lat="46.478910" lon="4.784520">
						<ele>268</ele>
						<time>2026-02-16T10:30:53Z</time>
					</trkpt>
					<trkpt lat="46.478790" lon="4.784290">
						<ele>268</ele>
						<time>2026-02-16T10:30:56Z</time>
					</trkpt>
					<trkpt lat="46.478690" lon="4.784150">
						<ele>269</ele>
						<time>2026-02-16T10:30:59Z</time>
					</trkpt>
					<trkpt lat="46.478430" lon="4.783920">
						<ele>269</ele>
						<time>2026-02-16T10:31:04Z</time>
					</trkpt>
					<trkpt lat="46.478010" lon="4.783690">
						<ele>269</ele>
						<time>2026-02-16T10:31:12Z</time>
					</trkpt>
					<trkpt lat="46.477640" lon="4.783490">
						<ele>269</ele>
						<time>2026-02-16T10:31:19Z</time>
					</trkpt>
					<trkpt lat="46.477220" lon="4.783250">
						<ele>268</ele>
						<time>2026-02-16T10:31:27Z</time>
					</trkpt>
					<trkpt lat="46.476640" lon="4.782890">
						<ele>268</ele>
						<time>2026-02-16T10:31:38Z</time>
					</trkpt>
					<trkpt lat="46.476600" lon="4.782860">
						<ele>268</ele>
						<time>2026-02-16T10:31:39Z</time>
					</trkpt>
					<trkpt lat="46.476440" lon="4.782800">
						<ele>268</ele>
						<time>2026-02-16T10:31:42Z</time>
					</trkpt>
					<trkpt lat="46.476030" lon="4.782720">
						<ele>268</ele>
						<time>2026-02-16T10:31:50Z</time>
					</trkpt>
					<trkpt lat="46.475550" lon="4.782540">
						<ele>267</ele>
						<time>2026-02-16T10:31:58Z</time>
					</trkpt>
					<trkpt lat="46.475180" lon="4.782320">
						<ele>267</ele>
						<time>2026-02-16T10:32:06Z</time>
					</trkpt>
					<trkpt lat="46.475030" lon="4.782180">
						<ele>268</ele>
						<time>2026-02-16T10:32:09Z</time>
					</trkpt>
					<trkpt lat="46.474720" lon="4.781740">
						<ele>269</ele>
						<time>2026-02-16T10:32:16Z</time>
					</trkpt>
					<trkpt lat="46.474570" lon="4.781580">
						<ele>269</ele>
						<time>2026-02-16T10:32:20Z</time>
					</trkpt>
					<trkpt lat="46.474380" lon="4.781490">
						<ele>269</ele>
						<time>2026-02-16T10:32:23Z</time>
					</trkpt>
					<trkpt lat="46.474140" lon="4.781450">
						<ele>269</ele>
						<time>2026-02-16T10:32:28Z</time>
					</trkpt>
					<trkpt lat="46.473960" lon="4.781450">
						<ele>268</ele>
						<time>2026-02-16T10:32:31Z</time>
					</trkpt>
					<trkpt lat="46.473830" lon="4.781480">
						<ele>268</ele>
						<time>2026-02-16T10:32:33Z</time>
					</trkpt>
					<trkpt lat="46.473620" lon="4.781510">
						<ele>268</ele>
						<time>2026-02-16T10:32:37Z</time>
					</trkpt>
					<trkpt lat="46.473400" lon="4.781490">
						<ele>268</ele>
						<time>2026-02-16T10:32:41Z</time>
					</trkpt>
					<trkpt lat="46.473110" lon="4.781430">
						<ele>268</ele>
						<time>2026-02-16T10:32:46Z</time>
					</trkpt>
					<trkpt lat="46.472650" lon="4.781350">
						<ele>270</ele>
						<time>2026-02-16T10:32:54Z</time>
					</trkpt>
					<trkpt lat="46.472440" lon="4.781260">
						<ele>270</ele>
						<time>2026-02-16T10:32:58Z</time>
					</trkpt>
					<trkpt lat="46.472200" lon="4.781100">
						<ele>271</ele>
						<time>2026-02-16T10:33:03Z</time>
					</trkpt>
					<trkpt lat="46.472010" lon="4.780920">
						<ele>272</ele>
						<time>2026-02-16T10:33:07Z</time>
					</trkpt>
					<trkpt lat="46.471550" lon="4.780400">
						<ele>273</ele>
						<time>2026-02-16T10:33:17Z</time>
					</trkpt>
					<trkpt lat="46.471370" lon="4.780270">
						<ele>274</ele>
						<time>2026-02-16T10:33:21Z</time>
					</trkpt>
					<trkpt lat="46.471200" lon="4.780210">
						<ele>274</ele>
						<time>2026-02-16T10:33:24Z</time>
					</trkpt>
					<trkpt lat="46.470830" lon="4.780100">
						<ele>274</ele>
						<time>2026-02-16T10:33:31Z</time>
					</trkpt>
					<trkpt lat="46.470610" lon="4.779980">
						<ele>275</ele>
						<time>2026-02-16T10:33:35Z</time>
					</trkpt>
					<trkpt lat="46.470300" lon="4.779620">
						<ele>277</ele>
						<time>2026-02-16T10:33:42Z</time>
					</trkpt>
					<trkpt lat="46.470220" lon="4.779470">
						<ele>278</ele>
						<time>2026-02-16T10:33:44Z</time>
					</trkpt>
					<trkpt lat="46.469990" lon="4.779050">
						<ele>281</ele>
						<time>2026-02-16T10:33:51Z</time>
					</trkpt>
					<trkpt lat="46.469850" lon="4.778890">
						<ele>281</ele>
						<time>2026-02-16T10:33:54Z</time>
					</trkpt>
					<trkpt lat="46.469310" lon="4.778480">
						<ele>283</ele>
						<time>2026-02-16T10:34:05Z</time>
					</trkpt>
					<trkpt lat="46.468970" lon="4.778210">
						<ele>285</ele>
						<time>2026-02-16T10:34:12Z</time>
					</trkpt>
					<trkpt lat="46.468780" lon="4.778020">
						<ele>286</ele>
						<time>2026-02-16T10:34:16Z</time>
					</trkpt>
					<trkpt lat="46.468630" lon="4.777810">
						<ele>287</ele>
						<time>2026-02-16T10:34:20Z</time>
					</trkpt>
					<trkpt lat="46.468340" lon="4.777320">
						<ele>289</ele>
						<time>2026-02-16T10:34:27Z</time>
					</trkpt>
					<trkpt lat="46.467950" lon="4.776740">
						<ele>291</ele>
						<time>2026-02-16T10:34:37Z</time>
					</trkpt>
					<trkpt lat="46.467340" lon="4.776210">
						<ele>293</ele>
						<time>2026-02-16T10:34:50Z</time>
					</trkpt>
					<trkpt lat="46.467290" lon="4.776170">
						<ele>293</ele>
						<time>2026-02-16T10:34:51Z</time>
					</trkpt>
					<trkpt lat="46.466790" lon="4.775860">
						<ele>294</ele>
						<time>2026-02-16T10:35:01Z</time>
					</trkpt>
					<trkpt lat="46.466190" lon="4.775530">
						<ele>291</ele>
						<time>2026-02-16T10:35:12Z</time>
					</trkpt>
					<trkpt lat="46.465590" lon="4.775240">
						<ele>290</ele>
						<time>2026-02-16T10:35:23Z</time>
					</trkpt>
					<trkpt lat="46.465310" lon="4.775100">
						<ele>289</ele>
						<time>2026-02-16T10:35:29Z</time>
					</trkpt>
					<trkpt lat="46.465010" lon="4.774950">
						<ele>289</ele>
						<time>2026-02-16T10:35:34Z</time>
					</trkpt>
					<trkpt lat="46.464510" lon="4.774700">
						<ele>287</ele>
						<time>2026-02-16T10:35:44Z</time>
					</trkpt>
					<trkpt lat="46.464430" lon="4.774670">
						<ele>287</ele>
						<time>2026-02-16T10:35:45Z</time>
					</trkpt>
					<trkpt lat="46.463870" lon="4.774420">
						<ele>286</ele>
						<time>2026-02-16T10:35:56Z</time>
					</trkpt>
					<trkpt lat="46.463390" lon="4.774190">
						<ele>284</ele>
						<time>2026-02-16T10:36:05Z</time>
					</trkpt>
					<trkpt lat="46.463030" lon="4.774060">
						<ele>284</ele>
						<time>2026-02-16T10:36:11Z</time>
					</trkpt>
					<trkpt lat="46.462470" lon="4.774010">
						<ele>283</ele>
						<time>2026-02-16T10:36:21Z</time>
					</trkpt>
					<trkpt lat="46.462420" lon="4.773990">
						<ele>283</ele>
						<time>2026-02-16T10:36:22Z</time>
					</trkpt>
					<trkpt lat="46.462340" lon="4.773890">
						<ele>283</ele>
						<time>2026-02-16T10:36:24Z</time>
					</trkpt>
					<trkpt lat="46.462270" lon="4.773750">
						<ele>283</ele>
						<time>2026-02-16T10:36:26Z</time>
					</trkpt>
					<trkpt lat="46.462140" lon="4.773440">
						<ele>284</ele>
						<time>2026-02-16T10:36:31Z</time>
					</trkpt>
					<trkpt lat="46.462060" lon="4.773280">
						<ele>283</ele>
						<time>2026-02-16T10:36:33Z</time>
					</trkpt>
					<trkpt lat="46.461990" lon="4.773160">
						<ele>283</ele>
						<time>2026-02-16T10:36:35Z</time>
					</trkpt>
					<trkpt lat="46.461890" lon="4.773040">
						<ele>283</ele>
						<time>2026-02-16T10:36:37Z</time>
					</trkpt>
					<trkpt lat="46.461800" lon="4.772990">
						<ele>282</ele>
						<time>2026-02-16T10:36:39Z</time>
					</trkpt>
					<trkpt lat="46.461400" lon="4.772770">
						<ele>281</ele>
						<time>2026-02-16T10:36:47Z</time>
					</trkpt>
					<trkpt lat="46.461220" lon="4.772660">
						<ele>281</ele>
						<time>2026-02-16T10:36:50Z</time>
					</trkpt>
					<trkpt lat="46.460820" lon="4.772340">
						<ele>280</ele>
						<time>2026-02-16T10:36:58Z</time>
					</trkpt>
					<trkpt lat="46.460160" lon="4.771780">
						<ele>278</ele>
						<time>2026-02-16T10:37:12Z</time>
					</trkpt>
					<trkpt lat="46.459890" lon="4.771550">
						<ele>278</ele>
						<time>2026-02-16T10:37:17Z</time>
					</trkpt>
					<trkpt lat="46.459680" lon="4.771370">
						<ele>278</ele>
						<time>2026-02-16T10:37:22Z</time>
					</trkpt>
					<trkpt lat="46.459480" lon="4.771220">
						<ele>279</ele>
						<time>2026-02-16T10:37:26Z</time>
					</trkpt>
					<trkpt lat="46.459270" lon="4.771110">
						<ele>279</ele>
						<time>2026-02-16T10:37:30Z</time>
					</trkpt>
					<trkpt lat="46.459060" lon="4.771010">
						<ele>279</ele>
						<time>2026-02-16T10:37:34Z</time>
					</trkpt>
					<trkpt lat="46.458860" lon="4.770930">
						<ele>279</ele>
						<time>2026-02-16T10:37:37Z</time>
					</trkpt>
					<trkpt lat="46.457850" lon="4.770600">
						<ele>278</ele>
						<time>2026-02-16T10:37:56Z</time>
					</trkpt>
					<trkpt lat="46.457160" lon="4.770390">
						<ele>277</ele>
						<time>2026-02-16T10:38:08Z</time>
					</trkpt>
					<trkpt lat="46.456990" lon="4.770350">
						<ele>277</ele>
						<time>2026-02-16T10:38:11Z</time>
					</trkpt>
					<trkpt lat="46.456480" lon="4.770280">
						<ele>276</ele>
						<time>2026-02-16T10:38:20Z</time>
					</trkpt>
					<trkpt lat="46.456180" lon="4.770210">
						<ele>275</ele>
						<time>2026-02-16T10:38:26Z</time>
					</trkpt>
					<trkpt lat="46.455640" lon="4.770050">
						<ele>275</ele>
						<time>2026-02-16T10:38:36Z</time>
					</trkpt>
					<trkpt lat="46.455230" lon="4.769970">
						<ele>274</ele>
						<time>2026-02-16T10:38:43Z</time>
					</trkpt>
					<trkpt lat="46.455120" lon="4.769940">
						<ele>274</ele>
						<time>2026-02-16T10:38:45Z</time>
					</trkpt>
					<trkpt lat="46.454980" lon="4.769850">
						<ele>273</ele>
						<time>2026-02-16T10:38:48Z</time>
					</trkpt>
					<trkpt lat="46.454700" lon="4.769610">
						<ele>274</ele>
						<time>2026-02-16T10:38:53Z</time>
					</trkpt>
					<trkpt lat="46.454480" lon="4.769480">
						<ele>275</ele>
						<time>2026-02-16T10:38:58Z</time>
					</trkpt>
					<trkpt lat="46.454340" lon="4.769420">
						<ele>275</ele>
						<time>2026-02-16T10:39:00Z</time>
					</trkpt>
					<trkpt lat="46.454160" lon="4.769360">
						<ele>276</ele>
						<time>2026-02-16T10:39:04Z</time>
					</trkpt>
					<trkpt lat="46.453820" lon="4.769280">
						<ele>277</ele>
						<time>2026-02-16T10:39:10Z</time>
					</trkpt>
					<trkpt lat="46.453760" lon="4.769290">
						<ele>277</ele>
						<time>2026-02-16T10:39:11Z</time>
					</trkpt>
					<trkpt lat="46.453700" lon="4.769320">
						<ele>277</ele>
						<time>2026-02-16T10:39:12Z</time>
					</trkpt>
					<trkpt lat="46.453630" lon="4.769380">
						<ele>276</ele>
						<time>2026-02-16T10:39:13Z</time>
					</trkpt>
					<trkpt lat="46.453580" lon="4.769440">
						<ele>276</ele>
						<time>2026-02-16T10:39:15Z</time>
					</trkpt>
					<trkpt lat="46.453450" lon="4.769700">
						<ele>275</ele>
						<time>2026-02-16T10:39:18Z</time>
					</trkpt>
					<trkpt lat="46.453390" lon="4.769790">
						<ele>274</ele>
						<time>2026-02-16T10:39:20Z</time>
					</trkpt>
					<trkpt lat="46.453340" lon="4.769840">
						<ele>274</ele>
						<time>2026-02-16T10:39:21Z</time>
					</trkpt>
					<trkpt lat="46.453180" lon="4.769950">
						<ele>274</ele>
						<time>2026-02-16T10:39:24Z</time>
					</trkpt>
					<trkpt lat="46.453020" lon="4.769990">
						<ele>275</ele>
						<time>2026-02-16T10:39:27Z</time>
					</trkpt>
					<trkpt lat="46.452170" lon="4.770140">
						<ele>277</ele>
						<time>2026-02-16T10:39:42Z</time>
					</trkpt>
					<trkpt lat="46.451900" lon="4.770210">
						<ele>277</ele>
						<time>2026-02-16T10:39:47Z</time>
					</trkpt>
					<trkpt lat="46.451860" lon="4.770220">
						<ele>277</ele>
						<time>2026-02-16T10:39:48Z</time>
					</trkpt>
					<trkpt lat="46.451460" lon="4.770330">
						<ele>276</ele>
						<time>2026-02-16T10:39:55Z</time>
					</trkpt>
					<trkpt lat="46.451270" lon="4.770360">
						<ele>275</ele>
						<time>2026-02-16T10:39:59Z</time>
					</trkpt>
					<trkpt lat="46.451180" lon="4.770360">
						<ele>274</ele>
						<time>2026-02-16T10:40:00Z</time>
					</trkpt>
					<trkpt lat="46.450730" lon="4.770320">
						<ele>272</ele>
						<time>2026-02-16T10:40:08Z</time>
					</trkpt>
					<trkpt lat="46.450490" lon="4.770310">
						<ele>272</ele>
						<time>2026-02-16T10:40:12Z</time>
					</trkpt>
					<trkpt lat="46.450350" lon="4.770320">
						<ele>271</ele>
						<time>2026-02-16T10:40:15Z</time>
					</trkpt>
					<trkpt lat="46.449790" lon="4.770410">
						<ele>270</ele>
						<time>2026-02-16T10:40:25Z</time>
					</trkpt>
					<trkpt lat="46.449170" lon="4.770510">
						<ele>269</ele>
						<time>2026-02-16T10:40:36Z</time>
					</trkpt>
					<trkpt lat="46.448850" lon="4.770500">
						<ele>269</ele>
						<time>2026-02-16T10:40:42Z</time>
					</trkpt>
					<trkpt lat="46.448470" lon="4.770410">
						<ele>269</ele>
						<time>2026-02-16T10:40:49Z</time>
					</trkpt>
					<trkpt lat="46.448120" lon="4.770300">
						<ele>270</ele>
						<time>2026-02-16T10:40:55Z</time>
					</trkpt>
					<trkpt lat="46.447740" lon="4.770100">
						<ele>270</ele>
						<time>2026-02-16T10:41:02Z</time>
					</trkpt>
					<trkpt lat="46.447360" lon="4.769850">
						<ele>271</ele>
						<time>2026-02-16T10:41:10Z</time>
					</trkpt>
					<trkpt lat="46.446820" lon="4.769450">
						<ele>272</ele>
						<time>2026-02-16T10:41:20Z</time>
					</trkpt>
					<trkpt lat="46.445740" lon="4.768590">
						<ele>271</ele>
						<time>2026-02-16T10:41:42Z</time>
					</trkpt>
					<trkpt lat="46.445480" lon="4.768420">
						<ele>271</ele>
						<time>2026-02-16T10:41:47Z</time>
					</trkpt>
					<trkpt lat="46.444870" lon="4.768100">
						<ele>271</ele>
						<time>2026-02-16T10:41:59Z</time>
					</trkpt>
					<trkpt lat="46.443700" lon="4.767540">
						<ele>269</ele>
						<time>2026-02-16T10:42:21Z</time>
					</trkpt>
					<trkpt lat="46.443150" lon="4.767300">
						<ele>268</ele>
						<time>2026-02-16T10:42:31Z</time>
					</trkpt>
					<trkpt lat="46.442560" lon="4.767050">
						<ele>265</ele>
						<time>2026-02-16T10:42:42Z</time>
					</trkpt>
					<trkpt lat="46.442210" lon="4.766860">
						<ele>264</ele>
						<time>2026-02-16T10:42:49Z</time>
					</trkpt>
					<trkpt lat="46.441100" lon="4.766160">
						<ele>263</ele>
						<time>2026-02-16T10:43:10Z</time>
					</trkpt>
					<trkpt lat="46.440540" lon="4.765820">
						<ele>261</ele>
						<time>2026-02-16T10:43:21Z</time>
					</trkpt>
					<trkpt lat="46.440310" lon="4.765720">
						<ele>260</ele>
						<time>2026-02-16T10:43:25Z</time>
					</trkpt>
					<trkpt lat="46.440070" lon="4.765640">
						<ele>259</ele>
						<time>2026-02-16T10:43:30Z</time>
					</trkpt>
					<trkpt lat="46.439910" lon="4.765620">
						<ele>258</ele>
						<time>2026-02-16T10:43:33Z</time>
					</trkpt>
					<trkpt lat="46.439770" lon="4.765660">
						<ele>257</ele>
						<time>2026-02-16T10:43:35Z</time>
					</trkpt>
					<trkpt lat="46.439620" lon="4.765720">
						<ele>257</ele>
						<time>2026-02-16T10:43:38Z</time>
					</trkpt>
					<trkpt lat="46.439050" lon="4.766090">
						<ele>255</ele>
						<time>2026-02-16T10:43:49Z</time>
					</trkpt>
					<trkpt lat="46.438810" lon="4.766090">
						<ele>254</ele>
						<time>2026-02-16T10:43:53Z</time>
					</trkpt>
					<trkpt lat="46.438730" lon="4.766080">
						<ele>254</ele>
						<time>2026-02-16T10:43:55Z</time>
					</trkpt>
					<trkpt lat="46.438640" lon="4.765500">
						<ele>252</ele>
						<time>2026-02-16T10:44:02Z</time>
					</trkpt>
					<trkpt lat="46.438550" lon="4.765220">
						<ele>251</ele>
						<time>2026-02-16T10:44:06Z</time>
					</trkpt>
					<trkpt lat="46.438460" lon="4.765020">
						<ele>250</ele>
						<time>2026-02-16T10:44:09Z</time>
					</trkpt>
					<trkpt lat="46.438430" lon="4.764950">
						<ele>249</ele>
						<time>2026-02-16T10:44:10Z</time>
					</trkpt>
					<trkpt lat="46.438340" lon="4.764810">
						<ele>249</ele>
						<time>2026-02-16T10:44:12Z</time>
					</trkpt>
					<trkpt lat="46.438100" lon="4.764520">
						<ele>247</ele>
						<time>2026-02-16T10:44:18Z</time>
					</trkpt>
					<trkpt lat="46.438000" lon="4.764380">
						<ele>247</ele>
						<time>2026-02-16T10:44:20Z</time>
					</trkpt>
					<trkpt lat="46.437940" lon="4.764270">
						<ele>246</ele>
						<time>2026-02-16T10:44:22Z</time>
					</trkpt>
					<trkpt lat="46.437810" lon="4.764020">
						<ele>246</ele>
						<time>2026-02-16T10:44:26Z</time>
					</trkpt>
					<trkpt lat="46.437660" lon="4.763730">
						<ele>245</ele>
						<time>2026-02-16T10:44:30Z</time>
					</trkpt>
					<trkpt lat="46.437590" lon="4.763620">
						<ele>245</ele>
						<time>2026-02-16T10:44:32Z</time>
					</trkpt>
					<trkpt lat="46.437460" lon="4.763420">
						<ele>245</ele>
						<time>2026-02-16T10:44:35Z</time>
					</trkpt>
					<trkpt lat="46.437340" lon="4.763230">
						<ele>245</ele>
						<time>2026-02-16T10:44:38Z</time>
					</trkpt>
					<trkpt lat="46.436860" lon="4.762490">
						<ele>246</ele>
						<time>2026-02-16T10:44:51Z</time>
					</trkpt>
					<trkpt lat="46.436720" lon="4.762290">
						<ele>246</ele>
						<time>2026-02-16T10:44:54Z</time>
					</trkpt>
					<trkpt lat="46.436680" lon="4.762250">
						<ele>247</ele>
						<time>2026-02-16T10:44:55Z</time>
					</trkpt>
					<trkpt lat="46.436560" lon="4.762130">
						<ele>247</ele>
						<time>2026-02-16T10:44:58Z</time>
					</trkpt>
					<trkpt lat="46.436440" lon="4.762060">
						<ele>247</ele>
						<time>2026-02-16T10:45:00Z</time>
					</trkpt>
					<trkpt lat="46.436060" lon="4.761920">
						<ele>248</ele>
						<time>2026-02-16T10:45:07Z</time>
					</trkpt>
					<trkpt lat="46.435280" lon="4.761700">
						<ele>247</ele>
						<time>2026-02-16T10:45:21Z</time>
					</trkpt>
					<trkpt lat="46.435240" lon="4.761690">
						<ele>247</ele>
						<time>2026-02-16T10:45:22Z</time>
					</trkpt>
					<trkpt lat="46.434160" lon="4.761390">
						<ele>246</ele>
						<time>2026-02-16T10:45:42Z</time>
					</trkpt>
					<trkpt lat="46.433560" lon="4.761230">
						<ele>247</ele>
						<time>2026-02-16T10:45:52Z</time>
					</trkpt>
					<trkpt lat="46.432420" lon="4.760910">
						<ele>249</ele>
						<time>2026-02-16T10:46:13Z</time>
					</trkpt>
					<trkpt lat="46.432150" lon="4.760830">
						<ele>249</ele>
						<time>2026-02-16T10:46:18Z</time>
					</trkpt>
					<trkpt lat="46.432030" lon="4.760810">
						<ele>248</ele>
						<time>2026-02-16T10:46:20Z</time>
					</trkpt>
					<trkpt lat="46.431910" lon="4.760810">
						<ele>248</ele>
						<time>2026-02-16T10:46:22Z</time>
					</trkpt>
					<trkpt lat="46.431830" lon="4.760840">
						<ele>248</ele>
						<time>2026-02-16T10:46:24Z</time>
					</trkpt>
					<trkpt lat="46.431740" lon="4.760890">
						<ele>247</ele>
						<time>2026-02-16T10:46:25Z</time>
					</trkpt>
					<trkpt lat="46.431670" lon="4.760950">
						<ele>247</ele>
						<time>2026-02-16T10:46:27Z</time>
					</trkpt>
					<trkpt lat="46.431610" lon="4.761030">
						<ele>247</ele>
						<time>2026-02-16T10:46:28Z</time>
					</trkpt>
					<trkpt lat="46.431440" lon="4.761450">
						<ele>246</ele>
						<time>2026-02-16T10:46:34Z</time>
					</trkpt>
					<trkpt lat="46.431420" lon="4.761480">
						<ele>246</ele>
						<time>2026-02-16T10:46:35Z</time>
					</trkpt>
					<trkpt lat="46.431380" lon="4.761510">
						<ele>245</ele>
						<time>2026-02-16T10:46:36Z</time>
					</trkpt>
					<trkpt lat="46.431330" lon="4.761530">
						<ele>245</ele>
						<time>2026-02-16T10:46:37Z</time>
					</trkpt>
					<trkpt lat="46.431250" lon="4.761530">
						<ele>245</ele>
						<time>2026-02-16T10:46:38Z</time>
					</trkpt>
					<trkpt lat="46.431210" lon="4.761530">
						<ele>245</ele>
						<time>2026-02-16T10:46:39Z</time>
					</trkpt>
					<trkpt lat="46.431090" lon="4.761510">
						<ele>245</ele>
						<time>2026-02-16T10:46:41Z</time>
					</trkpt>
					<trkpt lat="46.430980" lon="4.761490">
						<ele>244</ele>
						<time>2026-02-16T10:46:43Z</time>
					</trkpt>
					<trkpt lat="46.430810" lon="4.761480">
						<ele>244</ele>
						<time>2026-02-16T10:46:46Z</time>
					</trkpt>
					<trkpt lat="46.430540" lon="4.761530">
						<ele>243</ele>
						<time>2026-02-16T10:46:51Z</time>
					</trkpt>
					<trkpt lat="46.430450" lon="4.761540">
						<ele>243</ele>
						<time>2026-02-16T10:46:52Z</time>
					</trkpt>
					<trkpt lat="46.430210" lon="4.761540">
						<ele>242</ele>
						<time>2026-02-16T10:46:57Z</time>
					</trkpt>
					<trkpt lat="46.430060" lon="4.761500">
						<ele>241</ele>
						<time>2026-02-16T10:46:59Z</time>
					</trkpt>
					<trkpt lat="46.430010" lon="4.761490">
						<ele>241</ele>
						<time>2026-02-16T10:47:00Z</time>
					</trkpt>
					<trkpt lat="46.429860" lon="4.761440">
						<ele>241</ele>
						<time>2026-02-16T10:47:03Z</time>
					</trkpt>
					<trkpt lat="46.429770" lon="4.761400">
						<ele>240</ele>
						<time>2026-02-16T10:47:05Z</time>
					</trkpt>
					<trkpt lat="46.429300" lon="4.761160">
						<ele>239</ele>
						<time>2026-02-16T10:47:13Z</time>
					</trkpt>
					<trkpt lat="46.429100" lon="4.761060">
						<ele>238</ele>
						<time>2026-02-16T10:47:17Z</time>
					</trkpt>
					<trkpt lat="46.428880" lon="4.760960">
						<ele>238</ele>
						<time>2026-02-16T10:47:21Z</time>
					</trkpt>
					<trkpt lat="46.428810" lon="4.760940">
						<ele>237</ele>
						<time>2026-02-16T10:47:23Z</time>
					</trkpt>
					<trkpt lat="46.428630" lon="4.760890">
						<ele>237</ele>
						<time>2026-02-16T10:47:26Z</time>
					</trkpt>
					<trkpt lat="46.428380" lon="4.760860">
						<ele>236</ele>
						<time>2026-02-16T10:47:30Z</time>
					</trkpt>
					<trkpt lat="46.428070" lon="4.760850">
						<ele>236</ele>
						<time>2026-02-16T10:47:36Z</time>
					</trkpt>
					<trkpt lat="46.427990" lon="4.760850">
						<ele>236</ele>
						<time>2026-02-16T10:47:37Z</time>
					</trkpt>
					<trkpt lat="46.427960" lon="4.760850">
						<ele>236</ele>
						<time>2026-02-16T10:47:38Z</time>
					</trkpt>
					<trkpt lat="46.426480" lon="4.760880">
						<ele>234</ele>
						<time>2026-02-16T10:48:04Z</time>
					</trkpt>
					<trkpt lat="46.426430" lon="4.760880">
						<ele>234</ele>
						<time>2026-02-16T10:48:05Z</time>
					</trkpt>
					<trkpt lat="46.426200" lon="4.760870">
						<ele>234</ele>
						<time>2026-02-16T10:48:09Z</time>
					</trkpt>
					<trkpt lat="46.425770" lon="4.760820">
						<ele>233</ele>
						<time>2026-02-16T10:48:17Z</time>
					</trkpt>
					<trkpt lat="46.425460" lon="4.760740">
						<ele>233</ele>
						<time>2026-02-16T10:48:22Z</time>
					</trkpt>
					<trkpt lat="46.424590" lon="4.760390">
						<ele>234</ele>
						<time>2026-02-16T10:48:38Z</time>
					</trkpt>
					<trkpt lat="46.424480" lon="4.760300">
						<ele>234</ele>
						<time>2026-02-16T10:48:41Z</time>
					</trkpt>
					<trkpt lat="46.424400" lon="4.760240">
						<ele>234</ele>
						<time>2026-02-16T10:48:42Z</time>
					</trkpt>
					<trkpt lat="46.424320" lon="4.760140">
						<ele>234</ele>
						<time>2026-02-16T10:48:44Z</time>
					</trkpt>
					<trkpt lat="46.424250" lon="4.760030">
						<ele>234</ele>
						<time>2026-02-16T10:48:46Z</time>
					</trkpt>
					<trkpt lat="46.424190" lon="4.759840">
						<ele>234</ele>
						<time>2026-02-16T10:48:49Z</time>
					</trkpt>
					<trkpt lat="46.424140" lon="4.759540">
						<ele>235</ele>
						<time>2026-02-16T10:48:52Z</time>
					</trkpt>
					<trkpt lat="46.424140" lon="4.758970">
						<ele>236</ele>
						<time>2026-02-16T10:48:59Z</time>
					</trkpt>
					<trkpt lat="46.424120" lon="4.758860">
						<ele>237</ele>
						<time>2026-02-16T10:49:01Z</time>
					</trkpt>
					<trkpt lat="46.424080" lon="4.758750">
						<ele>237</ele>
						<time>2026-02-16T10:49:02Z</time>
					</trkpt>
					<trkpt lat="46.424010" lon="4.758590">
						<ele>237</ele>
						<time>2026-02-16T10:49:05Z</time>
					</trkpt>
					<trkpt lat="46.423880" lon="4.758430">
						<ele>237</ele>
						<time>2026-02-16T10:49:08Z</time>
					</trkpt>
					<trkpt lat="46.422300" lon="4.756980">
						<ele>232</ele>
						<time>2026-02-16T10:49:41Z</time>
					</trkpt>
					<trkpt lat="46.421310" lon="4.756080">
						<ele>230</ele>
						<time>2026-02-16T10:50:02Z</time>
					</trkpt>
					<trkpt lat="46.420190" lon="4.755070">
						<ele>231</ele>
						<time>2026-02-16T10:50:25Z</time>
					</trkpt>
					<trkpt lat="46.419420" lon="4.754380">
						<ele>236</ele>
						<time>2026-02-16T10:50:41Z</time>
					</trkpt>
					<trkpt lat="46.419260" lon="4.754240">
						<ele>237</ele>
						<time>2026-02-16T10:50:45Z</time>
					</trkpt>
					<trkpt lat="46.418930" lon="4.753970">
						<ele>239</ele>
						<time>2026-02-16T10:50:51Z</time>
					</trkpt>
					<trkpt lat="46.418800" lon="4.753870">
						<ele>239</ele>
						<time>2026-02-16T10:50:54Z</time>
					</trkpt>
					<trkpt lat="46.418210" lon="4.753410">
						<ele>242</ele>
						<time>2026-02-16T10:51:06Z</time>
					</trkpt>
					<trkpt lat="46.417730" lon="4.753020">
						<ele>243</ele>
						<time>2026-02-16T10:51:16Z</time>
					</trkpt>
					<trkpt lat="46.417140" lon="4.752520">
						<ele>246</ele>
						<time>2026-02-16T10:51:28Z</time>
					</trkpt>
					<trkpt lat="46.416240" lon="4.751710">
						<ele>253</ele>
						<time>2026-02-16T10:51:47Z</time>
					</trkpt>
					<trkpt lat="46.415940" lon="4.751410">
						<ele>255</ele>
						<time>2026-02-16T10:51:53Z</time>
					</trkpt>
					<trkpt lat="46.415670" lon="4.751130">
						<ele>256</ele>
						<time>2026-02-16T10:51:59Z</time>
					</trkpt>
					<trkpt lat="46.415200" lon="4.750600">
						<ele>258</ele>
						<time>2026-02-16T10:52:10Z</time>
					</trkpt>
					<trkpt lat="46.415150" lon="4.750550">
						<ele>259</ele>
						<time>2026-02-16T10:52:11Z</time>
					</trkpt>
					<trkpt lat="46.415050" lon="4.750450">
						<ele>259</ele>
						<time>2026-02-16T10:52:13Z</time>
					</trkpt>
					<trkpt lat="46.414810" lon="4.750230">
						<ele>260</ele>
						<time>2026-02-16T10:52:18Z</time>
					</trkpt>
					<trkpt lat="46.414650" lon="4.750100">
						<ele>260</ele>
						<time>2026-02-16T10:52:21Z</time>
					</trkpt>
					<trkpt lat="46.413690" lon="4.749390">
						<ele>265</ele>
						<time>2026-02-16T10:52:40Z</time>
					</trkpt>
					<trkpt lat="46.413170" lon="4.748920">
						<ele>267</ele>
						<time>2026-02-16T10:52:51Z</time>
					</trkpt>
					<trkpt lat="46.413010" lon="4.748740">
						<ele>267</ele>
						<time>2026-02-16T10:52:55Z</time>
					</trkpt>
					<trkpt lat="46.412890" lon="4.748620">
						<ele>267</ele>
						<time>2026-02-16T10:52:57Z</time>
					</trkpt>
					<trkpt lat="46.412740" lon="4.748480">
						<ele>268</ele>
						<time>2026-02-16T10:53:01Z</time>
					</trkpt>
					<trkpt lat="46.412560" lon="4.748360">
						<ele>269</ele>
						<time>2026-02-16T10:53:04Z</time>
					</trkpt>
					<trkpt lat="46.412300" lon="4.748230">
						<ele>268</ele>
						<time>2026-02-16T10:53:09Z</time>
					</trkpt>
					<trkpt lat="46.411740" lon="4.748060">
						<ele>267</ele>
						<time>2026-02-16T10:53:19Z</time>
					</trkpt>
					<trkpt lat="46.411300" lon="4.747950">
						<ele>264</ele>
						<time>2026-02-16T10:53:27Z</time>
					</trkpt>
					<trkpt lat="46.410700" lon="4.747700">
						<ele>261</ele>
						<time>2026-02-16T10:53:38Z</time>
					</trkpt>
					<trkpt lat="46.410250" lon="4.747450">
						<ele>259</ele>
						<time>2026-02-16T10:53:47Z</time>
					</trkpt>
					<trkpt lat="46.409940" lon="4.747230">
						<ele>258</ele>
						<time>2026-02-16T10:53:53Z</time>
					</trkpt>
					<trkpt lat="46.409660" lon="4.747050">
						<ele>258</ele>
						<time>2026-02-16T10:53:58Z</time>
					</trkpt>
					<trkpt lat="46.409040" lon="4.746820">
						<ele>257</ele>
						<time>2026-02-16T10:54:10Z</time>
					</trkpt>
					<trkpt lat="46.408850" lon="4.746720">
						<ele>258</ele>
						<time>2026-02-16T10:54:13Z</time>
					</trkpt>
					<trkpt lat="46.408750" lon="4.746650">
						<ele>259</ele>
						<time>2026-02-16T10:54:15Z</time>
					</trkpt>
					<trkpt lat="46.408590" lon="4.746490">
						<ele>260</ele>
						<time>2026-02-16T10:54:19Z</time>
					</trkpt>
					<trkpt lat="46.408300" lon="4.746080">
						<ele>262</ele>
						<time>2026-02-16T10:54:26Z</time>
					</trkpt>
					<trkpt lat="46.408130" lon="4.745900">
						<ele>263</ele>
						<time>2026-02-16T10:54:30Z</time>
					</trkpt>
					<trkpt lat="46.408030" lon="4.745820">
						<ele>263</ele>
						<time>2026-02-16T10:54:32Z</time>
					</trkpt>
					<trkpt lat="46.407680" lon="4.745640">
						<ele>264</ele>
						<time>2026-02-16T10:54:38Z</time>
					</trkpt>
					<trkpt lat="46.406790" lon="4.745300">
						<ele>263</ele>
						<time>2026-02-16T10:54:55Z</time>
					</trkpt>
					<trkpt lat="46.406430" lon="4.745190">
						<ele>262</ele>
						<time>2026-02-16T10:55:01Z</time>
					</trkpt>
					<trkpt lat="46.406390" lon="4.745180">
						<ele>262</ele>
						<time>2026-02-16T10:55:02Z</time>
					</trkpt>
					<trkpt lat="46.405790" lon="4.745120">
						<ele>260</ele>
						<time>2026-02-16T10:55:13Z</time>
					</trkpt>
					<trkpt lat="46.405600" lon="4.745100">
						<ele>260</ele>
						<time>2026-02-16T10:55:16Z</time>
					</trkpt>
					<trkpt lat="46.405570" lon="4.745100">
						<ele>260</ele>
						<time>2026-02-16T10:55:17Z</time>
					</trkpt>
					<trkpt lat="46.405270" lon="4.745070">
						<ele>260</ele>
						<time>2026-02-16T10:55:22Z</time>
					</trkpt>
					<trkpt lat="46.405140" lon="4.745110">
						<ele>260</ele>
						<time>2026-02-16T10:55:24Z</time>
					</trkpt>
					<trkpt lat="46.405100" lon="4.745130">
						<ele>260</ele>
						<time>2026-02-16T10:55:25Z</time>
					</trkpt>
					<trkpt lat="46.405030" lon="4.745210">
						<ele>260</ele>
						<time>2026-02-16T10:55:27Z</time>
					</trkpt>
					<trkpt lat="46.404940" lon="4.745360">
						<ele>260</ele>
						<time>2026-02-16T10:55:29Z</time>
					</trkpt>
					<trkpt lat="46.404820" lon="4.745610">
						<ele>260</ele>
						<time>2026-02-16T10:55:33Z</time>
					</trkpt>
					<trkpt lat="46.404760" lon="4.745720">
						<ele>260</ele>
						<time>2026-02-16T10:55:35Z</time>
					</trkpt>
					<trkpt lat="46.404690" lon="4.745800">
						<ele>260</ele>
						<time>2026-02-16T10:55:36Z</time>
					</trkpt>
					<trkpt lat="46.404650" lon="4.745830">
						<ele>260</ele>
						<time>2026-02-16T10:55:37Z</time>
					</trkpt>
					<trkpt lat="46.404590" lon="4.745880">
						<ele>260</ele>
						<time>2026-02-16T10:55:38Z</time>
					</trkpt>
					<trkpt lat="46.404450" lon="4.745950">
						<ele>260</ele>
						<time>2026-02-16T10:55:41Z</time>
					</trkpt>
					<trkpt lat="46.403840" lon="4.746080">
						<ele>260</ele>
						<time>2026-02-16T10:55:52Z</time>
					</trkpt>
					<trkpt lat="46.403690" lon="4.746070">
						<ele>260</ele>
						<time>2026-02-16T10:55:55Z</time>
					</trkpt>
					<trkpt lat="46.403470" lon="4.746010">
						<ele>261</ele>
						<time>2026-02-16T10:55:59Z</time>
					</trkpt>
					<trkpt lat="46.402650" lon="4.745430">
						<ele>262</ele>
						<time>2026-02-16T10:56:15Z</time>
					</trkpt>
					<trkpt lat="46.400540" lon="4.743890">
						<ele>259</ele>
						<time>2026-02-16T10:56:57Z</time>
					</trkpt>
					<trkpt lat="46.400290" lon="4.743810">
						<ele>259</ele>
						<time>2026-02-16T10:57:01Z</time>
					</trkpt>
					<trkpt lat="46.400150" lon="4.743810">
						<ele>258</ele>
						<time>2026-02-16T10:57:04Z</time>
					</trkpt>
					<trkpt lat="46.400090" lon="4.743810">
						<ele>258</ele>
						<time>2026-02-16T10:57:05Z</time>
					</trkpt>
					<trkpt lat="46.400030" lon="4.743820">
						<ele>258</ele>
						<time>2026-02-16T10:57:06Z</time>
					</trkpt>
					<trkpt lat="46.399810" lon="4.743830">
						<ele>257</ele>
						<time>2026-02-16T10:57:10Z</time>
					</trkpt>
					<trkpt lat="46.399610" lon="4.743830">
						<ele>257</ele>
						<time>2026-02-16T10:57:13Z</time>
					</trkpt>
					<trkpt lat="46.399390" lon="4.743740">
						<ele>257</ele>
						<time>2026-02-16T10:57:17Z</time>
					</trkpt>
					<trkpt lat="46.399130" lon="4.743560">
						<ele>257</ele>
						<time>2026-02-16T10:57:23Z</time>
					</trkpt>
					<trkpt lat="46.398870" lon="4.743350">
						<ele>258</ele>
						<time>2026-02-16T10:57:28Z</time>
					</trkpt>
					<trkpt lat="46.398770" lon="4.743260">
						<ele>259</ele>
						<time>2026-02-16T10:57:30Z</time>
					</trkpt>
					<trkpt lat="46.398430" lon="4.742980">
						<ele>261</ele>
						<time>2026-02-16T10:57:37Z</time>
					</trkpt>
					<trkpt lat="46.398370" lon="4.742920">
						<ele>261</ele>
						<time>2026-02-16T10:57:38Z</time>
					</trkpt>
					<trkpt lat="46.398160" lon="4.742670">
						<ele>263</ele>
						<time>2026-02-16T10:57:43Z</time>
					</trkpt>
					<trkpt lat="46.398020" lon="4.742490">
						<ele>263</ele>
						<time>2026-02-16T10:57:46Z</time>
					</trkpt>
					<trkpt lat="46.397790" lon="4.742270">
						<ele>265</ele>
						<time>2026-02-16T10:57:51Z</time>
					</trkpt>
					<trkpt lat="46.397650" lon="4.742120">
						<ele>265</ele>
						<time>2026-02-16T10:57:54Z</time>
					</trkpt>
					<trkpt lat="46.397280" lon="4.741900">
						<ele>267</ele>
						<time>2026-02-16T10:58:02Z</time>
					</trkpt>
					<trkpt lat="46.397200" lon="4.741850">
						<ele>267</ele>
						<time>2026-02-16T10:58:03Z</time>
					</trkpt>
					<trkpt lat="46.397190" lon="4.741850">
						<ele>267</ele>
						<time>2026-02-16T10:58:03Z</time>
					</trkpt>
					<trkpt lat="46.397190" lon="4.741670">
						<ele>267</ele>
						<time>2026-02-16T10:58:05Z</time>
					</trkpt>
					<trkpt lat="46.397210" lon="4.741520">
						<ele>267</ele>
						<time>2026-02-16T10:58:07Z</time>
					</trkpt>
					<trkpt lat="46.397260" lon="4.741450">
						<ele>266</ele>
						<time>2026-02-16T10:58:09Z</time>
					</trkpt>
					<trkpt lat="46.397320" lon="4.741330">
						<ele>266</ele>
						<time>2026-02-16T10:58:10Z</time>
					</trkpt>
					<trkpt lat="46.397480" lon="4.740950">
						<ele>264</ele>
						<time>2026-02-16T10:58:16Z</time>
					</trkpt>
					<trkpt lat="46.397530" lon="4.740780">
						<ele>264</ele>
						<time>2026-02-16T10:58:18Z</time>
					</trkpt>
					<trkpt lat="46.397690" lon="4.740210">
						<ele>265</ele>
						<time>2026-02-16T10:58:26Z</time>
					</trkpt>
					<trkpt lat="46.397960" lon="4.739290">
						<ele>266</ele>
						<time>2026-02-16T10:58:38Z</time>
					</trkpt>
					<trkpt lat="46.398090" lon="4.738910">
						<ele>268</ele>
						<time>2026-02-16T10:58:43Z</time>
					</trkpt>
					<trkpt lat="46.398210" lon="4.738530">
						<ele>269</ele>
						<time>2026-02-16T10:58:48Z</time>
					</trkpt>
					<trkpt lat="46.398300" lon="4.738290">
						<ele>270</ele>
						<time>2026-02-16T10:58:52Z</time>
					</trkpt>
					<trkpt lat="46.398350" lon="4.738190">
						<ele>270</ele>
						<time>2026-02-16T10:58:53Z</time>
					</trkpt>
					<trkpt lat="46.398430" lon="4.738080">
						<ele>270</ele>
						<time>2026-02-16T10:58:55Z</time>
					</trkpt>
					<trkpt lat="46.398600" lon="4.737950">
						<ele>270</ele>
						<time>2026-02-16T10:58:59Z</time>
					</trkpt>
					<trkpt lat="46.398780" lon="4.737580">
						<ele>270</ele>
						<time>2026-02-16T10:59:04Z</time>
					</trkpt>
					<trkpt lat="46.398910" lon="4.737340">
						<ele>271</ele>
						<time>2026-02-16T10:59:08Z</time>
					</trkpt>
					<trkpt lat="46.399000" lon="4.737210">
						<ele>271</ele>
						<time>2026-02-16T10:59:10Z</time>
					</trkpt>
					<trkpt lat="46.399120" lon="4.737090">
						<ele>272</ele>
						<time>2026-02-16T10:59:13Z</time>
					</trkpt>
					<trkpt lat="46.399330" lon="4.736900">
						<ele>272</ele>
						<time>2026-02-16T10:59:17Z</time>
					</trkpt>
					<trkpt lat="46.399570" lon="4.736690">
						<ele>272</ele>
						<time>2026-02-16T10:59:22Z</time>
					</trkpt>
					<trkpt lat="46.400430" lon="4.735980">
						<ele>273</ele>
						<time>2026-02-16T10:59:40Z</time>
					</trkpt>
					<trkpt lat="46.400660" lon="4.735800">
						<ele>273</ele>
						<time>2026-02-16T10:59:44Z</time>
					</trkpt>
					<trkpt lat="46.400870" lon="4.735690">
						<ele>272</ele>
						<time>2026-02-16T10:59:48Z</time>
					</trkpt>
					<trkpt lat="46.401210" lon="4.735600">
						<ele>272</ele>
						<time>2026-02-16T10:59:54Z</time>
					</trkpt>
					<trkpt lat="46.401470" lon="4.735530">
						<ele>271</ele>
						<time>2026-02-16T10:59:59Z</time>
					</trkpt>
					<trkpt lat="46.401640" lon="4.735440">
						<ele>271</ele>
						<time>2026-02-16T11:00:02Z</time>
					</trkpt>
					<trkpt lat="46.401710" lon="4.735390">
						<ele>272</ele>
						<time>2026-02-16T11:00:04Z</time>
					</trkpt>
					<trkpt lat="46.401850" lon="4.735210">
						<ele>273</ele>
						<time>2026-02-16T11:00:07Z</time>
					</trkpt>
					<trkpt lat="46.402110" lon="4.734780">
						<ele>274</ele>
						<time>2026-02-16T11:00:14Z</time>
					</trkpt>
					<trkpt lat="46.402170" lon="4.734680">
						<ele>274</ele>
						<time>2026-02-16T11:00:16Z</time>
					</trkpt>
					<trkpt lat="46.402310" lon="4.734330">
						<ele>274</ele>
						<time>2026-02-16T11:00:21Z</time>
					</trkpt>
					<trkpt lat="46.402420" lon="4.733970">
						<ele>275</ele>
						<time>2026-02-16T11:00:26Z</time>
					</trkpt>
					<trkpt lat="46.402520" lon="4.733580">
						<ele>275</ele>
						<time>2026-02-16T11:00:31Z</time>
					</trkpt>
					<trkpt lat="46.402540" lon="4.733490">
						<ele>276</ele>
						<time>2026-02-16T11:00:32Z</time>
					</trkpt>
					<trkpt lat="46.402650" lon="4.732670">
						<ele>281</ele>
						<time>2026-02-16T11:00:42Z</time>
					</trkpt>
					<trkpt lat="46.402720" lon="4.731560">
						<ele>290</ele>
						<time>2026-02-16T11:00:56Z</time>
					</trkpt>
					<trkpt lat="46.402730" lon="4.731400">
						<ele>291</ele>
						<time>2026-02-16T11:00:58Z</time>
					</trkpt>
					<trkpt lat="46.402790" lon="4.730890">
						<ele>293</ele>
						<time>2026-02-16T11:01:04Z</time>
					</trkpt>
					<trkpt lat="46.402860" lon="4.730590">
						<ele>293</ele>
						<time>2026-02-16T11:01:08Z</time>
					</trkpt>
					<trkpt lat="46.402970" lon="4.730280">
						<ele>293</ele>
						<time>2026-02-16T11:01:12Z</time>
					</trkpt>
					<trkpt lat="46.403110" lon="4.730110">
						<ele>290</ele>
						<time>2026-02-16T11:01:15Z</time>
					</trkpt>
					<trkpt lat="46.403450" lon="4.729720">
						<ele>285</ele>
						<time>2026-02-16T11:01:23Z</time>
					</trkpt>
					<trkpt lat="46.403640" lon="4.729480">
						<ele>285</ele>
						<time>2026-02-16T11:01:28Z</time>
					</trkpt>
					<trkpt lat="46.403730" lon="4.729300">
						<ele>285</ele>
						<time>2026-02-16T11:01:30Z</time>
					</trkpt>
					<trkpt lat="46.403810" lon="4.729100">
						<ele>284</ele>
						<time>2026-02-16T11:01:33Z</time>
					</trkpt>
					<trkpt lat="46.404150" lon="4.728060">
						<ele>282</ele>
						<time>2026-02-16T11:01:47Z</time>
					</trkpt>
					<trkpt lat="46.404220" lon="4.727830">
						<ele>282</ele>
						<time>2026-02-16T11:01:50Z</time>
					</trkpt>
					<trkpt lat="46.404390" lon="4.727260">
						<ele>283</ele>
						<time>2026-02-16T11:01:58Z</time>
					</trkpt>
					<trkpt lat="46.404470" lon="4.727040">
						<ele>284</ele>
						<time>2026-02-16T11:02:01Z</time>
					</trkpt>
					<trkpt lat="46.404590" lon="4.726810">
						<ele>284</ele>
						<time>2026-02-16T11:02:05Z</time>
					</trkpt>
					<trkpt lat="46.404910" lon="4.726290">
						<ele>284</ele>
						<time>2026-02-16T11:02:13Z</time>
					</trkpt>
					<trkpt lat="46.405050" lon="4.725980">
						<ele>285</ele>
						<time>2026-02-16T11:02:18Z</time>
					</trkpt>
					<trkpt lat="46.405090" lon="4.725890">
						<ele>285</ele>
						<time>2026-02-16T11:02:19Z</time>
					</trkpt>
					<trkpt lat="46.405200" lon="4.725480">
						<ele>289</ele>
						<time>2026-02-16T11:02:24Z</time>
					</trkpt>
					<trkpt lat="46.405330" lon="4.725140">
						<ele>291</ele>
						<time>2026-02-16T11:02:29Z</time>
					</trkpt>
					<trkpt lat="46.405410" lon="4.724970">
						<ele>292</ele>
						<time>2026-02-16T11:02:32Z</time>
					</trkpt>
					<trkpt lat="46.405530" lon="4.724800">
						<ele>294</ele>
						<time>2026-02-16T11:02:35Z</time>
					</trkpt>
					<trkpt lat="46.406090" lon="4.724230">
						<ele>295</ele>
						<time>2026-02-16T11:02:47Z</time>
					</trkpt>
					<trkpt lat="46.406160" lon="4.724160">
						<ele>296</ele>
						<time>2026-02-16T11:02:48Z</time>
					</trkpt>
					<trkpt lat="46.406170" lon="4.724150">
						<ele>296</ele>
						<time>2026-02-16T11:02:49Z</time>
					</trkpt>
					<trkpt lat="46.406460" lon="4.723780">
						<ele>297</ele>
						<time>2026-02-16T11:02:56Z</time>
					</trkpt>
					<trkpt lat="46.406580" lon="4.723530">
						<ele>298</ele>
						<time>2026-02-16T11:02:59Z</time>
					</trkpt>
					<trkpt lat="46.406890" lon="4.722750">
						<ele>307</ele>
						<time>2026-02-16T11:03:10Z</time>
					</trkpt>
					<trkpt lat="46.407070" lon="4.722280">
						<ele>314</ele>
						<time>2026-02-16T11:03:17Z</time>
					</trkpt>
					<trkpt lat="46.407130" lon="4.722100">
						<ele>316</ele>
						<time>2026-02-16T11:03:19Z</time>
					</trkpt>
					<trkpt lat="46.407180" lon="4.721910">
						<ele>318</ele>
						<time>2026-02-16T11:03:22Z</time>
					</trkpt>
					<trkpt lat="46.407330" lon="4.720970">
						<ele>318</ele>
						<time>2026-02-16T11:03:34Z</time>
					</trkpt>
					<trkpt lat="46.407390" lon="4.720690">
						<ele>318</ele>
						<time>2026-02-16T11:03:37Z</time>
					</trkpt>
					<trkpt lat="46.407430" lon="4.720570">
						<ele>318</ele>
						<time>2026-02-16T11:03:39Z</time>
					</trkpt>
					<trkpt lat="46.407580" lon="4.720230">
						<ele>319</ele>
						<time>2026-02-16T11:03:44Z</time>
					</trkpt>
					<trkpt lat="46.407660" lon="4.720060">
						<ele>321</ele>
						<time>2026-02-16T11:03:46Z</time>
					</trkpt>
					<trkpt lat="46.407920" lon="4.719570">
						<ele>328</ele>
						<time>2026-02-16T11:03:54Z</time>
					</trkpt>
					<trkpt lat="46.408200" lon="4.719050">
						<ele>329</ele>
						<time>2026-02-16T11:04:02Z</time>
					</trkpt>
					<trkpt lat="46.408370" lon="4.718780">
						<ele>328</ele>
						<time>2026-02-16T11:04:07Z</time>
					</trkpt>
					<trkpt lat="46.408560" lon="4.718510">
						<ele>329</ele>
						<time>2026-02-16T11:04:11Z</time>
					</trkpt>
					<trkpt lat="46.408620" lon="4.718450">
						<ele>330</ele>
						<time>2026-02-16T11:04:13Z</time>
					</trkpt>
					<trkpt lat="46.408690" lon="4.718410">
						<ele>331</ele>
						<time>2026-02-16T11:04:14Z</time>
					</trkpt>
					<trkpt lat="46.408730" lon="4.718400">
						<ele>331</ele>
						<time>2026-02-16T11:04:15Z</time>
					</trkpt>
					<trkpt lat="46.408820" lon="4.718410">
						<ele>333</ele>
						<time>2026-02-16T11:04:16Z</time>
					</trkpt>
					<trkpt lat="46.408870" lon="4.718450">
						<ele>334</ele>
						<time>2026-02-16T11:04:17Z</time>
					</trkpt>
					<trkpt lat="46.408940" lon="4.718530">
						<ele>335</ele>
						<time>2026-02-16T11:04:19Z</time>
					</trkpt>
					<trkpt lat="46.408980" lon="4.718600">
						<ele>336</ele>
						<time>2026-02-16T11:04:20Z</time>
					</trkpt>
					<trkpt lat="46.409000" lon="4.718670">
						<ele>337</ele>
						<time>2026-02-16T11:04:21Z</time>
					</trkpt>
					<trkpt lat="46.409000" lon="4.718740">
						<ele>337</ele>
						<time>2026-02-16T11:04:22Z</time>
					</trkpt>
					<trkpt lat="46.408970" lon="4.718810">
						<ele>337</ele>
						<time>2026-02-16T11:04:23Z</time>
					</trkpt>
					<trkpt lat="46.408930" lon="4.718860">
						<ele>336</ele>
						<time>2026-02-16T11:04:24Z</time>
					</trkpt>
					<trkpt lat="46.408870" lon="4.718890">
						<ele>336</ele>
						<time>2026-02-16T11:04:25Z</time>
					</trkpt>
					<trkpt lat="46.408740" lon="4.718910">
						<ele>334</ele>
						<time>2026-02-16T11:04:27Z</time>
					</trkpt>
					<trkpt lat="46.408670" lon="4.718930">
						<ele>333</ele>
						<time>2026-02-16T11:04:28Z</time>
					</trkpt>
					<trkpt lat="46.408540" lon="4.719030">
						<ele>331</ele>
						<time>2026-02-16T11:04:31Z</time>
					</trkpt>
					<trkpt lat="46.408480" lon="4.719110">
						<ele>331</ele>
						<time>2026-02-16T11:04:33Z</time>
					</trkpt>
					<trkpt lat="46.408370" lon="4.719280">
						<ele>330</ele>
						<time>2026-02-16T11:04:35Z</time>
					</trkpt>
					<trkpt lat="46.408310" lon="4.719440">
						<ele>331</ele>
						<time>2026-02-16T11:04:38Z</time>
					</trkpt>
					<trkpt lat="46.408250" lon="4.719650">
						<ele>331</ele>
						<time>2026-02-16T11:04:40Z</time>
					</trkpt>
					<trkpt lat="46.408200" lon="4.719880">
						<ele>332</ele>
						<time>2026-02-16T11:04:43Z</time>
					</trkpt>
					<trkpt lat="46.408130" lon="4.720190">
						<ele>331</ele>
						<time>2026-02-16T11:04:47Z</time>
					</trkpt>
					<trkpt lat="46.408080" lon="4.720510">
						<ele>331</ele>
						<time>2026-02-16T11:04:51Z</time>
					</trkpt>
					<trkpt lat="46.408030" lon="4.720830">
						<ele>331</ele>
						<time>2026-02-16T11:04:55Z</time>
					</trkpt>
					<trkpt lat="46.408020" lon="4.720980">
						<ele>331</ele>
						<time>2026-02-16T11:04:57Z</time>
					</trkpt>
					<trkpt lat="46.408030" lon="4.721090">
						<ele>332</ele>
						<time>2026-02-16T11:04:59Z</time>
					</trkpt>
					<trkpt lat="46.408060" lon="4.721170">
						<ele>334</ele>
						<time>2026-02-16T11:05:00Z</time>
					</trkpt>
					<trkpt lat="46.408100" lon="4.721230">
						<ele>335</ele>
						<time>2026-02-16T11:05:01Z</time>
					</trkpt>
					<trkpt lat="46.408160" lon="4.721240">
						<ele>336</ele>
						<time>2026-02-16T11:05:02Z</time>
					</trkpt>
					<trkpt lat="46.408210" lon="4.721230">
						<ele>338</ele>
						<time>2026-02-16T11:05:03Z</time>
					</trkpt>
					<trkpt lat="46.408260" lon="4.721170">
						<ele>339</ele>
						<time>2026-02-16T11:05:04Z</time>
					</trkpt>
					<trkpt lat="46.408280" lon="4.721120">
						<ele>339</ele>
						<time>2026-02-16T11:05:05Z</time>
					</trkpt>
					<trkpt lat="46.408310" lon="4.720950">
						<ele>339</ele>
						<time>2026-02-16T11:05:07Z</time>
					</trkpt>
					<trkpt lat="46.408420" lon="4.720330">
						<ele>339</ele>
						<time>2026-02-16T11:05:15Z</time>
					</trkpt>
					<trkpt lat="46.408520" lon="4.719860">
						<ele>338</ele>
						<time>2026-02-16T11:05:21Z</time>
					</trkpt>
					<trkpt lat="46.408580" lon="4.719680">
						<ele>338</ele>
						<time>2026-02-16T11:05:23Z</time>
					</trkpt>
					<trkpt lat="46.408640" lon="4.719600">
						<ele>338</ele>
						<time>2026-02-16T11:05:25Z</time>
					</trkpt>
					<trkpt lat="46.408710" lon="4.719530">
						<ele>338</ele>
						<time>2026-02-16T11:05:26Z</time>
					</trkpt>
					<trkpt lat="46.408790" lon="4.719500">
						<ele>340</ele>
						<time>2026-02-16T11:05:28Z</time>
					</trkpt>
					<trkpt lat="46.408860" lon="4.719490">
						<ele>341</ele>
						<time>2026-02-16T11:05:29Z</time>
					</trkpt>
					<trkpt lat="46.408920" lon="4.719500">
						<ele>342</ele>
						<time>2026-02-16T11:05:30Z</time>
					</trkpt>
					<trkpt lat="46.409010" lon="4.719540">
						<ele>344</ele>
						<time>2026-02-16T11:05:32Z</time>
					</trkpt>
					<trkpt lat="46.409260" lon="4.719710">
						<ele>351</ele>
						<time>2026-02-16T11:05:36Z</time>
					</trkpt>
					<trkpt lat="46.409320" lon="4.719730">
						<ele>352</ele>
						<time>2026-02-16T11:05:38Z</time>
					</trkpt>
					<trkpt lat="46.409450" lon="4.719730">
						<ele>355</ele>
						<time>2026-02-16T11:05:40Z</time>
					</trkpt>
					<trkpt lat="46.409510" lon="4.719710">
						<ele>356</ele>
						<time>2026-02-16T11:05:41Z</time>
					</trkpt>
					<trkpt lat="46.409600" lon="4.719680">
						<ele>357</ele>
						<time>2026-02-16T11:05:43Z</time>
					</trkpt>
					<trkpt lat="46.409670" lon="4.719620">
						<ele>357</ele>
						<time>2026-02-16T11:05:44Z</time>
					</trkpt>
					<trkpt lat="46.409730" lon="4.719540">
						<ele>357</ele>
						<time>2026-02-16T11:05:45Z</time>
					</trkpt>
					<trkpt lat="46.409780" lon="4.719440">
						<ele>357</ele>
						<time>2026-02-16T11:05:47Z</time>
					</trkpt>
					<trkpt lat="46.409800" lon="4.719340">
						<ele>357</ele>
						<time>2026-02-16T11:05:48Z</time>
					</trkpt>
					<trkpt lat="46.409810" lon="4.719230">
						<ele>356</ele>
						<time>2026-02-16T11:05:50Z</time>
					</trkpt>
					<trkpt lat="46.409810" lon="4.719120">
						<ele>355</ele>
						<time>2026-02-16T11:05:51Z</time>
					</trkpt>
					<trkpt lat="46.409790" lon="4.719020">
						<ele>354</ele>
						<time>2026-02-16T11:05:52Z</time>
					</trkpt>
					<trkpt lat="46.409730" lon="4.718800">
						<ele>352</ele>
						<time>2026-02-16T11:05:55Z</time>
					</trkpt>
					<trkpt lat="46.409500" lon="4.718280">
						<ele>346</ele>
						<time>2026-02-16T11:06:03Z</time>
					</trkpt>
					<trkpt lat="46.409420" lon="4.718090">
						<ele>345</ele>
						<time>2026-02-16T11:06:05Z</time>
					</trkpt>
					<trkpt lat="46.409370" lon="4.717910">
						<ele>345</ele>
						<time>2026-02-16T11:06:08Z</time>
					</trkpt>
					<trkpt lat="46.409340" lon="4.717720">
						<ele>345</ele>
						<time>2026-02-16T11:06:10Z</time>
					</trkpt>
					<trkpt lat="46.409330" lon="4.717570">
						<ele>346</ele>
						<time>2026-02-16T11:06:12Z</time>
					</trkpt>
					<trkpt lat="46.409320" lon="4.717140">
						<ele>349</ele>
						<time>2026-02-16T11:06:17Z</time>
					</trkpt>
					<trkpt lat="46.409290" lon="4.716760">
						<ele>352</ele>
						<time>2026-02-16T11:06:22Z</time>
					</trkpt>
					<trkpt lat="46.409280" lon="4.716500">
						<ele>353</ele>
						<time>2026-02-16T11:06:25Z</time>
					</trkpt>
					<trkpt lat="46.409280" lon="4.716360">
						<ele>354</ele>
						<time>2026-02-16T11:06:27Z</time>
					</trkpt>
					<trkpt lat="46.409300" lon="4.716160">
						<ele>355</ele>
						<time>2026-02-16T11:06:29Z</time>
					</trkpt>
					<trkpt lat="46.409400" lon="4.715590">
						<ele>360</ele>
						<time>2026-02-16T11:06:37Z</time>
					</trkpt>
					<trkpt lat="46.409420" lon="4.715330">
						<ele>363</ele>
						<time>2026-02-16T11:06:40Z</time>
					</trkpt>
					<trkpt lat="46.409420" lon="4.715170">
						<ele>364</ele>
						<time>2026-02-16T11:06:42Z</time>
					</trkpt>
					<trkpt lat="46.409410" lon="4.715000">
						<ele>365</ele>
						<time>2026-02-16T11:06:44Z</time>
					</trkpt>
					<trkpt lat="46.409360" lon="4.714670">
						<ele>365</ele>
						<time>2026-02-16T11:06:48Z</time>
					</trkpt>
					<trkpt lat="46.409340" lon="4.714460">
						<ele>366</ele>
						<time>2026-02-16T11:06:51Z</time>
					</trkpt>
					<trkpt lat="46.409340" lon="4.714290">
						<ele>367</ele>
						<time>2026-02-16T11:06:53Z</time>
					</trkpt>
					<trkpt lat="46.409360" lon="4.714140">
						<ele>368</ele>
						<time>2026-02-16T11:06:55Z</time>
					</trkpt>
					<trkpt lat="46.409400" lon="4.713910">
						<ele>368</ele>
						<time>2026-02-16T11:06:58Z</time>
					</trkpt>
					<trkpt lat="46.409470" lon="4.713710">
						<ele>369</ele>
						<time>2026-02-16T11:07:00Z</time>
					</trkpt>
					<trkpt lat="46.409520" lon="4.713590">
						<ele>370</ele>
						<time>2026-02-16T11:07:02Z</time>
					</trkpt>
					<trkpt lat="46.409600" lon="4.713460">
						<ele>371</ele>
						<time>2026-02-16T11:07:04Z</time>
					</trkpt>
					<trkpt lat="46.410000" lon="4.712880">
						<ele>376</ele>
						<time>2026-02-16T11:07:14Z</time>
					</trkpt>
					<trkpt lat="46.410150" lon="4.712700">
						<ele>377</ele>
						<time>2026-02-16T11:07:18Z</time>
					</trkpt>
					<trkpt lat="46.410420" lon="4.712450">
						<ele>381</ele>
						<time>2026-02-16T11:07:23Z</time>
					</trkpt>
					<trkpt lat="46.410630" lon="4.712210">
						<ele>382</ele>
						<time>2026-02-16T11:07:28Z</time>
					</trkpt>
					<trkpt lat="46.410720" lon="4.712130">
						<ele>383</ele>
						<time>2026-02-16T11:07:30Z</time>
					</trkpt>
					<trkpt lat="46.410900" lon="4.712020">
						<ele>386</ele>
						<time>2026-02-16T11:07:33Z</time>
					</trkpt>
					<trkpt lat="46.411000" lon="4.711950">
						<ele>387</ele>
						<time>2026-02-16T11:07:35Z</time>
					</trkpt>
					<trkpt lat="46.411140" lon="4.711810">
						<ele>389</ele>
						<time>2026-02-16T11:07:38Z</time>
					</trkpt>
					<trkpt lat="46.411240" lon="4.711690">
						<ele>390</ele>
						<time>2026-02-16T11:07:41Z</time>
					</trkpt>
					<trkpt lat="46.411340" lon="4.711540">
						<ele>391</ele>
						<time>2026-02-16T11:07:43Z</time>
					</trkpt>
					<trkpt lat="46.411690" lon="4.710910">
						<ele>392</ele>
						<time>2026-02-16T11:07:53Z</time>
					</trkpt>
					<trkpt lat="46.411780" lon="4.710790">
						<ele>392</ele>
						<time>2026-02-16T11:07:55Z</time>
					</trkpt>
					<trkpt lat="46.412010" lon="4.710610">
						<ele>395</ele>
						<time>2026-02-16T11:08:00Z</time>
					</trkpt>
					<trkpt lat="46.412320" lon="4.710470">
						<ele>398</ele>
						<time>2026-02-16T11:08:06Z</time>
					</trkpt>
					<trkpt lat="46.412640" lon="4.710430">
						<ele>401</ele>
						<time>2026-02-16T11:08:12Z</time>
					</trkpt>
					<trkpt lat="46.413010" lon="4.710460">
						<ele>404</ele>
						<time>2026-02-16T11:08:18Z</time>
					</trkpt>
					<trkpt lat="46.413400" lon="4.710610">
						<ele>410</ele>
						<time>2026-02-16T11:08:25Z</time>
					</trkpt>
					<trkpt lat="46.413540" lon="4.710640">
						<ele>412</ele>
						<time>2026-02-16T11:08:28Z</time>
					</trkpt>
					<trkpt lat="46.413680" lon="4.710660">
						<ele>413</ele>
						<time>2026-02-16T11:08:30Z</time>
					</trkpt>
					<trkpt lat="46.414370" lon="4.710610">
						<ele>418</ele>
						<time>2026-02-16T11:08:43Z</time>
					</trkpt>
					<trkpt lat="46.414740" lon="4.710560">
						<ele>421</ele>
						<time>2026-02-16T11:08:49Z</time>
					</trkpt>
					<trkpt lat="46.414810" lon="4.710520">
						<ele>420</ele>
						<time>2026-02-16T11:08:51Z</time>
					</trkpt>
					<trkpt lat="46.414870" lon="4.710440">
						<ele>419</ele>
						<time>2026-02-16T11:08:52Z</time>
					</trkpt>
					<trkpt lat="46.414990" lon="4.710230">
						<ele>415</ele>
						<time>2026-02-16T11:08:55Z</time>
					</trkpt>
					<trkpt lat="46.415060" lon="4.710140">
						<ele>415</ele>
						<time>2026-02-16T11:08:57Z</time>
					</trkpt>
					<trkpt lat="46.415130" lon="4.710080">
						<ele>415</ele>
						<time>2026-02-16T11:08:59Z</time>
					</trkpt>
					<trkpt lat="46.415660" lon="4.709810">
						<ele>424</ele>
						<time>2026-02-16T11:09:09Z</time>
					</trkpt>
					<trkpt lat="46.415860" lon="4.709680">
						<ele>427</ele>
						<time>2026-02-16T11:09:12Z</time>
					</trkpt>
					<trkpt lat="46.416810" lon="4.708960">
						<ele>439</ele>
						<time>2026-02-16T11:09:32Z</time>
					</trkpt>
					<trkpt lat="46.417070" lon="4.708720">
						<ele>442</ele>
						<time>2026-02-16T11:09:37Z</time>
					</trkpt>
					<trkpt lat="46.417250" lon="4.708560">
						<ele>443</ele>
						<time>2026-02-16T11:09:41Z</time>
					</trkpt>
					<trkpt lat="46.417440" lon="4.708370">
						<ele>442</ele>
						<time>2026-02-16T11:09:45Z</time>
					</trkpt>
					<trkpt lat="46.417640" lon="4.708130">
						<ele>446</ele>
						<time>2026-02-16T11:09:49Z</time>
					</trkpt>
					<trkpt lat="46.417670" lon="4.708090">
						<ele>447</ele>
						<time>2026-02-16T11:09:50Z</time>
					</trkpt>
					<trkpt lat="46.417700" lon="4.708030">
						<ele>447</ele>
						<time>2026-02-16T11:09:51Z</time>
					</trkpt>
					<trkpt lat="46.417710" lon="4.707950">
						<ele>448</ele>
						<time>2026-02-16T11:09:52Z</time>
					</trkpt>
					<trkpt lat="46.417690" lon="4.707860">
						<ele>447</ele>
						<time>2026-02-16T11:09:53Z</time>
					</trkpt>
					<trkpt lat="46.417660" lon="4.707790">
						<ele>447</ele>
						<time>2026-02-16T11:09:54Z</time>
					</trkpt>
					<trkpt lat="46.417620" lon="4.707740">
						<ele>447</ele>
						<time>2026-02-16T11:09:55Z</time>
					</trkpt>
					<trkpt lat="46.417540" lon="4.707700">
						<ele>446</ele>
						<time>2026-02-16T11:09:57Z</time>
					</trkpt>
					<trkpt lat="46.417480" lon="4.707690">
						<ele>446</ele>
						<time>2026-02-16T11:09:58Z</time>
					</trkpt>
					<trkpt lat="46.417340" lon="4.707700">
						<ele>447</ele>
						<time>2026-02-16T11:10:00Z</time>
					</trkpt>
					<trkpt lat="46.417020" lon="4.707810">
						<ele>448</ele>
						<time>2026-02-16T11:10:06Z</time>
					</trkpt>
					<trkpt lat="46.416350" lon="4.708150">
						<ele>442</ele>
						<time>2026-02-16T11:10:19Z</time>
					</trkpt>
					<trkpt lat="46.416200" lon="4.708160">
						<ele>443</ele>
						<time>2026-02-16T11:10:21Z</time>
					</trkpt>
					<trkpt lat="46.416000" lon="4.708160">
						<ele>444</ele>
						<time>2026-02-16T11:10:25Z</time>
					</trkpt>
					<trkpt lat="46.415660" lon="4.708060">
						<ele>447</ele>
						<time>2026-02-16T11:10:31Z</time>
					</trkpt>
					<trkpt lat="46.415460" lon="4.708050">
						<ele>447</ele>
						<time>2026-02-16T11:10:35Z</time>
					</trkpt>
					<trkpt lat="46.415240" lon="4.708150">
						<ele>443</ele>
						<time>2026-02-16T11:10:39Z</time>
					</trkpt>
					<trkpt lat="46.415020" lon="4.708170">
						<ele>442</ele>
						<time>2026-02-16T11:10:43Z</time>
					</trkpt>
					<trkpt lat="46.414780" lon="4.708160">
						<ele>443</ele>
						<time>2026-02-16T11:10:47Z</time>
					</trkpt>
					<trkpt lat="46.414570" lon="4.708180">
						<ele>444</ele>
						<time>2026-02-16T11:10:51Z</time>
					</trkpt>
					<trkpt lat="46.414410" lon="4.708220">
						<ele>444</ele>
						<time>2026-02-16T11:10:54Z</time>
					</trkpt>
					<trkpt lat="46.414330" lon="4.708220">
						<ele>445</ele>
						<time>2026-02-16T11:10:55Z</time>
					</trkpt>
					<trkpt lat="46.414250" lon="4.708200">
						<ele>446</ele>
						<time>2026-02-16T11:10:57Z</time>
					</trkpt>
					<trkpt lat="46.414050" lon="4.708090">
						<ele>447</ele>
						<time>2026-02-16T11:11:00Z</time>
					</trkpt>
					<trkpt lat="46.413970" lon="4.708020">
						<ele>447</ele>
						<time>2026-02-16T11:11:02Z</time>
					</trkpt>
					<trkpt lat="46.413900" lon="4.707920">
						<ele>448</ele>
						<time>2026-02-16T11:11:04Z</time>
					</trkpt>
					<trkpt lat="46.413810" lon="4.707770">
						<ele>449</ele>
						<time>2026-02-16T11:11:06Z</time>
					</trkpt>
					<trkpt lat="46.413680" lon="4.707490">
						<ele>453</ele>
						<time>2026-02-16T11:11:10Z</time>
					</trkpt>
					<trkpt lat="46.413620" lon="4.707310">
						<ele>454</ele>
						<time>2026-02-16T11:11:13Z</time>
					</trkpt>
					<trkpt lat="46.413570" lon="4.707110">
						<ele>455</ele>
						<time>2026-02-16T11:11:15Z</time>
					</trkpt>
					<trkpt lat="46.413500" lon="4.706860">
						<ele>455</ele>
						<time>2026-02-16T11:11:19Z</time>
					</trkpt>
					<trkpt lat="46.413440" lon="4.706480">
						<ele>457</ele>
						<time>2026-02-16T11:11:23Z</time>
					</trkpt>
					<trkpt lat="46.413430" lon="4.706340">
						<ele>457</ele>
						<time>2026-02-16T11:11:25Z</time>
					</trkpt>
					<trkpt lat="46.413430" lon="4.706240">
						<ele>458</ele>
						<time>2026-02-16T11:11:26Z</time>
					</trkpt>
					<trkpt lat="46.413440" lon="4.706130">
						<ele>459</ele>
						<time>2026-02-16T11:11:28Z</time>
					</trkpt>
					<trkpt lat="46.413460" lon="4.705920">
						<ele>460</ele>
						<time>2026-02-16T11:11:30Z</time>
					</trkpt>
					<trkpt lat="46.413550" lon="4.705430">
						<ele>462</ele>
						<time>2026-02-16T11:11:37Z</time>
					</trkpt>
					<trkpt lat="46.413610" lon="4.705120">
						<ele>462</ele>
						<time>2026-02-16T11:11:41Z</time>
					</trkpt>
					<trkpt lat="46.413680" lon="4.704840">
						<ele>463</ele>
						<time>2026-02-16T11:11:44Z</time>
					</trkpt>
					<trkpt lat="46.413730" lon="4.704690">
						<ele>464</ele>
						<time>2026-02-16T11:11:46Z</time>
					</trkpt>
					<trkpt lat="46.413840" lon="4.704460">
						<ele>466</ele>
						<time>2026-02-16T11:11:50Z</time>
					</trkpt>
					<trkpt lat="46.413870" lon="4.704340">
						<ele>467</ele>
						<time>2026-02-16T11:11:51Z</time>
					</trkpt>
					<trkpt lat="46.413890" lon="4.704240">
						<ele>467</ele>
						<time>2026-02-16T11:11:53Z</time>
					</trkpt>
					<trkpt lat="46.413890" lon="4.704120">
						<ele>467</ele>
						<time>2026-02-16T11:11:54Z</time>
					</trkpt>
					<trkpt lat="46.413880" lon="4.704010">
						<ele>468</ele>
						<time>2026-02-16T11:11:55Z</time>
					</trkpt>
					<trkpt lat="46.413800" lon="4.703550">
						<ele>468</ele>
						<time>2026-02-16T11:12:01Z</time>
					</trkpt>
					<trkpt lat="46.413790" lon="4.703380">
						<ele>468</ele>
						<time>2026-02-16T11:12:03Z</time>
					</trkpt>
					<trkpt lat="46.413790" lon="4.702620">
						<ele>479</ele>
						<time>2026-02-16T11:12:13Z</time>
					</trkpt>
					<trkpt lat="46.413770" lon="4.702420">
						<ele>481</ele>
						<time>2026-02-16T11:12:15Z</time>
					</trkpt>
					<trkpt lat="46.413750" lon="4.702330">
						<ele>483</ele>
						<time>2026-02-16T11:12:16Z</time>
					</trkpt>
					<trkpt lat="46.413700" lon="4.702240">
						<ele>484</ele>
						<time>2026-02-16T11:12:18Z</time>
					</trkpt>
					<trkpt lat="46.413310" lon="4.702130">
						<ele>480</ele>
						<time>2026-02-16T11:12:25Z</time>
					</trkpt>
					<trkpt lat="46.413180" lon="4.702060">
						<ele>481</ele>
						<time>2026-02-16T11:12:27Z</time>
					</trkpt>
					<trkpt lat="46.413080" lon="4.701940">
						<ele>484</ele>
						<time>2026-02-16T11:12:30Z</time>
					</trkpt>
					<trkpt lat="46.412700" lon="4.701470">
						<ele>492</ele>
						<time>2026-02-16T11:12:38Z</time>
					</trkpt>
					<trkpt lat="46.412480" lon="4.701290">
						<ele>494</ele>
						<time>2026-02-16T11:12:43Z</time>
					</trkpt>
					<trkpt lat="46.412300" lon="4.701210">
						<ele>494</ele>
						<time>2026-02-16T11:12:46Z</time>
					</trkpt>
					<trkpt lat="46.412040" lon="4.701180">
						<ele>492</ele>
						<time>2026-02-16T11:12:51Z</time>
					</trkpt>
					<trkpt lat="46.411830" lon="4.701120">
						<ele>492</ele>
						<time>2026-02-16T11:12:55Z</time>
					</trkpt>
					<trkpt lat="46.411620" lon="4.701010">
						<ele>492</ele>
						<time>2026-02-16T11:12:59Z</time>
					</trkpt>
					<trkpt lat="46.411420" lon="4.700860">
						<ele>492</ele>
						<time>2026-02-16T11:13:03Z</time>
					</trkpt>
					<trkpt lat="46.411190" lon="4.700520">
						<ele>493</ele>
						<time>2026-02-16T11:13:09Z</time>
					</trkpt>
					<trkpt lat="46.411050" lon="4.700110">
						<ele>494</ele>
						<time>2026-02-16T11:13:14Z</time>
					</trkpt>
					<trkpt lat="46.410930" lon="4.699450">
						<ele>496</ele>
						<time>2026-02-16T11:13:23Z</time>
					</trkpt>
					<trkpt lat="46.410900" lon="4.699150">
						<ele>497</ele>
						<time>2026-02-16T11:13:26Z</time>
					</trkpt>
					<trkpt lat="46.410900" lon="4.698790">
						<ele>500</ele>
						<time>2026-02-16T11:13:31Z</time>
					</trkpt>
					<trkpt lat="46.410910" lon="4.698120">
						<ele>504</ele>
						<time>2026-02-16T11:13:39Z</time>
					</trkpt>
					<trkpt lat="46.410910" lon="4.697870">
						<ele>505</ele>
						<time>2026-02-16T11:13:42Z</time>
					</trkpt>
					<trkpt lat="46.410950" lon="4.697680">
						<ele>506</ele>
						<time>2026-02-16T11:13:44Z</time>
					</trkpt>
					<trkpt lat="46.411010" lon="4.697570">
						<ele>507</ele>
						<time>2026-02-16T11:13:46Z</time>
					</trkpt>
					<trkpt lat="46.411110" lon="4.697460">
						<ele>507</ele>
						<time>2026-02-16T11:13:48Z</time>
					</trkpt>
					<trkpt lat="46.411430" lon="4.697230">
						<ele>508</ele>
						<time>2026-02-16T11:13:55Z</time>
					</trkpt>
					<trkpt lat="46.411980" lon="4.696890">
						<ele>507</ele>
						<time>2026-02-16T11:14:05Z</time>
					</trkpt>
					<trkpt lat="46.412210" lon="4.696800">
						<ele>507</ele>
						<time>2026-02-16T11:14:10Z</time>
					</trkpt>
					<trkpt lat="46.412350" lon="4.696780">
						<ele>507</ele>
						<time>2026-02-16T11:14:12Z</time>
					</trkpt>
					<trkpt lat="46.412520" lon="4.696770">
						<ele>508</ele>
						<time>2026-02-16T11:14:15Z</time>
					</trkpt>
					<trkpt lat="46.412840" lon="4.696860">
						<ele>506</ele>
						<time>2026-02-16T11:14:21Z</time>
					</trkpt>
					<trkpt lat="46.413090" lon="4.697010">
						<ele>505</ele>
						<time>2026-02-16T11:14:26Z</time>
					</trkpt>
					<trkpt lat="46.413420" lon="4.697350">
						<ele>505</ele>
						<time>2026-02-16T11:14:33Z</time>
					</trkpt>
					<trkpt lat="46.413660" lon="4.697470">
						<ele>505</ele>
						<time>2026-02-16T11:14:37Z</time>
					</trkpt>
					<trkpt lat="46.413970" lon="4.697530">
						<ele>504</ele>
						<time>2026-02-16T11:14:43Z</time>
					</trkpt>
					<trkpt lat="46.414120" lon="4.697550">
						<ele>503</ele>
						<time>2026-02-16T11:14:46Z</time>
					</trkpt>
					<trkpt lat="46.414280" lon="4.697490">
						<ele>503</ele>
						<time>2026-02-16T11:14:49Z</time>
					</trkpt>
					<trkpt lat="46.414440" lon="4.697340">
						<ele>501</ele>
						<time>2026-02-16T11:14:52Z</time>
					</trkpt>
					<trkpt lat="46.414540" lon="4.697180">
						<ele>499</ele>
						<time>2026-02-16T11:14:55Z</time>
					</trkpt>
					<trkpt lat="46.414780" lon="4.696870">
						<ele>494</ele>
						<time>2026-02-16T11:15:00Z</time>
					</trkpt>
					<trkpt lat="46.414880" lon="4.696780">
						<ele>493</ele>
						<time>2026-02-16T11:15:02Z</time>
					</trkpt>
					<trkpt lat="46.415070" lon="4.696720">
						<ele>492</ele>
						<time>2026-02-16T11:15:06Z</time>
					</trkpt>
					<trkpt lat="46.415360" lon="4.696640">
						<ele>491</ele>
						<time>2026-02-16T11:15:11Z</time>
					</trkpt>
					<trkpt lat="46.415830" lon="4.696370">
						<ele>486</ele>
						<time>2026-02-16T11:15:20Z</time>
					</trkpt>
					<trkpt lat="46.416490" lon="4.696090">
						<ele>491</ele>
						<time>2026-02-16T11:15:32Z</time>
					</trkpt>
					<trkpt lat="46.416550" lon="4.696050">
						<ele>491</ele>
						<time>2026-02-16T11:15:34Z</time>
					</trkpt>
					<trkpt lat="46.416610" lon="4.695990">
						<ele>491</ele>
						<time>2026-02-16T11:15:35Z</time>
					</trkpt>
					<trkpt lat="46.416670" lon="4.695910">
						<ele>490</ele>
						<time>2026-02-16T11:15:36Z</time>
					</trkpt>
					<trkpt lat="46.416720" lon="4.695820">
						<ele>490</ele>
						<time>2026-02-16T11:15:38Z</time>
					</trkpt>
					<trkpt lat="46.416760" lon="4.695700">
						<ele>489</ele>
						<time>2026-02-16T11:15:39Z</time>
					</trkpt>
					<trkpt lat="46.416790" lon="4.695580">
						<ele>489</ele>
						<time>2026-02-16T11:15:41Z</time>
					</trkpt>
					<trkpt lat="46.416950" lon="4.694680">
						<ele>485</ele>
						<time>2026-02-16T11:15:52Z</time>
					</trkpt>
					<trkpt lat="46.416960" lon="4.694500">
						<ele>485</ele>
						<time>2026-02-16T11:15:55Z</time>
					</trkpt>
					<trkpt lat="46.416950" lon="4.694250">
						<ele>485</ele>
						<time>2026-02-16T11:15:58Z</time>
					</trkpt>
					<trkpt lat="46.416930" lon="4.694090">
						<ele>485</ele>
						<time>2026-02-16T11:16:00Z</time>
					</trkpt>
					<trkpt lat="46.416860" lon="4.693850">
						<ele>485</ele>
						<time>2026-02-16T11:16:03Z</time>
					</trkpt>
					<trkpt lat="46.416810" lon="4.693740">
						<ele>485</ele>
						<time>2026-02-16T11:16:04Z</time>
					</trkpt>
					<trkpt lat="46.416670" lon="4.693460">
						<ele>484</ele>
						<time>2026-02-16T11:16:09Z</time>
					</trkpt>
					<trkpt lat="46.416140" lon="4.692600">
						<ele>477</ele>
						<time>2026-02-16T11:16:23Z</time>
					</trkpt>
					<trkpt lat="46.416070" lon="4.692480">
						<ele>476</ele>
						<time>2026-02-16T11:16:25Z</time>
					</trkpt>
					<trkpt lat="46.416010" lon="4.692360">
						<ele>475</ele>
						<time>2026-02-16T11:16:27Z</time>
					</trkpt>
					<trkpt lat="46.415970" lon="4.692200">
						<ele>474</ele>
						<time>2026-02-16T11:16:29Z</time>
					</trkpt>
					<trkpt lat="46.415950" lon="4.692040">
						<ele>474</ele>
						<time>2026-02-16T11:16:31Z</time>
					</trkpt>
					<trkpt lat="46.415940" lon="4.691900">
						<ele>473</ele>
						<time>2026-02-16T11:16:32Z</time>
					</trkpt>
					<trkpt lat="46.415950" lon="4.691490">
						<ele>473</ele>
						<time>2026-02-16T11:16:37Z</time>
					</trkpt>
					<trkpt lat="46.415980" lon="4.691300">
						<ele>473</ele>
						<time>2026-02-16T11:16:40Z</time>
					</trkpt>
					<trkpt lat="46.416020" lon="4.691090">
						<ele>473</ele>
						<time>2026-02-16T11:16:42Z</time>
					</trkpt>
					<trkpt lat="46.416110" lon="4.690760">
						<ele>474</ele>
						<time>2026-02-16T11:16:47Z</time>
					</trkpt>
					<trkpt lat="46.416290" lon="4.690190">
						<ele>473</ele>
						<time>2026-02-16T11:16:55Z</time>
					</trkpt>
					<trkpt lat="46.416400" lon="4.689870">
						<ele>472</ele>
						<time>2026-02-16T11:16:59Z</time>
					</trkpt>
					<trkpt lat="46.416510" lon="4.689670">
						<ele>471</ele>
						<time>2026-02-16T11:17:02Z</time>
					</trkpt>
					<trkpt lat="46.416640" lon="4.689490">
						<ele>471</ele>
						<time>2026-02-16T11:17:05Z</time>
					</trkpt>
					<trkpt lat="46.416730" lon="4.689410">
						<ele>470</ele>
						<time>2026-02-16T11:17:07Z</time>
					</trkpt>
					<trkpt lat="46.416870" lon="4.689300">
						<ele>468</ele>
						<time>2026-02-16T11:17:10Z</time>
					</trkpt>
					<trkpt lat="46.417620" lon="4.688790">
						<ele>457</ele>
						<time>2026-02-16T11:17:25Z</time>
					</trkpt>
					<trkpt lat="46.417930" lon="4.688530">
						<ele>454</ele>
						<time>2026-02-16T11:17:31Z</time>
					</trkpt>
					<trkpt lat="46.418640" lon="4.687890">
						<ele>451</ele>
						<time>2026-02-16T11:17:46Z</time>
					</trkpt>
					<trkpt lat="46.418720" lon="4.687810">
						<ele>451</ele>
						<time>2026-02-16T11:17:48Z</time>
					</trkpt>
					<trkpt lat="46.418810" lon="4.687700">
						<ele>451</ele>
						<time>2026-02-16T11:17:50Z</time>
					</trkpt>
					<trkpt lat="46.418870" lon="4.687590">
						<ele>450</ele>
						<time>2026-02-16T11:17:51Z</time>
					</trkpt>
					<trkpt lat="46.418930" lon="4.687460">
						<ele>449</ele>
						<time>2026-02-16T11:17:53Z</time>
					</trkpt>
					<trkpt lat="46.419240" lon="4.686570">
						<ele>443</ele>
						<time>2026-02-16T11:18:06Z</time>
					</trkpt>
					<trkpt lat="46.419390" lon="4.686020">
						<ele>440</ele>
						<time>2026-02-16T11:18:13Z</time>
					</trkpt>
					<trkpt lat="46.419530" lon="4.685370">
						<ele>437</ele>
						<time>2026-02-16T11:18:21Z</time>
					</trkpt>
					<trkpt lat="46.419630" lon="4.685000">
						<ele>436</ele>
						<time>2026-02-16T11:18:26Z</time>
					</trkpt>
					<trkpt lat="46.419750" lon="4.684680">
						<ele>434</ele>
						<time>2026-02-16T11:18:31Z</time>
					</trkpt>
					<trkpt lat="46.420010" lon="4.684130">
						<ele>431</ele>
						<time>2026-02-16T11:18:39Z</time>
					</trkpt>
					<trkpt lat="46.420260" lon="4.683700">
						<ele>427</ele>
						<time>2026-02-16T11:18:46Z</time>
					</trkpt>
					<trkpt lat="46.420490" lon="4.683400">
						<ele>424</ele>
						<time>2026-02-16T11:18:51Z</time>
					</trkpt>
					<trkpt lat="46.420930" lon="4.682860">
						<ele>420</ele>
						<time>2026-02-16T11:19:01Z</time>
					</trkpt>
					<trkpt lat="46.421060" lon="4.682730">
						<ele>418</ele>
						<time>2026-02-16T11:19:04Z</time>
					</trkpt>
					<trkpt lat="46.421170" lon="4.682660">
						<ele>417</ele>
						<time>2026-02-16T11:19:06Z</time>
					</trkpt>
					<trkpt lat="46.421280" lon="4.682630">
						<ele>417</ele>
						<time>2026-02-16T11:19:08Z</time>
					</trkpt>
					<trkpt lat="46.421400" lon="4.682640">
						<ele>417</ele>
						<time>2026-02-16T11:19:10Z</time>
					</trkpt>
					<trkpt lat="46.421500" lon="4.682660">
						<ele>417</ele>
						<time>2026-02-16T11:19:12Z</time>
					</trkpt>
					<trkpt lat="46.421610" lon="4.682720">
						<ele>419</ele>
						<time>2026-02-16T11:19:14Z</time>
					</trkpt>
					<trkpt lat="46.421790" lon="4.682830">
						<ele>418</ele>
						<time>2026-02-16T11:19:18Z</time>
					</trkpt>
					<trkpt lat="46.422120" lon="4.683070">
						<ele>416</ele>
						<time>2026-02-16T11:19:24Z</time>
					</trkpt>
					<trkpt lat="46.423000" lon="4.683660">
						<ele>408</ele>
						<time>2026-02-16T11:19:42Z</time>
					</trkpt>
					<trkpt lat="46.423210" lon="4.683810">
						<ele>405</ele>
						<time>2026-02-16T11:19:46Z</time>
					</trkpt>
					<trkpt lat="46.423370" lon="4.684000">
						<ele>404</ele>
						<time>2026-02-16T11:19:50Z</time>
					</trkpt>
					<trkpt lat="46.423430" lon="4.684200">
						<ele>405</ele>
						<time>2026-02-16T11:19:52Z</time>
					</trkpt>
					<trkpt lat="46.423440" lon="4.684330">
						<ele>406</ele>
						<time>2026-02-16T11:19:54Z</time>
					</trkpt>
					<trkpt lat="46.423420" lon="4.684590">
						<ele>408</ele>
						<time>2026-02-16T11:19:57Z</time>
					</trkpt>
					<trkpt lat="46.423430" lon="4.684640">
						<ele>408</ele>
						<time>2026-02-16T11:19:58Z</time>
					</trkpt>
					<trkpt lat="46.423460" lon="4.684780">
						<ele>408</ele>
						<time>2026-02-16T11:19:59Z</time>
					</trkpt>
					<trkpt lat="46.423530" lon="4.684940">
						<ele>408</ele>
						<time>2026-02-16T11:20:02Z</time>
					</trkpt>
					<trkpt lat="46.423630" lon="4.685050">
						<ele>407</ele>
						<time>2026-02-16T11:20:04Z</time>
					</trkpt>
					<trkpt lat="46.423730" lon="4.685130">
						<ele>405</ele>
						<time>2026-02-16T11:20:06Z</time>
					</trkpt>
					<trkpt lat="46.423950" lon="4.685190">
						<ele>401</ele>
						<time>2026-02-16T11:20:10Z</time>
					</trkpt>
					<trkpt lat="46.424380" lon="4.685230">
						<ele>396</ele>
						<time>2026-02-16T11:20:18Z</time>
					</trkpt>
					<trkpt lat="46.424900" lon="4.685340">
						<ele>394</ele>
						<time>2026-02-16T11:20:27Z</time>
					</trkpt>
					<trkpt lat="46.425110" lon="4.685360">
						<ele>394</ele>
						<time>2026-02-16T11:20:31Z</time>
					</trkpt>
					<trkpt lat="46.425230" lon="4.685360">
						<ele>393</ele>
						<time>2026-02-16T11:20:33Z</time>
					</trkpt>
					<trkpt lat="46.425360" lon="4.685330">
						<ele>392</ele>
						<time>2026-02-16T11:20:35Z</time>
					</trkpt>
					<trkpt lat="46.426200" lon="4.685070">
						<ele>384</ele>
						<time>2026-02-16T11:20:51Z</time>
					</trkpt>
					<trkpt lat="46.426750" lon="4.684920">
						<ele>378</ele>
						<time>2026-02-16T11:21:00Z</time>
					</trkpt>
					<trkpt lat="46.426930" lon="4.684930">
						<ele>376</ele>
						<time>2026-02-16T11:21:04Z</time>
					</trkpt>
					<trkpt lat="46.427020" lon="4.684960">
						<ele>375</ele>
						<time>2026-02-16T11:21:05Z</time>
					</trkpt>
					<trkpt lat="46.427160" lon="4.685050">
						<ele>375</ele>
						<time>2026-02-16T11:21:08Z</time>
					</trkpt>
					<trkpt lat="46.427260" lon="4.685140">
						<ele>375</ele>
						<time>2026-02-16T11:21:10Z</time>
					</trkpt>
					<trkpt lat="46.427510" lon="4.685420">
						<ele>376</ele>
						<time>2026-02-16T11:21:16Z</time>
					</trkpt>
					<trkpt lat="46.427730" lon="4.685690">
						<ele>374</ele>
						<time>2026-02-16T11:21:21Z</time>
					</trkpt>
					<trkpt lat="46.427780" lon="4.685760">
						<ele>374</ele>
						<time>2026-02-16T11:21:22Z</time>
					</trkpt>
					<trkpt lat="46.427830" lon="4.685900">
						<ele>374</ele>
						<time>2026-02-16T11:21:24Z</time>
					</trkpt>
					<trkpt lat="46.427890" lon="4.686080">
						<ele>373</ele>
						<time>2026-02-16T11:21:27Z</time>
					</trkpt>
					<trkpt lat="46.427910" lon="4.686220">
						<ele>373</ele>
						<time>2026-02-16T11:21:28Z</time>
					</trkpt>
					<trkpt lat="46.427910" lon="4.686470">
						<ele>373</ele>
						<time>2026-02-16T11:21:31Z</time>
					</trkpt>
					<trkpt lat="46.427900" lon="4.686650">
						<ele>374</ele>
						<time>2026-02-16T11:21:34Z</time>
					</trkpt>
					<trkpt lat="46.427840" lon="4.686960">
						<ele>373</ele>
						<time>2026-02-16T11:21:38Z</time>
					</trkpt>
					<trkpt lat="46.427600" lon="4.688050">
						<ele>370</ele>
						<time>2026-02-16T11:21:52Z</time>
					</trkpt>
					<trkpt lat="46.427580" lon="4.688270">
						<ele>368</ele>
						<time>2026-02-16T11:21:54Z</time>
					</trkpt>
					<trkpt lat="46.427590" lon="4.688460">
						<ele>368</ele>
						<time>2026-02-16T11:21:57Z</time>
					</trkpt>
					<trkpt lat="46.427630" lon="4.688630">
						<ele>367</ele>
						<time>2026-02-16T11:21:59Z</time>
					</trkpt>
					<trkpt lat="46.427680" lon="4.688750">
						<ele>366</ele>
						<time>2026-02-16T11:22:01Z</time>
					</trkpt>
					<trkpt lat="46.427750" lon="4.688820">
						<ele>366</ele>
						<time>2026-02-16T11:22:02Z</time>
					</trkpt>
					<trkpt lat="46.427830" lon="4.688850">
						<ele>366</ele>
						<time>2026-02-16T11:22:04Z</time>
					</trkpt>
					<trkpt lat="46.427910" lon="4.688840">
						<ele>365</ele>
						<time>2026-02-16T11:22:05Z</time>
					</trkpt>
					<trkpt lat="46.427980" lon="4.688800">
						<ele>365</ele>
						<time>2026-02-16T11:22:06Z</time>
					</trkpt>
					<trkpt lat="46.428110" lon="4.688670">
						<ele>364</ele>
						<time>2026-02-16T11:22:09Z</time>
					</trkpt>
					<trkpt lat="46.428140" lon="4.688620">
						<ele>363</ele>
						<time>2026-02-16T11:22:10Z</time>
					</trkpt>
					<trkpt lat="46.428390" lon="4.688170">
						<ele>359</ele>
						<time>2026-02-16T11:22:17Z</time>
					</trkpt>
					<trkpt lat="46.428830" lon="4.687300">
						<ele>359</ele>
						<time>2026-02-16T11:22:30Z</time>
					</trkpt>
					<trkpt lat="46.429590" lon="4.685330">
						<ele>345</ele>
						<time>2026-02-16T11:22:58Z</time>
					</trkpt>
					<trkpt lat="46.429790" lon="4.684840">
						<ele>340</ele>
						<time>2026-02-16T11:23:05Z</time>
					</trkpt>
					<trkpt lat="46.429980" lon="4.684510">
						<ele>335</ele>
						<time>2026-02-16T11:23:10Z</time>
					</trkpt>
					<trkpt lat="46.430910" lon="4.683170">
						<ele>323</ele>
						<time>2026-02-16T11:23:33Z</time>
					</trkpt>
					<trkpt lat="46.431120" lon="4.682830">
						<ele>316</ele>
						<time>2026-02-16T11:23:39Z</time>
					</trkpt>
					<trkpt lat="46.431200" lon="4.682640">
						<ele>313</ele>
						<time>2026-02-16T11:23:42Z</time>
					</trkpt>
					<trkpt lat="46.431210" lon="4.682560">
						<ele>312</ele>
						<time>2026-02-16T11:23:43Z</time>
					</trkpt>
					<trkpt lat="46.431640" lon="4.683040">
						<ele>318</ele>
						<time>2026-02-16T11:23:52Z</time>
					</trkpt>
					<trkpt lat="46.431950" lon="4.683450">
						<ele>320</ele>
						<time>2026-02-16T11:24:00Z</time>
					</trkpt>
					<trkpt lat="46.431980" lon="4.683500">
						<ele>321</ele>
						<time>2026-02-16T11:24:01Z</time>
					</trkpt>
					<trkpt lat="46.432120" lon="4.683730">
						<ele>323</ele>
						<time>2026-02-16T11:24:05Z</time>
					</trkpt>
					<trkpt lat="46.432300" lon="4.684130">
						<ele>327</ele>
						<time>2026-02-16T11:24:10Z</time>
					</trkpt>
					<trkpt lat="46.432470" lon="4.684530">
						<ele>331</ele>
						<time>2026-02-16T11:24:16Z</time>
					</trkpt>
					<trkpt lat="46.432590" lon="4.684730">
						<ele>332</ele>
						<time>2026-02-16T11:24:19Z</time>
					</trkpt>
					<trkpt lat="46.432840" lon="4.685050">
						<ele>331</ele>
						<time>2026-02-16T11:24:25Z</time>
					</trkpt>
					<trkpt lat="46.432930" lon="4.685190">
						<ele>331</ele>
						<time>2026-02-16T11:24:28Z</time>
					</trkpt>
					<trkpt lat="46.433000" lon="4.685420">
						<ele>331</ele>
						<time>2026-02-16T11:24:31Z</time>
					</trkpt>
					<trkpt lat="46.433020" lon="4.685620">
						<ele>332</ele>
						<time>2026-02-16T11:24:33Z</time>
					</trkpt>
					<trkpt lat="46.433030" lon="4.685810">
						<ele>334</ele>
						<time>2026-02-16T11:24:36Z</time>
					</trkpt>
					<trkpt lat="46.432990" lon="4.685940">
						<ele>335</ele>
						<time>2026-02-16T11:24:37Z</time>
					</trkpt>
					<trkpt lat="46.432800" lon="4.686380">
						<ele>343</ele>
						<time>2026-02-16T11:24:44Z</time>
					</trkpt>
					<trkpt lat="46.432750" lon="4.686590">
						<ele>345</ele>
						<time>2026-02-16T11:24:46Z</time>
					</trkpt>
					<trkpt lat="46.432740" lon="4.686790">
						<ele>346</ele>
						<time>2026-02-16T11:24:49Z</time>
					</trkpt>
					<trkpt lat="46.432760" lon="4.686980">
						<ele>346</ele>
						<time>2026-02-16T11:24:51Z</time>
					</trkpt>
					<trkpt lat="46.432820" lon="4.687170">
						<ele>345</ele>
						<time>2026-02-16T11:24:54Z</time>
					</trkpt>
					<trkpt lat="46.432900" lon="4.687340">
						<ele>344</ele>
						<time>2026-02-16T11:24:56Z</time>
					</trkpt>
					<trkpt lat="46.433030" lon="4.687570">
						<ele>343</ele>
						<time>2026-02-16T11:25:00Z</time>
					</trkpt>
					<trkpt lat="46.433220" lon="4.687740">
						<ele>343</ele>
						<time>2026-02-16T11:25:04Z</time>
					</trkpt>
					<trkpt lat="46.433770" lon="4.688220">
						<ele>342</ele>
						<time>2026-02-16T11:25:15Z</time>
					</trkpt>
					<trkpt lat="46.433910" lon="4.688410">
						<ele>342</ele>
						<time>2026-02-16T11:25:19Z</time>
					</trkpt>
					<trkpt lat="46.433980" lon="4.688570">
						<ele>342</ele>
						<time>2026-02-16T11:25:21Z</time>
					</trkpt>
					<trkpt lat="46.434060" lon="4.688900">
						<ele>342</ele>
						<time>2026-02-16T11:25:25Z</time>
					</trkpt>
					<trkpt lat="46.434080" lon="4.689170">
						<ele>343</ele>
						<time>2026-02-16T11:25:29Z</time>
					</trkpt>
					<trkpt lat="46.434050" lon="4.689450">
						<ele>345</ele>
						<time>2026-02-16T11:25:32Z</time>
					</trkpt>
					<trkpt lat="46.433730" lon="4.690390">
						<ele>357</ele>
						<time>2026-02-16T11:25:45Z</time>
					</trkpt>
					<trkpt lat="46.433700" lon="4.690550">
						<ele>358</ele>
						<time>2026-02-16T11:25:47Z</time>
					</trkpt>
					<trkpt lat="46.433730" lon="4.690670">
						<ele>358</ele>
						<time>2026-02-16T11:25:49Z</time>
					</trkpt>
					<trkpt lat="46.433770" lon="4.690760">
						<ele>358</ele>
						<time>2026-02-16T11:25:50Z</time>
					</trkpt>
					<trkpt lat="46.434450" lon="4.691330">
						<ele>353</ele>
						<time>2026-02-16T11:26:04Z</time>
					</trkpt>
					<trkpt lat="46.434550" lon="4.691480">
						<ele>353</ele>
						<time>2026-02-16T11:26:06Z</time>
					</trkpt>
					<trkpt lat="46.434630" lon="4.691650">
						<ele>354</ele>
						<time>2026-02-16T11:26:09Z</time>
					</trkpt>
					<trkpt lat="46.434650" lon="4.691870">
						<ele>355</ele>
						<time>2026-02-16T11:26:12Z</time>
					</trkpt>
					<trkpt lat="46.434640" lon="4.692250">
						<ele>359</ele>
						<time>2026-02-16T11:26:16Z</time>
					</trkpt>
					<trkpt lat="46.434620" lon="4.692630">
						<ele>364</ele>
						<time>2026-02-16T11:26:21Z</time>
					</trkpt>
					<trkpt lat="46.434630" lon="4.692780">
						<ele>365</ele>
						<time>2026-02-16T11:26:23Z</time>
					</trkpt>
					<trkpt lat="46.434680" lon="4.692890">
						<ele>365</ele>
						<time>2026-02-16T11:26:25Z</time>
					</trkpt>
					<trkpt lat="46.434760" lon="4.692990">
						<ele>365</ele>
						<time>2026-02-16T11:26:26Z</time>
					</trkpt>
					<trkpt lat="46.434880" lon="4.693050">
						<ele>364</ele>
						<time>2026-02-16T11:26:29Z</time>
					</trkpt>
					<trkpt lat="46.435440" lon="4.693110">
						<ele>359</ele>
						<time>2026-02-16T11:26:39Z</time>
					</trkpt>
					<trkpt lat="46.436020" lon="4.693250">
						<ele>359</ele>
						<time>2026-02-16T11:26:49Z</time>
					</trkpt>
					<trkpt lat="46.436570" lon="4.693460">
						<ele>362</ele>
						<time>2026-02-16T11:26:59Z</time>
					</trkpt>
					<trkpt lat="46.436760" lon="4.693600">
						<ele>362</ele>
						<time>2026-02-16T11:27:03Z</time>
					</trkpt>
					<trkpt lat="46.436910" lon="4.693750">
						<ele>361</ele>
						<time>2026-02-16T11:27:06Z</time>
					</trkpt>
					<trkpt lat="46.437020" lon="4.693930">
						<ele>361</ele>
						<time>2026-02-16T11:27:09Z</time>
					</trkpt>
					<trkpt lat="46.437100" lon="4.694130">
						<ele>361</ele>
						<time>2026-02-16T11:27:12Z</time>
					</trkpt>
					<trkpt lat="46.437190" lon="4.694400">
						<ele>361</ele>
						<time>2026-02-16T11:27:16Z</time>
					</trkpt>
					<trkpt lat="46.437240" lon="4.694690">
						<ele>360</ele>
						<time>2026-02-16T11:27:19Z</time>
					</trkpt>
					<trkpt lat="46.437270" lon="4.695000">
						<ele>360</ele>
						<time>2026-02-16T11:27:23Z</time>
					</trkpt>
					<trkpt lat="46.437290" lon="4.695380">
						<ele>360</ele>
						<time>2026-02-16T11:27:28Z</time>
					</trkpt>
					<trkpt lat="46.437280" lon="4.695540">
						<ele>361</ele>
						<time>2026-02-16T11:27:30Z</time>
					</trkpt>
					<trkpt lat="46.437180" lon="4.696200">
						<ele>363</ele>
						<time>2026-02-16T11:27:38Z</time>
					</trkpt>
					<trkpt lat="46.437130" lon="4.696650">
						<ele>365</ele>
						<time>2026-02-16T11:27:44Z</time>
					</trkpt>
					<trkpt lat="46.437110" lon="4.697220">
						<ele>360</ele>
						<time>2026-02-16T11:27:51Z</time>
					</trkpt>
					<trkpt lat="46.437100" lon="4.697270">
						<ele>360</ele>
						<time>2026-02-16T11:27:51Z</time>
					</trkpt>
					<trkpt lat="46.437050" lon="4.697460">
						<ele>361</ele>
						<time>2026-02-16T11:27:54Z</time>
					</trkpt>
					<trkpt lat="46.436970" lon="4.697700">
						<ele>362</ele>
						<time>2026-02-16T11:27:57Z</time>
					</trkpt>
					<trkpt lat="46.436460" lon="4.698900">
						<ele>363</ele>
						<time>2026-02-16T11:28:14Z</time>
					</trkpt>
					<trkpt lat="46.436250" lon="4.699250">
						<ele>363</ele>
						<time>2026-02-16T11:28:20Z</time>
					</trkpt>
					<trkpt lat="46.435860" lon="4.699740">
						<ele>366</ele>
						<time>2026-02-16T11:28:29Z</time>
					</trkpt>
					<trkpt lat="46.435750" lon="4.700040">
						<ele>364</ele>
						<time>2026-02-16T11:28:33Z</time>
					</trkpt>
					<trkpt lat="46.435680" lon="4.700300">
						<ele>363</ele>
						<time>2026-02-16T11:28:37Z</time>
					</trkpt>
					<trkpt lat="46.435490" lon="4.700820">
						<ele>363</ele>
						<time>2026-02-16T11:28:44Z</time>
					</trkpt>
					<trkpt lat="46.435180" lon="4.701400">
						<ele>370</ele>
						<time>2026-02-16T11:28:53Z</time>
					</trkpt>
					<trkpt lat="46.435100" lon="4.701640">
						<ele>371</ele>
						<time>2026-02-16T11:28:56Z</time>
					</trkpt>
					<trkpt lat="46.435080" lon="4.701790">
						<ele>372</ele>
						<time>2026-02-16T11:28:58Z</time>
					</trkpt>
					<trkpt lat="46.435070" lon="4.701960">
						<ele>374</ele>
						<time>2026-02-16T11:29:00Z</time>
					</trkpt>
					<trkpt lat="46.435000" lon="4.703660">
						<ele>383</ele>
						<time>2026-02-16T11:29:21Z</time>
					</trkpt>
					<trkpt lat="46.434940" lon="4.704170">
						<ele>385</ele>
						<time>2026-02-16T11:29:28Z</time>
					</trkpt>
					<trkpt lat="46.434880" lon="4.704480">
						<ele>387</ele>
						<time>2026-02-16T11:29:32Z</time>
					</trkpt>
					<trkpt lat="46.434820" lon="4.704730">
						<ele>388</ele>
						<time>2026-02-16T11:29:35Z</time>
					</trkpt>
					<trkpt lat="46.434760" lon="4.704880">
						<ele>390</ele>
						<time>2026-02-16T11:29:37Z</time>
					</trkpt>
					<trkpt lat="46.434660" lon="4.705050">
						<ele>393</ele>
						<time>2026-02-16T11:29:40Z</time>
					</trkpt>
					<trkpt lat="46.434500" lon="4.705290">
						<ele>398</ele>
						<time>2026-02-16T11:29:44Z</time>
					</trkpt>
					<trkpt lat="46.434480" lon="4.705400">
						<ele>399</ele>
						<time>2026-02-16T11:29:45Z</time>
					</trkpt>
					<trkpt lat="46.434480" lon="4.705510">
						<ele>399</ele>
						<time>2026-02-16T11:29:46Z</time>
					</trkpt>
					<trkpt lat="46.434490" lon="4.705570">
						<ele>399</ele>
						<time>2026-02-16T11:29:47Z</time>
					</trkpt>
					<trkpt lat="46.434520" lon="4.705640">
						<ele>398</ele>
						<time>2026-02-16T11:29:48Z</time>
					</trkpt>
					<trkpt lat="46.434570" lon="4.705700">
						<ele>398</ele>
						<time>2026-02-16T11:29:49Z</time>
					</trkpt>
					<trkpt lat="46.434640" lon="4.705730">
						<ele>397</ele>
						<time>2026-02-16T11:29:51Z</time>
					</trkpt>
					<trkpt lat="46.434710" lon="4.705750">
						<ele>397</ele>
						<time>2026-02-16T11:29:52Z</time>
					</trkpt>
					<trkpt lat="46.434890" lon="4.705720">
						<ele>395</ele>
						<time>2026-02-16T11:29:55Z</time>
					</trkpt>
					<trkpt lat="46.435090" lon="4.705650">
						<ele>394</ele>
						<time>2026-02-16T11:29:59Z</time>
					</trkpt>
					<trkpt lat="46.435300" lon="4.705520">
						<ele>395</ele>
						<time>2026-02-16T11:30:03Z</time>
					</trkpt>
					<trkpt lat="46.435490" lon="4.705340">
						<ele>395</ele>
						<time>2026-02-16T11:30:07Z</time>
					</trkpt>
					<trkpt lat="46.435820" lon="4.704910">
						<ele>393</ele>
						<time>2026-02-16T11:30:15Z</time>
					</trkpt>
					<trkpt lat="46.435900" lon="4.704830">
						<ele>394</ele>
						<time>2026-02-16T11:30:17Z</time>
					</trkpt>
					<trkpt lat="46.436060" lon="4.704660">
						<ele>395</ele>
						<time>2026-02-16T11:30:20Z</time>
					</trkpt>
					<trkpt lat="46.436320" lon="4.704430">
						<ele>398</ele>
						<time>2026-02-16T11:30:26Z</time>
					</trkpt>
					<trkpt lat="46.436470" lon="4.704310">
						<ele>400</ele>
						<time>2026-02-16T11:30:29Z</time>
					</trkpt>
					<trkpt lat="46.436620" lon="4.704220">
						<ele>402</ele>
						<time>2026-02-16T11:30:31Z</time>
					</trkpt>
					<trkpt lat="46.436750" lon="4.704160">
						<ele>404</ele>
						<time>2026-02-16T11:30:34Z</time>
					</trkpt>
					<trkpt lat="46.436880" lon="4.704120">
						<ele>404</ele>
						<time>2026-02-16T11:30:36Z</time>
					</trkpt>
					<trkpt lat="46.437000" lon="4.704110">
						<ele>405</ele>
						<time>2026-02-16T11:30:38Z</time>
					</trkpt>
					<trkpt lat="46.437170" lon="4.704110">
						<ele>407</ele>
						<time>2026-02-16T11:30:41Z</time>
					</trkpt>
					<trkpt lat="46.437320" lon="4.704140">
						<ele>409</ele>
						<time>2026-02-16T11:30:44Z</time>
					</trkpt>
					<trkpt lat="46.437440" lon="4.704170">
						<ele>410</ele>
						<time>2026-02-16T11:30:46Z</time>
					</trkpt>
					<trkpt lat="46.437580" lon="4.704220">
						<ele>411</ele>
						<time>2026-02-16T11:30:49Z</time>
					</trkpt>
					<trkpt lat="46.437830" lon="4.704370">
						<ele>412</ele>
						<time>2026-02-16T11:30:54Z</time>
					</trkpt>
					<trkpt lat="46.438410" lon="4.704870">
						<ele>419</ele>
						<time>2026-02-16T11:31:06Z</time>
					</trkpt>
					<trkpt lat="46.438890" lon="4.705170">
						<ele>426</ele>
						<time>2026-02-16T11:31:15Z</time>
					</trkpt>
					<trkpt lat="46.439690" lon="4.705590">
						<ele>432</ele>
						<time>2026-02-16T11:31:30Z</time>
					</trkpt>
					<trkpt lat="46.439860" lon="4.705700">
						<ele>433</ele>
						<time>2026-02-16T11:31:33Z</time>
					</trkpt>
					<trkpt lat="46.440000" lon="4.705870">
						<ele>434</ele>
						<time>2026-02-16T11:31:37Z</time>
					</trkpt>
					<trkpt lat="46.440120" lon="4.706050">
						<ele>433</ele>
						<time>2026-02-16T11:31:40Z</time>
					</trkpt>
					<trkpt lat="46.440210" lon="4.706300">
						<ele>433</ele>
						<time>2026-02-16T11:31:43Z</time>
					</trkpt>
					<trkpt lat="46.440360" lon="4.706900">
						<ele>435</ele>
						<time>2026-02-16T11:31:51Z</time>
					</trkpt>
					<trkpt lat="46.440400" lon="4.707150">
						<ele>436</ele>
						<time>2026-02-16T11:31:54Z</time>
					</trkpt>
					<trkpt lat="46.440420" lon="4.707360">
						<ele>438</ele>
						<time>2026-02-16T11:31:57Z</time>
					</trkpt>
					<trkpt lat="46.440340" lon="4.707940">
						<ele>446</ele>
						<time>2026-02-16T11:32:04Z</time>
					</trkpt>
					<trkpt lat="46.440190" lon="4.708610">
						<ele>456</ele>
						<time>2026-02-16T11:32:13Z</time>
					</trkpt>
					<trkpt lat="46.440150" lon="4.708850">
						<ele>460</ele>
						<time>2026-02-16T11:32:16Z</time>
					</trkpt>
					<trkpt lat="46.440150" lon="4.708970">
						<ele>461</ele>
						<time>2026-02-16T11:32:17Z</time>
					</trkpt>
					<trkpt lat="46.440170" lon="4.709100">
						<ele>462</ele>
						<time>2026-02-16T11:32:19Z</time>
					</trkpt>
					<trkpt lat="46.440210" lon="4.709260">
						<ele>463</ele>
						<time>2026-02-16T11:32:21Z</time>
					</trkpt>
					<trkpt lat="46.440300" lon="4.709460">
						<ele>465</ele>
						<time>2026-02-16T11:32:24Z</time>
					</trkpt>
					<trkpt lat="46.440390" lon="4.709580">
						<ele>465</ele>
						<time>2026-02-16T11:32:26Z</time>
					</trkpt>
					<trkpt lat="46.440570" lon="4.709750">
						<ele>464</ele>
						<time>2026-02-16T11:32:30Z</time>
					</trkpt>
					<trkpt lat="46.441340" lon="4.710460">
						<ele>468</ele>
						<time>2026-02-16T11:32:46Z</time>
					</trkpt>
					<trkpt lat="46.441730" lon="4.710870">
						<ele>470</ele>
						<time>2026-02-16T11:32:55Z</time>
					</trkpt>
					<trkpt lat="46.442020" lon="4.711220">
						<ele>474</ele>
						<time>2026-02-16T11:33:01Z</time>
					</trkpt>
					<trkpt lat="46.442260" lon="4.711550">
						<ele>477</ele>
						<time>2026-02-16T11:33:07Z</time>
					</trkpt>
					<trkpt lat="46.442630" lon="4.712020">
						<ele>480</ele>
						<time>2026-02-16T11:33:16Z</time>
					</trkpt>
					<trkpt lat="46.442790" lon="4.712290">
						<ele>484</ele>
						<time>2026-02-16T11:33:20Z</time>
					</trkpt>
					<trkpt lat="46.442960" lon="4.712580">
						<ele>485</ele>
						<time>2026-02-16T11:33:25Z</time>
					</trkpt>
					<trkpt lat="46.443300" lon="4.713380">
						<ele>489</ele>
						<time>2026-02-16T11:33:36Z</time>
					</trkpt>
					<trkpt lat="46.443540" lon="4.713960">
						<ele>490</ele>
						<time>2026-02-16T11:33:45Z</time>
					</trkpt>
					<trkpt lat="46.443730" lon="4.714330">
						<ele>489</ele>
						<time>2026-02-16T11:33:50Z</time>
					</trkpt>
					<trkpt lat="46.443950" lon="4.714720">
						<ele>486</ele>
						<time>2026-02-16T11:33:57Z</time>
					</trkpt>
					<trkpt lat="46.445050" lon="4.716580">
						<ele>475</ele>
						<time>2026-02-16T11:34:27Z</time>
					</trkpt>
					<trkpt lat="46.445270" lon="4.716890">
						<ele>472</ele>
						<time>2026-02-16T11:34:32Z</time>
					</trkpt>
					<trkpt lat="46.445570" lon="4.717210">
						<ele>470</ele>
						<time>2026-02-16T11:34:39Z</time>
					</trkpt>
					<trkpt lat="46.445920" lon="4.717510">
						<ele>468</ele>
						<time>2026-02-16T11:34:46Z</time>
					</trkpt>
					<trkpt lat="46.446360" lon="4.717840">
						<ele>465</ele>
						<time>2026-02-16T11:34:55Z</time>
					</trkpt>
					<trkpt lat="46.446600" lon="4.718010">
						<ele>464</ele>
						<time>2026-02-16T11:35:00Z</time>
					</trkpt>
					<trkpt lat="46.446760" lon="4.718100">
						<ele>462</ele>
						<time>2026-02-16T11:35:03Z</time>
					</trkpt>
					<trkpt lat="46.447240" lon="4.718290">
						<ele>459</ele>
						<time>2026-02-16T11:35:11Z</time>
					</trkpt>
					<trkpt lat="46.447590" lon="4.718320">
						<ele>458</ele>
						<time>2026-02-16T11:35:18Z</time>
					</trkpt>
					<trkpt lat="46.448460" lon="4.718240">
						<ele>456</ele>
						<time>2026-02-16T11:35:33Z</time>
					</trkpt>
					<trkpt lat="46.448610" lon="4.718200">
						<ele>455</ele>
						<time>2026-02-16T11:35:36Z</time>
					</trkpt>
					<trkpt lat="46.448730" lon="4.718170">
						<ele>455</ele>
						<time>2026-02-16T11:35:38Z</time>
					</trkpt>
					<trkpt lat="46.448910" lon="4.718050">
						<ele>456</ele>
						<time>2026-02-16T11:35:42Z</time>
					</trkpt>
					<trkpt lat="46.449000" lon="4.717940">
						<ele>456</ele>
						<time>2026-02-16T11:35:44Z</time>
					</trkpt>
					<trkpt lat="46.449160" lon="4.717690">
						<ele>457</ele>
						<time>2026-02-16T11:35:48Z</time>
					</trkpt>
					<trkpt lat="46.449280" lon="4.717540">
						<ele>457</ele>
						<time>2026-02-16T11:35:51Z</time>
					</trkpt>
					<trkpt lat="46.449420" lon="4.717420">
						<ele>456</ele>
						<time>2026-02-16T11:35:54Z</time>
					</trkpt>
					<trkpt lat="46.449560" lon="4.717360">
						<ele>456</ele>
						<time>2026-02-16T11:35:56Z</time>
					</trkpt>
					<trkpt lat="46.450450" lon="4.717250">
						<ele>454</ele>
						<time>2026-02-16T11:36:12Z</time>
					</trkpt>
					<trkpt lat="46.450670" lon="4.717250">
						<ele>454</ele>
						<time>2026-02-16T11:36:16Z</time>
					</trkpt>
					<trkpt lat="46.450830" lon="4.717290">
						<ele>453</ele>
						<time>2026-02-16T11:36:19Z</time>
					</trkpt>
					<trkpt lat="46.451950" lon="4.717760">
						<ele>448</ele>
						<time>2026-02-16T11:36:40Z</time>
					</trkpt>
					<trkpt lat="46.452970" lon="4.718270">
						<ele>440</ele>
						<time>2026-02-16T11:36:59Z</time>
					</trkpt>
					<trkpt lat="46.453120" lon="4.718340">
						<ele>439</ele>
						<time>2026-02-16T11:37:02Z</time>
					</trkpt>
					<trkpt lat="46.453230" lon="4.718420">
						<ele>439</ele>
						<time>2026-02-16T11:37:04Z</time>
					</trkpt>
					<trkpt lat="46.453360" lon="4.718540">
						<ele>438</ele>
						<time>2026-02-16T11:37:07Z</time>
					</trkpt>
					<trkpt lat="46.453490" lon="4.718700">
						<ele>437</ele>
						<time>2026-02-16T11:37:10Z</time>
					</trkpt>
					<trkpt lat="46.453600" lon="4.718840">
						<ele>435</ele>
						<time>2026-02-16T11:37:12Z</time>
					</trkpt>
					<trkpt lat="46.453680" lon="4.718960">
						<ele>434</ele>
						<time>2026-02-16T11:37:14Z</time>
					</trkpt>
					<trkpt lat="46.453750" lon="4.719100">
						<ele>432</ele>
						<time>2026-02-16T11:37:16Z</time>
					</trkpt>
					<trkpt lat="46.453820" lon="4.719270">
						<ele>431</ele>
						<time>2026-02-16T11:37:19Z</time>
					</trkpt>
					<trkpt lat="46.453860" lon="4.719410">
						<ele>430</ele>
						<time>2026-02-16T11:37:21Z</time>
					</trkpt>
					<trkpt lat="46.453920" lon="4.719720">
						<ele>428</ele>
						<time>2026-02-16T11:37:25Z</time>
					</trkpt>
					<trkpt lat="46.453950" lon="4.720060">
						<ele>426</ele>
						<time>2026-02-16T11:37:29Z</time>
					</trkpt>
					<trkpt lat="46.453980" lon="4.720180">
						<ele>425</ele>
						<time>2026-02-16T11:37:30Z</time>
					</trkpt>
					<trkpt lat="46.454010" lon="4.720280">
						<ele>425</ele>
						<time>2026-02-16T11:37:32Z</time>
					</trkpt>
					<trkpt lat="46.454050" lon="4.720370">
						<ele>424</ele>
						<time>2026-02-16T11:37:33Z</time>
					</trkpt>
					<trkpt lat="46.454100" lon="4.720450">
						<ele>424</ele>
						<time>2026-02-16T11:37:34Z</time>
					</trkpt>
					<trkpt lat="46.454490" lon="4.720910">
						<ele>423</ele>
						<time>2026-02-16T11:37:43Z</time>
					</trkpt>
					<trkpt lat="46.455110" lon="4.721700">
						<ele>418</ele>
						<time>2026-02-16T11:37:58Z</time>
					</trkpt>
					<trkpt lat="46.455230" lon="4.721820">
						<ele>417</ele>
						<time>2026-02-16T11:38:01Z</time>
					</trkpt>
					<trkpt lat="46.455320" lon="4.721890">
						<ele>416</ele>
						<time>2026-02-16T11:38:02Z</time>
					</trkpt>
					<trkpt lat="46.455420" lon="4.721950">
						<ele>416</ele>
						<time>2026-02-16T11:38:04Z</time>
					</trkpt>
					<trkpt lat="46.455520" lon="4.721990">
						<ele>415</ele>
						<time>2026-02-16T11:38:06Z</time>
					</trkpt>
					<trkpt lat="46.455630" lon="4.722010">
						<ele>415</ele>
						<time>2026-02-16T11:38:08Z</time>
					</trkpt>
					<trkpt lat="46.455720" lon="4.722010">
						<ele>415</ele>
						<time>2026-02-16T11:38:10Z</time>
					</trkpt>
					<trkpt lat="46.455810" lon="4.721990">
						<ele>415</ele>
						<time>2026-02-16T11:38:11Z</time>
					</trkpt>
					<trkpt lat="46.455930" lon="4.721950">
						<ele>416</ele>
						<time>2026-02-16T11:38:14Z</time>
					</trkpt>
					<trkpt lat="46.456700" lon="4.721480">
						<ele>417</ele>
						<time>2026-02-16T11:38:28Z</time>
					</trkpt>
					<trkpt lat="46.456800" lon="4.721450">
						<ele>418</ele>
						<time>2026-02-16T11:38:30Z</time>
					</trkpt>
					<trkpt lat="46.456890" lon="4.721460">
						<ele>418</ele>
						<time>2026-02-16T11:38:32Z</time>
					</trkpt>
					<trkpt lat="46.456970" lon="4.721520">
						<ele>418</ele>
						<time>2026-02-16T11:38:33Z</time>
					</trkpt>
					<trkpt lat="46.457030" lon="4.721600">
						<ele>418</ele>
						<time>2026-02-16T11:38:35Z</time>
					</trkpt>
					<trkpt lat="46.457060" lon="4.721700">
						<ele>417</ele>
						<time>2026-02-16T11:38:36Z</time>
					</trkpt>
					<trkpt lat="46.457110" lon="4.721710">
						<ele>418</ele>
						<time>2026-02-16T11:38:37Z</time>
					</trkpt>
					<trkpt lat="46.457140" lon="4.721730">
						<ele>418</ele>
						<time>2026-02-16T11:38:38Z</time>
					</trkpt>
					<trkpt lat="46.457170" lon="4.721780">
						<ele>418</ele>
						<time>2026-02-16T11:38:38Z</time>
					</trkpt>
					<trkpt lat="46.457170" lon="4.721920">
						<ele>419</ele>
						<time>2026-02-16T11:38:40Z</time>
					</trkpt>
					<trkpt lat="46.457120" lon="4.722080">
						<ele>419</ele>
						<time>2026-02-16T11:38:42Z</time>
					</trkpt>
					<trkpt lat="46.457080" lon="4.722230">
						<ele>418</ele>
						<time>2026-02-16T11:38:44Z</time>
					</trkpt>
					<trkpt lat="46.456890" lon="4.722900">
						<ele>414</ele>
						<time>2026-02-16T11:38:53Z</time>
					</trkpt>
					<trkpt lat="46.456870" lon="4.723100">
						<ele>413</ele>
						<time>2026-02-16T11:38:56Z</time>
					</trkpt>
					<trkpt lat="46.456930" lon="4.723300">
						<ele>414</ele>
						<time>2026-02-16T11:38:58Z</time>
					</trkpt>
					<trkpt lat="46.457030" lon="4.723450">
						<ele>416</ele>
						<time>2026-02-16T11:39:01Z</time>
					</trkpt>
					<trkpt lat="46.457650" lon="4.724050">
						<ele>423</ele>
						<time>2026-02-16T11:39:14Z</time>
					</trkpt>
					<trkpt lat="46.457880" lon="4.724290">
						<ele>425</ele>
						<time>2026-02-16T11:39:19Z</time>
					</trkpt>
					<trkpt lat="46.457920" lon="4.724330">
						<ele>426</ele>
						<time>2026-02-16T11:39:20Z</time>
					</trkpt>
					<trkpt lat="46.458140" lon="4.724610">
						<ele>427</ele>
						<time>2026-02-16T11:39:25Z</time>
					</trkpt>
					<trkpt lat="46.458320" lon="4.724880">
						<ele>427</ele>
						<time>2026-02-16T11:39:30Z</time>
					</trkpt>
					<trkpt lat="46.458410" lon="4.725020">
						<ele>427</ele>
						<time>2026-02-16T11:39:32Z</time>
					</trkpt>
					<trkpt lat="46.458490" lon="4.725200">
						<ele>428</ele>
						<time>2026-02-16T11:39:35Z</time>
					</trkpt>
					<trkpt lat="46.458730" lon="4.725840">
						<ele>430</ele>
						<time>2026-02-16T11:39:44Z</time>
					</trkpt>
					<trkpt lat="46.458770" lon="4.725990">
						<ele>430</ele>
						<time>2026-02-16T11:39:46Z</time>
					</trkpt>
					<trkpt lat="46.458810" lon="4.726150">
						<ele>430</ele>
						<time>2026-02-16T11:39:48Z</time>
					</trkpt>
					<trkpt lat="46.458830" lon="4.726320">
						<ele>430</ele>
						<time>2026-02-16T11:39:50Z</time>
					</trkpt>
					<trkpt lat="46.458880" lon="4.726790">
						<ele>430</ele>
						<time>2026-02-16T11:39:56Z</time>
					</trkpt>
					<trkpt lat="46.458910" lon="4.726940">
						<ele>430</ele>
						<time>2026-02-16T11:39:58Z</time>
					</trkpt>
					<trkpt lat="46.458940" lon="4.727050">
						<ele>430</ele>
						<time>2026-02-16T11:39:59Z</time>
					</trkpt>
					<trkpt lat="46.458970" lon="4.727090">
						<ele>430</ele>
						<time>2026-02-16T11:40:00Z</time>
					</trkpt>
					<trkpt lat="46.458990" lon="4.727130">
						<ele>430</ele>
						<time>2026-02-16T11:40:00Z</time>
					</trkpt>
					<trkpt lat="46.459080" lon="4.727240">
						<ele>431</ele>
						<time>2026-02-16T11:40:03Z</time>
					</trkpt>
					<trkpt lat="46.459430" lon="4.727510">
						<ele>435</ele>
						<time>2026-02-16T11:40:10Z</time>
					</trkpt>
					<trkpt lat="46.459600" lon="4.727640">
						<ele>437</ele>
						<time>2026-02-16T11:40:13Z</time>
					</trkpt>
					<trkpt lat="46.459730" lon="4.727770">
						<ele>439</ele>
						<time>2026-02-16T11:40:16Z</time>
					</trkpt>
					<trkpt lat="46.459850" lon="4.727910">
						<ele>440</ele>
						<time>2026-02-16T11:40:19Z</time>
					</trkpt>
					<trkpt lat="46.460010" lon="4.728140">
						<ele>441</ele>
						<time>2026-02-16T11:40:23Z</time>
					</trkpt>
					<trkpt lat="46.460210" lon="4.728490">
						<ele>442</ele>
						<time>2026-02-16T11:40:28Z</time>
					</trkpt>
					<trkpt lat="46.460260" lon="4.728650">
						<ele>442</ele>
						<time>2026-02-16T11:40:30Z</time>
					</trkpt>
					<trkpt lat="46.460300" lon="4.728830">
						<ele>442</ele>
						<time>2026-02-16T11:40:33Z</time>
					</trkpt>
					<trkpt lat="46.460360" lon="4.729380">
						<ele>443</ele>
						<time>2026-02-16T11:40:39Z</time>
					</trkpt>
					<trkpt lat="46.460380" lon="4.729650">
						<ele>444</ele>
						<time>2026-02-16T11:40:43Z</time>
					</trkpt>
					<trkpt lat="46.460430" lon="4.729920">
						<ele>445</ele>
						<time>2026-02-16T11:40:46Z</time>
					</trkpt>
					<trkpt lat="46.460480" lon="4.730040">
						<ele>446</ele>
						<time>2026-02-16T11:40:48Z</time>
					</trkpt>
					<trkpt lat="46.460530" lon="4.730170">
						<ele>446</ele>
						<time>2026-02-16T11:40:50Z</time>
					</trkpt>
					<trkpt lat="46.460600" lon="4.730290">
						<ele>447</ele>
						<time>2026-02-16T11:40:52Z</time>
					</trkpt>
					<trkpt lat="46.460680" lon="4.730420">
						<ele>448</ele>
						<time>2026-02-16T11:40:54Z</time>
					</trkpt>
					<trkpt lat="46.461270" lon="4.731220">
						<ele>449</ele>
						<time>2026-02-16T11:41:08Z</time>
					</trkpt>
					<trkpt lat="46.461340" lon="4.731310">
						<ele>448</ele>
						<time>2026-02-16T11:41:10Z</time>
					</trkpt>
					<trkpt lat="46.461390" lon="4.731350">
						<ele>448</ele>
						<time>2026-02-16T11:41:11Z</time>
					</trkpt>
					<trkpt lat="46.461500" lon="4.731400">
						<ele>448</ele>
						<time>2026-02-16T11:41:13Z</time>
					</trkpt>
					<trkpt lat="46.461600" lon="4.731410">
						<ele>449</ele>
						<time>2026-02-16T11:41:15Z</time>
					</trkpt>
					<trkpt lat="46.461710" lon="4.731400">
						<ele>448</ele>
						<time>2026-02-16T11:41:17Z</time>
					</trkpt>
					<trkpt lat="46.461980" lon="4.731260">
						<ele>446</ele>
						<time>2026-02-16T11:41:22Z</time>
					</trkpt>
					<trkpt lat="46.462080" lon="4.731190">
						<ele>445</ele>
						<time>2026-02-16T11:41:24Z</time>
					</trkpt>
					<trkpt lat="46.462160" lon="4.731090">
						<ele>445</ele>
						<time>2026-02-16T11:41:26Z</time>
					</trkpt>
					<trkpt lat="46.462240" lon="4.730940">
						<ele>444</ele>
						<time>2026-02-16T11:41:28Z</time>
					</trkpt>
					<trkpt lat="46.462320" lon="4.730830">
						<ele>444</ele>
						<time>2026-02-16T11:41:30Z</time>
					</trkpt>
					<trkpt lat="46.462420" lon="4.730720">
						<ele>444</ele>
						<time>2026-02-16T11:41:32Z</time>
					</trkpt>
					<trkpt lat="46.462520" lon="4.730650">
						<ele>443</ele>
						<time>2026-02-16T11:41:34Z</time>
					</trkpt>
					<trkpt lat="46.462630" lon="4.730610">
						<ele>442</ele>
						<time>2026-02-16T11:41:36Z</time>
					</trkpt>
					<trkpt lat="46.462910" lon="4.730520">
						<ele>438</ele>
						<time>2026-02-16T11:41:41Z</time>
					</trkpt>
					<trkpt lat="46.463200" lon="4.730440">
						<ele>435</ele>
						<time>2026-02-16T11:41:47Z</time>
					</trkpt>
					<trkpt lat="46.463360" lon="4.730380">
						<ele>433</ele>
						<time>2026-02-16T11:41:49Z</time>
					</trkpt>
					<trkpt lat="46.463460" lon="4.730330">
						<ele>432</ele>
						<time>2026-02-16T11:41:51Z</time>
					</trkpt>
					<trkpt lat="46.463550" lon="4.730260">
						<ele>431</ele>
						<time>2026-02-16T11:41:53Z</time>
					</trkpt>
					<trkpt lat="46.463650" lon="4.730180">
						<ele>431</ele>
						<time>2026-02-16T11:41:55Z</time>
					</trkpt>
					<trkpt lat="46.463690" lon="4.730100">
						<ele>430</ele>
						<time>2026-02-16T11:41:56Z</time>
					</trkpt>
					<trkpt lat="46.463720" lon="4.730040">
						<ele>430</ele>
						<time>2026-02-16T11:41:57Z</time>
					</trkpt>
					<trkpt lat="46.463740" lon="4.729940">
						<ele>430</ele>
						<time>2026-02-16T11:41:59Z</time>
					</trkpt>
					<trkpt lat="46.463760" lon="4.729820">
						<ele>430</ele>
						<time>2026-02-16T11:42:00Z</time>
					</trkpt>
					<trkpt lat="46.463760" lon="4.729560">
						<ele>430</ele>
						<time>2026-02-16T11:42:03Z</time>
					</trkpt>
					<trkpt lat="46.463770" lon="4.729480">
						<ele>430</ele>
						<time>2026-02-16T11:42:04Z</time>
					</trkpt>
					<trkpt lat="46.463790" lon="4.729350">
						<ele>430</ele>
						<time>2026-02-16T11:42:06Z</time>
					</trkpt>
					<trkpt lat="46.463840" lon="4.729220">
						<ele>429</ele>
						<time>2026-02-16T11:42:08Z</time>
					</trkpt>
					<trkpt lat="46.463910" lon="4.729140">
						<ele>428</ele>
						<time>2026-02-16T11:42:09Z</time>
					</trkpt>
					<trkpt lat="46.463980" lon="4.729100">
						<ele>427</ele>
						<time>2026-02-16T11:42:11Z</time>
					</trkpt>
					<trkpt lat="46.464080" lon="4.729100">
						<ele>426</ele>
						<time>2026-02-16T11:42:12Z</time>
					</trkpt>
					<trkpt lat="46.464180" lon="4.729140">
						<ele>424</ele>
						<time>2026-02-16T11:42:14Z</time>
					</trkpt>
					<trkpt lat="46.465230" lon="4.729700">
						<ele>417</ele>
						<time>2026-02-16T11:42:34Z</time>
					</trkpt>
					<trkpt lat="46.465730" lon="4.729950">
						<ele>415</ele>
						<time>2026-02-16T11:42:44Z</time>
					</trkpt>
					<trkpt lat="46.465930" lon="4.730070">
						<ele>414</ele>
						<time>2026-02-16T11:42:47Z</time>
					</trkpt>
					<trkpt lat="46.466100" lon="4.730200">
						<ele>413</ele>
						<time>2026-02-16T11:42:51Z</time>
					</trkpt>
					<trkpt lat="46.466320" lon="4.730380">
						<ele>411</ele>
						<time>2026-02-16T11:42:55Z</time>
					</trkpt>
					<trkpt lat="46.466440" lon="4.730450">
						<ele>409</ele>
						<time>2026-02-16T11:42:58Z</time>
					</trkpt>
					<trkpt lat="46.466550" lon="4.730490">
						<ele>409</ele>
						<time>2026-02-16T11:43:00Z</time>
					</trkpt>
					<trkpt lat="46.466900" lon="4.730570">
						<ele>407</ele>
						<time>2026-02-16T11:43:06Z</time>
					</trkpt>
					<trkpt lat="46.467240" lon="4.730690">
						<ele>405</ele>
						<time>2026-02-16T11:43:12Z</time>
					</trkpt>
					<trkpt lat="46.467410" lon="4.730770">
						<ele>404</ele>
						<time>2026-02-16T11:43:15Z</time>
					</trkpt>
					<trkpt lat="46.467520" lon="4.730860">
						<ele>403</ele>
						<time>2026-02-16T11:43:18Z</time>
					</trkpt>
					<trkpt lat="46.467610" lon="4.730950">
						<ele>402</ele>
						<time>2026-02-16T11:43:20Z</time>
					</trkpt>
					<trkpt lat="46.467850" lon="4.731250">
						<ele>399</ele>
						<time>2026-02-16T11:43:25Z</time>
					</trkpt>
					<trkpt lat="46.468040" lon="4.731440">
						<ele>397</ele>
						<time>2026-02-16T11:43:29Z</time>
					</trkpt>
					<trkpt lat="46.468260" lon="4.731610">
						<ele>395</ele>
						<time>2026-02-16T11:43:34Z</time>
					</trkpt>
					<trkpt lat="46.468450" lon="4.731710">
						<ele>393</ele>
						<time>2026-02-16T11:43:37Z</time>
					</trkpt>
					<trkpt lat="46.468630" lon="4.731790">
						<ele>391</ele>
						<time>2026-02-16T11:43:41Z</time>
					</trkpt>
					<trkpt lat="46.468730" lon="4.731820">
						<ele>390</ele>
						<time>2026-02-16T11:43:43Z</time>
					</trkpt>
					<trkpt lat="46.468910" lon="4.731820">
						<ele>389</ele>
						<time>2026-02-16T11:43:46Z</time>
					</trkpt>
					<trkpt lat="46.469110" lon="4.731760">
						<ele>388</ele>
						<time>2026-02-16T11:43:49Z</time>
					</trkpt>
					<trkpt lat="46.469190" lon="4.731770">
						<ele>388</ele>
						<time>2026-02-16T11:43:51Z</time>
					</trkpt>
					<trkpt lat="46.469280" lon="4.731810">
						<ele>387</ele>
						<time>2026-02-16T11:43:52Z</time>
					</trkpt>
					<trkpt lat="46.469640" lon="4.732100">
						<ele>382</ele>
						<time>2026-02-16T11:44:00Z</time>
					</trkpt>
					<trkpt lat="46.469770" lon="4.732140">
						<ele>381</ele>
						<time>2026-02-16T11:44:02Z</time>
					</trkpt>
					<trkpt lat="46.469870" lon="4.732160">
						<ele>380</ele>
						<time>2026-02-16T11:44:04Z</time>
					</trkpt>
					<trkpt lat="46.470050" lon="4.732130">
						<ele>380</ele>
						<time>2026-02-16T11:44:07Z</time>
					</trkpt>
					<trkpt lat="46.470180" lon="4.732050">
						<ele>382</ele>
						<time>2026-02-16T11:44:10Z</time>
					</trkpt>
					<trkpt lat="46.470290" lon="4.731940">
						<ele>383</ele>
						<time>2026-02-16T11:44:12Z</time>
					</trkpt>
					<trkpt lat="46.470340" lon="4.731910">
						<ele>384</ele>
						<time>2026-02-16T11:44:13Z</time>
					</trkpt>
					<trkpt lat="46.470390" lon="4.731900">
						<ele>384</ele>
						<time>2026-02-16T11:44:14Z</time>
					</trkpt>
					<trkpt lat="46.470450" lon="4.731910">
						<ele>384</ele>
						<time>2026-02-16T11:44:15Z</time>
					</trkpt>
					<trkpt lat="46.470500" lon="4.731930">
						<ele>384</ele>
						<time>2026-02-16T11:44:16Z</time>
					</trkpt>
					<trkpt lat="46.470560" lon="4.731980">
						<ele>384</ele>
						<time>2026-02-16T11:44:17Z</time>
					</trkpt>
					<trkpt lat="46.470620" lon="4.732060">
						<ele>383</ele>
						<time>2026-02-16T11:44:19Z</time>
					</trkpt>
					<trkpt lat="46.470790" lon="4.732420">
						<ele>379</ele>
						<time>2026-02-16T11:44:24Z</time>
					</trkpt>
					<trkpt lat="46.470930" lon="4.732610">
						<ele>377</ele>
						<time>2026-02-16T11:44:27Z</time>
					</trkpt>
					<trkpt lat="46.471050" lon="4.732730">
						<ele>375</ele>
						<time>2026-02-16T11:44:30Z</time>
					</trkpt>
					<trkpt lat="46.471160" lon="4.732800">
						<ele>374</ele>
						<time>2026-02-16T11:44:32Z</time>
					</trkpt>
					<trkpt lat="46.471640" lon="4.733030">
						<ele>371</ele>
						<time>2026-02-16T11:44:41Z</time>
					</trkpt>
					<trkpt lat="46.471870" lon="4.733120">
						<ele>368</ele>
						<time>2026-02-16T11:44:45Z</time>
					</trkpt>
					<trkpt lat="46.472040" lon="4.733150">
						<ele>367</ele>
						<time>2026-02-16T11:44:48Z</time>
					</trkpt>
					<trkpt lat="46.472200" lon="4.733160">
						<ele>365</ele>
						<time>2026-02-16T11:44:51Z</time>
					</trkpt>
					<trkpt lat="46.472310" lon="4.733140">
						<ele>365</ele>
						<time>2026-02-16T11:44:53Z</time>
					</trkpt>
					<trkpt lat="46.472420" lon="4.733100">
						<ele>364</ele>
						<time>2026-02-16T11:44:55Z</time>
					</trkpt>
					<trkpt lat="46.472560" lon="4.733000">
						<ele>364</ele>
						<time>2026-02-16T11:44:58Z</time>
					</trkpt>
					<trkpt lat="46.472690" lon="4.732860">
						<ele>363</ele>
						<time>2026-02-16T11:45:01Z</time>
					</trkpt>
					<trkpt lat="46.472980" lon="4.732470">
						<ele>363</ele>
						<time>2026-02-16T11:45:08Z</time>
					</trkpt>
					<trkpt lat="46.473110" lon="4.732350">
						<ele>363</ele>
						<time>2026-02-16T11:45:11Z</time>
					</trkpt>
					<trkpt lat="46.473170" lon="4.732310">
						<ele>363</ele>
						<time>2026-02-16T11:45:12Z</time>
					</trkpt>
					<trkpt lat="46.473230" lon="4.732300">
						<ele>362</ele>
						<time>2026-02-16T11:45:13Z</time>
					</trkpt>
					<trkpt lat="46.473320" lon="4.732300">
						<ele>362</ele>
						<time>2026-02-16T11:45:14Z</time>
					</trkpt>
					<trkpt lat="46.473420" lon="4.732340">
						<ele>362</ele>
						<time>2026-02-16T11:45:16Z</time>
					</trkpt>
					<trkpt lat="46.473490" lon="4.732390">
						<ele>361</ele>
						<time>2026-02-16T11:45:18Z</time>
					</trkpt>
					<trkpt lat="46.473560" lon="4.732490">
						<ele>360</ele>
						<time>2026-02-16T11:45:19Z</time>
					</trkpt>
					<trkpt lat="46.473660" lon="4.732710">
						<ele>360</ele>
						<time>2026-02-16T11:45:23Z</time>
					</trkpt>
					<trkpt lat="46.473720" lon="4.732890">
						<ele>359</ele>
						<time>2026-02-16T11:45:25Z</time>
					</trkpt>
					<trkpt lat="46.473770" lon="4.733100">
						<ele>357</ele>
						<time>2026-02-16T11:45:28Z</time>
					</trkpt>
					<trkpt lat="46.473780" lon="4.733180">
						<ele>357</ele>
						<time>2026-02-16T11:45:29Z</time>
					</trkpt>
					<trkpt lat="46.473790" lon="4.733360">
						<ele>355</ele>
						<time>2026-02-16T11:45:31Z</time>
					</trkpt>
					<trkpt lat="46.473900" lon="4.733520">
						<ele>355</ele>
						<time>2026-02-16T11:45:34Z</time>
					</trkpt>
					<trkpt lat="46.474030" lon="4.733710">
						<ele>354</ele>
						<time>2026-02-16T11:45:37Z</time>
					</trkpt>
					<trkpt lat="46.474280" lon="4.734090">
						<ele>352</ele>
						<time>2026-02-16T11:45:44Z</time>
					</trkpt>
					<trkpt lat="46.474590" lon="4.734660">
						<ele>351</ele>
						<time>2026-02-16T11:45:52Z</time>
					</trkpt>
					<trkpt lat="46.474800" lon="4.735080">
						<ele>348</ele>
						<time>2026-02-16T11:45:59Z</time>
					</trkpt>
					<trkpt lat="46.474910" lon="4.735310">
						<ele>347</ele>
						<time>2026-02-16T11:46:02Z</time>
					</trkpt>
					<trkpt lat="46.475190" lon="4.735780">
						<ele>344</ele>
						<time>2026-02-16T11:46:10Z</time>
					</trkpt>
					<trkpt lat="46.475290" lon="4.735980">
						<ele>343</ele>
						<time>2026-02-16T11:46:13Z</time>
					</trkpt>
					<trkpt lat="46.475370" lon="4.736210">
						<ele>342</ele>
						<time>2026-02-16T11:46:16Z</time>
					</trkpt>
					<trkpt lat="46.475470" lon="4.736500">
						<ele>341</ele>
						<time>2026-02-16T11:46:20Z</time>
					</trkpt>
					<trkpt lat="46.475630" lon="4.737000">
						<ele>343</ele>
						<time>2026-02-16T11:46:27Z</time>
					</trkpt>
					<trkpt lat="46.476040" lon="4.738080">
						<ele>350</ele>
						<time>2026-02-16T11:46:42Z</time>
					</trkpt>
					<trkpt lat="46.476090" lon="4.738270">
						<ele>351</ele>
						<time>2026-02-16T11:46:44Z</time>
					</trkpt>
					<trkpt lat="46.476120" lon="4.738420">
						<ele>351</ele>
						<time>2026-02-16T11:46:46Z</time>
					</trkpt>
					<trkpt lat="46.476120" lon="4.738530">
						<ele>352</ele>
						<time>2026-02-16T11:46:48Z</time>
					</trkpt>
					<trkpt lat="46.476070" lon="4.739300">
						<ele>359</ele>
						<time>2026-02-16T11:46:57Z</time>
					</trkpt>
					<trkpt lat="46.476070" lon="4.739520">
						<ele>360</ele>
						<time>2026-02-16T11:47:00Z</time>
					</trkpt>
					<trkpt lat="46.476080" lon="4.739760">
						<ele>362</ele>
						<time>2026-02-16T11:47:03Z</time>
					</trkpt>
					<trkpt lat="46.476150" lon="4.741120">
						<ele>370</ele>
						<time>2026-02-16T11:47:19Z</time>
					</trkpt>
					<trkpt lat="46.476140" lon="4.741420">
						<ele>372</ele>
						<time>2026-02-16T11:47:23Z</time>
					</trkpt>
					<trkpt lat="46.476090" lon="4.741750">
						<ele>375</ele>
						<time>2026-02-16T11:47:27Z</time>
					</trkpt>
					<trkpt lat="46.476080" lon="4.741880">
						<ele>376</ele>
						<time>2026-02-16T11:47:29Z</time>
					</trkpt>
					<trkpt lat="46.476090" lon="4.742080">
						<ele>376</ele>
						<time>2026-02-16T11:47:31Z</time>
					</trkpt>
					<trkpt lat="46.476100" lon="4.742180">
						<ele>377</ele>
						<time>2026-02-16T11:47:33Z</time>
					</trkpt>
					<trkpt lat="46.476140" lon="4.742320">
						<ele>377</ele>
						<time>2026-02-16T11:47:34Z</time>
					</trkpt>
					<trkpt lat="46.476210" lon="4.742490">
						<ele>377</ele>
						<time>2026-02-16T11:47:37Z</time>
					</trkpt>
					<trkpt lat="46.476440" lon="4.742900">
						<ele>379</ele>
						<time>2026-02-16T11:47:43Z</time>
					</trkpt>
					<trkpt lat="46.476550" lon="4.743080">
						<ele>381</ele>
						<time>2026-02-16T11:47:46Z</time>
					</trkpt>
					<trkpt lat="46.476700" lon="4.743440">
						<ele>384</ele>
						<time>2026-02-16T11:47:51Z</time>
					</trkpt>
					<trkpt lat="46.476750" lon="4.743520">
						<ele>385</ele>
						<time>2026-02-16T11:47:53Z</time>
					</trkpt>
					<trkpt lat="46.476800" lon="4.743580">
						<ele>385</ele>
						<time>2026-02-16T11:47:54Z</time>
					</trkpt>
					<trkpt lat="46.476860" lon="4.743630">
						<ele>385</ele>
						<time>2026-02-16T11:47:55Z</time>
					</trkpt>
					<trkpt lat="46.476990" lon="4.743690">
						<ele>386</ele>
						<time>2026-02-16T11:47:58Z</time>
					</trkpt>
					<trkpt lat="46.478880" lon="4.744240">
						<ele>394</ele>
						<time>2026-02-16T11:48:32Z</time>
					</trkpt>
					<trkpt lat="46.479050" lon="4.744310">
						<ele>395</ele>
						<time>2026-02-16T11:48:35Z</time>
					</trkpt>
					<trkpt lat="46.479150" lon="4.744370">
						<ele>395</ele>
						<time>2026-02-16T11:48:37Z</time>
					</trkpt>
					<trkpt lat="46.479330" lon="4.744470">
						<ele>396</ele>
						<time>2026-02-16T11:48:40Z</time>
					</trkpt>
					<trkpt lat="46.479430" lon="4.744510">
						<ele>396</ele>
						<time>2026-02-16T11:48:42Z</time>
					</trkpt>
					<trkpt lat="46.479900" lon="4.744690">
						<ele>397</ele>
						<time>2026-02-16T11:48:51Z</time>
					</trkpt>
					<trkpt lat="46.480060" lon="4.744790">
						<ele>398</ele>
						<time>2026-02-16T11:48:54Z</time>
					</trkpt>
					<trkpt lat="46.480650" lon="4.745280">
						<ele>402</ele>
						<time>2026-02-16T11:49:06Z</time>
					</trkpt>
					<trkpt lat="46.481090" lon="4.745630">
						<ele>404</ele>
						<time>2026-02-16T11:49:15Z</time>
					</trkpt>
					<trkpt lat="46.481340" lon="4.745840">
						<ele>406</ele>
						<time>2026-02-16T11:49:20Z</time>
					</trkpt>
					<trkpt lat="46.481460" lon="4.745920">
						<ele>407</ele>
						<time>2026-02-16T11:49:22Z</time>
					</trkpt>
					<trkpt lat="46.481560" lon="4.745970">
						<ele>407</ele>
						<time>2026-02-16T11:49:24Z</time>
					</trkpt>
					<trkpt lat="46.482260" lon="4.746230">
						<ele>411</ele>
						<time>2026-02-16T11:49:37Z</time>
					</trkpt>
					<trkpt lat="46.482620" lon="4.746390">
						<ele>414</ele>
						<time>2026-02-16T11:49:44Z</time>
					</trkpt>
					<trkpt lat="46.483030" lon="4.746530">
						<ele>417</ele>
						<time>2026-02-16T11:49:51Z</time>
					</trkpt>
					<trkpt lat="46.483320" lon="4.746640">
						<ele>420</ele>
						<time>2026-02-16T11:49:57Z</time>
					</trkpt>
					<trkpt lat="46.483740" lon="4.746780">
						<ele>422</ele>
						<time>2026-02-16T11:50:04Z</time>
					</trkpt>
					<trkpt lat="46.484180" lon="4.746950">
						<ele>423</ele>
						<time>2026-02-16T11:50:13Z</time>
					</trkpt>
					<trkpt lat="46.484240" lon="4.746980">
						<ele>423</ele>
						<time>2026-02-16T11:50:14Z</time>
					</trkpt>
					<trkpt lat="46.484330" lon="4.747040">
						<ele>422</ele>
						<time>2026-02-16T11:50:15Z</time>
					</trkpt>
					<trkpt lat="46.484420" lon="4.747130">
						<ele>422</ele>
						<time>2026-02-16T11:50:17Z</time>
					</trkpt>
					<trkpt lat="46.484460" lon="4.747240">
						<ele>422</ele>
						<time>2026-02-16T11:50:19Z</time>
					</trkpt>
					<trkpt lat="46.484500" lon="4.747360">
						<ele>423</ele>
						<time>2026-02-16T11:50:21Z</time>
					</trkpt>
					<trkpt lat="46.484510" lon="4.747460">
						<ele>424</ele>
						<time>2026-02-16T11:50:22Z</time>
					</trkpt>
					<trkpt lat="46.484500" lon="4.747560">
						<ele>425</ele>
						<time>2026-02-16T11:50:23Z</time>
					</trkpt>
					<trkpt lat="46.484480" lon="4.747620">
						<ele>425</ele>
						<time>2026-02-16T11:50:24Z</time>
					</trkpt>
					<trkpt lat="46.484440" lon="4.747680">
						<ele>427</ele>
						<time>2026-02-16T11:50:25Z</time>
					</trkpt>
					<trkpt lat="46.484360" lon="4.747730">
						<ele>428</ele>
						<time>2026-02-16T11:50:26Z</time>
					</trkpt>
					<trkpt lat="46.484070" lon="4.747800">
						<ele>432</ele>
						<time>2026-02-16T11:50:32Z</time>
					</trkpt>
					<trkpt lat="46.483750" lon="4.747890">
						<ele>434</ele>
						<time>2026-02-16T11:50:37Z</time>
					</trkpt>
					<trkpt lat="46.483530" lon="4.747990">
						<ele>436</ele>
						<time>2026-02-16T11:50:42Z</time>
					</trkpt>
					<trkpt lat="46.482730" lon="4.748690">
						<ele>450</ele>
						<time>2026-02-16T11:50:58Z</time>
					</trkpt>
					<trkpt lat="46.482590" lon="4.748790">
						<ele>452</ele>
						<time>2026-02-16T11:51:01Z</time>
					</trkpt>
					<trkpt lat="46.482420" lon="4.748860">
						<ele>453</ele>
						<time>2026-02-16T11:51:04Z</time>
					</trkpt>
					<trkpt lat="46.482060" lon="4.748960">
						<ele>455</ele>
						<time>2026-02-16T11:51:11Z</time>
					</trkpt>
					<trkpt lat="46.481690" lon="4.749140">
						<ele>458</ele>
						<time>2026-02-16T11:51:18Z</time>
					</trkpt>
					<trkpt lat="46.481380" lon="4.749290">
						<ele>461</ele>
						<time>2026-02-16T11:51:23Z</time>
					</trkpt>
					<trkpt lat="46.481060" lon="4.749420">
						<ele>463</ele>
						<time>2026-02-16T11:51:29Z</time>
					</trkpt>
					<trkpt lat="46.480590" lon="4.749700">
						<ele>468</ele>
						<time>2026-02-16T11:51:38Z</time>
					</trkpt>
					<trkpt lat="46.480180" lon="4.749960">
						<ele>472</ele>
						<time>2026-02-16T11:51:46Z</time>
					</trkpt>
					<trkpt lat="46.479900" lon="4.750210">
						<ele>474</ele>
						<time>2026-02-16T11:51:52Z</time>
					</trkpt>
					<trkpt lat="46.479650" lon="4.750470">
						<ele>477</ele>
						<time>2026-02-16T11:51:58Z</time>
					</trkpt>
					<trkpt lat="46.479430" lon="4.750730">
						<ele>479</ele>
						<time>2026-02-16T11:52:03Z</time>
					</trkpt>
					<trkpt lat="46.479300" lon="4.750840">
						<ele>479</ele>
						<time>2026-02-16T11:52:05Z</time>
					</trkpt>
					<trkpt lat="46.478740" lon="4.751220">
						<ele>482</ele>
						<time>2026-02-16T11:52:16Z</time>
					</trkpt>
					<trkpt lat="46.478660" lon="4.751330">
						<ele>484</ele>
						<time>2026-02-16T11:52:18Z</time>
					</trkpt>
					<trkpt lat="46.478610" lon="4.751440">
						<ele>485</ele>
						<time>2026-02-16T11:52:20Z</time>
					</trkpt>
					<trkpt lat="46.478590" lon="4.751580">
						<ele>488</ele>
						<time>2026-02-16T11:52:22Z</time>
					</trkpt>
					<trkpt lat="46.478590" lon="4.751720">
						<ele>490</ele>
						<time>2026-02-16T11:52:23Z</time>
					</trkpt>
					<trkpt lat="46.478640" lon="4.751840">
						<ele>491</ele>
						<time>2026-02-16T11:52:25Z</time>
					</trkpt>
					<trkpt lat="46.478730" lon="4.751940">
						<ele>492</ele>
						<time>2026-02-16T11:52:27Z</time>
					</trkpt>
					<trkpt lat="46.478890" lon="4.752050">
						<ele>492</ele>
						<time>2026-02-16T11:52:30Z</time>
					</trkpt>
					<trkpt lat="46.479110" lon="4.752130">
						<ele>491</ele>
						<time>2026-02-16T11:52:34Z</time>
					</trkpt>
					<trkpt lat="46.479380" lon="4.752190">
						<ele>492</ele>
						<time>2026-02-16T11:52:39Z</time>
					</trkpt>
					<trkpt lat="46.479610" lon="4.752330">
						<ele>493</ele>
						<time>2026-02-16T11:52:44Z</time>
					</trkpt>
					<trkpt lat="46.480100" lon="4.752730">
						<ele>493</ele>
						<time>2026-02-16T11:52:54Z</time>
					</trkpt>
					<trkpt lat="46.480230" lon="4.752890">
						<ele>493</ele>
						<time>2026-02-16T11:52:57Z</time>
					</trkpt>
					<trkpt lat="46.480310" lon="4.753010">
						<ele>493</ele>
						<time>2026-02-16T11:52:59Z</time>
					</trkpt>
					<trkpt lat="46.480410" lon="4.753200">
						<ele>492</ele>
						<time>2026-02-16T11:53:02Z</time>
					</trkpt>
					<trkpt lat="46.480480" lon="4.753410">
						<ele>491</ele>
						<time>2026-02-16T11:53:04Z</time>
					</trkpt>
					<trkpt lat="46.480610" lon="4.753640">
						<ele>489</ele>
						<time>2026-02-16T11:53:08Z</time>
					</trkpt>
					<trkpt lat="46.480860" lon="4.753940">
						<ele>486</ele>
						<time>2026-02-16T11:53:14Z</time>
					</trkpt>
					<trkpt lat="46.481170" lon="4.754260">
						<ele>483</ele>
						<time>2026-02-16T11:53:21Z</time>
					</trkpt>
					<trkpt lat="46.481940" lon="4.755090">
						<ele>471</ele>
						<time>2026-02-16T11:53:38Z</time>
					</trkpt>
					<trkpt lat="46.482670" lon="4.755870">
						<ele>469</ele>
						<time>2026-02-16T11:53:54Z</time>
					</trkpt>
					<trkpt lat="46.484240" lon="4.757500">
						<ele>475</ele>
						<time>2026-02-16T11:54:28Z</time>
					</trkpt>
					<trkpt lat="46.486310" lon="4.759670">
						<ele>469</ele>
						<time>2026-02-16T11:55:14Z</time>
					</trkpt>
					<trkpt lat="46.486900" lon="4.760270">
						<ele>470</ele>
						<time>2026-02-16T11:55:26Z</time>
					</trkpt>
					<trkpt lat="46.487590" lon="4.760980">
						<ele>474</ele>
						<time>2026-02-16T11:55:41Z</time>
					</trkpt>
					<trkpt lat="46.487750" lon="4.761180">
						<ele>474</ele>
						<time>2026-02-16T11:55:45Z</time>
					</trkpt>
					<trkpt lat="46.487800" lon="4.761300">
						<ele>474</ele>
						<time>2026-02-16T11:55:47Z</time>
					</trkpt>
					<trkpt lat="46.487850" lon="4.761420">
						<ele>474</ele>
						<time>2026-02-16T11:55:49Z</time>
					</trkpt>
					<trkpt lat="46.488270" lon="4.762110">
						<ele>476</ele>
						<time>2026-02-16T11:56:00Z</time>
					</trkpt>
					<trkpt lat="46.488380" lon="4.762280">
						<ele>476</ele>
						<time>2026-02-16T11:56:03Z</time>
					</trkpt>
					<trkpt lat="46.488550" lon="4.762400">
						<ele>477</ele>
						<time>2026-02-16T11:56:06Z</time>
					</trkpt>
					<trkpt lat="46.489020" lon="4.762790">
						<ele>478</ele>
						<time>2026-02-16T11:56:16Z</time>
					</trkpt>
					<trkpt lat="46.489750" lon="4.763520">
						<ele>471</ele>
						<time>2026-02-16T11:56:32Z</time>
					</trkpt>
					<trkpt lat="46.490610" lon="4.764290">
						<ele>462</ele>
						<time>2026-02-16T11:56:49Z</time>
					</trkpt>
					<trkpt lat="46.490650" lon="4.764250">
						<ele>462</ele>
						<time>2026-02-16T11:56:50Z</time>
					</trkpt>
					<trkpt lat="46.490610" lon="4.764290">
						<ele>462</ele>
						<time>2026-02-16T11:56:51Z</time>
					</trkpt>
					<trkpt lat="46.490640" lon="4.764430">
						<ele>461</ele>
						<time>2026-02-16T11:56:53Z</time>
					</trkpt>
					<trkpt lat="46.490620" lon="4.764570">
						<ele>460</ele>
						<time>2026-02-16T11:56:55Z</time>
					</trkpt>
					<trkpt lat="46.490350" lon="4.765210">
						<ele>460</ele>
						<time>2026-02-16T11:57:04Z</time>
					</trkpt>
					<trkpt lat="46.490290" lon="4.765370">
						<ele>462</ele>
						<time>2026-02-16T11:57:06Z</time>
					</trkpt>
					<trkpt lat="46.490280" lon="4.765500">
						<ele>464</ele>
						<time>2026-02-16T11:57:08Z</time>
					</trkpt>
					<trkpt lat="46.490310" lon="4.765580">
						<ele>464</ele>
						<time>2026-02-16T11:57:09Z</time>
					</trkpt>
					<trkpt lat="46.490330" lon="4.765630">
						<ele>464</ele>
						<time>2026-02-16T11:57:10Z</time>
					</trkpt>
					<trkpt lat="46.490420" lon="4.765790">
						<ele>463</ele>
						<time>2026-02-16T11:57:12Z</time>
					</trkpt>
					<trkpt lat="46.491890" lon="4.767490">
						<ele>458</ele>
						<time>2026-02-16T11:57:46Z</time>
					</trkpt>
					<trkpt lat="46.492750" lon="4.768580">
						<ele>458</ele>
						<time>2026-02-16T11:58:06Z</time>
					</trkpt>
					<trkpt lat="46.493360" lon="4.769520">
						<ele>460</ele>
						<time>2026-02-16T11:58:22Z</time>
					</trkpt>
					<trkpt lat="46.493340" lon="4.769580">
						<ele>460</ele>
						<time>2026-02-16T11:58:23Z</time>
					</trkpt>
					<trkpt lat="46.493360" lon="4.769520">
						<ele>460</ele>
						<time>2026-02-16T11:58:23Z</time>
					</trkpt>
					<trkpt lat="46.493560" lon="4.769530">
						<ele>458</ele>
						<time>2026-02-16T11:58:27Z</time>
					</trkpt>
					<trkpt lat="46.493740" lon="4.769550">
						<ele>457</ele>
						<time>2026-02-16T11:58:30Z</time>
					</trkpt>
					<trkpt lat="46.494260" lon="4.769750">
						<ele>457</ele>
						<time>2026-02-16T11:58:40Z</time>
					</trkpt>
					<trkpt lat="46.494760" lon="4.769960">
						<ele>458</ele>
						<time>2026-02-16T11:58:49Z</time>
					</trkpt>
					<trkpt lat="46.495360" lon="4.770090">
						<ele>454</ele>
						<time>2026-02-16T11:59:00Z</time>
					</trkpt>
					<trkpt lat="46.496100" lon="4.770370">
						<ele>452</ele>
						<time>2026-02-16T11:59:13Z</time>
					</trkpt>
					<trkpt lat="46.496400" lon="4.770430">
						<ele>451</ele>
						<time>2026-02-16T11:59:19Z</time>
					</trkpt>
					<trkpt lat="46.496700" lon="4.770440">
						<ele>449</ele>
						<time>2026-02-16T11:59:24Z</time>
					</trkpt>
					<trkpt lat="46.497040" lon="4.770360">
						<ele>445</ele>
						<time>2026-02-16T11:59:30Z</time>
					</trkpt>
					<trkpt lat="46.497420" lon="4.770230">
						<ele>441</ele>
						<time>2026-02-16T11:59:37Z</time>
					</trkpt>
					<trkpt lat="46.497850" lon="4.770100">
						<ele>437</ele>
						<time>2026-02-16T11:59:45Z</time>
					</trkpt>
					<trkpt lat="46.498080" lon="4.770070">
						<ele>435</ele>
						<time>2026-02-16T11:59:49Z</time>
					</trkpt>
					<trkpt lat="46.498300" lon="4.770070">
						<ele>434</ele>
						<time>2026-02-16T11:59:53Z</time>
					</trkpt>
					<trkpt lat="46.498540" lon="4.770110">
						<ele>432</ele>
						<time>2026-02-16T11:59:57Z</time>
					</trkpt>
					<trkpt lat="46.498890" lon="4.770210">
						<ele>430</ele>
						<time>2026-02-16T12:00:04Z</time>
					</trkpt>
					<trkpt lat="46.500030" lon="4.770590">
						<ele>424</ele>
						<time>2026-02-16T12:00:24Z</time>
					</trkpt>
					<trkpt lat="46.500970" lon="4.770910">
						<ele>418</ele>
						<time>2026-02-16T12:00:42Z</time>
					</trkpt>
					<trkpt lat="46.503310" lon="4.771660">
						<ele>405</ele>
						<time>2026-02-16T12:01:24Z</time>
					</trkpt>
					<trkpt lat="46.503510" lon="4.771780">
						<ele>402</ele>
						<time>2026-02-16T12:01:28Z</time>
					</trkpt>
					<trkpt lat="46.503680" lon="4.771960">
						<ele>400</ele>
						<time>2026-02-16T12:01:32Z</time>
					</trkpt>
					<trkpt lat="46.503730" lon="4.772010">
						<ele>400</ele>
						<time>2026-02-16T12:01:33Z</time>
					</trkpt>
					<trkpt lat="46.504080" lon="4.772360">
						<ele>395</ele>
						<time>2026-02-16T12:01:40Z</time>
					</trkpt>
					<trkpt lat="46.504260" lon="4.772510">
						<ele>394</ele>
						<time>2026-02-16T12:01:44Z</time>
					</trkpt>
					<trkpt lat="46.504670" lon="4.772760">
						<ele>393</ele>
						<time>2026-02-16T12:01:52Z</time>
					</trkpt>
					<trkpt lat="46.504800" lon="4.772850">
						<ele>392</ele>
						<time>2026-02-16T12:01:55Z</time>
					</trkpt>
					<trkpt lat="46.505170" lon="4.773090">
						<ele>391</ele>
						<time>2026-02-16T12:02:02Z</time>
					</trkpt>
					<trkpt lat="46.505240" lon="4.773150">
						<ele>392</ele>
						<time>2026-02-16T12:02:03Z</time>
					</trkpt>
					<trkpt lat="46.505590" lon="4.773440">
						<ele>392</ele>
						<time>2026-02-16T12:02:10Z</time>
					</trkpt>
					<trkpt lat="46.505800" lon="4.773570">
						<ele>392</ele>
						<time>2026-02-16T12:02:15Z</time>
					</trkpt>
					<trkpt lat="46.505890" lon="4.773600">
						<ele>392</ele>
						<time>2026-02-16T12:02:16Z</time>
					</trkpt>
					<trkpt lat="46.506290" lon="4.773690">
						<ele>391</ele>
						<time>2026-02-16T12:02:23Z</time>
					</trkpt>
					<trkpt lat="46.506550" lon="4.773730">
						<ele>390</ele>
						<time>2026-02-16T12:02:28Z</time>
					</trkpt>
					<trkpt lat="46.506770" lon="4.773740">
						<ele>390</ele>
						<time>2026-02-16T12:02:32Z</time>
					</trkpt>
					<trkpt lat="46.506960" lon="4.773720">
						<ele>389</ele>
						<time>2026-02-16T12:02:35Z</time>
					</trkpt>
					<trkpt lat="46.507170" lon="4.773650">
						<ele>388</ele>
						<time>2026-02-16T12:02:39Z</time>
					</trkpt>
					<trkpt lat="46.507310" lon="4.773610">
						<ele>388</ele>
						<time>2026-02-16T12:02:42Z</time>
					</trkpt>
					<trkpt lat="46.507630" lon="4.773490">
						<ele>387</ele>
						<time>2026-02-16T12:02:48Z</time>
					</trkpt>
					<trkpt lat="46.507840" lon="4.773410">
						<ele>386</ele>
						<time>2026-02-16T12:02:51Z</time>
					</trkpt>
					<trkpt lat="46.508130" lon="4.773320">
						<ele>386</ele>
						<time>2026-02-16T12:02:57Z</time>
					</trkpt>
					<trkpt lat="46.508730" lon="4.773220">
						<ele>382</ele>
						<time>2026-02-16T12:03:07Z</time>
					</trkpt>
					<trkpt lat="46.508900" lon="4.773190">
						<ele>381</ele>
						<time>2026-02-16T12:03:11Z</time>
					</trkpt>
					<trkpt lat="46.509060" lon="4.773170">
						<ele>379</ele>
						<time>2026-02-16T12:03:13Z</time>
					</trkpt>
					<trkpt lat="46.509240" lon="4.773200">
						<ele>378</ele>
						<time>2026-02-16T12:03:17Z</time>
					</trkpt>
					<trkpt lat="46.509370" lon="4.773230">
						<ele>377</ele>
						<time>2026-02-16T12:03:19Z</time>
					</trkpt>
					<trkpt lat="46.509490" lon="4.773280">
						<ele>376</ele>
						<time>2026-02-16T12:03:21Z</time>
					</trkpt>
					<trkpt lat="46.509930" lon="4.773530">
						<ele>375</ele>
						<time>2026-02-16T12:03:30Z</time>
					</trkpt>
					<trkpt lat="46.510100" lon="4.773600">
						<ele>374</ele>
						<time>2026-02-16T12:03:33Z</time>
					</trkpt>
					<trkpt lat="46.510400" lon="4.773700">
						<ele>373</ele>
						<time>2026-02-16T12:03:38Z</time>
					</trkpt>
					<trkpt lat="46.510800" lon="4.773790">
						<ele>371</ele>
						<time>2026-02-16T12:03:45Z</time>
					</trkpt>
					<trkpt lat="46.510950" lon="4.773810">
						<ele>371</ele>
						<time>2026-02-16T12:03:48Z</time>
					</trkpt>
					<trkpt lat="46.511240" lon="4.773790">
						<ele>370</ele>
						<time>2026-02-16T12:03:53Z</time>
					</trkpt>
					<trkpt lat="46.511480" lon="4.773730">
						<ele>369</ele>
						<time>2026-02-16T12:03:58Z</time>
					</trkpt>
					<trkpt lat="46.511680" lon="4.773670">
						<ele>368</ele>
						<time>2026-02-16T12:04:01Z</time>
					</trkpt>
					<trkpt lat="46.511800" lon="4.773610">
						<ele>367</ele>
						<time>2026-02-16T12:04:03Z</time>
					</trkpt>
					<trkpt lat="46.511920" lon="4.773520">
						<ele>366</ele>
						<time>2026-02-16T12:04:06Z</time>
					</trkpt>
					<trkpt lat="46.512180" lon="4.773260">
						<ele>364</ele>
						<time>2026-02-16T12:04:11Z</time>
					</trkpt>
					<trkpt lat="46.512260" lon="4.773210">
						<ele>364</ele>
						<time>2026-02-16T12:04:13Z</time>
					</trkpt>
					<trkpt lat="46.512450" lon="4.773140">
						<ele>366</ele>
						<time>2026-02-16T12:04:17Z</time>
					</trkpt>
					<trkpt lat="46.512530" lon="4.773100">
						<ele>366</ele>
						<time>2026-02-16T12:04:18Z</time>
					</trkpt>
					<trkpt lat="46.512590" lon="4.773030">
						<ele>367</ele>
						<time>2026-02-16T12:04:19Z</time>
					</trkpt>
					<trkpt lat="46.512630" lon="4.772940">
						<ele>368</ele>
						<time>2026-02-16T12:04:21Z</time>
					</trkpt>
					<trkpt lat="46.512650" lon="4.772840">
						<ele>368</ele>
						<time>2026-02-16T12:04:22Z</time>
					</trkpt>
					<trkpt lat="46.512650" lon="4.772740">
						<ele>368</ele>
						<time>2026-02-16T12:04:23Z</time>
					</trkpt>
					<trkpt lat="46.512640" lon="4.772640">
						<ele>368</ele>
						<time>2026-02-16T12:04:24Z</time>
					</trkpt>
					<trkpt lat="46.512600" lon="4.772530">
						<ele>367</ele>
						<time>2026-02-16T12:04:26Z</time>
					</trkpt>
					<trkpt lat="46.512560" lon="4.772480">
						<ele>367</ele>
						<time>2026-02-16T12:04:27Z</time>
					</trkpt>
					<trkpt lat="46.512540" lon="4.772450">
						<ele>368</ele>
						<time>2026-02-16T12:04:27Z</time>
					</trkpt>
					<trkpt lat="46.512280" lon="4.772280">
						<ele>368</ele>
						<time>2026-02-16T12:04:32Z</time>
					</trkpt>
					<trkpt lat="46.512100" lon="4.772180">
						<ele>367</ele>
						<time>2026-02-16T12:04:36Z</time>
					</trkpt>
					<trkpt lat="46.511920" lon="4.772120">
						<ele>365</ele>
						<time>2026-02-16T12:04:39Z</time>
					</trkpt>
					<trkpt lat="46.511590" lon="4.772060">
						<ele>361</ele>
						<time>2026-02-16T12:04:45Z</time>
					</trkpt>
					<trkpt lat="46.511500" lon="4.772020">
						<ele>361</ele>
						<time>2026-02-16T12:04:47Z</time>
					</trkpt>
					<trkpt lat="46.511340" lon="4.771880">
						<ele>360</ele>
						<time>2026-02-16T12:04:50Z</time>
					</trkpt>
					<trkpt lat="46.511080" lon="4.771630">
						<ele>357</ele>
						<time>2026-02-16T12:04:56Z</time>
					</trkpt>
					<trkpt lat="46.510990" lon="4.771540">
						<ele>355</ele>
						<time>2026-02-16T12:04:58Z</time>
					</trkpt>
					<trkpt lat="46.510940" lon="4.771460">
						<ele>354</ele>
						<time>2026-02-16T12:04:59Z</time>
					</trkpt>
					<trkpt lat="46.510900" lon="4.771310">
						<ele>354</ele>
						<time>2026-02-16T12:05:01Z</time>
					</trkpt>
					<trkpt lat="46.510870" lon="4.771110">
						<ele>354</ele>
						<time>2026-02-16T12:05:03Z</time>
					</trkpt>
					<trkpt lat="46.510840" lon="4.770730">
						<ele>354</ele>
						<time>2026-02-16T12:05:08Z</time>
					</trkpt>
					<trkpt lat="46.510850" lon="4.770290">
						<ele>353</ele>
						<time>2026-02-16T12:05:13Z</time>
					</trkpt>
					<trkpt lat="46.510840" lon="4.770150">
						<ele>353</ele>
						<time>2026-02-16T12:05:15Z</time>
					</trkpt>
					<trkpt lat="46.510820" lon="4.770000">
						<ele>352</ele>
						<time>2026-02-16T12:05:17Z</time>
					</trkpt>
					<trkpt lat="46.510730" lon="4.769550">
						<ele>347</ele>
						<time>2026-02-16T12:05:23Z</time>
					</trkpt>
					<trkpt lat="46.510720" lon="4.769390">
						<ele>346</ele>
						<time>2026-02-16T12:05:25Z</time>
					</trkpt>
					<trkpt lat="46.510730" lon="4.769230">
						<ele>344</ele>
						<time>2026-02-16T12:05:27Z</time>
					</trkpt>
					<trkpt lat="46.510780" lon="4.769050">
						<ele>343</ele>
						<time>2026-02-16T12:05:29Z</time>
					</trkpt>
					<trkpt lat="46.511420" lon="4.767390">
						<ele>342</ele>
						<time>2026-02-16T12:05:52Z</time>
					</trkpt>
					<trkpt lat="46.511460" lon="4.767250">
						<ele>342</ele>
						<time>2026-02-16T12:05:54Z</time>
					</trkpt>
					<trkpt lat="46.511560" lon="4.766660">
						<ele>335</ele>
						<time>2026-02-16T12:06:02Z</time>
					</trkpt>
					<trkpt lat="46.511610" lon="4.766510">
						<ele>335</ele>
						<time>2026-02-16T12:06:04Z</time>
					</trkpt>
					<trkpt lat="46.511970" lon="4.765650">
						<ele>331</ele>
						<time>2026-02-16T12:06:16Z</time>
					</trkpt>
					<trkpt lat="46.512280" lon="4.765130">
						<ele>327</ele>
						<time>2026-02-16T12:06:25Z</time>
					</trkpt>
					<trkpt lat="46.512430" lon="4.764940">
						<ele>325</ele>
						<time>2026-02-16T12:06:28Z</time>
					</trkpt>
					<trkpt lat="46.512570" lon="4.764800">
						<ele>323</ele>
						<time>2026-02-16T12:06:31Z</time>
					</trkpt>
					<trkpt lat="46.512750" lon="4.764650">
						<ele>320</ele>
						<time>2026-02-16T12:06:35Z</time>
					</trkpt>
					<trkpt lat="46.512900" lon="4.764560">
						<ele>318</ele>
						<time>2026-02-16T12:06:38Z</time>
					</trkpt>
					<trkpt lat="46.512990" lon="4.764510">
						<ele>318</ele>
						<time>2026-02-16T12:06:39Z</time>
					</trkpt>
					<trkpt lat="46.513080" lon="4.764490">
						<ele>318</ele>
						<time>2026-02-16T12:06:41Z</time>
					</trkpt>
					<trkpt lat="46.513160" lon="4.764490">
						<ele>318</ele>
						<time>2026-02-16T12:06:42Z</time>
					</trkpt>
					<trkpt lat="46.513320" lon="4.764550">
						<ele>320</ele>
						<time>2026-02-16T12:06:45Z</time>
					</trkpt>
					<trkpt lat="46.513380" lon="4.764550">
						<ele>320</ele>
						<time>2026-02-16T12:06:46Z</time>
					</trkpt>
					<trkpt lat="46.513450" lon="4.764530">
						<ele>320</ele>
						<time>2026-02-16T12:06:48Z</time>
					</trkpt>
					<trkpt lat="46.513520" lon="4.764480">
						<ele>319</ele>
						<time>2026-02-16T12:06:49Z</time>
					</trkpt>
					<trkpt lat="46.513670" lon="4.764270">
						<ele>317</ele>
						<time>2026-02-16T12:06:53Z</time>
					</trkpt>
					<trkpt lat="46.513910" lon="4.763920">
						<ele>313</ele>
						<time>2026-02-16T12:06:59Z</time>
					</trkpt>
					<trkpt lat="46.514020" lon="4.763790">
						<ele>311</ele>
						<time>2026-02-16T12:07:01Z</time>
					</trkpt>
					<trkpt lat="46.514140" lon="4.763700">
						<ele>311</ele>
						<time>2026-02-16T12:07:04Z</time>
					</trkpt>
					<trkpt lat="46.514240" lon="4.763640">
						<ele>310</ele>
						<time>2026-02-16T12:07:06Z</time>
					</trkpt>
					<trkpt lat="46.514360" lon="4.763590">
						<ele>309</ele>
						<time>2026-02-16T12:07:08Z</time>
					</trkpt>
					<trkpt lat="46.514490" lon="4.763550">
						<ele>308</ele>
						<time>2026-02-16T12:07:10Z</time>
					</trkpt>
					<trkpt lat="46.514650" lon="4.763540">
						<ele>308</ele>
						<time>2026-02-16T12:07:13Z</time>
					</trkpt>
					<trkpt lat="46.514870" lon="4.763580">
						<ele>307</ele>
						<time>2026-02-16T12:07:17Z</time>
					</trkpt>
					<trkpt lat="46.514960" lon="4.763610">
						<ele>307</ele>
						<time>2026-02-16T12:07:19Z</time>
					</trkpt>
					<trkpt lat="46.515070" lon="4.763680">
						<ele>307</ele>
						<time>2026-02-16T12:07:21Z</time>
					</trkpt>
					<trkpt lat="46.515170" lon="4.763780">
						<ele>306</ele>
						<time>2026-02-16T12:07:23Z</time>
					</trkpt>
					<trkpt lat="46.515330" lon="4.764030">
						<ele>305</ele>
						<time>2026-02-16T12:07:27Z</time>
					</trkpt>
					<trkpt lat="46.515470" lon="4.764440">
						<ele>306</ele>
						<time>2026-02-16T12:07:33Z</time>
					</trkpt>
					<trkpt lat="46.515640" lon="4.764910">
						<ele>310</ele>
						<time>2026-02-16T12:07:39Z</time>
					</trkpt>
					<trkpt lat="46.515680" lon="4.764950">
						<ele>310</ele>
						<time>2026-02-16T12:07:40Z</time>
					</trkpt>
					<trkpt lat="46.515730" lon="4.764970">
						<ele>310</ele>
						<time>2026-02-16T12:07:41Z</time>
					</trkpt>
					<trkpt lat="46.515770" lon="4.764960">
						<ele>310</ele>
						<time>2026-02-16T12:07:42Z</time>
					</trkpt>
					<trkpt lat="46.515820" lon="4.764910">
						<ele>309</ele>
						<time>2026-02-16T12:07:43Z</time>
					</trkpt>
					<trkpt lat="46.515900" lon="4.764750">
						<ele>307</ele>
						<time>2026-02-16T12:07:45Z</time>
					</trkpt>
					<trkpt lat="46.515970" lon="4.764580">
						<ele>304</ele>
						<time>2026-02-16T12:07:48Z</time>
					</trkpt>
					<trkpt lat="46.516070" lon="4.764430">
						<ele>302</ele>
						<time>2026-02-16T12:07:50Z</time>
					</trkpt>
					<trkpt lat="46.516180" lon="4.764310">
						<ele>301</ele>
						<time>2026-02-16T12:07:53Z</time>
					</trkpt>
					<trkpt lat="46.516400" lon="4.764140">
						<ele>298</ele>
						<time>2026-02-16T12:07:57Z</time>
					</trkpt>
					<trkpt lat="46.516600" lon="4.764020">
						<ele>297</ele>
						<time>2026-02-16T12:08:01Z</time>
					</trkpt>
					<trkpt lat="46.517030" lon="4.763800">
						<ele>298</ele>
						<time>2026-02-16T12:08:09Z</time>
					</trkpt>
					<trkpt lat="46.517160" lon="4.763720">
						<ele>298</ele>
						<time>2026-02-16T12:08:12Z</time>
					</trkpt>
					<trkpt lat="46.517230" lon="4.763660">
						<ele>298</ele>
						<time>2026-02-16T12:08:13Z</time>
					</trkpt>
					<trkpt lat="46.517790" lon="4.762940">
						<ele>293</ele>
						<time>2026-02-16T12:08:26Z</time>
					</trkpt>
					<trkpt lat="46.517900" lon="4.762830">
						<ele>293</ele>
						<time>2026-02-16T12:08:29Z</time>
					</trkpt>
					<trkpt lat="46.517980" lon="4.762770">
						<ele>292</ele>
						<time>2026-02-16T12:08:30Z</time>
					</trkpt>
					<trkpt lat="46.518060" lon="4.762750">
						<ele>292</ele>
						<time>2026-02-16T12:08:32Z</time>
					</trkpt>
					<trkpt lat="46.518130" lon="4.762750">
						<ele>293</ele>
						<time>2026-02-16T12:08:33Z</time>
					</trkpt>
					<trkpt lat="46.518220" lon="4.762770">
						<ele>293</ele>
						<time>2026-02-16T12:08:35Z</time>
					</trkpt>
					<trkpt lat="46.518310" lon="4.762840">
						<ele>295</ele>
						<time>2026-02-16T12:08:37Z</time>
					</trkpt>
					<trkpt lat="46.518380" lon="4.762910">
						<ele>296</ele>
						<time>2026-02-16T12:08:38Z</time>
					</trkpt>
					<trkpt lat="46.518500" lon="4.763140">
						<ele>298</ele>
						<time>2026-02-16T12:08:42Z</time>
					</trkpt>
					<trkpt lat="46.518550" lon="4.763190">
						<ele>299</ele>
						<time>2026-02-16T12:08:43Z</time>
					</trkpt>
					<trkpt lat="46.518600" lon="4.763210">
						<ele>299</ele>
						<time>2026-02-16T12:08:44Z</time>
					</trkpt>
					<trkpt lat="46.518650" lon="4.763210">
						<ele>299</ele>
						<time>2026-02-16T12:08:44Z</time>
					</trkpt>
					<trkpt lat="46.518700" lon="4.763170">
						<ele>299</ele>
						<time>2026-02-16T12:08:45Z</time>
					</trkpt>
					<trkpt lat="46.518750" lon="4.763090">
						<ele>298</ele>
						<time>2026-02-16T12:08:47Z</time>
					</trkpt>
					<trkpt lat="46.518770" lon="4.763020">
						<ele>298</ele>
						<time>2026-02-16T12:08:48Z</time>
					</trkpt>
					<trkpt lat="46.518790" lon="4.762380">
						<ele>292</ele>
						<time>2026-02-16T12:08:56Z</time>
					</trkpt>
					<trkpt lat="46.518840" lon="4.761810">
						<ele>289</ele>
						<time>2026-02-16T12:09:03Z</time>
					</trkpt>
					<trkpt lat="46.518910" lon="4.761370">
						<ele>287</ele>
						<time>2026-02-16T12:09:08Z</time>
					</trkpt>
					<trkpt lat="46.519010" lon="4.761050">
						<ele>286</ele>
						<time>2026-02-16T12:09:12Z</time>
					</trkpt>
					<trkpt lat="46.519540" lon="4.759970">
						<ele>283</ele>
						<time>2026-02-16T12:09:29Z</time>
					</trkpt>
					<trkpt lat="46.519790" lon="4.759560">
						<ele>282</ele>
						<time>2026-02-16T12:09:35Z</time>
					</trkpt>
					<trkpt lat="46.520420" lon="4.758870">
						<ele>280</ele>
						<time>2026-02-16T12:09:49Z</time>
					</trkpt>
					<trkpt lat="46.520660" lon="4.758550">
						<ele>279</ele>
						<time>2026-02-16T12:09:55Z</time>
					</trkpt>
					<trkpt lat="46.520890" lon="4.758190">
						<ele>278</ele>
						<time>2026-02-16T12:10:01Z</time>
					</trkpt>
					<trkpt lat="46.521380" lon="4.757350">
						<ele>274</ele>
						<time>2026-02-16T12:10:15Z</time>
					</trkpt>
					<trkpt lat="46.521790" lon="4.756540">
						<ele>274</ele>
						<time>2026-02-16T12:10:27Z</time>
					</trkpt>
					<trkpt lat="46.522270" lon="4.755670">
						<ele>269</ele>
						<time>2026-02-16T12:10:41Z</time>
					</trkpt>
					<trkpt lat="46.522580" lon="4.755060">
						<ele>265</ele>
						<time>2026-02-16T12:10:50Z</time>
					</trkpt>
					<trkpt lat="46.522750" lon="4.754760">
						<ele>260</ele>
						<time>2026-02-16T12:10:55Z</time>
					</trkpt>
					<trkpt lat="46.522910" lon="4.754570">
						<ele>257</ele>
						<time>2026-02-16T12:10:58Z</time>
					</trkpt>
					<trkpt lat="46.523060" lon="4.754440">
						<ele>254</ele>
						<time>2026-02-16T12:11:01Z</time>
					</trkpt>
					<trkpt lat="46.523220" lon="4.754350">
						<ele>253</ele>
						<time>2026-02-16T12:11:05Z</time>
					</trkpt>
					<trkpt lat="46.523370" lon="4.754290">
						<ele>252</ele>
						<time>2026-02-16T12:11:07Z</time>
					</trkpt>
					<trkpt lat="46.523710" lon="4.754210">
						<ele>249</ele>
						<time>2026-02-16T12:11:13Z</time>
					</trkpt>
					<trkpt lat="46.524170" lon="4.754110">
						<ele>246</ele>
						<time>2026-02-16T12:11:22Z</time>
					</trkpt>
					<trkpt lat="46.524430" lon="4.754030">
						<ele>244</ele>
						<time>2026-02-16T12:11:26Z</time>
					</trkpt>
					<trkpt lat="46.524580" lon="4.753950">
						<ele>242</ele>
						<time>2026-02-16T12:11:29Z</time>
					</trkpt>
					<trkpt lat="46.524710" lon="4.753860">
						<ele>241</ele>
						<time>2026-02-16T12:11:32Z</time>
					</trkpt>
					<trkpt lat="46.524930" lon="4.753630">
						<ele>238</ele>
						<time>2026-02-16T12:11:37Z</time>
					</trkpt>
					<trkpt lat="46.525760" lon="4.752680">
						<ele>232</ele>
						<time>2026-02-16T12:11:55Z</time>
					</trkpt>
					<trkpt lat="46.526580" lon="4.751750">
						<ele>237</ele>
						<time>2026-02-16T12:12:14Z</time>
					</trkpt>
					<trkpt lat="46.526720" lon="4.751590">
						<ele>239</ele>
						<time>2026-02-16T12:12:17Z</time>
					</trkpt>
					<trkpt lat="46.526800" lon="4.751480">
						<ele>240</ele>
						<time>2026-02-16T12:12:19Z</time>
					</trkpt>
					<trkpt lat="46.526860" lon="4.751470">
						<ele>240</ele>
						<time>2026-02-16T12:12:20Z</time>
					</trkpt>
					<trkpt lat="46.526960" lon="4.751440">
						<ele>240</ele>
						<time>2026-02-16T12:12:22Z</time>
					</trkpt>
					<trkpt lat="46.527100" lon="4.751410">
						<ele>240</ele>
						<time>2026-02-16T12:12:25Z</time>
					</trkpt>
					<trkpt lat="46.527390" lon="4.751330">
						<ele>241</ele>
						<time>2026-02-16T12:12:30Z</time>
					</trkpt>
					<trkpt lat="46.527750" lon="4.751240">
						<ele>241</ele>
						<time>2026-02-16T12:12:36Z</time>
					</trkpt>
					<trkpt lat="46.527910" lon="4.751160">
						<ele>241</ele>
						<time>2026-02-16T12:12:39Z</time>
					</trkpt>
					<trkpt lat="46.527930" lon="4.751150">
						<ele>241</ele>
						<time>2026-02-16T12:12:40Z</time>
					</trkpt>
					<trkpt lat="46.527880" lon="4.750760">
						<ele>244</ele>
						<time>2026-02-16T12:12:45Z</time>
					</trkpt>
					<trkpt lat="46.527870" lon="4.750430">
						<ele>245</ele>
						<time>2026-02-16T12:12:49Z</time>
					</trkpt>
					<trkpt lat="46.527800" lon="4.749390">
						<ele>249</ele>
						<time>2026-02-16T12:13:01Z</time>
					</trkpt>
					<trkpt lat="46.527760" lon="4.749100">
						<ele>251</ele>
						<time>2026-02-16T12:13:05Z</time>
					</trkpt>
					<trkpt lat="46.527710" lon="4.748870">
						<ele>251</ele>
						<time>2026-02-16T12:13:08Z</time>
					</trkpt>
					<trkpt lat="46.527670" lon="4.748760">
						<ele>252</ele>
						<time>2026-02-16T12:13:09Z</time>
					</trkpt>
					<trkpt lat="46.527110" lon="4.746980">
						<ele>260</ele>
						<time>2026-02-16T12:13:33Z</time>
					</trkpt>
					<trkpt lat="46.527080" lon="4.746890">
						<ele>261</ele>
						<time>2026-02-16T12:13:35Z</time>
					</trkpt>
					<trkpt lat="46.525920" lon="4.743180">
						<ele>250</ele>
						<time>2026-02-16T12:14:25Z</time>
					</trkpt>
					<trkpt lat="46.525720" lon="4.742550">
						<ele>248</ele>
						<time>2026-02-16T12:14:33Z</time>
					</trkpt>
					<trkpt lat="46.525680" lon="4.742410">
						<ele>248</ele>
						<time>2026-02-16T12:14:35Z</time>
					</trkpt>
					<trkpt lat="46.525660" lon="4.742300">
						<ele>248</ele>
						<time>2026-02-16T12:14:36Z</time>
					</trkpt>
					<trkpt lat="46.525660" lon="4.742110">
						<ele>247</ele>
						<time>2026-02-16T12:14:39Z</time>
					</trkpt>
					<trkpt lat="46.525690" lon="4.741890">
						<ele>247</ele>
						<time>2026-02-16T12:14:41Z</time>
					</trkpt>
					<trkpt lat="46.525730" lon="4.741740">
						<ele>246</ele>
						<time>2026-02-16T12:14:43Z</time>
					</trkpt>
					<trkpt lat="46.525990" lon="4.740720">
						<ele>244</ele>
						<time>2026-02-16T12:14:57Z</time>
					</trkpt>
					<trkpt lat="46.526070" lon="4.740390">
						<ele>244</ele>
						<time>2026-02-16T12:15:01Z</time>
					</trkpt>
					<trkpt lat="46.526240" lon="4.739750">
						<ele>244</ele>
						<time>2026-02-16T12:15:09Z</time>
					</trkpt>
					<trkpt lat="46.526480" lon="4.739000">
						<ele>243</ele>
						<time>2026-02-16T12:15:19Z</time>
					</trkpt>
					<trkpt lat="46.526580" lon="4.738680">
						<ele>242</ele>
						<time>2026-02-16T12:15:24Z</time>
					</trkpt>
					<trkpt lat="46.526680" lon="4.738390">
						<ele>242</ele>
						<time>2026-02-16T12:15:28Z</time>
					</trkpt>
					<trkpt lat="46.526830" lon="4.737970">
						<ele>241</ele>
						<time>2026-02-16T12:15:33Z</time>
					</trkpt>
					<trkpt lat="46.526980" lon="4.737600">
						<ele>241</ele>
						<time>2026-02-16T12:15:39Z</time>
					</trkpt>
					<trkpt lat="46.527170" lon="4.737240">
						<ele>239</ele>
						<time>2026-02-16T12:15:44Z</time>
					</trkpt>
					<trkpt lat="46.527340" lon="4.736790">
						<ele>238</ele>
						<time>2026-02-16T12:15:51Z</time>
					</trkpt>
					<trkpt lat="46.527450" lon="4.736440">
						<ele>237</ele>
						<time>2026-02-16T12:15:55Z</time>
					</trkpt>
					<trkpt lat="46.527900" lon="4.734760">
						<ele>233</ele>
						<time>2026-02-16T12:16:17Z</time>
					</trkpt>
					<trkpt lat="46.528110" lon="4.733930">
						<ele>234</ele>
						<time>2026-02-16T12:16:28Z</time>
					</trkpt>
					<trkpt lat="46.528430" lon="4.732620">
						<ele>233</ele>
						<time>2026-02-16T12:16:45Z</time>
					</trkpt>
					<trkpt lat="46.528450" lon="4.732560">
						<ele>232</ele>
						<time>2026-02-16T12:16:46Z</time>
					</trkpt>
					<trkpt lat="46.528490" lon="4.732450">
						<ele>232</ele>
						<time>2026-02-16T12:16:48Z</time>
					</trkpt>
					<trkpt lat="46.528540" lon="4.732320">
						<ele>232</ele>
						<time>2026-02-16T12:16:49Z</time>
					</trkpt>
					<trkpt lat="46.528620" lon="4.732210">
						<ele>231</ele>
						<time>2026-02-16T12:16:51Z</time>
					</trkpt>
					<trkpt lat="46.528730" lon="4.732100">
						<ele>230</ele>
						<time>2026-02-16T12:16:54Z</time>
					</trkpt>
					<trkpt lat="46.528780" lon="4.732030">
						<ele>230</ele>
						<time>2026-02-16T12:16:55Z</time>
					</trkpt>
					<trkpt lat="46.528850" lon="4.731850">
						<ele>229</ele>
						<time>2026-02-16T12:16:57Z</time>
					</trkpt>
					<trkpt lat="46.529080" lon="4.731900">
						<ele>227</ele>
						<time>2026-02-16T12:17:02Z</time>
					</trkpt>
					<trkpt lat="46.529170" lon="4.731910">
						<ele>227</ele>
						<time>2026-02-16T12:17:03Z</time>
					</trkpt>
					<trkpt lat="46.529540" lon="4.732140">
						<ele>225</ele>
						<time>2026-02-16T12:17:10Z</time>
					</trkpt>
					<trkpt lat="46.530270" lon="4.732770">
						<ele>222</ele>
						<time>2026-02-16T12:17:25Z</time>
					</trkpt>
					<trkpt lat="46.530510" lon="4.732980">
						<ele>221</ele>
						<time>2026-02-16T12:17:30Z</time>
					</trkpt>
					<trkpt lat="46.530680" lon="4.733060">
						<ele>221</ele>
						<time>2026-02-16T12:17:34Z</time>
					</trkpt>
					<trkpt lat="46.530950" lon="4.733120">
						<ele>220</ele>
						<time>2026-02-16T12:17:38Z</time>
					</trkpt>
					<trkpt lat="46.531280" lon="4.733150">
						<ele>219</ele>
						<time>2026-02-16T12:17:44Z</time>
					</trkpt>
					<trkpt lat="46.531420" lon="4.733180">
						<ele>219</ele>
						<time>2026-02-16T12:17:47Z</time>
					</trkpt>
					<trkpt lat="46.531660" lon="4.733300">
						<ele>218</ele>
						<time>2026-02-16T12:17:51Z</time>
					</trkpt>
					<trkpt lat="46.532270" lon="4.733700">
						<ele>217</ele>
						<time>2026-02-16T12:18:03Z</time>
					</trkpt>
					<trkpt lat="46.532860" lon="4.733980">
						<ele>217</ele>
						<time>2026-02-16T12:18:14Z</time>
					</trkpt>
					<trkpt lat="46.533050" lon="4.734040">
						<ele>218</ele>
						<time>2026-02-16T12:18:18Z</time>
					</trkpt>
					<trkpt lat="46.533340" lon="4.734080">
						<ele>218</ele>
						<time>2026-02-16T12:18:23Z</time>
					</trkpt>
					<trkpt lat="46.533420" lon="4.734080">
						<ele>218</ele>
						<time>2026-02-16T12:18:24Z</time>
					</trkpt>
					<trkpt lat="46.534400" lon="4.733980">
						<ele>217</ele>
						<time>2026-02-16T12:18:42Z</time>
					</trkpt>
					<trkpt lat="46.534500" lon="4.733970">
						<ele>217</ele>
						<time>2026-02-16T12:18:44Z</time>
					</trkpt>
					<trkpt lat="46.534680" lon="4.733960">
						<ele>218</ele>
						<time>2026-02-16T12:18:47Z</time>
					</trkpt>
					<trkpt lat="46.535000" lon="4.733900">
						<ele>218</ele>
						<time>2026-02-16T12:18:53Z</time>
					</trkpt>
					<trkpt lat="46.536180" lon="4.733550">
						<ele>217</ele>
						<time>2026-02-16T12:19:14Z</time>
					</trkpt>
					<trkpt lat="46.536400" lon="4.733520">
						<ele>216</ele>
						<time>2026-02-16T12:19:18Z</time>
					</trkpt>
					<trkpt lat="46.536510" lon="4.733540">
						<ele>216</ele>
						<time>2026-02-16T12:19:20Z</time>
					</trkpt>
					<trkpt lat="46.536890" lon="4.733660">
						<ele>216</ele>
						<time>2026-02-16T12:19:27Z</time>
					</trkpt>
					<trkpt lat="46.537050" lon="4.733660">
						<ele>216</ele>
						<time>2026-02-16T12:19:30Z</time>
					</trkpt>
					<trkpt lat="46.537170" lon="4.733600">
						<ele>216</ele>
						<time>2026-02-16T12:19:32Z</time>
					</trkpt>
					<trkpt lat="46.537290" lon="4.733490">
						<ele>217</ele>
						<time>2026-02-16T12:19:35Z</time>
					</trkpt>
					<trkpt lat="46.537330" lon="4.733440">
						<ele>217</ele>
						<time>2026-02-16T12:19:35Z</time>
					</trkpt>
					<trkpt lat="46.537560" lon="4.733150">
						<ele>220</ele>
						<time>2026-02-16T12:19:41Z</time>
					</trkpt>
					<trkpt lat="46.537690" lon="4.733040">
						<ele>221</ele>
						<time>2026-02-16T12:19:44Z</time>
					</trkpt>
					<trkpt lat="46.537800" lon="4.732990">
						<ele>222</ele>
						<time>2026-02-16T12:19:46Z</time>
					</trkpt>
					<trkpt lat="46.537950" lon="4.732940">
						<ele>223</ele>
						<time>2026-02-16T12:19:48Z</time>
					</trkpt>
					<trkpt lat="46.538490" lon="4.732830">
						<ele>224</ele>
						<time>2026-02-16T12:19:58Z</time>
					</trkpt>
					<trkpt lat="46.539500" lon="4.732630">
						<ele>225</ele>
						<time>2026-02-16T12:20:16Z</time>
					</trkpt>
					<trkpt lat="46.540700" lon="4.732390">
						<ele>230</ele>
						<time>2026-02-16T12:20:38Z</time>
					</trkpt>
					<trkpt lat="46.540970" lon="4.732360">
						<ele>231</ele>
						<time>2026-02-16T12:20:43Z</time>
					</trkpt>
					<trkpt lat="46.541170" lon="4.732370">
						<ele>231</ele>
						<time>2026-02-16T12:20:46Z</time>
					</trkpt>
					<trkpt lat="46.541330" lon="4.732400">
						<ele>231</ele>
						<time>2026-02-16T12:20:49Z</time>
					</trkpt>
					<trkpt lat="46.543620" lon="4.733130">
						<ele>226</ele>
						<time>2026-02-16T12:21:31Z</time>
					</trkpt>
					<trkpt lat="46.546010" lon="4.733890">
						<ele>218</ele>
						<time>2026-02-16T12:22:14Z</time>
					</trkpt>
					<trkpt lat="46.546370" lon="4.734000">
						<ele>218</ele>
						<time>2026-02-16T12:22:21Z</time>
					</trkpt>
					<trkpt lat="46.547380" lon="4.734320">
						<ele>218</ele>
						<time>2026-02-16T12:22:39Z</time>
					</trkpt>
					<trkpt lat="46.549470" lon="4.734980">
						<ele>223</ele>
						<time>2026-02-16T12:23:17Z</time>
					</trkpt>
					<trkpt lat="46.550940" lon="4.735450">
						<ele>222</ele>
						<time>2026-02-16T12:23:44Z</time>
					</trkpt>
					<trkpt lat="46.551180" lon="4.735520">
						<ele>222</ele>
						<time>2026-02-16T12:23:48Z</time>
					</trkpt>
					<trkpt lat="46.551260" lon="4.735530">
						<ele>222</ele>
						<time>2026-02-16T12:23:50Z</time>
					</trkpt>
					<trkpt lat="46.551410" lon="4.735530">
						<ele>221</ele>
						<time>2026-02-16T12:23:52Z</time>
					</trkpt>
					<trkpt lat="46.551760" lon="4.735460">
						<ele>220</ele>
						<time>2026-02-16T12:23:59Z</time>
					</trkpt>
					<trkpt lat="46.551830" lon="4.735450">
						<ele>220</ele>
						<time>2026-02-16T12:24:00Z</time>
					</trkpt>
					<trkpt lat="46.551990" lon="4.735480">
						<ele>220</ele>
						<time>2026-02-16T12:24:03Z</time>
					</trkpt>
					<trkpt lat="46.552130" lon="4.735540">
						<ele>220</ele>
						<time>2026-02-16T12:24:05Z</time>
					</trkpt>
					<trkpt lat="46.552930" lon="4.736050">
						<ele>218</ele>
						<time>2026-02-16T12:24:21Z</time>
					</trkpt>
					<trkpt lat="46.553220" lon="4.736270">
						<ele>217</ele>
						<time>2026-02-16T12:24:27Z</time>
					</trkpt>
					<trkpt lat="46.553730" lon="4.736750">
						<ele>216</ele>
						<time>2026-02-16T12:24:38Z</time>
					</trkpt>
					<trkpt lat="46.553990" lon="4.736930">
						<ele>217</ele>
						<time>2026-02-16T12:24:43Z</time>
					</trkpt>
					<trkpt lat="46.554290" lon="4.737100">
						<ele>217</ele>
						<time>2026-02-16T12:24:48Z</time>
					</trkpt>
					<trkpt lat="46.554470" lon="4.737160">
						<ele>217</ele>
						<time>2026-02-16T12:24:52Z</time>
					</trkpt>
					<trkpt lat="46.554990" lon="4.737250">
						<ele>216</ele>
						<time>2026-02-16T12:25:01Z</time>
					</trkpt>
					<trkpt lat="46.555450" lon="4.737310">
						<ele>216</ele>
						<time>2026-02-16T12:25:09Z</time>
					</trkpt>
					<trkpt lat="46.555840" lon="4.737390">
						<ele>216</ele>
						<time>2026-02-16T12:25:16Z</time>
					</trkpt>
					<trkpt lat="46.556000" lon="4.737420">
						<ele>216</ele>
						<time>2026-02-16T12:25:19Z</time>
					</trkpt>
					<trkpt lat="46.556070" lon="4.737450">
						<ele>217</ele>
						<time>2026-02-16T12:25:20Z</time>
					</trkpt>
					<trkpt lat="46.556160" lon="4.737480">
						<ele>217</ele>
						<time>2026-02-16T12:25:22Z</time>
					</trkpt>
					<trkpt lat="46.556490" lon="4.737070">
						<ele>218</ele>
						<time>2026-02-16T12:25:30Z</time>
					</trkpt>
					<trkpt lat="46.556820" lon="4.736680">
						<ele>217</ele>
						<time>2026-02-16T12:25:37Z</time>
					</trkpt>
					<trkpt lat="46.557070" lon="4.736370">
						<ele>215</ele>
						<time>2026-02-16T12:25:43Z</time>
					</trkpt>
					<trkpt lat="46.557290" lon="4.736100">
						<ele>213</ele>
						<time>2026-02-16T12:25:48Z</time>
					</trkpt>
					<trkpt lat="46.557370" lon="4.736000">
						<ele>212</ele>
						<time>2026-02-16T12:25:50Z</time>
					</trkpt>
					<trkpt lat="46.557550" lon="4.735770">
						<ele>211</ele>
						<time>2026-02-16T12:25:55Z</time>
					</trkpt>
					<trkpt lat="46.557600" lon="4.735680">
						<ele>211</ele>
						<time>2026-02-16T12:25:56Z</time>
					</trkpt>
					<trkpt lat="46.557630" lon="4.735650">
						<ele>211</ele>
						<time>2026-02-16T12:25:57Z</time>
					</trkpt>
					<trkpt lat="46.557640" lon="4.735630">
						<ele>211</ele>
						<time>2026-02-16T12:25:57Z</time>
					</trkpt>
					<trkpt lat="46.557800" lon="4.735930">
						<ele>211</ele>
						<time>2026-02-16T12:26:02Z</time>
					</trkpt>
					<trkpt lat="46.557930" lon="4.736120">
						<ele>212</ele>
						<time>2026-02-16T12:26:05Z</time>
					</trkpt>
					<trkpt lat="46.558050" lon="4.736290">
						<ele>212</ele>
						<time>2026-02-16T12:26:08Z</time>
					</trkpt>
					<trkpt lat="46.558250" lon="4.736510">
						<ele>213</ele>
						<time>2026-02-16T12:26:12Z</time>
					</trkpt>
					<trkpt lat="46.558350" lon="4.736590">
						<ele>214</ele>
						<time>2026-02-16T12:26:14Z</time>
					</trkpt>
					<trkpt lat="46.558650" lon="4.736820">
						<ele>212</ele>
						<time>2026-02-16T12:26:20Z</time>
					</trkpt>
					<trkpt lat="46.558890" lon="4.737000">
						<ele>211</ele>
						<time>2026-02-16T12:26:25Z</time>
					</trkpt>
					<trkpt lat="46.559000" lon="4.737090">
						<ele>210</ele>
						<time>2026-02-16T12:26:27Z</time>
					</trkpt>
					<trkpt lat="46.559110" lon="4.737200">
						<ele>210</ele>
						<time>2026-02-16T12:26:30Z</time>
					</trkpt>
					<trkpt lat="46.559180" lon="4.737310">
						<ele>209</ele>
						<time>2026-02-16T12:26:32Z</time>
					</trkpt>
					<trkpt lat="46.559300" lon="4.737530">
						<ele>209</ele>
						<time>2026-02-16T12:26:35Z</time>
					</trkpt>
					<trkpt lat="46.559370" lon="4.737690">
						<ele>210</ele>
						<time>2026-02-16T12:26:37Z</time>
					</trkpt>
					<trkpt lat="46.559430" lon="4.737890">
						<ele>210</ele>
						<time>2026-02-16T12:26:40Z</time>
					</trkpt>
					<trkpt lat="46.559510" lon="4.738180">
						<ele>211</ele>
						<time>2026-02-16T12:26:44Z</time>
					</trkpt>
					<trkpt lat="46.559550" lon="4.738410">
						<ele>211</ele>
						<time>2026-02-16T12:26:47Z</time>
					</trkpt>
					<trkpt lat="46.559800" lon="4.740020">
						<ele>213</ele>
						<time>2026-02-16T12:27:07Z</time>
					</trkpt>
					<trkpt lat="46.559860" lon="4.740230">
						<ele>213</ele>
						<time>2026-02-16T12:27:10Z</time>
					</trkpt>
					<trkpt lat="46.559920" lon="4.740390">
						<ele>214</ele>
						<time>2026-02-16T12:27:12Z</time>
					</trkpt>
					<trkpt lat="46.560000" lon="4.740520">
						<ele>215</ele>
						<time>2026-02-16T12:27:14Z</time>
					</trkpt>
					<trkpt lat="46.560100" lon="4.740670">
						<ele>216</ele>
						<time>2026-02-16T12:27:17Z</time>
					</trkpt>
					<trkpt lat="46.562360" lon="4.742990">
						<ele>216</ele>
						<time>2026-02-16T12:28:06Z</time>
					</trkpt>
					<trkpt lat="46.564020" lon="4.744690">
						<ele>214</ele>
						<time>2026-02-16T12:28:42Z</time>
					</trkpt>
					<trkpt lat="46.564630" lon="4.745310">
						<ele>212</ele>
						<time>2026-02-16T12:28:55Z</time>
					</trkpt>
					<trkpt lat="46.566280" lon="4.746990">
						<ele>209</ele>
						<time>2026-02-16T12:29:31Z</time>
					</trkpt>
					<trkpt lat="46.566440" lon="4.747140">
						<ele>209</ele>
						<time>2026-02-16T12:29:34Z</time>
					</trkpt>
					<trkpt lat="46.566480" lon="4.747160">
						<ele>209</ele>
						<time>2026-02-16T12:29:35Z</time>
					</trkpt>
					<trkpt lat="46.566540" lon="4.747190">
						<ele>209</ele>
						<time>2026-02-16T12:29:36Z</time>
					</trkpt>
					<trkpt lat="46.566740" lon="4.747250">
						<ele>209</ele>
						<time>2026-02-16T12:29:40Z</time>
					</trkpt>
					<trkpt lat="46.567690" lon="4.747430">
						<ele>214</ele>
						<time>2026-02-16T12:29:57Z</time>
					</trkpt>
					<trkpt lat="46.567660" lon="4.747500">
						<ele>213</ele>
						<time>2026-02-16T12:29:58Z</time>
					</trkpt>
					<trkpt lat="46.567350" lon="4.748290">
						<ele>208</ele>
						<time>2026-02-16T12:30:09Z</time>
					</trkpt>
					<trkpt lat="46.567310" lon="4.748380">
						<ele>207</ele>
						<time>2026-02-16T12:30:10Z</time>
					</trkpt>
					<trkpt lat="46.566940" lon="4.749330">
						<ele>204</ele>
						<time>2026-02-16T12:30:24Z</time>
					</trkpt>
					<trkpt lat="46.566910" lon="4.749400">
						<ele>204</ele>
						<time>2026-02-16T12:30:25Z</time>
					</trkpt>
					<trkpt lat="46.565740" lon="4.752410">
						<ele>212</ele>
						<time>2026-02-16T12:31:07Z</time>
					</trkpt>
					<trkpt lat="46.565650" lon="4.752670">
						<ele>213</ele>
						<time>2026-02-16T12:31:11Z</time>
					</trkpt>
					<trkpt lat="46.565580" lon="4.752880">
						<ele>214</ele>
						<time>2026-02-16T12:31:14Z</time>
					</trkpt>
					<trkpt lat="46.565550" lon="4.753030">
						<ele>214</ele>
						<time>2026-02-16T12:31:15Z</time>
					</trkpt>
					<trkpt lat="46.565520" lon="4.753230">
						<ele>214</ele>
						<time>2026-02-16T12:31:18Z</time>
					</trkpt>
					<trkpt lat="46.565490" lon="4.753690">
						<ele>214</ele>
						<time>2026-02-16T12:31:24Z</time>
					</trkpt>
					<trkpt lat="46.565380" lon="4.756260">
						<ele>217</ele>
						<time>2026-02-16T12:31:55Z</time>
					</trkpt>
					<trkpt lat="46.565190" lon="4.760830">
						<ele>239</ele>
						<time>2026-02-16T12:32:51Z</time>
					</trkpt>
					<trkpt lat="46.565140" lon="4.762330">
						<ele>246</ele>
						<time>2026-02-16T12:33:09Z</time>
					</trkpt>
					<trkpt lat="46.565130" lon="4.762620">
						<ele>247</ele>
						<time>2026-02-16T12:33:13Z</time>
					</trkpt>
					<trkpt lat="46.564970" lon="4.766980">
						<ele>229</ele>
						<time>2026-02-16T12:34:06Z</time>
					</trkpt>
					<trkpt lat="46.564820" lon="4.770900">
						<ele>211</ele>
						<time>2026-02-16T12:34:54Z</time>
					</trkpt>
					<trkpt lat="46.564770" lon="4.772360">
						<ele>204</ele>
						<time>2026-02-16T12:35:12Z</time>
					</trkpt>
					<trkpt lat="46.564760" lon="4.772560">
						<ele>204</ele>
						<time>2026-02-16T12:35:15Z</time>
					</trkpt>
					<trkpt lat="46.564720" lon="4.773670">
						<ele>203</ele>
						<time>2026-02-16T12:35:28Z</time>
					</trkpt>
					<trkpt lat="46.564720" lon="4.773820">
						<ele>204</ele>
						<time>2026-02-16T12:35:30Z</time>
					</trkpt>
					<trkpt lat="46.564670" lon="4.774950">
						<ele>205</ele>
						<time>2026-02-16T12:35:44Z</time>
					</trkpt>
					<trkpt lat="46.564590" lon="4.777110">
						<ele>208</ele>
						<time>2026-02-16T12:36:11Z</time>
					</trkpt>
					<trkpt lat="46.564450" lon="4.781010">
						<ele>214</ele>
						<time>2026-02-16T12:36:58Z</time>
					</trkpt>
					<trkpt lat="46.564340" lon="4.783960">
						<ele>219</ele>
						<time>2026-02-16T12:37:34Z</time>
					</trkpt>
					<trkpt lat="46.564300" lon="4.785160">
						<ele>224</ele>
						<time>2026-02-16T12:37:49Z</time>
					</trkpt>
					<trkpt lat="46.564240" lon="4.786830">
						<ele>234</ele>
						<time>2026-02-16T12:38:10Z</time>
					</trkpt>
					<trkpt lat="46.564180" lon="4.788450">
						<ele>240</ele>
						<time>2026-02-16T12:38:29Z</time>
					</trkpt>
					<trkpt lat="46.564180" lon="4.788520">
						<ele>240</ele>
						<time>2026-02-16T12:38:30Z</time>
					</trkpt>
					<trkpt lat="46.564170" lon="4.788790">
						<ele>241</ele>
						<time>2026-02-16T12:38:34Z</time>
					</trkpt>
					<trkpt lat="46.564050" lon="4.792090">
						<ele>250</ele>
						<time>2026-02-16T12:39:14Z</time>
					</trkpt>
					<trkpt lat="46.563930" lon="4.795570">
						<ele>266</ele>
						<time>2026-02-16T12:39:57Z</time>
					</trkpt>
					<trkpt lat="46.563910" lon="4.796140">
						<ele>270</ele>
						<time>2026-02-16T12:40:04Z</time>
					</trkpt>
					<trkpt lat="46.563800" lon="4.799610">
						<ele>291</ele>
						<time>2026-02-16T12:40:46Z</time>
					</trkpt>
					<trkpt lat="46.563800" lon="4.799690">
						<ele>292</ele>
						<time>2026-02-16T12:40:47Z</time>
					</trkpt>
					<trkpt lat="46.563790" lon="4.799770">
						<ele>292</ele>
						<time>2026-02-16T12:40:48Z</time>
					</trkpt>
					<trkpt lat="46.563720" lon="4.802300">
						<ele>309</ele>
						<time>2026-02-16T12:41:19Z</time>
					</trkpt>
					<trkpt lat="46.563720" lon="4.802630">
						<ele>313</ele>
						<time>2026-02-16T12:41:23Z</time>
					</trkpt>
					<trkpt lat="46.563730" lon="4.802870">
						<ele>316</ele>
						<time>2026-02-16T12:41:26Z</time>
					</trkpt>
					<trkpt lat="46.563750" lon="4.803070">
						<ele>319</ele>
						<time>2026-02-16T12:41:29Z</time>
					</trkpt>
					<trkpt lat="46.563780" lon="4.803310">
						<ele>322</ele>
						<time>2026-02-16T12:41:32Z</time>
					</trkpt>
					<trkpt lat="46.563820" lon="4.803510">
						<ele>326</ele>
						<time>2026-02-16T12:41:34Z</time>
					</trkpt>
					<trkpt lat="46.563880" lon="4.803720">
						<ele>329</ele>
						<time>2026-02-16T12:41:37Z</time>
					</trkpt>
					<trkpt lat="46.564570" lon="4.805330">
						<ele>343</ele>
						<time>2026-02-16T12:42:00Z</time>
					</trkpt>
					<trkpt lat="46.564700" lon="4.805660">
						<ele>346</ele>
						<time>2026-02-16T12:42:05Z</time>
					</trkpt>
					<trkpt lat="46.564760" lon="4.805860">
						<ele>348</ele>
						<time>2026-02-16T12:42:07Z</time>
					</trkpt>
					<trkpt lat="46.564800" lon="4.806090">
						<ele>349</ele>
						<time>2026-02-16T12:42:10Z</time>
					</trkpt>
					<trkpt lat="46.564840" lon="4.806360">
						<ele>351</ele>
						<time>2026-02-16T12:42:14Z</time>
					</trkpt>
					<trkpt lat="46.564850" lon="4.807080">
						<ele>357</ele>
						<time>2026-02-16T12:42:22Z</time>
					</trkpt>
					<trkpt lat="46.564870" lon="4.807350">
						<ele>358</ele>
						<time>2026-02-16T12:42:26Z</time>
					</trkpt>
					<trkpt lat="46.564920" lon="4.807740">
						<ele>361</ele>
						<time>2026-02-16T12:42:31Z</time>
					</trkpt>
					<trkpt lat="46.564970" lon="4.807990">
						<ele>363</ele>
						<time>2026-02-16T12:42:34Z</time>
					</trkpt>
					<trkpt lat="46.565050" lon="4.808240">
						<ele>365</ele>
						<time>2026-02-16T12:42:37Z</time>
					</trkpt>
					<trkpt lat="46.565350" lon="4.809180">
						<ele>372</ele>
						<time>2026-02-16T12:42:50Z</time>
					</trkpt>
					<trkpt lat="46.565570" lon="4.809980">
						<ele>374</ele>
						<time>2026-02-16T12:43:00Z</time>
					</trkpt>
					<trkpt lat="46.565760" lon="4.810840">
						<ele>377</ele>
						<time>2026-02-16T12:43:11Z</time>
					</trkpt>
					<trkpt lat="46.566020" lon="4.811800">
						<ele>384</ele>
						<time>2026-02-16T12:43:24Z</time>
					</trkpt>
					<trkpt lat="46.566110" lon="4.812090">
						<ele>386</ele>
						<time>2026-02-16T12:43:28Z</time>
					</trkpt>
					<trkpt lat="46.566200" lon="4.812270">
						<ele>387</ele>
						<time>2026-02-16T12:43:31Z</time>
					</trkpt>
					<trkpt lat="46.566320" lon="4.812410">
						<ele>388</ele>
						<time>2026-02-16T12:43:33Z</time>
					</trkpt>
					<trkpt lat="46.566720" lon="4.812780">
						<ele>391</ele>
						<time>2026-02-16T12:43:42Z</time>
					</trkpt>
					<trkpt lat="46.566820" lon="4.812900">
						<ele>392</ele>
						<time>2026-02-16T12:43:44Z</time>
					</trkpt>
					<trkpt lat="46.566910" lon="4.813060">
						<ele>393</ele>
						<time>2026-02-16T12:43:47Z</time>
					</trkpt>
					<trkpt lat="46.566970" lon="4.813280">
						<ele>395</ele>
						<time>2026-02-16T12:43:50Z</time>
					</trkpt>
					<trkpt lat="46.567260" lon="4.814210">
						<ele>403</ele>
						<time>2026-02-16T12:44:02Z</time>
					</trkpt>
					<trkpt lat="46.567420" lon="4.814570">
						<ele>405</ele>
						<time>2026-02-16T12:44:07Z</time>
					</trkpt>
					<trkpt lat="46.567590" lon="4.814850">
						<ele>408</ele>
						<time>2026-02-16T12:44:12Z</time>
					</trkpt>
					<trkpt lat="46.567710" lon="4.815020">
						<ele>410</ele>
						<time>2026-02-16T12:44:15Z</time>
					</trkpt>
					<trkpt lat="46.567870" lon="4.815180">
						<ele>411</ele>
						<time>2026-02-16T12:44:18Z</time>
					</trkpt>
					<trkpt lat="46.568170" lon="4.815400">
						<ele>414</ele>
						<time>2026-02-16T12:44:24Z</time>
					</trkpt>
					<trkpt lat="46.568550" lon="4.815710">
						<ele>417</ele>
						<time>2026-02-16T12:44:32Z</time>
					</trkpt>
					<trkpt lat="46.569980" lon="4.816860">
						<ele>422</ele>
						<time>2026-02-16T12:45:01Z</time>
					</trkpt>
					<trkpt lat="46.572340" lon="4.818810">
						<ele>414</ele>
						<time>2026-02-16T12:45:49Z</time>
					</trkpt>
					<trkpt lat="46.572420" lon="4.818900">
						<ele>414</ele>
						<time>2026-02-16T12:45:51Z</time>
					</trkpt>
					<trkpt lat="46.572480" lon="4.819040">
						<ele>413</ele>
						<time>2026-02-16T12:45:53Z</time>
					</trkpt>
					<trkpt lat="46.572500" lon="4.819210">
						<ele>412</ele>
						<time>2026-02-16T12:45:55Z</time>
					</trkpt>
					<trkpt lat="46.572470" lon="4.819300">
						<ele>412</ele>
						<time>2026-02-16T12:45:57Z</time>
					</trkpt>
					<trkpt lat="46.572460" lon="4.819340">
						<ele>412</ele>
						<time>2026-02-16T12:45:57Z</time>
					</trkpt>
					<trkpt lat="46.572370" lon="4.819480">
						<ele>410</ele>
						<time>2026-02-16T12:45:59Z</time>
					</trkpt>
					<trkpt lat="46.572240" lon="4.819590">
						<ele>408</ele>
						<time>2026-02-16T12:46:02Z</time>
					</trkpt>
					<trkpt lat="46.571890" lon="4.819790">
						<ele>402</ele>
						<time>2026-02-16T12:46:09Z</time>
					</trkpt>
					<trkpt lat="46.571510" lon="4.820060">
						<ele>395</ele>
						<time>2026-02-16T12:46:16Z</time>
					</trkpt>
					<trkpt lat="46.571370" lon="4.820240">
						<ele>394</ele>
						<time>2026-02-16T12:46:20Z</time>
					</trkpt>
					<trkpt lat="46.571200" lon="4.820500">
						<ele>392</ele>
						<time>2026-02-16T12:46:24Z</time>
					</trkpt>
					<trkpt lat="46.571080" lon="4.820730">
						<ele>390</ele>
						<time>2026-02-16T12:46:28Z</time>
					</trkpt>
					<trkpt lat="46.571020" lon="4.820870">
						<ele>389</ele>
						<time>2026-02-16T12:46:30Z</time>
					</trkpt>
					<trkpt lat="46.571000" lon="4.821020">
						<ele>388</ele>
						<time>2026-02-16T12:46:31Z</time>
					</trkpt>
					<trkpt lat="46.570990" lon="4.821190">
						<ele>387</ele>
						<time>2026-02-16T12:46:34Z</time>
					</trkpt>
					<trkpt lat="46.571010" lon="4.821320">
						<ele>386</ele>
						<time>2026-02-16T12:46:35Z</time>
					</trkpt>
					<trkpt lat="46.571110" lon="4.821710">
						<ele>385</ele>
						<time>2026-02-16T12:46:40Z</time>
					</trkpt>
					<trkpt lat="46.571530" lon="4.823070">
						<ele>376</ele>
						<time>2026-02-16T12:46:59Z</time>
					</trkpt>
					<trkpt lat="46.571580" lon="4.823240">
						<ele>375</ele>
						<time>2026-02-16T12:47:01Z</time>
					</trkpt>
					<trkpt lat="46.571630" lon="4.823600">
						<ele>372</ele>
						<time>2026-02-16T12:47:05Z</time>
					</trkpt>
					<trkpt lat="46.571620" lon="4.823710">
						<ele>371</ele>
						<time>2026-02-16T12:47:07Z</time>
					</trkpt>
					<trkpt lat="46.571570" lon="4.823840">
						<ele>369</ele>
						<time>2026-02-16T12:47:08Z</time>
					</trkpt>
					<trkpt lat="46.571520" lon="4.823890">
						<ele>368</ele>
						<time>2026-02-16T12:47:10Z</time>
					</trkpt>
					<trkpt lat="46.571420" lon="4.823930">
						<ele>367</ele>
						<time>2026-02-16T12:47:11Z</time>
					</trkpt>
					<trkpt lat="46.571040" lon="4.823950">
						<ele>364</ele>
						<time>2026-02-16T12:47:18Z</time>
					</trkpt>
					<trkpt lat="46.570310" lon="4.823970">
						<ele>358</ele>
						<time>2026-02-16T12:47:31Z</time>
					</trkpt>
					<trkpt lat="46.570210" lon="4.823990">
						<ele>358</ele>
						<time>2026-02-16T12:47:33Z</time>
					</trkpt>
					<trkpt lat="46.570130" lon="4.824050">
						<ele>357</ele>
						<time>2026-02-16T12:47:35Z</time>
					</trkpt>
					<trkpt lat="46.570080" lon="4.824130">
						<ele>356</ele>
						<time>2026-02-16T12:47:36Z</time>
					</trkpt>
					<trkpt lat="46.570050" lon="4.824210">
						<ele>355</ele>
						<time>2026-02-16T12:47:37Z</time>
					</trkpt>
					<trkpt lat="46.570050" lon="4.824320">
						<ele>354</ele>
						<time>2026-02-16T12:47:38Z</time>
					</trkpt>
					<trkpt lat="46.570070" lon="4.824450">
						<ele>352</ele>
						<time>2026-02-16T12:47:40Z</time>
					</trkpt>
					<trkpt lat="46.570110" lon="4.824630">
						<ele>350</ele>
						<time>2026-02-16T12:47:42Z</time>
					</trkpt>
					<trkpt lat="46.570440" lon="4.825820">
						<ele>341</ele>
						<time>2026-02-16T12:47:58Z</time>
					</trkpt>
					<trkpt lat="46.570560" lon="4.826260">
						<ele>337</ele>
						<time>2026-02-16T12:48:04Z</time>
					</trkpt>
					<trkpt lat="46.570920" lon="4.827620">
						<ele>327</ele>
						<time>2026-02-16T12:48:22Z</time>
					</trkpt>
					<trkpt lat="46.571030" lon="4.827930">
						<ele>324</ele>
						<time>2026-02-16T12:48:26Z</time>
					</trkpt>
					<trkpt lat="46.571110" lon="4.828120">
						<ele>323</ele>
						<time>2026-02-16T12:48:29Z</time>
					</trkpt>
					<trkpt lat="46.571160" lon="4.828230">
						<ele>323</ele>
						<time>2026-02-16T12:48:30Z</time>
					</trkpt>
					<trkpt lat="46.571510" lon="4.828920">
						<ele>320</ele>
						<time>2026-02-16T12:48:41Z</time>
					</trkpt>
					<trkpt lat="46.572310" lon="4.830570">
						<ele>314</ele>
						<time>2026-02-16T12:49:05Z</time>
					</trkpt>
					<trkpt lat="46.573110" lon="4.832190">
						<ele>302</ele>
						<time>2026-02-16T12:49:30Z</time>
					</trkpt>
					<trkpt lat="46.573410" lon="4.832800">
						<ele>297</ele>
						<time>2026-02-16T12:49:39Z</time>
					</trkpt>
					<trkpt lat="46.573490" lon="4.832960">
						<ele>296</ele>
						<time>2026-02-16T12:49:41Z</time>
					</trkpt>
					<trkpt lat="46.574190" lon="4.834400">
						<ele>284</ele>
						<time>2026-02-16T12:50:03Z</time>
					</trkpt>
					<trkpt lat="46.574710" lon="4.835470">
						<ele>280</ele>
						<time>2026-02-16T12:50:19Z</time>
					</trkpt>
					<trkpt lat="46.575110" lon="4.836310">
						<ele>276</ele>
						<time>2026-02-16T12:50:31Z</time>
					</trkpt>
					<trkpt lat="46.575380" lon="4.836850">
						<ele>273</ele>
						<time>2026-02-16T12:50:40Z</time>
					</trkpt>
					<trkpt lat="46.575570" lon="4.837290">
						<ele>272</ele>
						<time>2026-02-16T12:50:46Z</time>
					</trkpt>
					<trkpt lat="46.575630" lon="4.837550">
						<ele>272</ele>
						<time>2026-02-16T12:50:49Z</time>
					</trkpt>
					<trkpt lat="46.575650" lon="4.837700">
						<ele>271</ele>
						<time>2026-02-16T12:50:51Z</time>
					</trkpt>
					<trkpt lat="46.575650" lon="4.837900">
						<ele>270</ele>
						<time>2026-02-16T12:50:54Z</time>
					</trkpt>
					<trkpt lat="46.575590" lon="4.838310">
						<ele>269</ele>
						<time>2026-02-16T12:50:59Z</time>
					</trkpt>
					<trkpt lat="46.575150" lon="4.841230">
						<ele>269</ele>
						<time>2026-02-16T12:51:35Z</time>
					</trkpt>
					<trkpt lat="46.574810" lon="4.843520">
						<ele>260</ele>
						<time>2026-02-16T12:52:04Z</time>
					</trkpt>
					<trkpt lat="46.574730" lon="4.844000">
						<ele>257</ele>
						<time>2026-02-16T12:52:10Z</time>
					</trkpt>
					<trkpt lat="46.574700" lon="4.844170">
						<ele>255</ele>
						<time>2026-02-16T12:52:12Z</time>
					</trkpt>
					<trkpt lat="46.574540" lon="4.845190">
						<ele>251</ele>
						<time>2026-02-16T12:52:25Z</time>
					</trkpt>
					<trkpt lat="46.574510" lon="4.845370">
						<ele>250</ele>
						<time>2026-02-16T12:52:27Z</time>
					</trkpt>
					<trkpt lat="46.574370" lon="4.846170">
						<ele>249</ele>
						<time>2026-02-16T12:52:37Z</time>
					</trkpt>
					<trkpt lat="46.574340" lon="4.846320">
						<ele>249</ele>
						<time>2026-02-16T12:52:39Z</time>
					</trkpt>
					<trkpt lat="46.574320" lon="4.846420">
						<ele>249</ele>
						<time>2026-02-16T12:52:41Z</time>
					</trkpt>
					<trkpt lat="46.574310" lon="4.846510">
						<ele>249</ele>
						<time>2026-02-16T12:52:42Z</time>
					</trkpt>
					<trkpt lat="46.573930" lon="4.848470">
						<ele>250</ele>
						<time>2026-02-16T12:53:07Z</time>
					</trkpt>
					<trkpt lat="46.573900" lon="4.848680">
						<ele>252</ele>
						<time>2026-02-16T12:53:09Z</time>
					</trkpt>
					<trkpt lat="46.573750" lon="4.849500">
						<ele>257</ele>
						<time>2026-02-16T12:53:20Z</time>
					</trkpt>
					<trkpt lat="46.573700" lon="4.849830">
						<ele>258</ele>
						<time>2026-02-16T12:53:24Z</time>
					</trkpt>
					<trkpt lat="46.573530" lon="4.851050">
						<ele>253</ele>
						<time>2026-02-16T12:53:39Z</time>
					</trkpt>
					<trkpt lat="46.573380" lon="4.852310">
						<ele>249</ele>
						<time>2026-02-16T12:53:55Z</time>
					</trkpt>
					<trkpt lat="46.573130" lon="4.854160">
						<ele>253</ele>
						<time>2026-02-16T12:54:18Z</time>
					</trkpt>
					<trkpt lat="46.573030" lon="4.854980">
						<ele>257</ele>
						<time>2026-02-16T12:54:28Z</time>
					</trkpt>
					<trkpt lat="46.572960" lon="4.855670">
						<ele>258</ele>
						<time>2026-02-16T12:54:36Z</time>
					</trkpt>
					<trkpt lat="46.572810" lon="4.857590">
						<ele>254</ele>
						<time>2026-02-16T12:55:00Z</time>
					</trkpt>
					<trkpt lat="46.572180" lon="4.864250">
						<ele>229</ele>
						<time>2026-02-16T12:56:22Z</time>
					</trkpt>
					<trkpt lat="46.572030" lon="4.865900">
						<ele>218</ele>
						<time>2026-02-16T12:56:43Z</time>
					</trkpt>
					<trkpt lat="46.571950" lon="4.866760">
						<ele>213</ele>
						<time>2026-02-16T12:56:53Z</time>
					</trkpt>
					<trkpt lat="46.571800" lon="4.868230">
						<ele>207</ele>
						<time>2026-02-16T12:57:11Z</time>
					</trkpt>
					<trkpt lat="46.571780" lon="4.868420">
						<ele>208</ele>
						<time>2026-02-16T12:57:14Z</time>
					</trkpt>
					<trkpt lat="46.571720" lon="4.868970">
						<ele>211</ele>
						<time>2026-02-16T12:57:21Z</time>
					</trkpt>
					<trkpt lat="46.571720" lon="4.869120">
						<ele>212</ele>
						<time>2026-02-16T12:57:22Z</time>
					</trkpt>
					<trkpt lat="46.571730" lon="4.869260">
						<ele>213</ele>
						<time>2026-02-16T12:57:24Z</time>
					</trkpt>
					<trkpt lat="46.571760" lon="4.869440">
						<ele>215</ele>
						<time>2026-02-16T12:57:26Z</time>
					</trkpt>
					<trkpt lat="46.571810" lon="4.869600">
						<ele>216</ele>
						<time>2026-02-16T12:57:28Z</time>
					</trkpt>
					<trkpt lat="46.571920" lon="4.869850">
						<ele>219</ele>
						<time>2026-02-16T12:57:32Z</time>
					</trkpt>
					<trkpt lat="46.571990" lon="4.869960">
						<ele>220</ele>
						<time>2026-02-16T12:57:34Z</time>
					</trkpt>
					<trkpt lat="46.572080" lon="4.870090">
						<ele>222</ele>
						<time>2026-02-16T12:57:36Z</time>
					</trkpt>
					<trkpt lat="46.572420" lon="4.870390">
						<ele>224</ele>
						<time>2026-02-16T12:57:43Z</time>
					</trkpt>
					<trkpt lat="46.572510" lon="4.870480">
						<ele>225</ele>
						<time>2026-02-16T12:57:45Z</time>
					</trkpt>
					<trkpt lat="46.572600" lon="4.870600">
						<ele>226</ele>
						<time>2026-02-16T12:57:47Z</time>
					</trkpt>
					<trkpt lat="46.572660" lon="4.870740">
						<ele>227</ele>
						<time>2026-02-16T12:57:49Z</time>
					</trkpt>
					<trkpt lat="46.572710" lon="4.870890">
						<ele>228</ele>
						<time>2026-02-16T12:57:51Z</time>
					</trkpt>
					<trkpt lat="46.572730" lon="4.871000">
						<ele>228</ele>
						<time>2026-02-16T12:57:53Z</time>
					</trkpt>
					<trkpt lat="46.572750" lon="4.871160">
						<ele>229</ele>
						<time>2026-02-16T12:57:55Z</time>
					</trkpt>
					<trkpt lat="46.572740" lon="4.871490">
						<ele>232</ele>
						<time>2026-02-16T12:57:59Z</time>
					</trkpt>
					<trkpt lat="46.572730" lon="4.871660">
						<ele>233</ele>
						<time>2026-02-16T12:58:01Z</time>
					</trkpt>
					<trkpt lat="46.572690" lon="4.871920">
						<ele>234</ele>
						<time>2026-02-16T12:58:04Z</time>
					</trkpt>
					<trkpt lat="46.572630" lon="4.872160">
						<ele>235</ele>
						<time>2026-02-16T12:58:07Z</time>
					</trkpt>
					<trkpt lat="46.572580" lon="4.872280">
						<ele>236</ele>
						<time>2026-02-16T12:58:09Z</time>
					</trkpt>
					<trkpt lat="46.572520" lon="4.872390">
						<ele>236</ele>
						<time>2026-02-16T12:58:11Z</time>
					</trkpt>
					<trkpt lat="46.572450" lon="4.872490">
						<ele>237</ele>
						<time>2026-02-16T12:58:13Z</time>
					</trkpt>
					<trkpt lat="46.572260" lon="4.872700">
						<ele>238</ele>
						<time>2026-02-16T12:58:17Z</time>
					</trkpt>
					<trkpt lat="46.571830" lon="4.873210">
						<ele>243</ele>
						<time>2026-02-16T12:58:27Z</time>
					</trkpt>
					<trkpt lat="46.571720" lon="4.873370">
						<ele>244</ele>
						<time>2026-02-16T12:58:29Z</time>
					</trkpt>
					<trkpt lat="46.571640" lon="4.873510">
						<ele>245</ele>
						<time>2026-02-16T12:58:32Z</time>
					</trkpt>
					<trkpt lat="46.571530" lon="4.873850">
						<ele>247</ele>
						<time>2026-02-16T12:58:36Z</time>
					</trkpt>
					<trkpt lat="46.571360" lon="4.874410">
						<ele>251</ele>
						<time>2026-02-16T12:58:44Z</time>
					</trkpt>
					<trkpt lat="46.571260" lon="4.874650">
						<ele>253</ele>
						<time>2026-02-16T12:58:47Z</time>
					</trkpt>
					<trkpt lat="46.570670" lon="4.875740">
						<ele>260</ele>
						<time>2026-02-16T12:59:04Z</time>
					</trkpt>
					<trkpt lat="46.570630" lon="4.875820">
						<ele>260</ele>
						<time>2026-02-16T12:59:05Z</time>
					</trkpt>
					<trkpt lat="46.570380" lon="4.876470">
						<ele>266</ele>
						<time>2026-02-16T12:59:14Z</time>
					</trkpt>
					<trkpt lat="46.570200" lon="4.877000">
						<ele>271</ele>
						<time>2026-02-16T12:59:22Z</time>
					</trkpt>
					<trkpt lat="46.570170" lon="4.877080">
						<ele>271</ele>
						<time>2026-02-16T12:59:23Z</time>
					</trkpt>
					<trkpt lat="46.570140" lon="4.877250">
						<ele>272</ele>
						<time>2026-02-16T12:59:25Z</time>
					</trkpt>
					<trkpt lat="46.570120" lon="4.877420">
						<ele>273</ele>
						<time>2026-02-16T12:59:27Z</time>
					</trkpt>
					<trkpt lat="46.570110" lon="4.877890">
						<ele>275</ele>
						<time>2026-02-16T12:59:33Z</time>
					</trkpt>
					<trkpt lat="46.570100" lon="4.878230">
						<ele>277</ele>
						<time>2026-02-16T12:59:37Z</time>
					</trkpt>
					<trkpt lat="46.570100" lon="4.878390">
						<ele>278</ele>
						<time>2026-02-16T12:59:39Z</time>
					</trkpt>
					<trkpt lat="46.570110" lon="4.878560">
						<ele>279</ele>
						<time>2026-02-16T12:59:41Z</time>
					</trkpt>
					<trkpt lat="46.570130" lon="4.878630">
						<ele>279</ele>
						<time>2026-02-16T12:59:42Z</time>
					</trkpt>
					<trkpt lat="46.570140" lon="4.878720">
						<ele>280</ele>
						<time>2026-02-16T12:59:43Z</time>
					</trkpt>
					<trkpt lat="46.570170" lon="4.878810">
						<ele>280</ele>
						<time>2026-02-16T12:59:44Z</time>
					</trkpt>
					<trkpt lat="46.570200" lon="4.878880">
						<ele>281</ele>
						<time>2026-02-16T12:59:45Z</time>
					</trkpt>
					<trkpt lat="46.570270" lon="4.879030">
						<ele>282</ele>
						<time>2026-02-16T12:59:48Z</time>
					</trkpt>
					<trkpt lat="46.570540" lon="4.879580">
						<ele>283</ele>
						<time>2026-02-16T12:59:56Z</time>
					</trkpt>
					<trkpt lat="46.570790" lon="4.880050">
						<ele>285</ele>
						<time>2026-02-16T13:00:03Z</time>
					</trkpt>
					<trkpt lat="46.570920" lon="4.880350">
						<ele>286</ele>
						<time>2026-02-16T13:00:07Z</time>
					</trkpt>
					<trkpt lat="46.571130" lon="4.880940">
						<ele>286</ele>
						<time>2026-02-16T13:00:16Z</time>
					</trkpt>
					<trkpt lat="46.571420" lon="4.881950">
						<ele>284</ele>
						<time>2026-02-16T13:00:29Z</time>
					</trkpt>
					<trkpt lat="46.571470" lon="4.882140">
						<ele>283</ele>
						<time>2026-02-16T13:00:31Z</time>
					</trkpt>
					<trkpt lat="46.571490" lon="4.882280">
						<ele>283</ele>
						<time>2026-02-16T13:00:33Z</time>
					</trkpt>
					<trkpt lat="46.571480" lon="4.882430">
						<ele>282</ele>
						<time>2026-02-16T13:00:35Z</time>
					</trkpt>
					<trkpt lat="46.571450" lon="4.882590">
						<ele>280</ele>
						<time>2026-02-16T13:00:37Z</time>
					</trkpt>
					<trkpt lat="46.571390" lon="4.882770">
						<ele>278</ele>
						<time>2026-02-16T13:00:39Z</time>
					</trkpt>
					<trkpt lat="46.571210" lon="4.883240">
						<ele>273</ele>
						<time>2026-02-16T13:00:46Z</time>
					</trkpt>
					<trkpt lat="46.570770" lon="4.884420">
						<ele>269</ele>
						<time>2026-02-16T13:01:02Z</time>
					</trkpt>
					<trkpt lat="46.570600" lon="4.884890">
						<ele>268</ele>
						<time>2026-02-16T13:01:09Z</time>
					</trkpt>
					<trkpt lat="46.570470" lon="4.885250">
						<ele>270</ele>
						<time>2026-02-16T13:01:14Z</time>
					</trkpt>
					<trkpt lat="46.570370" lon="4.885490">
						<ele>271</ele>
						<time>2026-02-16T13:01:17Z</time>
					</trkpt>
					<trkpt lat="46.569800" lon="4.887000">
						<ele>268</ele>
						<time>2026-02-16T13:01:38Z</time>
					</trkpt>
					<trkpt lat="46.569610" lon="4.887500">
						<ele>265</ele>
						<time>2026-02-16T13:01:45Z</time>
					</trkpt>
					<trkpt lat="46.569570" lon="4.887650">
						<ele>264</ele>
						<time>2026-02-16T13:01:47Z</time>
					</trkpt>
					<trkpt lat="46.569440" lon="4.888130">
						<ele>260</ele>
						<time>2026-02-16T13:01:54Z</time>
					</trkpt>
					<trkpt lat="46.569410" lon="4.888250">
						<ele>259</ele>
						<time>2026-02-16T13:01:55Z</time>
					</trkpt>
					<trkpt lat="46.569110" lon="4.889470">
						<ele>244</ele>
						<time>2026-02-16T13:02:11Z</time>
					</trkpt>
					<trkpt lat="46.568800" lon="4.890700">
						<ele>234</ele>
						<time>2026-02-16T13:02:27Z</time>
					</trkpt>
					<trkpt lat="46.568770" lon="4.890690">
						<ele>234</ele>
						<time>2026-02-16T13:02:28Z</time>
					</trkpt>
					<trkpt lat="46.568620" lon="4.890650">
						<ele>234</ele>
						<time>2026-02-16T13:02:30Z</time>
					</trkpt>
					<trkpt lat="46.568210" lon="4.890600">
						<ele>232</ele>
						<time>2026-02-16T13:02:38Z</time>
					</trkpt>
					<trkpt lat="46.568030" lon="4.890550">
						<ele>231</ele>
						<time>2026-02-16T13:02:41Z</time>
					</trkpt>
					<trkpt lat="46.567880" lon="4.890500">
						<ele>231</ele>
						<time>2026-02-16T13:02:44Z</time>
					</trkpt>
					<trkpt lat="46.567650" lon="4.890410">
						<ele>230</ele>
						<time>2026-02-16T13:02:48Z</time>
					</trkpt>
					<trkpt lat="46.567370" lon="4.890270">
						<ele>230</ele>
						<time>2026-02-16T13:02:53Z</time>
					</trkpt>
					<trkpt lat="46.566910" lon="4.890030">
						<ele>229</ele>
						<time>2026-02-16T13:03:02Z</time>
					</trkpt>
					<trkpt lat="46.566720" lon="4.889900">
						<ele>229</ele>
						<time>2026-02-16T13:03:06Z</time>
					</trkpt>
					<trkpt lat="46.565650" lon="4.889050">
						<ele>230</ele>
						<time>2026-02-16T13:03:27Z</time>
					</trkpt>
					<trkpt lat="46.565470" lon="4.888970">
						<ele>229</ele>
						<time>2026-02-16T13:03:31Z</time>
					</trkpt>
					<trkpt lat="46.564500" lon="4.888540">
						<ele>228</ele>
						<time>2026-02-16T13:03:49Z</time>
					</trkpt>
					<trkpt lat="46.562940" lon="4.888220">
						<ele>220</ele>
						<time>2026-02-16T13:04:17Z</time>
					</trkpt>
					<trkpt lat="46.562770" lon="4.888240">
						<ele>219</ele>
						<time>2026-02-16T13:04:20Z</time>
					</trkpt>
					<trkpt lat="46.562770" lon="4.888250">
						<ele>219</ele>
						<time>2026-02-16T13:04:20Z</time>
					</trkpt>
					<trkpt lat="46.562770" lon="4.888240">
						<ele>219</ele>
						<time>2026-02-16T13:04:20Z</time>
					</trkpt>
					<trkpt lat="46.562720" lon="4.887980">
						<ele>220</ele>
						<time>2026-02-16T13:04:23Z</time>
					</trkpt>
					<trkpt lat="46.562620" lon="4.887320">
						<ele>223</ele>
						<time>2026-02-16T13:04:32Z</time>
					</trkpt>
					<trkpt lat="46.562630" lon="4.887110">
						<ele>222</ele>
						<time>2026-02-16T13:04:34Z</time>
					</trkpt>
					<trkpt lat="46.562640" lon="4.887020">
						<ele>222</ele>
						<time>2026-02-16T13:04:35Z</time>
					</trkpt>
					<trkpt lat="46.562780" lon="4.886710">
						<ele>222</ele>
						<time>2026-02-16T13:04:40Z</time>
					</trkpt>
					<trkpt lat="46.563450" lon="4.885590">
						<ele>222</ele>
						<time>2026-02-16T13:04:58Z</time>
					</trkpt>
					<trkpt lat="46.564540" lon="4.883880">
						<ele>226</ele>
						<time>2026-02-16T13:05:27Z</time>
					</trkpt>
					<trkpt lat="46.565350" lon="4.882560">
						<ele>228</ele>
						<time>2026-02-16T13:05:48Z</time>
					</trkpt>
					<trkpt lat="46.565430" lon="4.882440">
						<ele>228</ele>
						<time>2026-02-16T13:05:50Z</time>
					</trkpt>
					<trkpt lat="46.565510" lon="4.882300">
						<ele>230</ele>
						<time>2026-02-16T13:05:52Z</time>
					</trkpt>
					<trkpt lat="46.565580" lon="4.882100">
						<ele>231</ele>
						<time>2026-02-16T13:05:55Z</time>
					</trkpt>
					<trkpt lat="46.565610" lon="4.881890">
						<ele>232</ele>
						<time>2026-02-16T13:05:58Z</time>
					</trkpt>
					<trkpt lat="46.565590" lon="4.881710">
						<ele>233</ele>
						<time>2026-02-16T13:06:00Z</time>
					</trkpt>
					<trkpt lat="46.565590" lon="4.881670">
						<ele>233</ele>
						<time>2026-02-16T13:06:01Z</time>
					</trkpt>
					<trkpt lat="46.565550" lon="4.881490">
						<ele>237</ele>
						<time>2026-02-16T13:06:03Z</time>
					</trkpt>
					<trkpt lat="46.565480" lon="4.881340">
						<ele>239</ele>
						<time>2026-02-16T13:06:05Z</time>
					</trkpt>
					<trkpt lat="46.565430" lon="4.881270">
						<ele>240</ele>
						<time>2026-02-16T13:06:06Z</time>
					</trkpt>
					<trkpt lat="46.565340" lon="4.881170">
						<ele>242</ele>
						<time>2026-02-16T13:06:08Z</time>
					</trkpt>
					<trkpt lat="46.565230" lon="4.881110">
						<ele>243</ele>
						<time>2026-02-16T13:06:10Z</time>
					</trkpt>
					<trkpt lat="46.565000" lon="4.881020">
						<ele>243</ele>
						<time>2026-02-16T13:06:15Z</time>
					</trkpt>
					<trkpt lat="46.564830" lon="4.880990">
						<ele>243</ele>
						<time>2026-02-16T13:06:18Z</time>
					</trkpt>
					<trkpt lat="46.564710" lon="4.880950">
						<ele>243</ele>
						<time>2026-02-16T13:06:20Z</time>
					</trkpt>
					<trkpt lat="46.564610" lon="4.880900">
						<ele>243</ele>
						<time>2026-02-16T13:06:22Z</time>
					</trkpt>
					<trkpt lat="46.564470" lon="4.880800">
						<ele>244</ele>
						<time>2026-02-16T13:06:25Z</time>
					</trkpt>
					<trkpt lat="46.564340" lon="4.880680">
						<ele>245</ele>
						<time>2026-02-16T13:06:27Z</time>
					</trkpt>
					<trkpt lat="46.563970" lon="4.880310">
						<ele>251</ele>
						<time>2026-02-16T13:06:35Z</time>
					</trkpt>
					<trkpt lat="46.563870" lon="4.880220">
						<ele>251</ele>
						<time>2026-02-16T13:06:37Z</time>
					</trkpt>
					<trkpt lat="46.563780" lon="4.880160">
						<ele>251</ele>
						<time>2026-02-16T13:06:39Z</time>
					</trkpt>
					<trkpt lat="46.563690" lon="4.880110">
						<ele>251</ele>
						<time>2026-02-16T13:06:41Z</time>
					</trkpt>
					<trkpt lat="46.563080" lon="4.879880">
						<ele>249</ele>
						<time>2026-02-16T13:06:52Z</time>
					</trkpt>
					<trkpt lat="46.563000" lon="4.879830">
						<ele>249</ele>
						<time>2026-02-16T13:06:54Z</time>
					</trkpt>
					<trkpt lat="46.562880" lon="4.879760">
						<ele>249</ele>
						<time>2026-02-16T13:06:56Z</time>
					</trkpt>
					<trkpt lat="46.562420" lon="4.879400">
						<ele>252</ele>
						<time>2026-02-16T13:07:05Z</time>
					</trkpt>
					<trkpt lat="46.562240" lon="4.879270">
						<ele>253</ele>
						<time>2026-02-16T13:07:09Z</time>
					</trkpt>
					<trkpt lat="46.562090" lon="4.879180">
						<ele>254</ele>
						<time>2026-02-16T13:07:12Z</time>
					</trkpt>
					<trkpt lat="46.561060" lon="4.878680">
						<ele>257</ele>
						<time>2026-02-16T13:07:31Z</time>
					</trkpt>
					<trkpt lat="46.560360" lon="4.878310">
						<ele>261</ele>
						<time>2026-02-16T13:07:44Z</time>
					</trkpt>
					<trkpt lat="46.560210" lon="4.878230">
						<ele>262</ele>
						<time>2026-02-16T13:07:47Z</time>
					</trkpt>
					<trkpt lat="46.560080" lon="4.878140">
						<ele>263</ele>
						<time>2026-02-16T13:07:50Z</time>
					</trkpt>
					<trkpt lat="46.559620" lon="4.877670">
						<ele>267</ele>
						<time>2026-02-16T13:08:00Z</time>
					</trkpt>
					<trkpt lat="46.559500" lon="4.877610">
						<ele>267</ele>
						<time>2026-02-16T13:08:02Z</time>
					</trkpt>
					<trkpt lat="46.559370" lon="4.877590">
						<ele>267</ele>
						<time>2026-02-16T13:08:04Z</time>
					</trkpt>
					<trkpt lat="46.559200" lon="4.877610">
						<ele>266</ele>
						<time>2026-02-16T13:08:07Z</time>
					</trkpt>
					<trkpt lat="46.559080" lon="4.877600">
						<ele>266</ele>
						<time>2026-02-16T13:08:09Z</time>
					</trkpt>
					<trkpt lat="46.558820" lon="4.877530">
						<ele>267</ele>
						<time>2026-02-16T13:08:14Z</time>
					</trkpt>
					<trkpt lat="46.558720" lon="4.877490">
						<ele>268</ele>
						<time>2026-02-16T13:08:16Z</time>
					</trkpt>
					<trkpt lat="46.558610" lon="4.877420">
						<ele>269</ele>
						<time>2026-02-16T13:08:18Z</time>
					</trkpt>
					<trkpt lat="46.558020" lon="4.876940">
						<ele>277</ele>
						<time>2026-02-16T13:08:30Z</time>
					</trkpt>
					<trkpt lat="46.557770" lon="4.876780">
						<ele>279</ele>
						<time>2026-02-16T13:08:35Z</time>
					</trkpt>
					<trkpt lat="46.557370" lon="4.876580">
						<ele>282</ele>
						<time>2026-02-16T13:08:42Z</time>
					</trkpt>
					<trkpt lat="46.556870" lon="4.876360">
						<ele>283</ele>
						<time>2026-02-16T13:08:52Z</time>
					</trkpt>
					<trkpt lat="46.556680" lon="4.876290">
						<ele>283</ele>
						<time>2026-02-16T13:08:55Z</time>
					</trkpt>
					<trkpt lat="46.556410" lon="4.876240">
						<ele>284</ele>
						<time>2026-02-16T13:09:00Z</time>
					</trkpt>
					<trkpt lat="46.556230" lon="4.876230">
						<ele>284</ele>
						<time>2026-02-16T13:09:03Z</time>
					</trkpt>
					<trkpt lat="46.556070" lon="4.876250">
						<ele>283</ele>
						<time>2026-02-16T13:09:06Z</time>
					</trkpt>
					<trkpt lat="46.555270" lon="4.876500">
						<ele>279</ele>
						<time>2026-02-16T13:09:21Z</time>
					</trkpt>
					<trkpt lat="46.555170" lon="4.876520">
						<ele>279</ele>
						<time>2026-02-16T13:09:23Z</time>
					</trkpt>
					<trkpt lat="46.555050" lon="4.876530">
						<ele>279</ele>
						<time>2026-02-16T13:09:25Z</time>
					</trkpt>
					<trkpt lat="46.554780" lon="4.876520">
						<ele>280</ele>
						<time>2026-02-16T13:09:29Z</time>
					</trkpt>
					<trkpt lat="46.554470" lon="4.876480">
						<ele>282</ele>
						<time>2026-02-16T13:09:35Z</time>
					</trkpt>
					<trkpt lat="46.554190" lon="4.876410">
						<ele>284</ele>
						<time>2026-02-16T13:09:40Z</time>
					</trkpt>
					<trkpt lat="46.553770" lon="4.876280">
						<ele>285</ele>
						<time>2026-02-16T13:09:48Z</time>
					</trkpt>
					<trkpt lat="46.553110" lon="4.876040">
						<ele>287</ele>
						<time>2026-02-16T13:10:00Z</time>
					</trkpt>
					<trkpt lat="46.552810" lon="4.875920">
						<ele>288</ele>
						<time>2026-02-16T13:10:05Z</time>
					</trkpt>
					<trkpt lat="46.552640" lon="4.875850">
						<ele>289</ele>
						<time>2026-02-16T13:10:08Z</time>
					</trkpt>
					<trkpt lat="46.552160" lon="4.875630">
						<ele>291</ele>
						<time>2026-02-16T13:10:17Z</time>
					</trkpt>
					<trkpt lat="46.551590" lon="4.875290">
						<ele>295</ele>
						<time>2026-02-16T13:10:28Z</time>
					</trkpt>
					<trkpt lat="46.551100" lon="4.874950">
						<ele>297</ele>
						<time>2026-02-16T13:10:38Z</time>
					</trkpt>
					<trkpt lat="46.550970" lon="4.874840">
						<ele>298</ele>
						<time>2026-02-16T13:10:41Z</time>
					</trkpt>
					<trkpt lat="46.550720" lon="4.874560">
						<ele>300</ele>
						<time>2026-02-16T13:10:46Z</time>
					</trkpt>
					<trkpt lat="46.550360" lon="4.874090">
						<ele>303</ele>
						<time>2026-02-16T13:10:55Z</time>
					</trkpt>
					<trkpt lat="46.550240" lon="4.873890">
						<ele>302</ele>
						<time>2026-02-16T13:10:58Z</time>
					</trkpt>
					<trkpt lat="46.549850" lon="4.873120">
						<ele>306</ele>
						<time>2026-02-16T13:11:10Z</time>
					</trkpt>
					<trkpt lat="46.549750" lon="4.872850">
						<ele>308</ele>
						<time>2026-02-16T13:11:14Z</time>
					</trkpt>
					<trkpt lat="46.549720" lon="4.872710">
						<ele>308</ele>
						<time>2026-02-16T13:11:15Z</time>
					</trkpt>
					<trkpt lat="46.549720" lon="4.872630">
						<ele>309</ele>
						<time>2026-02-16T13:11:16Z</time>
					</trkpt>
					<trkpt lat="46.549750" lon="4.872370">
						<ele>309</ele>
						<time>2026-02-16T13:11:20Z</time>
					</trkpt>
					<trkpt lat="46.549810" lon="4.872170">
						<ele>309</ele>
						<time>2026-02-16T13:11:22Z</time>
					</trkpt>
					<trkpt lat="46.550110" lon="4.871480">
						<ele>308</ele>
						<time>2026-02-16T13:11:32Z</time>
					</trkpt>
					<trkpt lat="46.550240" lon="4.871200">
						<ele>310</ele>
						<time>2026-02-16T13:11:36Z</time>
					</trkpt>
					<trkpt lat="46.550360" lon="4.871020">
						<ele>310</ele>
						<time>2026-02-16T13:11:40Z</time>
					</trkpt>
					<trkpt lat="46.550630" lon="4.870740">
						<ele>308</ele>
						<time>2026-02-16T13:11:45Z</time>
					</trkpt>
					<trkpt lat="46.551150" lon="4.870370">
						<ele>305</ele>
						<time>2026-02-16T13:11:56Z</time>
					</trkpt>
					<trkpt lat="46.551320" lon="4.870170">
						<ele>304</ele>
						<time>2026-02-16T13:12:00Z</time>
					</trkpt>
					<trkpt lat="46.551420" lon="4.869970">
						<ele>302</ele>
						<time>2026-02-16T13:12:03Z</time>
					</trkpt>
					<trkpt lat="46.551530" lon="4.869680">
						<ele>301</ele>
						<time>2026-02-16T13:12:07Z</time>
					</trkpt>
					<trkpt lat="46.551850" lon="4.868240">
						<ele>299</ele>
						<time>2026-02-16T13:12:25Z</time>
					</trkpt>
					<trkpt lat="46.551880" lon="4.867870">
						<ele>297</ele>
						<time>2026-02-16T13:12:30Z</time>
					</trkpt>
					<trkpt lat="46.551860" lon="4.867640">
						<ele>296</ele>
						<time>2026-02-16T13:12:33Z</time>
					</trkpt>
					<trkpt lat="46.551820" lon="4.867480">
						<ele>295</ele>
						<time>2026-02-16T13:12:35Z</time>
					</trkpt>
					<trkpt lat="46.551370" lon="4.866250">
						<ele>290</ele>
						<time>2026-02-16T13:12:52Z</time>
					</trkpt>
					<trkpt lat="46.551050" lon="4.865370">
						<ele>287</ele>
						<time>2026-02-16T13:13:04Z</time>
					</trkpt>
					<trkpt lat="46.550910" lon="4.865090">
						<ele>286</ele>
						<time>2026-02-16T13:13:08Z</time>
					</trkpt>
					<trkpt lat="46.550370" lon="4.864370">
						<ele>284</ele>
						<time>2026-02-16T13:13:21Z</time>
					</trkpt>
					<trkpt lat="46.550340" lon="4.864290">
						<ele>283</ele>
						<time>2026-02-16T13:13:22Z</time>
					</trkpt>
					<trkpt lat="46.550270" lon="4.864150">
						<ele>282</ele>
						<time>2026-02-16T13:13:24Z</time>
					</trkpt>
					<trkpt lat="46.550230" lon="4.863980">
						<ele>281</ele>
						<time>2026-02-16T13:13:27Z</time>
					</trkpt>
					<trkpt lat="46.550210" lon="4.863800">
						<ele>280</ele>
						<time>2026-02-16T13:13:29Z</time>
					</trkpt>
					<trkpt lat="46.550220" lon="4.863320">
						<ele>277</ele>
						<time>2026-02-16T13:13:35Z</time>
					</trkpt>
					<trkpt lat="46.550220" lon="4.863180">
						<ele>276</ele>
						<time>2026-02-16T13:13:36Z</time>
					</trkpt>
					<trkpt lat="46.550200" lon="4.862910">
						<ele>274</ele>
						<time>2026-02-16T13:13:40Z</time>
					</trkpt>
					<trkpt lat="46.550150" lon="4.862670">
						<ele>273</ele>
						<time>2026-02-16T13:13:43Z</time>
					</trkpt>
					<trkpt lat="46.550080" lon="4.862480">
						<ele>273</ele>
						<time>2026-02-16T13:13:45Z</time>
					</trkpt>
					<trkpt lat="46.549970" lon="4.862260">
						<ele>271</ele>
						<time>2026-02-16T13:13:49Z</time>
					</trkpt>
					<trkpt lat="46.549780" lon="4.862000">
						<ele>270</ele>
						<time>2026-02-16T13:13:53Z</time>
					</trkpt>
					<trkpt lat="46.548930" lon="4.861160">
						<ele>267</ele>
						<time>2026-02-16T13:14:12Z</time>
					</trkpt>
					<trkpt lat="46.548850" lon="4.861020">
						<ele>266</ele>
						<time>2026-02-16T13:14:14Z</time>
					</trkpt>
					<trkpt lat="46.548780" lon="4.860850">
						<ele>264</ele>
						<time>2026-02-16T13:14:16Z</time>
					</trkpt>
					<trkpt lat="46.548760" lon="4.860700">
						<ele>264</ele>
						<time>2026-02-16T13:14:18Z</time>
					</trkpt>
					<trkpt lat="46.548750" lon="4.860540">
						<ele>263</ele>
						<time>2026-02-16T13:14:20Z</time>
					</trkpt>
					<trkpt lat="46.548760" lon="4.860260">
						<ele>262</ele>
						<time>2026-02-16T13:14:24Z</time>
					</trkpt>
					<trkpt lat="46.548980" lon="4.858090">
						<ele>252</ele>
						<time>2026-02-16T13:14:50Z</time>
					</trkpt>
					<trkpt lat="46.548980" lon="4.857960">
						<ele>252</ele>
						<time>2026-02-16T13:14:52Z</time>
					</trkpt>
					<trkpt lat="46.548970" lon="4.857820">
						<ele>251</ele>
						<time>2026-02-16T13:14:54Z</time>
					</trkpt>
					<trkpt lat="46.548940" lon="4.857700">
						<ele>250</ele>
						<time>2026-02-16T13:14:55Z</time>
					</trkpt>
					<trkpt lat="46.548910" lon="4.857610">
						<ele>250</ele>
						<time>2026-02-16T13:14:57Z</time>
					</trkpt>
					<trkpt lat="46.548850" lon="4.857510">
						<ele>249</ele>
						<time>2026-02-16T13:14:58Z</time>
					</trkpt>
					<trkpt lat="46.548770" lon="4.857410">
						<ele>248</ele>
						<time>2026-02-16T13:15:00Z</time>
					</trkpt>
					<trkpt lat="46.548690" lon="4.857340">
						<ele>248</ele>
						<time>2026-02-16T13:15:02Z</time>
					</trkpt>
					<trkpt lat="46.548550" lon="4.857270">
						<ele>247</ele>
						<time>2026-02-16T13:15:04Z</time>
					</trkpt>
					<trkpt lat="46.546920" lon="4.856750">
						<ele>244</ele>
						<time>2026-02-16T13:15:34Z</time>
					</trkpt>
					<trkpt lat="46.546630" lon="4.856650">
						<ele>243</ele>
						<time>2026-02-16T13:15:39Z</time>
					</trkpt>
					<trkpt lat="46.546410" lon="4.856490">
						<ele>240</ele>
						<time>2026-02-16T13:15:44Z</time>
					</trkpt>
					<trkpt lat="46.546120" lon="4.856230">
						<ele>236</ele>
						<time>2026-02-16T13:15:50Z</time>
					</trkpt>
					<trkpt lat="46.545770" lon="4.855850">
						<ele>235</ele>
						<time>2026-02-16T13:15:58Z</time>
					</trkpt>
					<trkpt lat="46.545600" lon="4.855640">
						<ele>236</ele>
						<time>2026-02-16T13:16:02Z</time>
					</trkpt>
					<trkpt lat="46.545380" lon="4.855270">
						<ele>238</ele>
						<time>2026-02-16T13:16:08Z</time>
					</trkpt>
					<trkpt lat="46.544810" lon="4.854020">
						<ele>235</ele>
						<time>2026-02-16T13:16:26Z</time>
					</trkpt>
					<trkpt lat="46.544670" lon="4.853710">
						<ele>235</ele>
						<time>2026-02-16T13:16:30Z</time>
					</trkpt>
					<trkpt lat="46.544560" lon="4.853500">
						<ele>234</ele>
						<time>2026-02-16T13:16:34Z</time>
					</trkpt>
					<trkpt lat="46.544100" lon="4.852710">
						<ele>234</ele>
						<time>2026-02-16T13:16:46Z</time>
					</trkpt>
					<trkpt lat="46.544010" lon="4.852540">
						<ele>233</ele>
						<time>2026-02-16T13:16:49Z</time>
					</trkpt>
					<trkpt lat="46.543830" lon="4.852290">
						<ele>234</ele>
						<time>2026-02-16T13:16:53Z</time>
					</trkpt>
					<trkpt lat="46.543720" lon="4.852150">
						<ele>234</ele>
						<time>2026-02-16T13:16:56Z</time>
					</trkpt>
					<trkpt lat="46.543620" lon="4.852040">
						<ele>234</ele>
						<time>2026-02-16T13:16:58Z</time>
					</trkpt>
					<trkpt lat="46.543490" lon="4.851890">
						<ele>234</ele>
						<time>2026-02-16T13:17:01Z</time>
					</trkpt>
					<trkpt lat="46.542930" lon="4.851300">
						<ele>234</ele>
						<time>2026-02-16T13:17:13Z</time>
					</trkpt>
					<trkpt lat="46.542790" lon="4.851130">
						<ele>234</ele>
						<time>2026-02-16T13:17:17Z</time>
					</trkpt>
					<trkpt lat="46.542740" lon="4.851010">
						<ele>233</ele>
						<time>2026-02-16T13:17:18Z</time>
					</trkpt>
					<trkpt lat="46.542700" lon="4.850880">
						<ele>231</ele>
						<time>2026-02-16T13:17:20Z</time>
					</trkpt>
					<trkpt lat="46.542700" lon="4.850810">
						<ele>231</ele>
						<time>2026-02-16T13:17:21Z</time>
					</trkpt>
					<trkpt lat="46.542690" lon="4.850730">
						<ele>231</ele>
						<time>2026-02-16T13:17:22Z</time>
					</trkpt>
					<trkpt lat="46.542720" lon="4.850580">
						<ele>231</ele>
						<time>2026-02-16T13:17:24Z</time>
					</trkpt>
					<trkpt lat="46.542810" lon="4.850280">
						<ele>230</ele>
						<time>2026-02-16T13:17:28Z</time>
					</trkpt>
					<trkpt lat="46.542860" lon="4.850120">
						<ele>230</ele>
						<time>2026-02-16T13:17:30Z</time>
					</trkpt>
					<trkpt lat="46.542940" lon="4.849880">
						<ele>230</ele>
						<time>2026-02-16T13:17:33Z</time>
					</trkpt>
					<trkpt lat="46.543170" lon="4.849220">
						<ele>231</ele>
						<time>2026-02-16T13:17:42Z</time>
					</trkpt>
					<trkpt lat="46.543260" lon="4.848980">
						<ele>232</ele>
						<time>2026-02-16T13:17:46Z</time>
					</trkpt>
					<trkpt lat="46.543310" lon="4.848800">
						<ele>233</ele>
						<time>2026-02-16T13:17:48Z</time>
					</trkpt>
					<trkpt lat="46.543330" lon="4.848650">
						<ele>234</ele>
						<time>2026-02-16T13:17:50Z</time>
					</trkpt>
					<trkpt lat="46.543310" lon="4.848500">
						<ele>235</ele>
						<time>2026-02-16T13:17:52Z</time>
					</trkpt>
					<trkpt lat="46.543280" lon="4.848350">
						<ele>236</ele>
						<time>2026-02-16T13:17:54Z</time>
					</trkpt>
					<trkpt lat="46.543210" lon="4.848080">
						<ele>236</ele>
						<time>2026-02-16T13:17:57Z</time>
					</trkpt>
					<trkpt lat="46.543110" lon="4.848070">
						<ele>236</ele>
						<time>2026-02-16T13:17:59Z</time>
					</trkpt>
					<trkpt lat="46.543210" lon="4.848080">
						<ele>236</ele>
						<time>2026-02-16T13:18:01Z</time>
					</trkpt>
					<trkpt lat="46.543130" lon="4.847850">
						<ele>237</ele>
						<time>2026-02-16T13:18:04Z</time>
					</trkpt>
					<trkpt lat="46.542860" lon="4.847150">
						<ele>237</ele>
						<time>2026-02-16T13:18:14Z</time>
					</trkpt>
					<trkpt lat="46.542750" lon="4.846840">
						<ele>237</ele>
						<time>2026-02-16T13:18:18Z</time>
					</trkpt>
					<trkpt lat="46.542720" lon="4.846680">
						<ele>237</ele>
						<time>2026-02-16T13:18:20Z</time>
					</trkpt>
					<trkpt lat="46.542710" lon="4.846520">
						<ele>237</ele>
						<time>2026-02-16T13:18:22Z</time>
					</trkpt>
					<trkpt lat="46.542710" lon="4.846430">
						<ele>236</ele>
						<time>2026-02-16T13:18:23Z</time>
					</trkpt>
					<trkpt lat="46.542720" lon="4.846330">
						<ele>236</ele>
						<time>2026-02-16T13:18:24Z</time>
					</trkpt>
					<trkpt lat="46.542730" lon="4.846230">
						<ele>236</ele>
						<time>2026-02-16T13:18:26Z</time>
					</trkpt>
					<trkpt lat="46.542770" lon="4.846120">
						<ele>236</ele>
						<time>2026-02-16T13:18:27Z</time>
					</trkpt>
					<trkpt lat="46.542820" lon="4.846020">
						<ele>237</ele>
						<time>2026-02-16T13:18:29Z</time>
					</trkpt>
					<trkpt lat="46.542980" lon="4.845840">
						<ele>238</ele>
						<time>2026-02-16T13:18:32Z</time>
					</trkpt>
					<trkpt lat="46.543850" lon="4.844970">
						<ele>240</ele>
						<time>2026-02-16T13:18:51Z</time>
					</trkpt>
					<trkpt lat="46.544240" lon="4.844580">
						<ele>242</ele>
						<time>2026-02-16T13:19:00Z</time>
					</trkpt>
					<trkpt lat="46.544520" lon="4.844280">
						<ele>245</ele>
						<time>2026-02-16T13:19:06Z</time>
					</trkpt>
					<trkpt lat="46.544690" lon="4.844050">
						<ele>246</ele>
						<time>2026-02-16T13:19:10Z</time>
					</trkpt>
					<trkpt lat="46.544840" lon="4.843800">
						<ele>246</ele>
						<time>2026-02-16T13:19:14Z</time>
					</trkpt>
					<trkpt lat="46.544970" lon="4.843510">
						<ele>243</ele>
						<time>2026-02-16T13:19:18Z</time>
					</trkpt>
					<trkpt lat="46.545110" lon="4.843140">
						<ele>242</ele>
						<time>2026-02-16T13:19:23Z</time>
					</trkpt>
					<trkpt lat="46.545150" lon="4.842920">
						<ele>242</ele>
						<time>2026-02-16T13:19:26Z</time>
					</trkpt>
					<trkpt lat="46.545160" lon="4.842780">
						<ele>242</ele>
						<time>2026-02-16T13:19:28Z</time>
					</trkpt>
					<trkpt lat="46.545140" lon="4.842610">
						<ele>241</ele>
						<time>2026-02-16T13:19:30Z</time>
					</trkpt>
					<trkpt lat="46.545100" lon="4.842360">
						<ele>240</ele>
						<time>2026-02-16T13:19:33Z</time>
					</trkpt>
					<trkpt lat="46.545010" lon="4.842010">
						<ele>240</ele>
						<time>2026-02-16T13:19:38Z</time>
					</trkpt>
					<trkpt lat="46.544900" lon="4.841700">
						<ele>241</ele>
						<time>2026-02-16T13:19:42Z</time>
					</trkpt>
					<trkpt lat="46.544770" lon="4.841470">
						<ele>243</ele>
						<time>2026-02-16T13:19:46Z</time>
					</trkpt>
					<trkpt lat="46.544640" lon="4.841300">
						<ele>244</ele>
						<time>2026-02-16T13:19:49Z</time>
					</trkpt>
					<trkpt lat="46.544530" lon="4.841160">
						<ele>245</ele>
						<time>2026-02-16T13:19:51Z</time>
					</trkpt>
					<trkpt lat="46.544330" lon="4.841020">
						<ele>245</ele>
						<time>2026-02-16T13:19:55Z</time>
					</trkpt>
					<trkpt lat="46.543810" lon="4.840740">
						<ele>245</ele>
						<time>2026-02-16T13:20:05Z</time>
					</trkpt>
					<trkpt lat="46.543170" lon="4.840380">
						<ele>245</ele>
						<time>2026-02-16T13:20:17Z</time>
					</trkpt>
					<trkpt lat="46.542950" lon="4.840240">
						<ele>245</ele>
						<time>2026-02-16T13:20:22Z</time>
					</trkpt>
					<trkpt lat="46.542780" lon="4.840100">
						<ele>245</ele>
						<time>2026-02-16T13:20:25Z</time>
					</trkpt>
					<trkpt lat="46.542630" lon="4.839890">
						<ele>245</ele>
						<time>2026-02-16T13:20:29Z</time>
					</trkpt>
					<trkpt lat="46.542280" lon="4.839410">
						<ele>248</ele>
						<time>2026-02-16T13:20:37Z</time>
					</trkpt>
					<trkpt lat="46.541840" lon="4.838730">
						<ele>249</ele>
						<time>2026-02-16T13:20:49Z</time>
					</trkpt>
					<trkpt lat="46.541790" lon="4.838640">
						<ele>248</ele>
						<time>2026-02-16T13:20:50Z</time>
					</trkpt>
					<trkpt lat="46.541680" lon="4.838420">
						<ele>248</ele>
						<time>2026-02-16T13:20:54Z</time>
					</trkpt>
					<trkpt lat="46.541600" lon="4.838200">
						<ele>249</ele>
						<time>2026-02-16T13:20:57Z</time>
					</trkpt>
					<trkpt lat="46.541160" lon="4.836800">
						<ele>250</ele>
						<time>2026-02-16T13:21:15Z</time>
					</trkpt>
					<trkpt lat="46.541070" lon="4.836550">
						<ele>250</ele>
						<time>2026-02-16T13:21:19Z</time>
					</trkpt>
					<trkpt lat="46.540990" lon="4.836340">
						<ele>250</ele>
						<time>2026-02-16T13:21:22Z</time>
					</trkpt>
					<trkpt lat="46.540860" lon="4.836080">
						<ele>250</ele>
						<time>2026-02-16T13:21:26Z</time>
					</trkpt>
					<trkpt lat="46.540300" lon="4.835160">
						<ele>254</ele>
						<time>2026-02-16T13:21:41Z</time>
					</trkpt>
					<trkpt lat="46.540160" lon="4.834870">
						<ele>255</ele>
						<time>2026-02-16T13:21:45Z</time>
					</trkpt>
					<trkpt lat="46.540070" lon="4.834590">
						<ele>256</ele>
						<time>2026-02-16T13:21:49Z</time>
					</trkpt>
					<trkpt lat="46.539800" lon="4.833570">
						<ele>258</ele>
						<time>2026-02-16T13:22:02Z</time>
					</trkpt>
					<trkpt lat="46.539740" lon="4.833430">
						<ele>258</ele>
						<time>2026-02-16T13:22:04Z</time>
					</trkpt>
					<trkpt lat="46.539650" lon="4.833300">
						<ele>258</ele>
						<time>2026-02-16T13:22:07Z</time>
					</trkpt>
					<trkpt lat="46.538310" lon="4.831950">
						<ele>257</ele>
						<time>2026-02-16T13:22:36Z</time>
					</trkpt>
					<trkpt lat="46.537530" lon="4.831200">
						<ele>260</ele>
						<time>2026-02-16T13:22:52Z</time>
					</trkpt>
					<trkpt lat="46.536640" lon="4.830320">
						<ele>262</ele>
						<time>2026-02-16T13:23:11Z</time>
					</trkpt>
					<trkpt lat="46.536480" lon="4.830120">
						<ele>263</ele>
						<time>2026-02-16T13:23:15Z</time>
					</trkpt>
					<trkpt lat="46.536340" lon="4.829930">
						<ele>263</ele>
						<time>2026-02-16T13:23:18Z</time>
					</trkpt>
					<trkpt lat="46.535860" lon="4.829180">
						<ele>263</ele>
						<time>2026-02-16T13:23:31Z</time>
					</trkpt>
					<trkpt lat="46.534860" lon="4.827630">
						<ele>267</ele>
						<time>2026-02-16T13:23:57Z</time>
					</trkpt>
					<trkpt lat="46.534670" lon="4.827320">
						<ele>267</ele>
						<time>2026-02-16T13:24:02Z</time>
					</trkpt>
					<trkpt lat="46.534570" lon="4.827070">
						<ele>267</ele>
						<time>2026-02-16T13:24:06Z</time>
					</trkpt>
					<trkpt lat="46.534500" lon="4.826790">
						<ele>267</ele>
						<time>2026-02-16T13:24:09Z</time>
					</trkpt>
					<trkpt lat="46.534480" lon="4.826540">
						<ele>267</ele>
						<time>2026-02-16T13:24:12Z</time>
					</trkpt>
					<trkpt lat="46.534470" lon="4.826170">
						<ele>266</ele>
						<time>2026-02-16T13:24:17Z</time>
					</trkpt>
					<trkpt lat="46.534480" lon="4.824250">
						<ele>263</ele>
						<time>2026-02-16T13:24:40Z</time>
					</trkpt>
					<trkpt lat="46.534420" lon="4.824260">
						<ele>262</ele>
						<time>2026-02-16T13:24:41Z</time>
					</trkpt>
					<trkpt lat="46.534380" lon="4.824290">
						<ele>262</ele>
						<time>2026-02-16T13:24:42Z</time>
					</trkpt>
					<trkpt lat="46.534310" lon="4.824330">
						<ele>262</ele>
						<time>2026-02-16T13:24:44Z</time>
					</trkpt>
					<trkpt lat="46.533990" lon="4.824670">
						<ele>260</ele>
						<time>2026-02-16T13:24:51Z</time>
					</trkpt>
					<trkpt lat="46.533450" lon="4.825230">
						<ele>256</ele>
						<time>2026-02-16T13:25:02Z</time>
					</trkpt>
					<trkpt lat="46.532740" lon="4.825990">
						<ele>262</ele>
						<time>2026-02-16T13:25:18Z</time>
					</trkpt>
					<trkpt lat="46.532640" lon="4.826110">
						<ele>263</ele>
						<time>2026-02-16T13:25:20Z</time>
					</trkpt>
					<trkpt lat="46.532410" lon="4.826720">
						<ele>268</ele>
						<time>2026-02-16T13:25:29Z</time>
					</trkpt>
					<trkpt lat="46.532380" lon="4.826830">
						<ele>269</ele>
						<time>2026-02-16T13:25:30Z</time>
					</trkpt>
					<trkpt lat="46.532360" lon="4.826940">
						<ele>269</ele>
						<time>2026-02-16T13:25:32Z</time>
					</trkpt>
					<trkpt lat="46.532360" lon="4.827290">
						<ele>269</ele>
						<time>2026-02-16T13:25:36Z</time>
					</trkpt>
					<trkpt lat="46.532390" lon="4.828610">
						<ele>263</ele>
						<time>2026-02-16T13:25:52Z</time>
					</trkpt>
					<trkpt lat="46.532380" lon="4.828840">
						<ele>262</ele>
						<time>2026-02-16T13:25:55Z</time>
					</trkpt>
					<trkpt lat="46.532350" lon="4.829030">
						<ele>261</ele>
						<time>2026-02-16T13:25:57Z</time>
					</trkpt>
					<trkpt lat="46.532300" lon="4.829150">
						<ele>261</ele>
						<time>2026-02-16T13:25:59Z</time>
					</trkpt>
					<trkpt lat="46.532070" lon="4.829530">
						<ele>262</ele>
						<time>2026-02-16T13:26:05Z</time>
					</trkpt>
					<trkpt lat="46.531270" lon="4.830960">
						<ele>258</ele>
						<time>2026-02-16T13:26:28Z</time>
					</trkpt>
					<trkpt lat="46.531210" lon="4.831140">
						<ele>259</ele>
						<time>2026-02-16T13:26:30Z</time>
					</trkpt>
					<trkpt lat="46.531180" lon="4.831310">
						<ele>259</ele>
						<time>2026-02-16T13:26:33Z</time>
					</trkpt>
					<trkpt lat="46.531170" lon="4.831440">
						<ele>260</ele>
						<time>2026-02-16T13:26:34Z</time>
					</trkpt>
					<trkpt lat="46.531190" lon="4.831610">
						<ele>260</ele>
						<time>2026-02-16T13:26:36Z</time>
					</trkpt>
					<trkpt lat="46.531240" lon="4.831770">
						<ele>261</ele>
						<time>2026-02-16T13:26:38Z</time>
					</trkpt>
					<trkpt lat="46.531320" lon="4.831890">
						<ele>262</ele>
						<time>2026-02-16T13:26:40Z</time>
					</trkpt>
					<trkpt lat="46.531790" lon="4.832370">
						<ele>261</ele>
						<time>2026-02-16T13:26:51Z</time>
					</trkpt>
					<trkpt lat="46.532040" lon="4.832650">
						<ele>262</ele>
						<time>2026-02-16T13:26:56Z</time>
					</trkpt>
					<trkpt lat="46.532300" lon="4.833050">
						<ele>264</ele>
						<time>2026-02-16T13:27:03Z</time>
					</trkpt>
					<trkpt lat="46.532590" lon="4.833430">
						<ele>267</ele>
						<time>2026-02-16T13:27:10Z</time>
					</trkpt>
					<trkpt lat="46.532720" lon="4.833620">
						<ele>268</ele>
						<time>2026-02-16T13:27:13Z</time>
					</trkpt>
					<trkpt lat="46.532840" lon="4.833820">
						<ele>270</ele>
						<time>2026-02-16T13:27:17Z</time>
					</trkpt>
					<trkpt lat="46.532940" lon="4.833940">
						<ele>270</ele>
						<time>2026-02-16T13:27:19Z</time>
					</trkpt>
					<trkpt lat="46.533160" lon="4.834140">
						<ele>270</ele>
						<time>2026-02-16T13:27:23Z</time>
					</trkpt>
					<trkpt lat="46.533270" lon="4.834280">
						<ele>269</ele>
						<time>2026-02-16T13:27:26Z</time>
					</trkpt>
					<trkpt lat="46.533680" lon="4.834890">
						<ele>271</ele>
						<time>2026-02-16T13:27:36Z</time>
					</trkpt>
					<trkpt lat="46.533700" lon="4.835000">
						<ele>272</ele>
						<time>2026-02-16T13:27:38Z</time>
					</trkpt>
					<trkpt lat="46.533690" lon="4.835110">
						<ele>271</ele>
						<time>2026-02-16T13:27:39Z</time>
					</trkpt>
					<trkpt lat="46.533660" lon="4.835180">
						<ele>271</ele>
						<time>2026-02-16T13:27:40Z</time>
					</trkpt>
					<trkpt lat="46.533590" lon="4.835240">
						<ele>270</ele>
						<time>2026-02-16T13:27:42Z</time>
					</trkpt>
					<trkpt lat="46.533350" lon="4.835250">
						<ele>270</ele>
						<time>2026-02-16T13:27:46Z</time>
					</trkpt>
					<trkpt lat="46.532580" lon="4.835430">
						<ele>269</ele>
						<time>2026-02-16T13:28:00Z</time>
					</trkpt>
					<trkpt lat="46.532350" lon="4.835520">
						<ele>268</ele>
						<time>2026-02-16T13:28:04Z</time>
					</trkpt>
					<trkpt lat="46.532220" lon="4.835590">
						<ele>267</ele>
						<time>2026-02-16T13:28:07Z</time>
					</trkpt>
					<trkpt lat="46.532100" lon="4.835700">
						<ele>265</ele>
						<time>2026-02-16T13:28:09Z</time>
					</trkpt>
					<trkpt lat="46.531960" lon="4.835880">
						<ele>263</ele>
						<time>2026-02-16T13:28:12Z</time>
					</trkpt>
					<trkpt lat="46.531840" lon="4.836110">
						<ele>261</ele>
						<time>2026-02-16T13:28:16Z</time>
					</trkpt>
					<trkpt lat="46.531190" lon="4.837620">
						<ele>255</ele>
						<time>2026-02-16T13:28:38Z</time>
					</trkpt>
					<trkpt lat="46.530580" lon="4.839140">
						<ele>254</ele>
						<time>2026-02-16T13:28:59Z</time>
					</trkpt>
					<trkpt lat="46.530240" lon="4.839860">
						<ele>255</ele>
						<time>2026-02-16T13:29:10Z</time>
					</trkpt>
					<trkpt lat="46.530130" lon="4.840000">
						<ele>255</ele>
						<time>2026-02-16T13:29:13Z</time>
					</trkpt>
					<trkpt lat="46.530030" lon="4.840060">
						<ele>255</ele>
						<time>2026-02-16T13:29:14Z</time>
					</trkpt>
					<trkpt lat="46.529850" lon="4.840110">
						<ele>257</ele>
						<time>2026-02-16T13:29:18Z</time>
					</trkpt>
					<trkpt lat="46.528860" lon="4.840230">
						<ele>262</ele>
						<time>2026-02-16T13:29:35Z</time>
					</trkpt>
					<trkpt lat="46.528590" lon="4.840250">
						<ele>261</ele>
						<time>2026-02-16T13:29:40Z</time>
					</trkpt>
					<trkpt lat="46.528590" lon="4.840300">
						<ele>261</ele>
						<time>2026-02-16T13:29:41Z</time>
					</trkpt>
					<trkpt lat="46.528590" lon="4.840250">
						<ele>261</ele>
						<time>2026-02-16T13:29:41Z</time>
					</trkpt>
					<trkpt lat="46.528320" lon="4.840230">
						<ele>261</ele>
						<time>2026-02-16T13:29:46Z</time>
					</trkpt>
					<trkpt lat="46.527970" lon="4.840170">
						<ele>261</ele>
						<time>2026-02-16T13:29:53Z</time>
					</trkpt>
					<trkpt lat="46.526630" lon="4.839920">
						<ele>265</ele>
						<time>2026-02-16T13:30:17Z</time>
					</trkpt>
					<trkpt lat="46.526250" lon="4.839850">
						<ele>267</ele>
						<time>2026-02-16T13:30:23Z</time>
					</trkpt>
					<trkpt lat="46.525830" lon="4.839760">
						<ele>269</ele>
						<time>2026-02-16T13:30:31Z</time>
					</trkpt>
					<trkpt lat="46.525640" lon="4.839700">
						<ele>270</ele>
						<time>2026-02-16T13:30:34Z</time>
					</trkpt>
					<trkpt lat="46.525470" lon="4.839620">
						<ele>271</ele>
						<time>2026-02-16T13:30:38Z</time>
					</trkpt>
					<trkpt lat="46.525230" lon="4.839460">
						<ele>271</ele>
						<time>2026-02-16T13:30:42Z</time>
					</trkpt>
					<trkpt lat="46.524960" lon="4.839250">
						<ele>272</ele>
						<time>2026-02-16T13:30:48Z</time>
					</trkpt>
					<trkpt lat="46.524780" lon="4.839110">
						<ele>273</ele>
						<time>2026-02-16T13:30:51Z</time>
					</trkpt>
					<trkpt lat="46.524240" lon="4.838690">
						<ele>276</ele>
						<time>2026-02-16T13:31:02Z</time>
					</trkpt>
					<trkpt lat="46.523920" lon="4.838430">
						<ele>277</ele>
						<time>2026-02-16T13:31:09Z</time>
					</trkpt>
					<trkpt lat="46.523830" lon="4.838380">
						<ele>277</ele>
						<time>2026-02-16T13:31:11Z</time>
					</trkpt>
					<trkpt lat="46.523740" lon="4.838380">
						<ele>277</ele>
						<time>2026-02-16T13:31:12Z</time>
					</trkpt>
					<trkpt lat="46.523740" lon="4.838330">
						<ele>277</ele>
						<time>2026-02-16T13:31:13Z</time>
					</trkpt>
					<trkpt lat="46.523740" lon="4.838380">
						<ele>277</ele>
						<time>2026-02-16T13:31:13Z</time>
					</trkpt>
					<trkpt lat="46.523680" lon="4.838440">
						<ele>277</ele>
						<time>2026-02-16T13:31:15Z</time>
					</trkpt>
					<trkpt lat="46.523560" lon="4.838650">
						<ele>277</ele>
						<time>2026-02-16T13:31:18Z</time>
					</trkpt>
					<trkpt lat="46.523460" lon="4.838610">
						<ele>277</ele>
						<time>2026-02-16T13:31:20Z</time>
					</trkpt>
					<trkpt lat="46.523400" lon="4.838570">
						<ele>277</ele>
						<time>2026-02-16T13:31:21Z</time>
					</trkpt>
					<trkpt lat="46.523180" lon="4.838420">
						<ele>277</ele>
						<time>2026-02-16T13:31:25Z</time>
					</trkpt>
					<trkpt lat="46.522970" lon="4.838270">
						<ele>279</ele>
						<time>2026-02-16T13:31:29Z</time>
					</trkpt>
					<trkpt lat="46.522490" lon="4.837880">
						<ele>280</ele>
						<time>2026-02-16T13:31:39Z</time>
					</trkpt>
					<trkpt lat="46.521710" lon="4.837240">
						<ele>284</ele>
						<time>2026-02-16T13:31:55Z</time>
					</trkpt>
					<trkpt lat="46.521460" lon="4.837100">
						<ele>286</ele>
						<time>2026-02-16T13:32:00Z</time>
					</trkpt>
					<trkpt lat="46.521120" lon="4.836890">
						<ele>288</ele>
						<time>2026-02-16T13:32:07Z</time>
					</trkpt>
					<trkpt lat="46.520380" lon="4.836510">
						<ele>291</ele>
						<time>2026-02-16T13:32:20Z</time>
					</trkpt>
					<trkpt lat="46.519850" lon="4.836140">
						<ele>293</ele>
						<time>2026-02-16T13:32:31Z</time>
					</trkpt>
					<trkpt lat="46.519660" lon="4.836020">
						<ele>294</ele>
						<time>2026-02-16T13:32:35Z</time>
					</trkpt>
					<trkpt lat="46.519510" lon="4.835940">
						<ele>294</ele>
						<time>2026-02-16T13:32:37Z</time>
					</trkpt>
					<trkpt lat="46.517650" lon="4.835020">
						<ele>303</ele>
						<time>2026-02-16T13:33:12Z</time>
					</trkpt>
					<trkpt lat="46.517440" lon="4.834870">
						<ele>306</ele>
						<time>2026-02-16T13:33:17Z</time>
					</trkpt>
					<trkpt lat="46.517180" lon="4.834640">
						<ele>310</ele>
						<time>2026-02-16T13:33:22Z</time>
					</trkpt>
					<trkpt lat="46.517100" lon="4.834560">
						<ele>311</ele>
						<time>2026-02-16T13:33:24Z</time>
					</trkpt>
					<trkpt lat="46.517040" lon="4.834450">
						<ele>312</ele>
						<time>2026-02-16T13:33:25Z</time>
					</trkpt>
					<trkpt lat="46.517000" lon="4.834270">
						<ele>312</ele>
						<time>2026-02-16T13:33:28Z</time>
					</trkpt>
					<trkpt lat="46.516980" lon="4.834150">
						<ele>313</ele>
						<time>2026-02-16T13:33:29Z</time>
					</trkpt>
					<trkpt lat="46.516940" lon="4.833700">
						<ele>316</ele>
						<time>2026-02-16T13:33:35Z</time>
					</trkpt>
					<trkpt lat="46.516920" lon="4.833600">
						<ele>317</ele>
						<time>2026-02-16T13:33:36Z</time>
					</trkpt>
					<trkpt lat="46.516870" lon="4.833510">
						<ele>317</ele>
						<time>2026-02-16T13:33:38Z</time>
					</trkpt>
					<trkpt lat="46.516800" lon="4.833410">
						<ele>318</ele>
						<time>2026-02-16T13:33:39Z</time>
					</trkpt>
					<trkpt lat="46.516690" lon="4.833340">
						<ele>318</ele>
						<time>2026-02-16T13:33:41Z</time>
					</trkpt>
					<trkpt lat="46.516330" lon="4.833160">
						<ele>319</ele>
						<time>2026-02-16T13:33:48Z</time>
					</trkpt>
					<trkpt lat="46.516200" lon="4.833100">
						<ele>319</ele>
						<time>2026-02-16T13:33:51Z</time>
					</trkpt>
					<trkpt lat="46.515910" lon="4.833020">
						<ele>318</ele>
						<time>2026-02-16T13:33:56Z</time>
					</trkpt>
					<trkpt lat="46.515490" lon="4.832900">
						<ele>316</ele>
						<time>2026-02-16T13:34:04Z</time>
					</trkpt>
					<trkpt lat="46.513440" lon="4.832340">
						<ele>303</ele>
						<time>2026-02-16T13:34:41Z</time>
					</trkpt>
					<trkpt lat="46.512870" lon="4.832180">
						<ele>299</ele>
						<time>2026-02-16T13:34:51Z</time>
					</trkpt>
					<trkpt lat="46.511570" lon="4.831830">
						<ele>291</ele>
						<time>2026-02-16T13:35:14Z</time>
					</trkpt>
					<trkpt lat="46.511310" lon="4.831720">
						<ele>289</ele>
						<time>2026-02-16T13:35:19Z</time>
					</trkpt>
					<trkpt lat="46.510880" lon="4.831490">
						<ele>286</ele>
						<time>2026-02-16T13:35:27Z</time>
					</trkpt>
					<trkpt lat="46.510650" lon="4.831400">
						<ele>285</ele>
						<time>2026-02-16T13:35:32Z</time>
					</trkpt>
					<trkpt lat="46.510300" lon="4.831310">
						<ele>283</ele>
						<time>2026-02-16T13:35:38Z</time>
					</trkpt>
					<trkpt lat="46.509910" lon="4.831230">
						<ele>281</ele>
						<time>2026-02-16T13:35:45Z</time>
					</trkpt>
					<trkpt lat="46.509490" lon="4.831190">
						<ele>280</ele>
						<time>2026-02-16T13:35:53Z</time>
					</trkpt>
					<trkpt lat="46.509150" lon="4.831130">
						<ele>278</ele>
						<time>2026-02-16T13:35:59Z</time>
					</trkpt>
					<trkpt lat="46.508410" lon="4.830940">
						<ele>275</ele>
						<time>2026-02-16T13:36:12Z</time>
					</trkpt>
					<trkpt lat="46.508030" lon="4.830830">
						<ele>273</ele>
						<time>2026-02-16T13:36:19Z</time>
					</trkpt>
					<trkpt lat="46.507750" lon="4.830770">
						<ele>273</ele>
						<time>2026-02-16T13:36:24Z</time>
					</trkpt>
					<trkpt lat="46.507490" lon="4.830770">
						<ele>272</ele>
						<time>2026-02-16T13:36:29Z</time>
					</trkpt>
					<trkpt lat="46.506720" lon="4.830870">
						<ele>270</ele>
						<time>2026-02-16T13:36:42Z</time>
					</trkpt>
					<trkpt lat="46.506010" lon="4.830850">
						<ele>268</ele>
						<time>2026-02-16T13:36:55Z</time>
					</trkpt>
					<trkpt lat="46.505730" lon="4.830860">
						<ele>267</ele>
						<time>2026-02-16T13:37:00Z</time>
					</trkpt>
					<trkpt lat="46.505190" lon="4.830940">
						<ele>266</ele>
						<time>2026-02-16T13:37:10Z</time>
					</trkpt>
					<trkpt lat="46.504900" lon="4.830990">
						<ele>265</ele>
						<time>2026-02-16T13:37:15Z</time>
					</trkpt>
					<trkpt lat="46.504730" lon="4.830970">
						<ele>265</ele>
						<time>2026-02-16T13:37:18Z</time>
					</trkpt>
					<trkpt lat="46.504350" lon="4.830860">
						<ele>262</ele>
						<time>2026-02-16T13:37:25Z</time>
					</trkpt>
					<trkpt lat="46.503980" lon="4.830770">
						<ele>261</ele>
						<time>2026-02-16T13:37:31Z</time>
					</trkpt>
					<trkpt lat="46.503430" lon="4.830600">
						<ele>260</ele>
						<time>2026-02-16T13:37:41Z</time>
					</trkpt>
					<trkpt lat="46.503250" lon="4.830560">
						<ele>260</ele>
						<time>2026-02-16T13:37:45Z</time>
					</trkpt>
					<trkpt lat="46.501660" lon="4.830660">
						<ele>258</ele>
						<time>2026-02-16T13:38:13Z</time>
					</trkpt>
					<trkpt lat="46.501320" lon="4.830720">
						<ele>258</ele>
						<time>2026-02-16T13:38:19Z</time>
					</trkpt>
					<trkpt lat="46.500460" lon="4.831000">
						<ele>259</ele>
						<time>2026-02-16T13:38:35Z</time>
					</trkpt>
					<trkpt lat="46.499840" lon="4.831210">
						<ele>262</ele>
						<time>2026-02-16T13:38:46Z</time>
					</trkpt>
					<trkpt lat="46.499690" lon="4.831220">
						<ele>263</ele>
						<time>2026-02-16T13:38:49Z</time>
					</trkpt>
					<trkpt lat="46.499530" lon="4.831220">
						<ele>264</ele>
						<time>2026-02-16T13:38:52Z</time>
					</trkpt>
					<trkpt lat="46.499440" lon="4.831210">
						<ele>264</ele>
						<time>2026-02-16T13:38:53Z</time>
					</trkpt>
					<trkpt lat="46.499340" lon="4.831180">
						<ele>264</ele>
						<time>2026-02-16T13:38:55Z</time>
					</trkpt>
					<trkpt lat="46.499240" lon="4.831130">
						<ele>263</ele>
						<time>2026-02-16T13:38:57Z</time>
					</trkpt>
					<trkpt lat="46.499150" lon="4.831100">
						<ele>263</ele>
						<time>2026-02-16T13:38:58Z</time>
					</trkpt>
					<trkpt lat="46.499080" lon="4.831100">
						<ele>263</ele>
						<time>2026-02-16T13:39:00Z</time>
					</trkpt>
					<trkpt lat="46.499010" lon="4.831140">
						<ele>264</ele>
						<time>2026-02-16T13:39:01Z</time>
					</trkpt>
					<trkpt lat="46.498890" lon="4.831230">
						<ele>266</ele>
						<time>2026-02-16T13:39:03Z</time>
					</trkpt>
					<trkpt lat="46.498780" lon="4.831180">
						<ele>266</ele>
						<time>2026-02-16T13:39:06Z</time>
					</trkpt>
					<trkpt lat="46.498330" lon="4.830850">
						<ele>263</ele>
						<time>2026-02-16T13:39:14Z</time>
					</trkpt>
					<trkpt lat="46.497630" lon="4.830270">
						<ele>259</ele>
						<time>2026-02-16T13:39:29Z</time>
					</trkpt>
					<trkpt lat="46.497680" lon="4.830240">
						<ele>259</ele>
						<time>2026-02-16T13:39:30Z</time>
					</trkpt>
					<trkpt lat="46.497760" lon="4.830240">
						<ele>258</ele>
						<time>2026-02-16T13:39:31Z</time>
					</trkpt>
					<trkpt lat="46.497800" lon="4.830260">
						<ele>258</ele>
						<time>2026-02-16T13:39:32Z</time>
					</trkpt>
					<trkpt lat="46.497760" lon="4.830240">
						<ele>258</ele>
						<time>2026-02-16T13:39:33Z</time>
					</trkpt>
					<trkpt lat="46.497680" lon="4.830240">
						<ele>259</ele>
						<time>2026-02-16T13:39:34Z</time>
					</trkpt>
					<trkpt lat="46.497630" lon="4.830270">
						<ele>259</ele>
						<time>2026-02-16T13:39:35Z</time>
					</trkpt>
					<trkpt lat="46.496390" lon="4.829240">
						<ele>257</ele>
						<time>2026-02-16T13:40:01Z</time>
					</trkpt>
					<trkpt lat="46.495000" lon="4.828090">
						<ele>248</ele>
						<time>2026-02-16T13:40:29Z</time>
					</trkpt>
					<trkpt lat="46.494420" lon="4.827610">
						<ele>244</ele>
						<time>2026-02-16T13:40:41Z</time>
					</trkpt>
					<trkpt lat="46.494360" lon="4.827560">
						<ele>243</ele>
						<time>2026-02-16T13:40:42Z</time>
					</trkpt>
					<trkpt lat="46.493600" lon="4.826800">
						<ele>241</ele>
						<time>2026-02-16T13:40:59Z</time>
					</trkpt>
					<trkpt lat="46.493580" lon="4.826780">
						<ele>241</ele>
						<time>2026-02-16T13:40:59Z</time>
					</trkpt>
					<trkpt lat="46.493150" lon="4.826340">
						<ele>239</ele>
						<time>2026-02-16T13:41:08Z</time>
					</trkpt>
					<trkpt lat="46.493000" lon="4.826190">
						<ele>239</ele>
						<time>2026-02-16T13:41:12Z</time>
					</trkpt>
					<trkpt lat="46.492700" lon="4.826460">
						<ele>241</ele>
						<time>2026-02-16T13:41:18Z</time>
					</trkpt>
					<trkpt lat="46.492420" lon="4.826710">
						<ele>244</ele>
						<time>2026-02-16T13:41:24Z</time>
					</trkpt>
					<trkpt lat="46.492160" lon="4.826880">
						<ele>247</ele>
						<time>2026-02-16T13:41:29Z</time>
					</trkpt>
					<trkpt lat="46.491910" lon="4.826940">
						<ele>248</ele>
						<time>2026-02-16T13:41:33Z</time>
					</trkpt>
					<trkpt lat="46.491590" lon="4.827010">
						<ele>249</ele>
						<time>2026-02-16T13:41:39Z</time>
					</trkpt>
					<trkpt lat="46.491360" lon="4.827160">
						<ele>250</ele>
						<time>2026-02-16T13:41:43Z</time>
					</trkpt>
					<trkpt lat="46.491240" lon="4.827240">
						<ele>250</ele>
						<time>2026-02-16T13:41:46Z</time>
					</trkpt>
					<trkpt lat="46.491190" lon="4.827330">
						<ele>251</ele>
						<time>2026-02-16T13:41:47Z</time>
					</trkpt>
					<trkpt lat="46.491100" lon="4.827650">
						<ele>253</ele>
						<time>2026-02-16T13:41:51Z</time>
					</trkpt>
					<trkpt lat="46.491040" lon="4.827760">
						<ele>253</ele>
						<time>2026-02-16T13:41:53Z</time>
					</trkpt>
					<trkpt lat="46.490870" lon="4.827760">
						<ele>252</ele>
						<time>2026-02-16T13:41:56Z</time>
					</trkpt>
					<trkpt lat="46.490790" lon="4.827730">
						<ele>252</ele>
						<time>2026-02-16T13:41:58Z</time>
					</trkpt>
					<trkpt lat="46.490410" lon="4.827510">
						<ele>249</ele>
						<time>2026-02-16T13:42:05Z</time>
					</trkpt>
					<trkpt lat="46.490320" lon="4.827440">
						<ele>248</ele>
						<time>2026-02-16T13:42:07Z</time>
					</trkpt>
					<trkpt lat="46.490280" lon="4.827340">
						<ele>248</ele>
						<time>2026-02-16T13:42:08Z</time>
					</trkpt>
					<trkpt lat="46.490210" lon="4.827350">
						<ele>247</ele>
						<time>2026-02-16T13:42:09Z</time>
					</trkpt>
					<trkpt lat="46.489960" lon="4.827330">
						<ele>246</ele>
						<time>2026-02-16T13:42:14Z</time>
					</trkpt>
					<trkpt lat="46.489550" lon="4.827310">
						<ele>244</ele>
						<time>2026-02-16T13:42:21Z</time>
					</trkpt>
					<trkpt lat="46.489460" lon="4.827290">
						<ele>244</ele>
						<time>2026-02-16T13:42:23Z</time>
					</trkpt>
					<trkpt lat="46.489300" lon="4.827260">
						<ele>243</ele>
						<time>2026-02-16T13:42:26Z</time>
					</trkpt>
					<trkpt lat="46.488510" lon="4.827090">
						<ele>238</ele>
						<time>2026-02-16T13:42:40Z</time>
					</trkpt>
					<trkpt lat="46.488300" lon="4.827010">
						<ele>237</ele>
						<time>2026-02-16T13:42:44Z</time>
					</trkpt>
					<trkpt lat="46.488010" lon="4.826970">
						<ele>237</ele>
						<time>2026-02-16T13:42:49Z</time>
					</trkpt>
					<trkpt lat="46.487910" lon="4.826930">
						<ele>237</ele>
						<time>2026-02-16T13:42:51Z</time>
					</trkpt>
					<trkpt lat="46.487790" lon="4.826890">
						<ele>237</ele>
						<time>2026-02-16T13:42:53Z</time>
					</trkpt>
					<trkpt lat="46.487760" lon="4.826960">
						<ele>237</ele>
						<time>2026-02-16T13:42:54Z</time>
					</trkpt>
					<trkpt lat="46.487470" lon="4.827250">
						<ele>237</ele>
						<time>2026-02-16T13:43:00Z</time>
					</trkpt>
					<trkpt lat="46.487240" lon="4.827410">
						<ele>236</ele>
						<time>2026-02-16T13:43:05Z</time>
					</trkpt>
					<trkpt lat="46.487080" lon="4.827510">
						<ele>235</ele>
						<time>2026-02-16T13:43:08Z</time>
					</trkpt>
					<trkpt lat="46.486880" lon="4.827580">
						<ele>235</ele>
						<time>2026-02-16T13:43:12Z</time>
					</trkpt>
					<trkpt lat="46.486690" lon="4.827610">
						<ele>234</ele>
						<time>2026-02-16T13:43:15Z</time>
					</trkpt>
					<trkpt lat="46.486500" lon="4.827600">
						<ele>234</ele>
						<time>2026-02-16T13:43:18Z</time>
					</trkpt>
					<trkpt lat="46.485090" lon="4.827180">
						<ele>230</ele>
						<time>2026-02-16T13:43:44Z</time>
					</trkpt>
					<trkpt lat="46.484900" lon="4.827160">
						<ele>230</ele>
						<time>2026-02-16T13:43:47Z</time>
					</trkpt>
					<trkpt lat="46.484720" lon="4.827190">
						<ele>231</ele>
						<time>2026-02-16T13:43:51Z</time>
					</trkpt>
					<trkpt lat="46.484630" lon="4.827250">
						<ele>231</ele>
						<time>2026-02-16T13:43:52Z</time>
					</trkpt>
					<trkpt lat="46.484530" lon="4.827360">
						<ele>230</ele>
						<time>2026-02-16T13:43:55Z</time>
					</trkpt>
					<trkpt lat="46.484410" lon="4.827690">
						<ele>229</ele>
						<time>2026-02-16T13:43:59Z</time>
					</trkpt>
					<trkpt lat="46.484240" lon="4.828290">
						<ele>225</ele>
						<time>2026-02-16T13:44:07Z</time>
					</trkpt>
					<trkpt lat="46.484230" lon="4.828420">
						<ele>225</ele>
						<time>2026-02-16T13:44:09Z</time>
					</trkpt>
					<trkpt lat="46.484150" lon="4.828720">
						<ele>224</ele>
						<time>2026-02-16T13:44:13Z</time>
					</trkpt>
					<trkpt lat="46.484010" lon="4.828940">
						<ele>224</ele>
						<time>2026-02-16T13:44:16Z</time>
					</trkpt>
					<trkpt lat="46.483860" lon="4.829080">
						<ele>224</ele>
						<time>2026-02-16T13:44:19Z</time>
					</trkpt>
					<trkpt lat="46.483400" lon="4.829500">
						<ele>223</ele>
						<time>2026-02-16T13:44:29Z</time>
					</trkpt>
					<trkpt lat="46.483060" lon="4.829830">
						<ele>223</ele>
						<time>2026-02-16T13:44:36Z</time>
					</trkpt>
					<trkpt lat="46.482120" lon="4.830750">
						<ele>222</ele>
						<time>2026-02-16T13:44:57Z</time>
					</trkpt>
					<trkpt lat="46.481930" lon="4.830910">
						<ele>222</ele>
						<time>2026-02-16T13:45:01Z</time>
					</trkpt>
					<trkpt lat="46.481680" lon="4.831110">
						<ele>221</ele>
						<time>2026-02-16T13:45:06Z</time>
					</trkpt>
					<trkpt lat="46.481520" lon="4.831220">
						<ele>221</ele>
						<time>2026-02-16T13:45:09Z</time>
					</trkpt>
					<trkpt lat="46.481390" lon="4.831290">
						<ele>221</ele>
						<time>2026-02-16T13:45:11Z</time>
					</trkpt>
					<trkpt lat="46.480540" lon="4.831580">
						<ele>220</ele>
						<time>2026-02-16T13:45:27Z</time>
					</trkpt>
					<trkpt lat="46.480340" lon="4.831690">
						<ele>220</ele>
						<time>2026-02-16T13:45:31Z</time>
					</trkpt>
					<trkpt lat="46.480160" lon="4.831820">
						<ele>220</ele>
						<time>2026-02-16T13:45:34Z</time>
					</trkpt>
					<trkpt lat="46.479870" lon="4.832120">
						<ele>219</ele>
						<time>2026-02-16T13:45:40Z</time>
					</trkpt>
					<trkpt lat="46.479780" lon="4.832250">
						<ele>219</ele>
						<time>2026-02-16T13:45:43Z</time>
					</trkpt>
					<trkpt lat="46.479680" lon="4.832410">
						<ele>219</ele>
						<time>2026-02-16T13:45:45Z</time>
					</trkpt>
					<trkpt lat="46.479590" lon="4.832680">
						<ele>218</ele>
						<time>2026-02-16T13:45:49Z</time>
					</trkpt>
					<trkpt lat="46.479390" lon="4.833690">
						<ele>215</ele>
						<time>2026-02-16T13:46:02Z</time>
					</trkpt>
					<trkpt lat="46.479040" lon="4.835330">
						<ele>212</ele>
						<time>2026-02-16T13:46:23Z</time>
					</trkpt>
					<trkpt lat="46.478860" lon="4.836110">
						<ele>212</ele>
						<time>2026-02-16T13:46:33Z</time>
					</trkpt>
					<trkpt lat="46.478730" lon="4.836720">
						<ele>211</ele>
						<time>2026-02-16T13:46:41Z</time>
					</trkpt>
					<trkpt lat="46.478620" lon="4.837330">
						<ele>210</ele>
						<time>2026-02-16T13:46:49Z</time>
					</trkpt>
					<trkpt lat="46.478530" lon="4.837550">
						<ele>209</ele>
						<time>2026-02-16T13:46:52Z</time>
					</trkpt>
					<trkpt lat="46.478440" lon="4.837740">
						<ele>209</ele>
						<time>2026-02-16T13:46:55Z</time>
					</trkpt>
					<trkpt lat="46.478030" lon="4.838440">
						<ele>209</ele>
						<time>2026-02-16T13:47:06Z</time>
					</trkpt>
					<trkpt lat="46.477950" lon="4.838550">
						<ele>209</ele>
						<time>2026-02-16T13:47:08Z</time>
					</trkpt>
					<trkpt lat="46.477950" lon="4.838700">
						<ele>209</ele>
						<time>2026-02-16T13:47:10Z</time>
					</trkpt>
					<trkpt lat="46.477950" lon="4.838890">
						<ele>209</ele>
						<time>2026-02-16T13:47:12Z</time>
					</trkpt>
					<trkpt lat="46.477910" lon="4.838990">
						<ele>209</ele>
						<time>2026-02-16T13:47:13Z</time>
					</trkpt>
					<trkpt lat="46.477830" lon="4.839100">
						<ele>209</ele>
						<time>2026-02-16T13:47:15Z</time>
					</trkpt>
					<trkpt lat="46.477710" lon="4.839170">
						<ele>208</ele>
						<time>2026-02-16T13:47:18Z</time>
					</trkpt>
					<trkpt lat="46.477550" lon="4.839250">
						<ele>208</ele>
						<time>2026-02-16T13:47:21Z</time>
					</trkpt>
					<trkpt lat="46.476870" lon="4.839520">
						<ele>207</ele>
						<time>2026-02-16T13:47:33Z</time>
					</trkpt>
					<trkpt lat="46.476790" lon="4.839580">
						<ele>207</ele>
						<time>2026-02-16T13:47:35Z</time>
					</trkpt>
					<trkpt lat="46.476580" lon="4.839750">
						<ele>207</ele>
						<time>2026-02-16T13:47:39Z</time>
					</trkpt>
					<trkpt lat="46.476450" lon="4.839880">
						<ele>209</ele>
						<time>2026-02-16T13:47:42Z</time>
					</trkpt>
					<trkpt lat="46.476340" lon="4.840040">
						<ele>210</ele>
						<time>2026-02-16T13:47:45Z</time>
					</trkpt>
					<trkpt lat="46.476250" lon="4.840240">
						<ele>212</ele>
						<time>2026-02-16T13:47:48Z</time>
					</trkpt>
					<trkpt lat="46.476120" lon="4.840580">
						<ele>214</ele>
						<time>2026-02-16T13:47:52Z</time>
					</trkpt>
					<trkpt lat="46.476040" lon="4.840740">
						<ele>216</ele>
						<time>2026-02-16T13:47:55Z</time>
					</trkpt>
					<trkpt lat="46.476000" lon="4.841090">
						<ele>215</ele>
						<time>2026-02-16T13:47:59Z</time>
					</trkpt>
					<trkpt lat="46.476000" lon="4.841160">
						<ele>215</ele>
						<time>2026-02-16T13:48:00Z</time>
					</trkpt>
					<trkpt lat="46.475820" lon="4.841900">
						<ele>213</ele>
						<time>2026-02-16T13:48:10Z</time>
					</trkpt>
					<trkpt lat="46.475680" lon="4.842270">
						<ele>211</ele>
						<time>2026-02-16T13:48:15Z</time>
					</trkpt>
					<trkpt lat="46.475490" lon="4.842710">
						<ele>212</ele>
						<time>2026-02-16T13:48:21Z</time>
					</trkpt>
					<trkpt lat="46.475400" lon="4.842830">
						<ele>212</ele>
						<time>2026-02-16T13:48:23Z</time>
					</trkpt>
					<trkpt lat="46.475280" lon="4.843020">
						<ele>213</ele>
						<time>2026-02-16T13:48:26Z</time>
					</trkpt>
					<trkpt lat="46.475210" lon="4.843140">
						<ele>213</ele>
						<time>2026-02-16T13:48:28Z</time>
					</trkpt>
					<trkpt lat="46.475130" lon="4.843320">
						<ele>214</ele>
						<time>2026-02-16T13:48:31Z</time>
					</trkpt>
					<trkpt lat="46.475070" lon="4.843560">
						<ele>215</ele>
						<time>2026-02-16T13:48:34Z</time>
					</trkpt>
					<trkpt lat="46.475010" lon="4.843930">
						<ele>216</ele>
						<time>2026-02-16T13:48:39Z</time>
					</trkpt>
					<trkpt lat="46.474420" lon="4.848250">
						<ele>227</ele>
						<time>2026-02-16T13:49:33Z</time>
					</trkpt>
					<trkpt lat="46.474360" lon="4.848600">
						<ele>228</ele>
						<time>2026-02-16T13:49:37Z</time>
					</trkpt>
					<trkpt lat="46.474310" lon="4.848790">
						<ele>228</ele>
						<time>2026-02-16T13:49:40Z</time>
					</trkpt>
					<trkpt lat="46.474250" lon="4.848960">
						<ele>228</ele>
						<time>2026-02-16T13:49:42Z</time>
					</trkpt>
					<trkpt lat="46.474180" lon="4.849070">
						<ele>228</ele>
						<time>2026-02-16T13:49:44Z</time>
					</trkpt>
					<trkpt lat="46.474090" lon="4.849180">
						<ele>228</ele>
						<time>2026-02-16T13:49:46Z</time>
					</trkpt>
					<trkpt lat="46.474020" lon="4.849250">
						<ele>228</ele>
						<time>2026-02-16T13:49:47Z</time>
					</trkpt>
					<trkpt lat="46.473920" lon="4.849320">
						<ele>228</ele>
						<time>2026-02-16T13:49:49Z</time>
					</trkpt>
					<trkpt lat="46.473820" lon="4.849360">
						<ele>228</ele>
						<time>2026-02-16T13:49:51Z</time>
					</trkpt>
					<trkpt lat="46.473620" lon="4.849400">
						<ele>228</ele>
						<time>2026-02-16T13:49:55Z</time>
					</trkpt>
					<trkpt lat="46.472780" lon="4.849530">
						<ele>230</ele>
						<time>2026-02-16T13:50:10Z</time>
					</trkpt>
					<trkpt lat="46.471920" lon="4.849670">
						<ele>230</ele>
						<time>2026-02-16T13:50:25Z</time>
					</trkpt>
					<trkpt lat="46.470870" lon="4.849900">
						<ele>232</ele>
						<time>2026-02-16T13:50:44Z</time>
					</trkpt>
					<trkpt lat="46.470840" lon="4.849900">
						<ele>232</ele>
						<time>2026-02-16T13:50:45Z</time>
					</trkpt>
					<trkpt lat="46.470010" lon="4.850070">
						<ele>233</ele>
						<time>2026-02-16T13:51:00Z</time>
					</trkpt>
					<trkpt lat="46.469970" lon="4.850080">
						<ele>233</ele>
						<time>2026-02-16T13:51:00Z</time>
					</trkpt>
					<trkpt lat="46.469590" lon="4.850150">
						<ele>232</ele>
						<time>2026-02-16T13:51:07Z</time>
					</trkpt>
					<trkpt lat="46.469500" lon="4.850190">
						<ele>232</ele>
						<time>2026-02-16T13:51:09Z</time>
					</trkpt>
					<trkpt lat="46.469410" lon="4.850240">
						<ele>231</ele>
						<time>2026-02-16T13:51:11Z</time>
					</trkpt>
					<trkpt lat="46.469300" lon="4.850380">
						<ele>231</ele>
						<time>2026-02-16T13:51:13Z</time>
					</trkpt>
					<trkpt lat="46.469230" lon="4.850530">
						<ele>230</ele>
						<time>2026-02-16T13:51:15Z</time>
					</trkpt>
					<trkpt lat="46.469170" lon="4.850700">
						<ele>229</ele>
						<time>2026-02-16T13:51:18Z</time>
					</trkpt>
					<trkpt lat="46.469100" lon="4.851010">
						<ele>228</ele>
						<time>2026-02-16T13:51:22Z</time>
					</trkpt>
					<trkpt lat="46.469020" lon="4.851520">
						<ele>227</ele>
						<time>2026-02-16T13:51:28Z</time>
					</trkpt>
					<trkpt lat="46.469010" lon="4.851580">
						<ele>226</ele>
						<time>2026-02-16T13:51:29Z</time>
					</trkpt>
					<trkpt lat="46.468980" lon="4.851970">
						<ele>225</ele>
						<time>2026-02-16T13:51:34Z</time>
					</trkpt>
					<trkpt lat="46.468910" lon="4.852800">
						<ele>222</ele>
						<time>2026-02-16T13:51:44Z</time>
					</trkpt>
					<trkpt lat="46.468880" lon="4.853100">
						<ele>221</ele>
						<time>2026-02-16T13:51:48Z</time>
					</trkpt>
					<trkpt lat="46.468850" lon="4.853420">
						<ele>220</ele>
						<time>2026-02-16T13:51:52Z</time>
					</trkpt>
					<trkpt lat="46.468830" lon="4.853780">
						<ele>219</ele>
						<time>2026-02-16T13:51:56Z</time>
					</trkpt>
					<trkpt lat="46.469860" lon="4.854370">
						<ele>218</ele>
						<time>2026-02-16T13:52:16Z</time>
					</trkpt>
					<trkpt lat="46.469940" lon="4.854460">
						<ele>218</ele>
						<time>2026-02-16T13:52:18Z</time>
					</trkpt>
					<trkpt lat="46.469990" lon="4.854580">
						<ele>217</ele>
						<time>2026-02-16T13:52:19Z</time>
					</trkpt>
					<trkpt lat="46.470000" lon="4.854700">
						<ele>216</ele>
						<time>2026-02-16T13:52:21Z</time>
					</trkpt>
					<trkpt lat="46.469990" lon="4.854860">
						<ele>216</ele>
						<time>2026-02-16T13:52:23Z</time>
					</trkpt>
					<trkpt lat="46.469880" lon="4.855430">
						<ele>215</ele>
						<time>2026-02-16T13:52:30Z</time>
					</trkpt>
					<trkpt lat="46.469680" lon="4.856510">
						<ele>214</ele>
						<time>2026-02-16T13:52:44Z</time>
					</trkpt>
					<trkpt lat="46.469510" lon="4.857130">
						<ele>214</ele>
						<time>2026-02-16T13:52:52Z</time>
					</trkpt>
					<trkpt lat="46.469490" lon="4.857240">
						<ele>214</ele>
						<time>2026-02-16T13:52:53Z</time>
					</trkpt>
					<trkpt lat="46.469480" lon="4.857350">
						<ele>214</ele>
						<time>2026-02-16T13:52:55Z</time>
					</trkpt>
					<trkpt lat="46.469500" lon="4.857510">
						<ele>214</ele>
						<time>2026-02-16T13:52:57Z</time>
					</trkpt>
					<trkpt lat="46.469540" lon="4.857630">
						<ele>214</ele>
						<time>2026-02-16T13:52:58Z</time>
					</trkpt>
					<trkpt lat="46.469810" lon="4.857870">
						<ele>213</ele>
						<time>2026-02-16T13:53:04Z</time>
					</trkpt>
					<trkpt lat="46.470050" lon="4.858070">
						<ele>214</ele>
						<time>2026-02-16T13:53:09Z</time>
					</trkpt>
					<trkpt lat="46.470330" lon="4.858240">
						<ele>213</ele>
						<time>2026-02-16T13:53:14Z</time>
					</trkpt>
					<trkpt lat="46.470640" lon="4.858410">
						<ele>212</ele>
						<time>2026-02-16T13:53:20Z</time>
					</trkpt>
					<trkpt lat="46.471020" lon="4.858520">
						<ele>210</ele>
						<time>2026-02-16T13:53:27Z</time>
					</trkpt>
					<trkpt lat="46.471330" lon="4.858600">
						<ele>209</ele>
						<time>2026-02-16T13:53:33Z</time>
					</trkpt>
					<trkpt lat="46.472170" lon="4.858800">
						<ele>206</ele>
						<time>2026-02-16T13:53:48Z</time>
					</trkpt>
					<trkpt lat="46.472570" lon="4.858970">
						<ele>203</ele>
						<time>2026-02-16T13:53:55Z</time>
					</trkpt>
					<trkpt lat="46.473590" lon="4.859760">
						<ele>198</ele>
						<time>2026-02-16T13:54:16Z</time>
					</trkpt>
					<trkpt lat="46.473770" lon="4.859860">
						<ele>198</ele>
						<time>2026-02-16T13:54:19Z</time>
					</trkpt>
					<trkpt lat="46.474090" lon="4.859920">
						<ele>198</ele>
						<time>2026-02-16T13:54:25Z</time>
					</trkpt>
					<trkpt lat="46.474180" lon="4.859930">
						<ele>198</ele>
						<time>2026-02-16T13:54:26Z</time>
					</trkpt>
					<trkpt lat="46.474220" lon="4.859930">
						<ele>198</ele>
						<time>2026-02-16T13:54:27Z</time>
					</trkpt>
					<trkpt lat="46.474400" lon="4.859950">
						<ele>197</ele>
						<time>2026-02-16T13:54:30Z</time>
					</trkpt>
					<trkpt lat="46.474850" lon="4.860100">
						<ele>195</ele>
						<time>2026-02-16T13:54:39Z</time>
					</trkpt>
					<trkpt lat="46.474990" lon="4.860120">
						<ele>195</ele>
						<time>2026-02-16T13:54:41Z</time>
					</trkpt>
					<trkpt lat="46.475090" lon="4.860130">
						<ele>195</ele>
						<time>2026-02-16T13:54:43Z</time>
					</trkpt>
					<trkpt lat="46.475180" lon="4.860110">
						<ele>195</ele>
						<time>2026-02-16T13:54:45Z</time>
					</trkpt>
					<trkpt lat="46.475380" lon="4.860000">
						<ele>195</ele>
						<time>2026-02-16T13:54:48Z</time>
					</trkpt>
					<trkpt lat="46.475580" lon="4.859870">
						<ele>194</ele>
						<time>2026-02-16T13:54:52Z</time>
					</trkpt>
					<trkpt lat="46.475700" lon="4.859800">
						<ele>194</ele>
						<time>2026-02-16T13:54:55Z</time>
					</trkpt>
					<trkpt lat="46.475790" lon="4.859760">
						<ele>194</ele>
						<time>2026-02-16T13:54:56Z</time>
					</trkpt>
					<trkpt lat="46.475870" lon="4.859740">
						<ele>194</ele>
						<time>2026-02-16T13:54:58Z</time>
					</trkpt>
					<trkpt lat="46.475980" lon="4.859730">
						<ele>194</ele>
						<time>2026-02-16T13:55:00Z</time>
					</trkpt>
					<trkpt lat="46.476230" lon="4.859740">
						<ele>194</ele>
						<time>2026-02-16T13:55:04Z</time>
					</trkpt>
					<trkpt lat="46.476410" lon="4.859760">
						<ele>195</ele>
						<time>2026-02-16T13:55:07Z</time>
					</trkpt>
					<trkpt lat="46.476710" lon="4.859790">
						<ele>195</ele>
						<time>2026-02-16T13:55:13Z</time>
					</trkpt>
					<trkpt lat="46.477990" lon="4.859850">
						<ele>205</ele>
						<time>2026-02-16T13:55:35Z</time>
					</trkpt>
					<trkpt lat="46.478460" lon="4.859900">
						<ele>208</ele>
						<time>2026-02-16T13:55:44Z</time>
					</trkpt>
					<trkpt lat="46.478660" lon="4.859890">
						<ele>209</ele>
						<time>2026-02-16T13:55:47Z</time>
					</trkpt>
					<trkpt lat="46.478800" lon="4.859910">
						<ele>210</ele>
						<time>2026-02-16T13:55:50Z</time>
					</trkpt>
					<trkpt lat="46.478870" lon="4.859930">
						<ele>210</ele>
						<time>2026-02-16T13:55:51Z</time>
					</trkpt>
					<trkpt lat="46.479160" lon="4.860130">
						<ele>211</ele>
						<time>2026-02-16T13:55:57Z</time>
					</trkpt>
					<trkpt lat="46.480730" lon="4.861280">
						<ele>213</ele>
						<time>2026-02-16T13:56:28Z</time>
					</trkpt>
					<trkpt lat="46.481380" lon="4.861720">
						<ele>213</ele>
						<time>2026-02-16T13:56:41Z</time>
					</trkpt>
					<trkpt lat="46.482120" lon="4.862230">
						<ele>211</ele>
						<time>2026-02-16T13:56:55Z</time>
					</trkpt>
					<trkpt lat="46.482140" lon="4.862250">
						<ele>211</ele>
						<time>2026-02-16T13:56:56Z</time>
					</trkpt>
					<trkpt lat="46.482630" lon="4.862790">
						<ele>207</ele>
						<time>2026-02-16T13:57:07Z</time>
					</trkpt>
					<trkpt lat="46.482790" lon="4.862990">
						<ele>206</ele>
						<time>2026-02-16T13:57:11Z</time>
					</trkpt>
					<trkpt lat="46.482920" lon="4.863200">
						<ele>205</ele>
						<time>2026-02-16T13:57:14Z</time>
					</trkpt>
					<trkpt lat="46.483070" lon="4.863480">
						<ele>204</ele>
						<time>2026-02-16T13:57:18Z</time>
					</trkpt>
					<trkpt lat="46.483320" lon="4.864040">
						<ele>207</ele>
						<time>2026-02-16T13:57:27Z</time>
					</trkpt>
					<trkpt lat="46.483380" lon="4.864170">
						<ele>208</ele>
						<time>2026-02-16T13:57:28Z</time>
					</trkpt>
					<trkpt lat="46.483960" lon="4.864850">
						<ele>210</ele>
						<time>2026-02-16T13:57:42Z</time>
					</trkpt>
					<trkpt lat="46.484040" lon="4.864980">
						<ele>210</ele>
						<time>2026-02-16T13:57:44Z</time>
					</trkpt>
					<trkpt lat="46.484110" lon="4.865140">
						<ele>210</ele>
						<time>2026-02-16T13:57:46Z</time>
					</trkpt>
					<trkpt lat="46.484350" lon="4.865990">
						<ele>210</ele>
						<time>2026-02-16T13:57:57Z</time>
					</trkpt>
					<trkpt lat="46.484530" lon="4.866670">
						<ele>210</ele>
						<time>2026-02-16T13:58:06Z</time>
					</trkpt>
					<trkpt lat="46.484600" lon="4.866900">
						<ele>210</ele>
						<time>2026-02-16T13:58:09Z</time>
					</trkpt>
					<trkpt lat="46.484680" lon="4.867180">
						<ele>210</ele>
						<time>2026-02-16T13:58:13Z</time>
					</trkpt>
					<trkpt lat="46.484840" lon="4.867440">
						<ele>210</ele>
						<time>2026-02-16T13:58:17Z</time>
					</trkpt>
					<trkpt lat="46.485030" lon="4.867700">
						<ele>211</ele>
						<time>2026-02-16T13:58:22Z</time>
					</trkpt>
					<trkpt lat="46.485390" lon="4.868090">
						<ele>210</ele>
						<time>2026-02-16T13:58:30Z</time>
					</trkpt>
					<trkpt lat="46.485530" lon="4.868290">
						<ele>210</ele>
						<time>2026-02-16T13:58:34Z</time>
					</trkpt>
					<trkpt lat="46.485630" lon="4.868450">
						<ele>210</ele>
						<time>2026-02-16T13:58:36Z</time>
					</trkpt>
					<trkpt lat="46.485840" lon="4.868920">
						<ele>210</ele>
						<time>2026-02-16T13:58:43Z</time>
					</trkpt>
					<trkpt lat="46.486230" lon="4.869720">
						<ele>211</ele>
						<time>2026-02-16T13:58:55Z</time>
					</trkpt>
					<trkpt lat="46.486340" lon="4.869880">
						<ele>211</ele>
						<time>2026-02-16T13:58:58Z</time>
					</trkpt>
					<trkpt lat="46.486360" lon="4.869910">
						<ele>211</ele>
						<time>2026-02-16T13:58:58Z</time>
					</trkpt>
					<trkpt lat="46.487790" lon="4.871260">
						<ele>210</ele>
						<time>2026-02-16T13:59:29Z</time>
					</trkpt>
					<trkpt lat="46.488140" lon="4.871610">
						<ele>209</ele>
						<time>2026-02-16T13:59:36Z</time>
					</trkpt>
					<trkpt lat="46.488470" lon="4.872000">
						<ele>209</ele>
						<time>2026-02-16T13:59:44Z</time>
					</trkpt>
					<trkpt lat="46.488700" lon="4.872200">
						<ele>209</ele>
						<time>2026-02-16T13:59:49Z</time>
					</trkpt>
					<trkpt lat="46.489060" lon="4.872480">
						<ele>209</ele>
						<time>2026-02-16T13:59:56Z</time>
					</trkpt>
					<trkpt lat="46.489940" lon="4.873160">
						<ele>209</ele>
						<time>2026-02-16T14:00:14Z</time>
					</trkpt>
					<trkpt lat="46.490190" lon="4.873310">
						<ele>210</ele>
						<time>2026-02-16T14:00:18Z</time>
					</trkpt>
					<trkpt lat="46.490940" lon="4.873550">
						<ele>211</ele>
						<time>2026-02-16T14:00:32Z</time>
					</trkpt>
					<trkpt lat="46.491280" lon="4.873720">
						<ele>210</ele>
						<time>2026-02-16T14:00:39Z</time>
					</trkpt>
					<trkpt lat="46.491920" lon="4.874160">
						<ele>209</ele>
						<time>2026-02-16T14:00:51Z</time>
					</trkpt>
					<trkpt lat="46.492280" lon="4.874410">
						<ele>208</ele>
						<time>2026-02-16T14:00:58Z</time>
					</trkpt>
					<trkpt lat="46.492490" lon="4.874530">
						<ele>208</ele>
						<time>2026-02-16T14:01:02Z</time>
					</trkpt>
					<trkpt lat="46.492730" lon="4.874640">
						<ele>208</ele>
						<time>2026-02-16T14:01:07Z</time>
					</trkpt>
					<trkpt lat="46.492910" lon="4.874760">
						<ele>208</ele>
						<time>2026-02-16T14:01:10Z</time>
					</trkpt>
					<trkpt lat="46.493530" lon="4.875250">
						<ele>210</ele>
						<time>2026-02-16T14:01:23Z</time>
					</trkpt>
					<trkpt lat="46.493890" lon="4.875590">
						<ele>211</ele>
						<time>2026-02-16T14:01:30Z</time>
					</trkpt>
					<trkpt lat="46.494220" lon="4.875870">
						<ele>212</ele>
						<time>2026-02-16T14:01:37Z</time>
					</trkpt>
					<trkpt lat="46.494360" lon="4.876020">
						<ele>212</ele>
						<time>2026-02-16T14:01:40Z</time>
					</trkpt>
					<trkpt lat="46.494620" lon="4.876310">
						<ele>212</ele>
						<time>2026-02-16T14:01:46Z</time>
					</trkpt>
					<trkpt lat="46.495020" lon="4.876840">
						<ele>212</ele>
						<time>2026-02-16T14:01:56Z</time>
					</trkpt>
					<trkpt lat="46.495160" lon="4.876980">
						<ele>211</ele>
						<time>2026-02-16T14:01:59Z</time>
					</trkpt>
					<trkpt lat="46.495350" lon="4.877130">
						<ele>210</ele>
						<time>2026-02-16T14:02:03Z</time>
					</trkpt>
					<trkpt lat="46.495580" lon="4.877260">
						<ele>208</ele>
						<time>2026-02-16T14:02:07Z</time>
					</trkpt>
					<trkpt lat="46.495760" lon="4.877330">
						<ele>208</ele>
						<time>2026-02-16T14:02:10Z</time>
					</trkpt>
					<trkpt lat="46.495950" lon="4.877350">
						<ele>207</ele>
						<time>2026-02-16T14:02:14Z</time>
					</trkpt>
					<trkpt lat="46.496100" lon="4.877360">
						<ele>207</ele>
						<time>2026-02-16T14:02:16Z</time>
					</trkpt>
					<trkpt lat="46.496230" lon="4.877380">
						<ele>207</ele>
						<time>2026-02-16T14:02:19Z</time>
					</trkpt>
					<trkpt lat="46.496370" lon="4.877440">
						<ele>207</ele>
						<time>2026-02-16T14:02:21Z</time>
					</trkpt>
					<trkpt lat="46.496510" lon="4.877540">
						<ele>207</ele>
						<time>2026-02-16T14:02:24Z</time>
					</trkpt>
					<trkpt lat="46.496650" lon="4.877670">
						<ele>207</ele>
						<time>2026-02-16T14:02:27Z</time>
					</trkpt>
					<trkpt lat="46.497130" lon="4.878150">
						<ele>211</ele>
						<time>2026-02-16T14:02:37Z</time>
					</trkpt>
					<trkpt lat="46.497270" lon="4.878300">
						<ele>212</ele>
						<time>2026-02-16T14:02:41Z</time>
					</trkpt>
					<trkpt lat="46.497690" lon="4.878670">
						<ele>215</ele>
						<time>2026-02-16T14:02:49Z</time>
					</trkpt>
					<trkpt lat="46.498070" lon="4.879000">
						<ele>217</ele>
						<time>2026-02-16T14:02:57Z</time>
					</trkpt>
					<trkpt lat="46.498920" lon="4.879460">
						<ele>220</ele>
						<time>2026-02-16T14:03:13Z</time>
					</trkpt>
					<trkpt lat="46.499850" lon="4.879980">
						<ele>221</ele>
						<time>2026-02-16T14:03:31Z</time>
					</trkpt>
					<trkpt lat="46.499910" lon="4.880010">
						<ele>222</ele>
						<time>2026-02-16T14:03:32Z</time>
					</trkpt>
					<trkpt lat="46.499960" lon="4.880070">
						<ele>222</ele>
						<time>2026-02-16T14:03:33Z</time>
					</trkpt>
					<trkpt lat="46.500130" lon="4.880210">
						<ele>221</ele>
						<time>2026-02-16T14:03:37Z</time>
					</trkpt>
					<trkpt lat="46.500600" lon="4.880730">
						<ele>219</ele>
						<time>2026-02-16T14:03:47Z</time>
					</trkpt>
					<trkpt lat="46.500630" lon="4.880770">
						<ele>219</ele>
						<time>2026-02-16T14:03:48Z</time>
					</trkpt>
					<trkpt lat="46.500830" lon="4.880970">
						<ele>219</ele>
						<time>2026-02-16T14:03:52Z</time>
					</trkpt>
					<trkpt lat="46.501070" lon="4.881220">
						<ele>219</ele>
						<time>2026-02-16T14:03:58Z</time>
					</trkpt>
					<trkpt lat="46.501230" lon="4.881430">
						<ele>220</ele>
						<time>2026-02-16T14:04:01Z</time>
					</trkpt>
					<trkpt lat="46.501280" lon="4.881510">
						<ele>220</ele>
						<time>2026-02-16T14:04:03Z</time>
					</trkpt>
					<trkpt lat="46.501380" lon="4.881660">
						<ele>221</ele>
						<time>2026-02-16T14:04:05Z</time>
					</trkpt>
					<trkpt lat="46.501690" lon="4.882200">
						<ele>221</ele>
						<time>2026-02-16T14:04:14Z</time>
					</trkpt>
					<trkpt lat="46.501840" lon="4.882430">
						<ele>222</ele>
						<time>2026-02-16T14:04:18Z</time>
					</trkpt>
					<trkpt lat="46.502010" lon="4.882700">
						<ele>223</ele>
						<time>2026-02-16T14:04:22Z</time>
					</trkpt>
					<trkpt lat="46.502150" lon="4.882900">
						<ele>224</ele>
						<time>2026-02-16T14:04:26Z</time>
					</trkpt>
					<trkpt lat="46.502380" lon="4.883230">
						<ele>225</ele>
						<time>2026-02-16T14:04:32Z</time>
					</trkpt>
					<trkpt lat="46.502590" lon="4.882160">
						<ele>226</ele>
						<time>2026-02-16T14:04:45Z</time>
					</trkpt>
					<trkpt lat="46.502600" lon="4.882090">
						<ele>226</ele>
						<time>2026-02-16T14:04:46Z</time>
					</trkpt>
					<trkpt lat="46.502620" lon="4.882000">
						<ele>226</ele>
						<time>2026-02-16T14:04:47Z</time>
					</trkpt>
					<trkpt lat="46.502820" lon="4.880970">
						<ele>227</ele>
						<time>2026-02-16T14:05:00Z</time>
					</trkpt>
					<trkpt lat="46.503060" lon="4.879740">
						<ele>230</ele>
						<time>2026-02-16T14:05:16Z</time>
					</trkpt>
					<trkpt lat="46.503090" lon="4.879470">
						<ele>230</ele>
						<time>2026-02-16T14:05:19Z</time>
					</trkpt>
					<trkpt lat="46.503090" lon="4.879310">
						<ele>230</ele>
						<time>2026-02-16T14:05:21Z</time>
					</trkpt>
					<trkpt lat="46.503070" lon="4.879050">
						<ele>230</ele>
						<time>2026-02-16T14:05:24Z</time>
					</trkpt>
					<trkpt lat="46.502980" lon="4.878570">
						<ele>229</ele>
						<time>2026-02-16T14:05:31Z</time>
					</trkpt>
					<trkpt lat="46.502920" lon="4.878340">
						<ele>229</ele>
						<time>2026-02-16T14:05:34Z</time>
					</trkpt>
					<trkpt lat="46.502430" lon="4.876260">
						<ele>227</ele>
						<time>2026-02-16T14:06:00Z</time>
					</trkpt>
					<trkpt lat="46.502390" lon="4.876070">
						<ele>228</ele>
						<time>2026-02-16T14:06:03Z</time>
					</trkpt>
					<trkpt lat="46.502270" lon="4.875560">
						<ele>227</ele>
						<time>2026-02-16T14:06:10Z</time>
					</trkpt>
					<trkpt lat="46.502030" lon="4.874540">
						<ele>227</ele>
						<time>2026-02-16T14:06:23Z</time>
					</trkpt>
					<trkpt lat="46.501650" lon="4.872870">
						<ele>227</ele>
						<time>2026-02-16T14:06:44Z</time>
					</trkpt>
					<trkpt lat="46.501620" lon="4.872670">
						<ele>227</ele>
						<time>2026-02-16T14:06:47Z</time>
					</trkpt>
					<trkpt lat="46.501640" lon="4.872400">
						<ele>227</ele>
						<time>2026-02-16T14:06:50Z</time>
					</trkpt>
					<trkpt lat="46.501670" lon="4.872270">
						<ele>227</ele>
						<time>2026-02-16T14:06:52Z</time>
					</trkpt>
					<trkpt lat="46.501720" lon="4.872090">
						<ele>226</ele>
						<time>2026-02-16T14:06:54Z</time>
					</trkpt>
					<trkpt lat="46.501790" lon="4.871960">
						<ele>226</ele>
						<time>2026-02-16T14:06:56Z</time>
					</trkpt>
					<trkpt lat="46.501860" lon="4.871850">
						<ele>226</ele>
						<time>2026-02-16T14:06:58Z</time>
					</trkpt>
					<trkpt lat="46.501990" lon="4.871730">
						<ele>227</ele>
						<time>2026-02-16T14:07:01Z</time>
					</trkpt>
					<trkpt lat="46.502660" lon="4.871220">
						<ele>227</ele>
						<time>2026-02-16T14:07:14Z</time>
					</trkpt>
					<trkpt lat="46.502840" lon="4.871060">
						<ele>227</ele>
						<time>2026-02-16T14:07:18Z</time>
					</trkpt>
					<trkpt lat="46.502950" lon="4.870920">
						<ele>226</ele>
						<time>2026-02-16T14:07:21Z</time>
					</trkpt>
					<trkpt lat="46.503090" lon="4.870660">
						<ele>226</ele>
						<time>2026-02-16T14:07:25Z</time>
					</trkpt>
					<trkpt lat="46.503130" lon="4.870600">
						<ele>226</ele>
						<time>2026-02-16T14:07:26Z</time>
					</trkpt>
					<trkpt lat="46.503200" lon="4.870460">
						<ele>226</ele>
						<time>2026-02-16T14:07:28Z</time>
					</trkpt>
					<trkpt lat="46.504180" lon="4.869220">
						<ele>227</ele>
						<time>2026-02-16T14:07:51Z</time>
					</trkpt>
					<trkpt lat="46.504320" lon="4.869050">
						<ele>226</ele>
						<time>2026-02-16T14:07:54Z</time>
					</trkpt>
					<trkpt lat="46.504470" lon="4.868930">
						<ele>226</ele>
						<time>2026-02-16T14:07:57Z</time>
					</trkpt>
					<trkpt lat="46.504750" lon="4.868720">
						<ele>226</ele>
						<time>2026-02-16T14:08:03Z</time>
					</trkpt>
					<trkpt lat="46.504860" lon="4.868610">
						<ele>225</ele>
						<time>2026-02-16T14:08:05Z</time>
					</trkpt>
					<trkpt lat="46.505000" lon="4.868420">
						<ele>225</ele>
						<time>2026-02-16T14:08:09Z</time>
					</trkpt>
					<trkpt lat="46.505490" lon="4.867720">
						<ele>224</ele>
						<time>2026-02-16T14:08:21Z</time>
					</trkpt>
					<trkpt lat="46.505690" lon="4.867440">
						<ele>224</ele>
						<time>2026-02-16T14:08:26Z</time>
					</trkpt>
					<trkpt lat="46.505910" lon="4.867190">
						<ele>224</ele>
						<time>2026-02-16T14:08:31Z</time>
					</trkpt>
					<trkpt lat="46.506580" lon="4.866510">
						<ele>225</ele>
						<time>2026-02-16T14:08:45Z</time>
					</trkpt>
					<trkpt lat="46.506740" lon="4.866310">
						<ele>226</ele>
						<time>2026-02-16T14:08:49Z</time>
					</trkpt>
					<trkpt lat="46.506850" lon="4.866140">
						<ele>226</ele>
						<time>2026-02-16T14:08:52Z</time>
					</trkpt>
					<trkpt lat="46.507340" lon="4.865320">
						<ele>228</ele>
						<time>2026-02-16T14:09:05Z</time>
					</trkpt>
					<trkpt lat="46.507850" lon="4.864420">
						<ele>228</ele>
						<time>2026-02-16T14:09:19Z</time>
					</trkpt>
					<trkpt lat="46.508210" lon="4.863790">
						<ele>228</ele>
						<time>2026-02-16T14:09:29Z</time>
					</trkpt>
					<trkpt lat="46.508270" lon="4.863690">
						<ele>228</ele>
						<time>2026-02-16T14:09:31Z</time>
					</trkpt>
					<trkpt lat="46.508340" lon="4.863600">
						<ele>228</ele>
						<time>2026-02-16T14:09:33Z</time>
					</trkpt>
					<trkpt lat="46.508660" lon="4.863260">
						<ele>229</ele>
						<time>2026-02-16T14:09:40Z</time>
					</trkpt>
					<trkpt lat="46.509220" lon="4.862680">
						<ele>232</ele>
						<time>2026-02-16T14:09:52Z</time>
					</trkpt>
					<trkpt lat="46.509320" lon="4.862580">
						<ele>233</ele>
						<time>2026-02-16T14:09:54Z</time>
					</trkpt>
					<trkpt lat="46.509430" lon="4.862540">
						<ele>233</ele>
						<time>2026-02-16T14:09:56Z</time>
					</trkpt>
					<trkpt lat="46.509500" lon="4.862510">
						<ele>233</ele>
						<time>2026-02-16T14:09:58Z</time>
					</trkpt>
					<trkpt lat="46.509550" lon="4.862490">
						<ele>233</ele>
						<time>2026-02-16T14:09:58Z</time>
					</trkpt>
					<trkpt lat="46.509830" lon="4.862450">
						<ele>234</ele>
						<time>2026-02-16T14:10:03Z</time>
					</trkpt>
					<trkpt lat="46.509910" lon="4.862210">
						<ele>235</ele>
						<time>2026-02-16T14:10:07Z</time>
					</trkpt>
					<trkpt lat="46.509940" lon="4.862080">
						<ele>235</ele>
						<time>2026-02-16T14:10:08Z</time>
					</trkpt>
					<trkpt lat="46.510030" lon="4.861770">
						<ele>236</ele>
						<time>2026-02-16T14:10:13Z</time>
					</trkpt>
					<trkpt lat="46.510050" lon="4.861630">
						<ele>237</ele>
						<time>2026-02-16T14:10:14Z</time>
					</trkpt>
					<trkpt lat="46.510050" lon="4.861550">
						<ele>237</ele>
						<time>2026-02-16T14:10:15Z</time>
					</trkpt>
					<trkpt lat="46.510050" lon="4.861490">
						<ele>237</ele>
						<time>2026-02-16T14:10:16Z</time>
					</trkpt>
					<trkpt lat="46.510040" lon="4.861460">
						<ele>237</ele>
						<time>2026-02-16T14:10:16Z</time>
					</trkpt>
					<trkpt lat="46.510020" lon="4.861380">
						<ele>238</ele>
						<time>2026-02-16T14:10:17Z</time>
					</trkpt>
					<trkpt lat="46.509910" lon="4.861080">
						<ele>239</ele>
						<time>2026-02-16T14:10:22Z</time>
					</trkpt>
					<trkpt lat="46.509890" lon="4.861030">
						<ele>239</ele>
						<time>2026-02-16T14:10:22Z</time>
					</trkpt>
					<trkpt lat="46.509880" lon="4.860900">
						<ele>240</ele>
						<time>2026-02-16T14:10:24Z</time>
					</trkpt>
					<trkpt lat="46.509920" lon="4.860110">
						<ele>243</ele>
						<time>2026-02-16T14:10:34Z</time>
					</trkpt>
					<trkpt lat="46.509920" lon="4.860100">
						<ele>243</ele>
						<time>2026-02-16T14:10:34Z</time>
					</trkpt>
					<trkpt lat="46.509950" lon="4.859120">
						<ele>246</ele>
						<time>2026-02-16T14:10:46Z</time>
					</trkpt>
					<trkpt lat="46.509990" lon="4.858200">
						<ele>245</ele>
						<time>2026-02-16T14:10:57Z</time>
					</trkpt>
					<trkpt lat="46.510000" lon="4.857600">
						<ele>244</ele>
						<time>2026-02-16T14:11:04Z</time>
					</trkpt>
					<trkpt lat="46.510020" lon="4.857010">
						<ele>247</ele>
						<time>2026-02-16T14:11:12Z</time>
					</trkpt>
					<trkpt lat="46.510020" lon="4.856750">
						<ele>249</ele>
						<time>2026-02-16T14:11:15Z</time>
					</trkpt>
					<trkpt lat="46.510000" lon="4.856470">
						<ele>251</ele>
						<time>2026-02-16T14:11:18Z</time>
					</trkpt>
					<trkpt lat="46.509950" lon="4.856260">
						<ele>253</ele>
						<time>2026-02-16T14:11:21Z</time>
					</trkpt>
					<trkpt lat="46.509850" lon="4.856030">
						<ele>256</ele>
						<time>2026-02-16T14:11:24Z</time>
					</trkpt>
					<trkpt lat="46.509660" lon="4.855690">
						<ele>259</ele>
						<time>2026-02-16T14:11:30Z</time>
					</trkpt>
					<trkpt lat="46.509410" lon="4.855170">
						<ele>264</ele>
						<time>2026-02-16T14:11:37Z</time>
					</trkpt>
					<trkpt lat="46.509180" lon="4.854720">
						<ele>266</ele>
						<time>2026-02-16T14:11:44Z</time>
					</trkpt>
					<trkpt lat="46.508930" lon="4.854200">
						<ele>269</ele>
						<time>2026-02-16T14:11:52Z</time>
					</trkpt>
					<trkpt lat="46.508800" lon="4.853960">
						<ele>268</ele>
						<time>2026-02-16T14:11:56Z</time>
					</trkpt>
					<trkpt lat="46.508810" lon="4.853960">
						<ele>268</ele>
						<time>2026-02-16T14:11:56Z</time>
					</trkpt>
					<trkpt lat="46.508980" lon="4.853740">
						<ele>267</ele>
						<time>2026-02-16T14:12:00Z</time>
					</trkpt>
					<trkpt lat="46.509030" lon="4.853690">
						<ele>267</ele>
						<time>2026-02-16T14:12:01Z</time>
					</trkpt>
					<trkpt lat="46.509150" lon="4.853580">
						<ele>267</ele>
						<time>2026-02-16T14:12:04Z</time>
					</trkpt>
					<trkpt lat="46.509170" lon="4.853560">
						<ele>267</ele>
						<time>2026-02-16T14:12:04Z</time>
					</trkpt>
					<trkpt lat="46.509380" lon="4.853320">
						<ele>267</ele>
						<time>2026-02-16T14:12:09Z</time>
					</trkpt>
					<trkpt lat="46.509450" lon="4.853160">
						<ele>266</ele>
						<time>2026-02-16T14:12:11Z</time>
					</trkpt>
					<trkpt lat="46.509380" lon="4.853320">
						<ele>267</ele>
						<time>2026-02-16T14:12:13Z</time>
					</trkpt>
					<trkpt lat="46.509550" lon="4.853110">
						<ele>267</ele>
						<time>2026-02-16T14:12:17Z</time>
					</trkpt>
					<trkpt lat="46.510120" lon="4.852400">
						<ele>265</ele>
						<time>2026-02-16T14:12:31Z</time>
					</trkpt>
					<trkpt lat="46.510370" lon="4.852130">
						<ele>264</ele>
						<time>2026-02-16T14:12:36Z</time>
					</trkpt>
					<trkpt lat="46.510620" lon="4.851890">
						<ele>262</ele>
						<time>2026-02-16T14:12:42Z</time>
					</trkpt>
					<trkpt lat="46.510760" lon="4.851790">
						<ele>262</ele>
						<time>2026-02-16T14:12:44Z</time>
					</trkpt>
					<trkpt lat="46.510910" lon="4.851690">
						<ele>261</ele>
						<time>2026-02-16T14:12:47Z</time>
					</trkpt>
					<trkpt lat="46.511390" lon="4.851410">
						<ele>260</ele>
						<time>2026-02-16T14:12:57Z</time>
					</trkpt>
					<trkpt lat="46.512310" lon="4.850940">
						<ele>259</ele>
						<time>2026-02-16T14:13:14Z</time>
					</trkpt>
					<trkpt lat="46.512600" lon="4.850780">
						<ele>258</ele>
						<time>2026-02-16T14:13:19Z</time>
					</trkpt>
					<trkpt lat="46.513020" lon="4.850480">
						<ele>258</ele>
						<time>2026-02-16T14:13:28Z</time>
					</trkpt>
					<trkpt lat="46.513560" lon="4.850100">
						<ele>257</ele>
						<time>2026-02-16T14:13:38Z</time>
					</trkpt>
					<trkpt lat="46.513780" lon="4.850000">
						<ele>257</ele>
						<time>2026-02-16T14:13:43Z</time>
					</trkpt>
					<trkpt lat="46.514320" lon="4.849830">
						<ele>256</ele>
						<time>2026-02-16T14:13:52Z</time>
					</trkpt>
					<trkpt lat="46.514490" lon="4.849800">
						<ele>256</ele>
						<time>2026-02-16T14:13:55Z</time>
					</trkpt>
					<trkpt lat="46.514580" lon="4.849790">
						<ele>256</ele>
						<time>2026-02-16T14:13:57Z</time>
					</trkpt>
					<trkpt lat="46.514700" lon="4.849790">
						<ele>256</ele>
						<time>2026-02-16T14:13:59Z</time>
					</trkpt>
					<trkpt lat="46.515250" lon="4.849830">
						<ele>257</ele>
						<time>2026-02-16T14:14:09Z</time>
					</trkpt>
					<trkpt lat="46.515460" lon="4.849800">
						<ele>258</ele>
						<time>2026-02-16T14:14:13Z</time>
					</trkpt>
					<trkpt lat="46.515560" lon="4.849770">
						<ele>258</ele>
						<time>2026-02-16T14:14:15Z</time>
					</trkpt>
					<trkpt lat="46.515710" lon="4.849690">
						<ele>259</ele>
						<time>2026-02-16T14:14:17Z</time>
					</trkpt>
					<trkpt lat="46.515900" lon="4.849540">
						<ele>258</ele>
						<time>2026-02-16T14:14:21Z</time>
					</trkpt>
					<trkpt lat="46.516890" lon="4.848680">
						<ele>257</ele>
						<time>2026-02-16T14:14:42Z</time>
					</trkpt>
					<trkpt lat="46.517710" lon="4.847960">
						<ele>259</ele>
						<time>2026-02-16T14:14:59Z</time>
					</trkpt>
					<trkpt lat="46.518740" lon="4.847090">
						<ele>261</ele>
						<time>2026-02-16T14:15:20Z</time>
					</trkpt>
					<trkpt lat="46.519190" lon="4.846750">
						<ele>262</ele>
						<time>2026-02-16T14:15:29Z</time>
					</trkpt>
					<trkpt lat="46.519890" lon="4.846220">
						<ele>263</ele>
						<time>2026-02-16T14:15:43Z</time>
					</trkpt>
					<trkpt lat="46.520190" lon="4.846040">
						<ele>265</ele>
						<time>2026-02-16T14:15:49Z</time>
					</trkpt>
					<trkpt lat="46.520520" lon="4.845880">
						<ele>266</ele>
						<time>2026-02-16T14:15:55Z</time>
					</trkpt>
					<trkpt lat="46.520910" lon="4.845710">
						<ele>269</ele>
						<time>2026-02-16T14:16:02Z</time>
					</trkpt>
					<trkpt lat="46.521100" lon="4.845590">
						<ele>270</ele>
						<time>2026-02-16T14:16:06Z</time>
					</trkpt>
					<trkpt lat="46.521600" lon="4.845190">
						<ele>275</ele>
						<time>2026-02-16T14:16:16Z</time>
					</trkpt>
					<trkpt lat="46.521790" lon="4.845030">
						<ele>276</ele>
						<time>2026-02-16T14:16:20Z</time>
					</trkpt>
					<trkpt lat="46.522620" lon="4.844390">
						<ele>281</ele>
						<time>2026-02-16T14:16:37Z</time>
					</trkpt>
					<trkpt lat="46.522850" lon="4.844180">
						<ele>283</ele>
						<time>2026-02-16T14:16:42Z</time>
					</trkpt>
					<trkpt lat="46.522890" lon="4.844140">
						<ele>283</ele>
						<time>2026-02-16T14:16:42Z</time>
					</trkpt>
					<trkpt lat="46.523050" lon="4.844000">
						<ele>284</ele>
						<time>2026-02-16T14:16:46Z</time>
					</trkpt>
					<trkpt lat="46.523180" lon="4.843940">
						<ele>285</ele>
						<time>2026-02-16T14:16:48Z</time>
					</trkpt>
					<trkpt lat="46.523370" lon="4.843910">
						<ele>285</ele>
						<time>2026-02-16T14:16:52Z</time>
					</trkpt>
					<trkpt lat="46.524050" lon="4.843910">
						<ele>288</ele>
						<time>2026-02-16T14:17:04Z</time>
					</trkpt>
					<trkpt lat="46.524350" lon="4.843880">
						<ele>289</ele>
						<time>2026-02-16T14:17:09Z</time>
					</trkpt>
					<trkpt lat="46.524480" lon="4.843850">
						<ele>290</ele>
						<time>2026-02-16T14:17:11Z</time>
					</trkpt>
					<trkpt lat="46.524630" lon="4.843770">
						<ele>291</ele>
						<time>2026-02-16T14:17:14Z</time>
					</trkpt>
					<trkpt lat="46.524750" lon="4.843630">
						<ele>292</ele>
						<time>2026-02-16T14:17:17Z</time>
					</trkpt>
					<trkpt lat="46.524850" lon="4.843470">
						<ele>294</ele>
						<time>2026-02-16T14:17:20Z</time>
					</trkpt>
					<trkpt lat="46.524970" lon="4.843200">
						<ele>294</ele>
						<time>2026-02-16T14:17:24Z</time>
					</trkpt>
					<trkpt lat="46.525030" lon="4.843000">
						<ele>292</ele>
						<time>2026-02-16T14:17:26Z</time>
					</trkpt>
					<trkpt lat="46.525020" lon="4.842880">
						<ele>292</ele>
						<time>2026-02-16T14:17:28Z</time>
					</trkpt>
					<trkpt lat="46.525000" lon="4.842810">
						<ele>291</ele>
						<time>2026-02-16T14:17:29Z</time>
					</trkpt>
					<trkpt lat="46.524960" lon="4.842730">
						<ele>291</ele>
						<time>2026-02-16T14:17:30Z</time>
					</trkpt>
					<trkpt lat="46.524630" lon="4.842340">
						<ele>290</ele>
						<time>2026-02-16T14:17:37Z</time>
					</trkpt>
					<trkpt lat="46.524440" lon="4.842080">
						<ele>290</ele>
						<time>2026-02-16T14:17:42Z</time>
					</trkpt>
					<trkpt lat="46.524150" lon="4.841530">
						<ele>289</ele>
						<time>2026-02-16T14:17:51Z</time>
					</trkpt>
					<trkpt lat="46.523950" lon="4.840990">
						<ele>286</ele>
						<time>2026-02-16T14:17:58Z</time>
					</trkpt>
					<trkpt lat="46.523650" lon="4.840060">
						<ele>282</ele>
						<time>2026-02-16T14:18:11Z</time>
					</trkpt>
					<trkpt lat="46.523570" lon="4.839820">
						<ele>282</ele>
						<time>2026-02-16T14:18:14Z</time>
					</trkpt>
					<trkpt lat="46.523490" lon="4.839570">
						<ele>281</ele>
						<time>2026-02-16T14:18:17Z</time>
					</trkpt>
					<trkpt lat="46.523450" lon="4.839370">
						<ele>280</ele>
						<time>2026-02-16T14:18:20Z</time>
					</trkpt>
					<trkpt lat="46.523450" lon="4.839160">
						<ele>278</ele>
						<time>2026-02-16T14:18:22Z</time>
					</trkpt>
					<trkpt lat="46.523450" lon="4.839070">
						<ele>278</ele>
						<time>2026-02-16T14:18:23Z</time>
					</trkpt>
					<trkpt lat="46.523480" lon="4.838890">
						<ele>278</ele>
						<time>2026-02-16T14:18:26Z</time>
					</trkpt>
					<trkpt lat="46.523510" lon="4.838770">
						<ele>277</ele>
						<time>2026-02-16T14:18:27Z</time>
					</trkpt>
					<trkpt lat="46.523560" lon="4.838650">
						<ele>277</ele>
						<time>2026-02-16T14:18:29Z</time>
					</trkpt>
					<trkpt lat="46.523460" lon="4.838610">
						<ele>277</ele>
						<time>2026-02-16T14:18:31Z</time>
					</trkpt>
					<trkpt lat="46.523400" lon="4.838570">
						<ele>277</ele>
						<time>2026-02-16T14:18:32Z</time>
					</trkpt>
					<trkpt lat="46.523180" lon="4.838420">
						<ele>277</ele>
						<time>2026-02-16T14:18:36Z</time>
					</trkpt>
					<trkpt lat="46.522970" lon="4.838270">
						<ele>279</ele>
						<time>2026-02-16T14:18:41Z</time>
					</trkpt>
					<trkpt lat="46.522490" lon="4.837880">
						<ele>280</ele>
						<time>2026-02-16T14:18:50Z</time>
					</trkpt>
					<trkpt lat="46.521710" lon="4.837240">
						<ele>284</ele>
						<time>2026-02-16T14:19:06Z</time>
					</trkpt>
					<trkpt lat="46.521460" lon="4.837100">
						<ele>286</ele>
						<time>2026-02-16T14:19:11Z</time>
					</trkpt>
					<trkpt lat="46.521120" lon="4.836890">
						<ele>288</ele>
						<time>2026-02-16T14:19:18Z</time>
					</trkpt>
					<trkpt lat="46.520380" lon="4.836510">
						<ele>291</ele>
						<time>2026-02-16T14:19:32Z</time>
					</trkpt>
					<trkpt lat="46.519850" lon="4.836140">
						<ele>293</ele>
						<time>2026-02-16T14:19:42Z</time>
					</trkpt>
					<trkpt lat="46.519660" lon="4.836020">
						<ele>294</ele>
						<time>2026-02-16T14:19:46Z</time>
					</trkpt>
					<trkpt lat="46.519510" lon="4.835940">
						<ele>294</ele>
						<time>2026-02-16T14:19:49Z</time>
					</trkpt>
					<trkpt lat="46.517650" lon="4.835020">
						<ele>303</ele>
						<time>2026-02-16T14:20:24Z</time>
					</trkpt>
					<trkpt lat="46.517440" lon="4.834870">
						<ele>306</ele>
						<time>2026-02-16T14:20:28Z</time>
					</trkpt>
					<trkpt lat="46.517180" lon="4.834640">
						<ele>310</ele>
						<time>2026-02-16T14:20:33Z</time>
					</trkpt>
					<trkpt lat="46.517100" lon="4.834560">
						<ele>311</ele>
						<time>2026-02-16T14:20:35Z</time>
					</trkpt>
					<trkpt lat="46.517040" lon="4.834450">
						<ele>312</ele>
						<time>2026-02-16T14:20:37Z</time>
					</trkpt>
					<trkpt lat="46.517000" lon="4.834270">
						<ele>312</ele>
						<time>2026-02-16T14:20:39Z</time>
					</trkpt>
					<trkpt lat="46.516980" lon="4.834150">
						<ele>313</ele>
						<time>2026-02-16T14:20:40Z</time>
					</trkpt>
					<trkpt lat="46.516940" lon="4.833700">
						<ele>316</ele>
						<time>2026-02-16T14:20:46Z</time>
					</trkpt>
					<trkpt lat="46.516920" lon="4.833600">
						<ele>317</ele>
						<time>2026-02-16T14:20:47Z</time>
					</trkpt>
					<trkpt lat="46.516870" lon="4.833510">
						<ele>317</ele>
						<time>2026-02-16T14:20:49Z</time>
					</trkpt>
					<trkpt lat="46.516800" lon="4.833410">
						<ele>318</ele>
						<time>2026-02-16T14:20:50Z</time>
					</trkpt>
					<trkpt lat="46.516690" lon="4.833340">
						<ele>318</ele>
						<time>2026-02-16T14:20:52Z</time>
					</trkpt>
					<trkpt lat="46.516330" lon="4.833160">
						<ele>319</ele>
						<time>2026-02-16T14:20:59Z</time>
					</trkpt>
					<trkpt lat="46.516200" lon="4.833100">
						<ele>319</ele>
						<time>2026-02-16T14:21:02Z</time>
					</trkpt>
					<trkpt lat="46.515910" lon="4.833020">
						<ele>318</ele>
						<time>2026-02-16T14:21:07Z</time>
					</trkpt>
					<trkpt lat="46.515490" lon="4.832900">
						<ele>316</ele>
						<time>2026-02-16T14:21:15Z</time>
					</trkpt>
					<trkpt lat="46.513440" lon="4.832340">
						<ele>303</ele>
						<time>2026-02-16T14:21:52Z</time>
					</trkpt>
					<trkpt lat="46.512870" lon="4.832180">
						<ele>299</ele>
						<time>2026-02-16T14:22:02Z</time>
					</trkpt>
					<trkpt lat="46.511570" lon="4.831830">
						<ele>291</ele>
						<time>2026-02-16T14:22:26Z</time>
					</trkpt>
					<trkpt lat="46.511310" lon="4.831720">
						<ele>289</ele>
						<time>2026-02-16T14:22:30Z</time>
					</trkpt>
					<trkpt lat="46.510880" lon="4.831490">
						<ele>286</ele>
						<time>2026-02-16T14:22:38Z</time>
					</trkpt>
					<trkpt lat="46.510650" lon="4.831400">
						<ele>285</ele>
						<time>2026-02-16T14:22:43Z</time>
					</trkpt>
					<trkpt lat="46.510300" lon="4.831310">
						<ele>283</ele>
						<time>2026-02-16T14:22:49Z</time>
					</trkpt>
					<trkpt lat="46.509910" lon="4.831230">
						<ele>281</ele>
						<time>2026-02-16T14:22:56Z</time>
					</trkpt>
					<trkpt lat="46.509490" lon="4.831190">
						<ele>280</ele>
						<time>2026-02-16T14:23:04Z</time>
					</trkpt>
					<trkpt lat="46.509150" lon="4.831130">
						<ele>278</ele>
						<time>2026-02-16T14:23:10Z</time>
					</trkpt>
					<trkpt lat="46.508410" lon="4.830940">
						<ele>275</ele>
						<time>2026-02-16T14:23:23Z</time>
					</trkpt>
					<trkpt lat="46.508030" lon="4.830830">
						<ele>273</ele>
						<time>2026-02-16T14:23:30Z</time>
					</trkpt>
					<trkpt lat="46.507750" lon="4.830770">
						<ele>273</ele>
						<time>2026-02-16T14:23:35Z</time>
					</trkpt>
					<trkpt lat="46.507490" lon="4.830770">
						<ele>272</ele>
						<time>2026-02-16T14:23:40Z</time>
					</trkpt>
					<trkpt lat="46.506720" lon="4.830870">
						<ele>270</ele>
						<time>2026-02-16T14:23:53Z</time>
					</trkpt>
					<trkpt lat="46.506010" lon="4.830850">
						<ele>268</ele>
						<time>2026-02-16T14:24:06Z</time>
					</trkpt>
					<trkpt lat="46.505730" lon="4.830860">
						<ele>267</ele>
						<time>2026-02-16T14:24:11Z</time>
					</trkpt>
					<trkpt lat="46.505190" lon="4.830940">
						<ele>266</ele>
						<time>2026-02-16T14:24:21Z</time>
					</trkpt>
					<trkpt lat="46.504900" lon="4.830990">
						<ele>265</ele>
						<time>2026-02-16T14:24:26Z</time>
					</trkpt>
					<trkpt lat="46.504730" lon="4.830970">
						<ele>265</ele>
						<time>2026-02-16T14:24:29Z</time>
					</trkpt>
					<trkpt lat="46.504350" lon="4.830860">
						<ele>262</ele>
						<time>2026-02-16T14:24:36Z</time>
					</trkpt>
					<trkpt lat="46.503980" lon="4.830770">
						<ele>261</ele>
						<time>2026-02-16T14:24:42Z</time>
					</trkpt>
					<trkpt lat="46.503430" lon="4.830600">
						<ele>260</ele>
						<time>2026-02-16T14:24:52Z</time>
					</trkpt>
					<trkpt lat="46.503250" lon="4.830560">
						<ele>260</ele>
						<time>2026-02-16T14:24:56Z</time>
					</trkpt>
					<trkpt lat="46.501660" lon="4.830660">
						<ele>258</ele>
						<time>2026-02-16T14:25:24Z</time>
					</trkpt>
					<trkpt lat="46.501320" lon="4.830720">
						<ele>258</ele>
						<time>2026-02-16T14:25:30Z</time>
					</trkpt>
					<trkpt lat="46.500460" lon="4.831000">
						<ele>259</ele>
						<time>2026-02-16T14:25:46Z</time>
					</trkpt>
					<trkpt lat="46.499840" lon="4.831210">
						<ele>262</ele>
						<time>2026-02-16T14:25:57Z</time>
					</trkpt>
					<trkpt lat="46.499690" lon="4.831220">
						<ele>263</ele>
						<time>2026-02-16T14:26:00Z</time>
					</trkpt>
					<trkpt lat="46.499530" lon="4.831220">
						<ele>264</ele>
						<time>2026-02-16T14:26:03Z</time>
					</trkpt>
					<trkpt lat="46.499440" lon="4.831210">
						<ele>264</ele>
						<time>2026-02-16T14:26:04Z</time>
					</trkpt>
					<trkpt lat="46.499340" lon="4.831180">
						<ele>264</ele>
						<time>2026-02-16T14:26:06Z</time>
					</trkpt>
					<trkpt lat="46.499240" lon="4.831130">
						<ele>263</ele>
						<time>2026-02-16T14:26:08Z</time>
					</trkpt>
					<trkpt lat="46.499150" lon="4.831100">
						<ele>263</ele>
						<time>2026-02-16T14:26:10Z</time>
					</trkpt>
					<trkpt lat="46.499080" lon="4.831100">
						<ele>263</ele>
						<time>2026-02-16T14:26:11Z</time>
					</trkpt>
					<trkpt lat="46.499010" lon="4.831140">
						<ele>264</ele>
						<time>2026-02-16T14:26:12Z</time>
					</trkpt>
					<trkpt lat="46.498890" lon="4.831230">
						<ele>266</ele>
						<time>2026-02-16T14:26:15Z</time>
					</trkpt>
					<trkpt lat="46.498780" lon="4.831180">
						<ele>266</ele>
						<time>2026-02-16T14:26:17Z</time>
					</trkpt>
					<trkpt lat="46.498330" lon="4.830850">
						<ele>263</ele>
						<time>2026-02-16T14:26:26Z</time>
					</trkpt>
					<trkpt lat="46.497630" lon="4.830270">
						<ele>259</ele>
						<time>2026-02-16T14:26:40Z</time>
					</trkpt>
					<trkpt lat="46.495000" lon="4.828090">
						<ele>248</ele>
						<time>2026-02-16T14:27:34Z</time>
					</trkpt>
					<trkpt lat="46.494420" lon="4.827610">
						<ele>244</ele>
						<time>2026-02-16T14:27:46Z</time>
					</trkpt>
					<trkpt lat="46.494360" lon="4.827560">
						<ele>243</ele>
						<time>2026-02-16T14:27:47Z</time>
					</trkpt>
					<trkpt lat="46.493600" lon="4.826800">
						<ele>241</ele>
						<time>2026-02-16T14:28:03Z</time>
					</trkpt>
					<trkpt lat="46.493580" lon="4.826780">
						<ele>241</ele>
						<time>2026-02-16T14:28:04Z</time>
					</trkpt>
					<trkpt lat="46.493150" lon="4.826340">
						<ele>239</ele>
						<time>2026-02-16T14:28:13Z</time>
					</trkpt>
					<trkpt lat="46.493000" lon="4.826190">
						<ele>239</ele>
						<time>2026-02-16T14:28:16Z</time>
					</trkpt>
					<trkpt lat="46.492700" lon="4.826460">
						<ele>241</ele>
						<time>2026-02-16T14:28:23Z</time>
					</trkpt>
					<trkpt lat="46.492420" lon="4.826710">
						<ele>244</ele>
						<time>2026-02-16T14:28:28Z</time>
					</trkpt>
					<trkpt lat="46.492160" lon="4.826880">
						<ele>247</ele>
						<time>2026-02-16T14:28:34Z</time>
					</trkpt>
					<trkpt lat="46.491910" lon="4.826940">
						<ele>248</ele>
						<time>2026-02-16T14:28:38Z</time>
					</trkpt>
					<trkpt lat="46.491590" lon="4.827010">
						<ele>249</ele>
						<time>2026-02-16T14:28:44Z</time>
					</trkpt>
					<trkpt lat="46.491360" lon="4.827160">
						<ele>250</ele>
						<time>2026-02-16T14:28:48Z</time>
					</trkpt>
					<trkpt lat="46.491360" lon="4.827190">
						<ele>250</ele>
						<time>2026-02-16T14:28:49Z</time>
					</trkpt>
					<trkpt lat="46.491360" lon="4.827160">
						<ele>250</ele>
						<time>2026-02-16T14:28:49Z</time>
					</trkpt>
					<trkpt lat="46.491240" lon="4.827240">
						<ele>250</ele>
						<time>2026-02-16T14:28:51Z</time>
					</trkpt>
					<trkpt lat="46.491190" lon="4.827330">
						<ele>251</ele>
						<time>2026-02-16T14:28:53Z</time>
					</trkpt>
					<trkpt lat="46.491100" lon="4.827650">
						<ele>253</ele>
						<time>2026-02-16T14:28:57Z</time>
					</trkpt>
					<trkpt lat="46.491040" lon="4.827760">
						<ele>253</ele>
						<time>2026-02-16T14:28:59Z</time>
					</trkpt>
					<trkpt lat="46.490870" lon="4.827760">
						<ele>252</ele>
						<time>2026-02-16T14:29:02Z</time>
					</trkpt>
					<trkpt lat="46.490790" lon="4.827730">
						<ele>252</ele>
						<time>2026-02-16T14:29:03Z</time>
					</trkpt>
					<trkpt lat="46.490410" lon="4.827510">
						<ele>249</ele>
						<time>2026-02-16T14:29:10Z</time>
					</trkpt>
					<trkpt lat="46.490320" lon="4.827440">
						<ele>248</ele>
						<time>2026-02-16T14:29:12Z</time>
					</trkpt>
					<trkpt lat="46.490280" lon="4.827340">
						<ele>248</ele>
						<time>2026-02-16T14:29:14Z</time>
					</trkpt>
					<trkpt lat="46.490210" lon="4.827350">
						<ele>247</ele>
						<time>2026-02-16T14:29:15Z</time>
					</trkpt>
					<trkpt lat="46.489960" lon="4.827330">
						<ele>246</ele>
						<time>2026-02-16T14:29:19Z</time>
					</trkpt>
					<trkpt lat="46.489550" lon="4.827310">
						<ele>244</ele>
						<time>2026-02-16T14:29:27Z</time>
					</trkpt>
					<trkpt lat="46.489460" lon="4.827290">
						<ele>244</ele>
						<time>2026-02-16T14:29:28Z</time>
					</trkpt>
					<trkpt lat="46.489300" lon="4.827260">
						<ele>243</ele>
						<time>2026-02-16T14:29:31Z</time>
					</trkpt>
					<trkpt lat="46.488510" lon="4.827090">
						<ele>238</ele>
						<time>2026-02-16T14:29:45Z</time>
					</trkpt>
					<trkpt lat="46.488300" lon="4.827010">
						<ele>237</ele>
						<time>2026-02-16T14:29:49Z</time>
					</trkpt>
					<trkpt lat="46.488010" lon="4.826970">
						<ele>237</ele>
						<time>2026-02-16T14:29:54Z</time>
					</trkpt>
					<trkpt lat="46.487910" lon="4.826930">
						<ele>237</ele>
						<time>2026-02-16T14:29:56Z</time>
					</trkpt>
					<trkpt lat="46.487790" lon="4.826890">
						<ele>237</ele>
						<time>2026-02-16T14:29:59Z</time>
					</trkpt>
					<trkpt lat="46.487760" lon="4.826960">
						<ele>237</ele>
						<time>2026-02-16T14:30:00Z</time>
					</trkpt>
					<trkpt lat="46.487470" lon="4.827250">
						<ele>237</ele>
						<time>2026-02-16T14:30:06Z</time>
					</trkpt>
					<trkpt lat="46.487240" lon="4.827410">
						<ele>236</ele>
						<time>2026-02-16T14:30:10Z</time>
					</trkpt>
					<trkpt lat="46.487080" lon="4.827510">
						<ele>235</ele>
						<time>2026-02-16T14:30:13Z</time>
					</trkpt>
					<trkpt lat="46.486880" lon="4.827580">
						<ele>235</ele>
						<time>2026-02-16T14:30:17Z</time>
					</trkpt>
					<trkpt lat="46.486690" lon="4.827610">
						<ele>234</ele>
						<time>2026-02-16T14:30:20Z</time>
					</trkpt>
					<trkpt lat="46.486500" lon="4.827600">
						<ele>234</ele>
						<time>2026-02-16T14:30:24Z</time>
					</trkpt>
					<trkpt lat="46.485090" lon="4.827180">
						<ele>230</ele>
						<time>2026-02-16T14:30:49Z</time>
					</trkpt>
					<trkpt lat="46.484900" lon="4.827160">
						<ele>230</ele>
						<time>2026-02-16T14:30:53Z</time>
					</trkpt>
					<trkpt lat="46.484720" lon="4.827190">
						<ele>231</ele>
						<time>2026-02-16T14:30:56Z</time>
					</trkpt>
					<trkpt lat="46.484630" lon="4.827250">
						<ele>231</ele>
						<time>2026-02-16T14:30:58Z</time>
					</trkpt>
					<trkpt lat="46.484530" lon="4.827360">
						<ele>230</ele>
						<time>2026-02-16T14:31:00Z</time>
					</trkpt>
					<trkpt lat="46.484410" lon="4.827690">
						<ele>229</ele>
						<time>2026-02-16T14:31:05Z</time>
					</trkpt>
					<trkpt lat="46.484240" lon="4.828290">
						<ele>225</ele>
						<time>2026-02-16T14:31:13Z</time>
					</trkpt>
					<trkpt lat="46.484230" lon="4.828420">
						<ele>225</ele>
						<time>2026-02-16T14:31:14Z</time>
					</trkpt>
					<trkpt lat="46.484150" lon="4.828720">
						<ele>224</ele>
						<time>2026-02-16T14:31:18Z</time>
					</trkpt>
					<trkpt lat="46.484010" lon="4.828940">
						<ele>224</ele>
						<time>2026-02-16T14:31:22Z</time>
					</trkpt>
					<trkpt lat="46.483860" lon="4.829080">
						<ele>224</ele>
						<time>2026-02-16T14:31:25Z</time>
					</trkpt>
					<trkpt lat="46.483200" lon="4.829690">
						<ele>223</ele>
						<time>2026-02-16T14:31:39Z</time>
					</trkpt>
					<trkpt lat="46.482130" lon="4.830740">
						<ele>222</ele>
						<time>2026-02-16T14:32:02Z</time>
					</trkpt>
					<trkpt lat="46.481930" lon="4.830910">
						<ele>222</ele>
						<time>2026-02-16T14:32:06Z</time>
					</trkpt>
					<trkpt lat="46.481680" lon="4.831110">
						<ele>221</ele>
						<time>2026-02-16T14:32:11Z</time>
					</trkpt>
					<trkpt lat="46.481520" lon="4.831220">
						<ele>221</ele>
						<time>2026-02-16T14:32:14Z</time>
					</trkpt>
					<trkpt lat="46.481390" lon="4.831290">
						<ele>221</ele>
						<time>2026-02-16T14:32:17Z</time>
					</trkpt>
					<trkpt lat="46.480540" lon="4.831580">
						<ele>220</ele>
						<time>2026-02-16T14:32:32Z</time>
					</trkpt>
					<trkpt lat="46.480340" lon="4.831690">
						<ele>220</ele>
						<time>2026-02-16T14:32:36Z</time>
					</trkpt>
					<trkpt lat="46.480160" lon="4.831820">
						<ele>220</ele>
						<time>2026-02-16T14:32:40Z</time>
					</trkpt>
					<trkpt lat="46.479870" lon="4.832120">
						<ele>219</ele>
						<time>2026-02-16T14:32:46Z</time>
					</trkpt>
					<trkpt lat="46.479780" lon="4.832250">
						<ele>219</ele>
						<time>2026-02-16T14:32:48Z</time>
					</trkpt>
					<trkpt lat="46.479680" lon="4.832410">
						<ele>219</ele>
						<time>2026-02-16T14:32:51Z</time>
					</trkpt>
					<trkpt lat="46.479590" lon="4.832680">
						<ele>218</ele>
						<time>2026-02-16T14:32:55Z</time>
					</trkpt>
					<trkpt lat="46.479390" lon="4.833690">
						<ele>215</ele>
						<time>2026-02-16T14:33:07Z</time>
					</trkpt>
					<trkpt lat="46.479040" lon="4.835330">
						<ele>212</ele>
						<time>2026-02-16T14:33:28Z</time>
					</trkpt>
					<trkpt lat="46.478860" lon="4.836110">
						<ele>212</ele>
						<time>2026-02-16T14:33:39Z</time>
					</trkpt>
					<trkpt lat="46.478730" lon="4.836720">
						<ele>211</ele>
						<time>2026-02-16T14:33:46Z</time>
					</trkpt>
					<trkpt lat="46.478620" lon="4.837330">
						<ele>210</ele>
						<time>2026-02-16T14:33:54Z</time>
					</trkpt>
					<trkpt lat="46.478530" lon="4.837550">
						<ele>209</ele>
						<time>2026-02-16T14:33:57Z</time>
					</trkpt>
					<trkpt lat="46.478440" lon="4.837740">
						<ele>209</ele>
						<time>2026-02-16T14:34:00Z</time>
					</trkpt>
					<trkpt lat="46.478030" lon="4.838440">
						<ele>209</ele>
						<time>2026-02-16T14:34:11Z</time>
					</trkpt>
					<trkpt lat="46.477950" lon="4.838550">
						<ele>209</ele>
						<time>2026-02-16T14:34:13Z</time>
					</trkpt>
					<trkpt lat="46.477950" lon="4.838700">
						<ele>209</ele>
						<time>2026-02-16T14:34:15Z</time>
					</trkpt>
					<trkpt lat="46.477950" lon="4.838890">
						<ele>209</ele>
						<time>2026-02-16T14:34:17Z</time>
					</trkpt>
					<trkpt lat="46.477910" lon="4.838990">
						<ele>209</ele>
						<time>2026-02-16T14:34:19Z</time>
					</trkpt>
					<trkpt lat="46.477830" lon="4.839100">
						<ele>209</ele>
						<time>2026-02-16T14:34:21Z</time>
					</trkpt>
					<trkpt lat="46.477710" lon="4.839170">
						<ele>208</ele>
						<time>2026-02-16T14:34:23Z</time>
					</trkpt>
					<trkpt lat="46.477550" lon="4.839250">
						<ele>208</ele>
						<time>2026-02-16T14:34:26Z</time>
					</trkpt>
					<trkpt lat="46.476870" lon="4.839520">
						<ele>207</ele>
						<time>2026-02-16T14:34:39Z</time>
					</trkpt>
					<trkpt lat="46.476790" lon="4.839580">
						<ele>207</ele>
						<time>2026-02-16T14:34:40Z</time>
					</trkpt>
					<trkpt lat="46.476580" lon="4.839750">
						<ele>207</ele>
						<time>2026-02-16T14:34:45Z</time>
					</trkpt>
					<trkpt lat="46.476450" lon="4.839880">
						<ele>209</ele>
						<time>2026-02-16T14:34:47Z</time>
					</trkpt>
					<trkpt lat="46.476340" lon="4.840040">
						<ele>210</ele>
						<time>2026-02-16T14:34:50Z</time>
					</trkpt>
					<trkpt lat="46.476250" lon="4.840240">
						<ele>212</ele>
						<time>2026-02-16T14:34:53Z</time>
					</trkpt>
					<trkpt lat="46.476120" lon="4.840580">
						<ele>214</ele>
						<time>2026-02-16T14:34:58Z</time>
					</trkpt>
					<trkpt lat="46.476040" lon="4.840740">
						<ele>216</ele>
						<time>2026-02-16T14:35:00Z</time>
					</trkpt>
					<trkpt lat="46.476000" lon="4.841090">
						<ele>215</ele>
						<time>2026-02-16T14:35:05Z</time>
					</trkpt>
					<trkpt lat="46.476000" lon="4.841160">
						<ele>215</ele>
						<time>2026-02-16T14:35:05Z</time>
					</trkpt>
					<trkpt lat="46.475820" lon="4.841900">
						<ele>213</ele>
						<time>2026-02-16T14:35:15Z</time>
					</trkpt>
					<trkpt lat="46.475680" lon="4.842270">
						<ele>211</ele>
						<time>2026-02-16T14:35:20Z</time>
					</trkpt>
					<trkpt lat="46.475490" lon="4.842710">
						<ele>212</ele>
						<time>2026-02-16T14:35:27Z</time>
					</trkpt>
					<trkpt lat="46.475400" lon="4.842830">
						<ele>212</ele>
						<time>2026-02-16T14:35:29Z</time>
					</trkpt>
					<trkpt lat="46.475280" lon="4.843020">
						<ele>213</ele>
						<time>2026-02-16T14:35:32Z</time>
					</trkpt>
					<trkpt lat="46.475210" lon="4.843140">
						<ele>213</ele>
						<time>2026-02-16T14:35:34Z</time>
					</trkpt>
					<trkpt lat="46.475130" lon="4.843320">
						<ele>214</ele>
						<time>2026-02-16T14:35:36Z</time>
					</trkpt>
					<trkpt lat="46.475070" lon="4.843560">
						<ele>215</ele>
						<time>2026-02-16T14:35:40Z</time>
					</trkpt>
					<trkpt lat="46.475010" lon="4.843930">
						<ele>216</ele>
						<time>2026-02-16T14:35:44Z</time>
					</trkpt>
					<trkpt lat="46.474420" lon="4.848250">
						<ele>227</ele>
						<time>2026-02-16T14:36:38Z</time>
					</trkpt>
					<trkpt lat="46.474360" lon="4.848600">
						<ele>228</ele>
						<time>2026-02-16T14:36:43Z</time>
					</trkpt>
					<trkpt lat="46.474310" lon="4.848790">
						<ele>228</ele>
						<time>2026-02-16T14:36:45Z</time>
					</trkpt>
					<trkpt lat="46.474250" lon="4.848960">
						<ele>228</ele>
						<time>2026-02-16T14:36:47Z</time>
					</trkpt>
					<trkpt lat="46.474180" lon="4.849070">
						<ele>228</ele>
						<time>2026-02-16T14:36:49Z</time>
					</trkpt>
					<trkpt lat="46.474090" lon="4.849180">
						<ele>228</ele>
						<time>2026-02-16T14:36:51Z</time>
					</trkpt>
					<trkpt lat="46.474020" lon="4.849250">
						<ele>228</ele>
						<time>2026-02-16T14:36:53Z</time>
					</trkpt>
					<trkpt lat="46.473920" lon="4.849320">
						<ele>228</ele>
						<time>2026-02-16T14:36:55Z</time>
					</trkpt>
					<trkpt lat="46.473820" lon="4.849360">
						<ele>228</ele>
						<time>2026-02-16T14:36:57Z</time>
					</trkpt>
					<trkpt lat="46.473620" lon="4.849400">
						<ele>228</ele>
						<time>2026-02-16T14:37:00Z</time>
					</trkpt>
					<trkpt lat="46.472780" lon="4.849530">
						<ele>230</ele>
						<time>2026-02-16T14:37:15Z</time>
					</trkpt>
					<trkpt lat="46.471920" lon="4.849670">
						<ele>230</ele>
						<time>2026-02-16T14:37:31Z</time>
					</trkpt>
					<trkpt lat="46.470870" lon="4.849900">
						<ele>232</ele>
						<time>2026-02-16T14:37:50Z</time>
					</trkpt>
					<trkpt lat="46.470840" lon="4.849900">
						<ele>232</ele>
						<time>2026-02-16T14:37:50Z</time>
					</trkpt>
					<trkpt lat="46.470010" lon="4.850070">
						<ele>233</ele>
						<time>2026-02-16T14:38:05Z</time>
					</trkpt>
					<trkpt lat="46.469970" lon="4.850080">
						<ele>233</ele>
						<time>2026-02-16T14:38:06Z</time>
					</trkpt>
					<trkpt lat="46.469880" lon="4.850100">
						<ele>233</ele>
						<time>2026-02-16T14:38:07Z</time>
					</trkpt>
					<trkpt lat="46.469590" lon="4.850150">
						<ele>232</ele>
						<time>2026-02-16T14:38:13Z</time>
					</trkpt>
					<trkpt lat="46.469470" lon="4.850200">
						<ele>232</ele>
						<time>2026-02-16T14:38:15Z</time>
					</trkpt>
					<trkpt lat="46.469410" lon="4.850240">
						<ele>231</ele>
						<time>2026-02-16T14:38:16Z</time>
					</trkpt>
					<trkpt lat="46.469300" lon="4.850380">
						<ele>231</ele>
						<time>2026-02-16T14:38:19Z</time>
					</trkpt>
					<trkpt lat="46.469230" lon="4.850530">
						<ele>230</ele>
						<time>2026-02-16T14:38:21Z</time>
					</trkpt>
					<trkpt lat="46.469170" lon="4.850700">
						<ele>229</ele>
						<time>2026-02-16T14:38:23Z</time>
					</trkpt>
					<trkpt lat="46.469100" lon="4.851010">
						<ele>228</ele>
						<time>2026-02-16T14:38:27Z</time>
					</trkpt>
					<trkpt lat="46.469080" lon="4.851120">
						<ele>227</ele>
						<time>2026-02-16T14:38:29Z</time>
					</trkpt>
					<trkpt lat="46.469020" lon="4.851520">
						<ele>227</ele>
						<time>2026-02-16T14:38:34Z</time>
					</trkpt>
					<trkpt lat="46.469010" lon="4.851580">
						<ele>226</ele>
						<time>2026-02-16T14:38:34Z</time>
					</trkpt>
					<trkpt lat="46.468980" lon="4.851970">
						<ele>225</ele>
						<time>2026-02-16T14:38:39Z</time>
					</trkpt>
					<trkpt lat="46.468910" lon="4.852800">
						<ele>222</ele>
						<time>2026-02-16T14:38:49Z</time>
					</trkpt>
					<trkpt lat="46.468880" lon="4.853100">
						<ele>221</ele>
						<time>2026-02-16T14:38:53Z</time>
					</trkpt>
					<trkpt lat="46.468850" lon="4.853420">
						<ele>220</ele>
						<time>2026-02-16T14:38:57Z</time>
					</trkpt>
					<trkpt lat="46.468830" lon="4.853780">
						<ele>219</ele>
						<time>2026-02-16T14:39:02Z</time>
					</trkpt>
					<trkpt lat="46.469200" lon="4.853990">
						<ele>218</ele>
						<time>2026-02-16T14:39:09Z</time>
					</trkpt>
					<trkpt lat="46.469860" lon="4.854370">
						<ele>218</ele>
						<time>2026-02-16T14:39:21Z</time>
					</trkpt>
					<trkpt lat="46.469940" lon="4.854460">
						<ele>218</ele>
						<time>2026-02-16T14:39:23Z</time>
					</trkpt>
					<trkpt lat="46.469990" lon="4.854580">
						<ele>217</ele>
						<time>2026-02-16T14:39:25Z</time>
					</trkpt>
					<trkpt lat="46.470000" lon="4.854700">
						<ele>216</ele>
						<time>2026-02-16T14:39:26Z</time>
					</trkpt>
					<trkpt lat="46.469990" lon="4.854860">
						<ele>216</ele>
						<time>2026-02-16T14:39:28Z</time>
					</trkpt>
					<trkpt lat="46.469880" lon="4.855430">
						<ele>215</ele>
						<time>2026-02-16T14:39:35Z</time>
					</trkpt>
					<trkpt lat="46.469680" lon="4.856510">
						<ele>214</ele>
						<time>2026-02-16T14:39:49Z</time>
					</trkpt>
					<trkpt lat="46.469510" lon="4.857130">
						<ele>214</ele>
						<time>2026-02-16T14:39:57Z</time>
					</trkpt>
					<trkpt lat="46.469490" lon="4.857240">
						<ele>214</ele>
						<time>2026-02-16T14:39:59Z</time>
					</trkpt>
					<trkpt lat="46.469480" lon="4.857350">
						<ele>214</ele>
						<time>2026-02-16T14:40:00Z</time>
					</trkpt>
					<trkpt lat="46.469500" lon="4.857510">
						<ele>214</ele>
						<time>2026-02-16T14:40:02Z</time>
					</trkpt>
					<trkpt lat="46.469540" lon="4.857630">
						<ele>214</ele>
						<time>2026-02-16T14:40:04Z</time>
					</trkpt>
					<trkpt lat="46.469590" lon="4.857680">
						<ele>213</ele>
						<time>2026-02-16T14:40:05Z</time>
					</trkpt>
					<trkpt lat="46.469810" lon="4.857870">
						<ele>213</ele>
						<time>2026-02-16T14:40:09Z</time>
					</trkpt>
					<trkpt lat="46.470050" lon="4.858070">
						<ele>214</ele>
						<time>2026-02-16T14:40:14Z</time>
					</trkpt>
					<trkpt lat="46.470120" lon="4.858110">
						<ele>213</ele>
						<time>2026-02-16T14:40:16Z</time>
					</trkpt>
					<trkpt lat="46.470330" lon="4.858240">
						<ele>213</ele>
						<time>2026-02-16T14:40:20Z</time>
					</trkpt>
					<trkpt lat="46.470640" lon="4.858410">
						<ele>212</ele>
						<time>2026-02-16T14:40:26Z</time>
					</trkpt>
					<trkpt lat="46.471020" lon="4.858520">
						<ele>210</ele>
						<time>2026-02-16T14:40:32Z</time>
					</trkpt>
					<trkpt lat="46.471330" lon="4.858600">
						<ele>209</ele>
						<time>2026-02-16T14:40:38Z</time>
					</trkpt>
					<trkpt lat="46.472170" lon="4.858800">
						<ele>206</ele>
						<time>2026-02-16T14:40:53Z</time>
					</trkpt>
					<trkpt lat="46.472570" lon="4.858970">
						<ele>203</ele>
						<time>2026-02-16T14:41:01Z</time>
					</trkpt>
					<trkpt lat="46.472610" lon="4.859000">
						<ele>203</ele>
						<time>2026-02-16T14:41:01Z</time>
					</trkpt>
					<trkpt lat="46.473590" lon="4.859760">
						<ele>198</ele>
						<time>2026-02-16T14:41:21Z</time>
					</trkpt>
					<trkpt lat="46.473770" lon="4.859860">
						<ele>198</ele>
						<time>2026-02-16T14:41:25Z</time>
					</trkpt>
					<trkpt lat="46.474090" lon="4.859920">
						<ele>198</ele>
						<time>2026-02-16T14:41:30Z</time>
					</trkpt>
					<trkpt lat="46.474180" lon="4.859930">
						<ele>198</ele>
						<time>2026-02-16T14:41:32Z</time>
					</trkpt>
					<trkpt lat="46.474320" lon="4.859930">
						<ele>198</ele>
						<time>2026-02-16T14:41:34Z</time>
					</trkpt>
					<trkpt lat="46.474400" lon="4.859950">
						<ele>197</ele>
						<time>2026-02-16T14:41:36Z</time>
					</trkpt>
					<trkpt lat="46.474850" lon="4.860100">
						<ele>195</ele>
						<time>2026-02-16T14:41:44Z</time>
					</trkpt>
					<trkpt lat="46.474990" lon="4.860120">
						<ele>195</ele>
						<time>2026-02-16T14:41:47Z</time>
					</trkpt>
					<trkpt lat="46.475090" lon="4.860130">
						<ele>195</ele>
						<time>2026-02-16T14:41:48Z</time>
					</trkpt>
					<trkpt lat="46.475180" lon="4.860110">
						<ele>195</ele>
						<time>2026-02-16T14:41:50Z</time>
					</trkpt>
					<trkpt lat="46.475380" lon="4.860000">
						<ele>195</ele>
						<time>2026-02-16T14:41:54Z</time>
					</trkpt>
					<trkpt lat="46.475580" lon="4.859870">
						<ele>194</ele>
						<time>2026-02-16T14:41:58Z</time>
					</trkpt>
					<trkpt lat="46.475700" lon="4.859800">
						<ele>194</ele>
						<time>2026-02-16T14:42:00Z</time>
					</trkpt>
					<trkpt lat="46.475790" lon="4.859760">
						<ele>194</ele>
						<time>2026-02-16T14:42:02Z</time>
					</trkpt>
					<trkpt lat="46.475870" lon="4.859740">
						<ele>194</ele>
						<time>2026-02-16T14:42:03Z</time>
					</trkpt>
					<trkpt lat="46.475980" lon="4.859730">
						<ele>194</ele>
						<time>2026-02-16T14:42:05Z</time>
					</trkpt>
					<trkpt lat="46.476230" lon="4.859740">
						<ele>194</ele>
						<time>2026-02-16T14:42:10Z</time>
					</trkpt>
					<trkpt lat="46.476710" lon="4.859790">
						<ele>195</ele>
						<time>2026-02-16T14:42:18Z</time>
					</trkpt>
					<trkpt lat="46.477990" lon="4.859850">
						<ele>205</ele>
						<time>2026-02-16T14:42:41Z</time>
					</trkpt>
					<trkpt lat="46.478460" lon="4.859900">
						<ele>208</ele>
						<time>2026-02-16T14:42:49Z</time>
					</trkpt>
					<trkpt lat="46.478660" lon="4.859890">
						<ele>209</ele>
						<time>2026-02-16T14:42:53Z</time>
					</trkpt>
					<trkpt lat="46.478800" lon="4.859910">
						<ele>210</ele>
						<time>2026-02-16T14:42:55Z</time>
					</trkpt>
					<trkpt lat="46.478870" lon="4.859930">
						<ele>210</ele>
						<time>2026-02-16T14:42:57Z</time>
					</trkpt>
					<trkpt lat="46.479160" lon="4.860130">
						<ele>211</ele>
						<time>2026-02-16T14:43:02Z</time>
					</trkpt>
					<trkpt lat="46.480610" lon="4.861190">
						<ele>213</ele>
						<time>2026-02-16T14:43:31Z</time>
					</trkpt>
					<trkpt lat="46.480730" lon="4.861280">
						<ele>213</ele>
						<time>2026-02-16T14:43:34Z</time>
					</trkpt>
					<trkpt lat="46.481380" lon="4.861720">
						<ele>213</ele>
						<time>2026-02-16T14:43:46Z</time>
					</trkpt>
					<trkpt lat="46.482120" lon="4.862230">
						<ele>211</ele>
						<time>2026-02-16T14:44:01Z</time>
					</trkpt>
					<trkpt lat="46.482140" lon="4.862250">
						<ele>211</ele>
						<time>2026-02-16T14:44:01Z</time>
					</trkpt>
					<trkpt lat="46.482630" lon="4.862790">
						<ele>207</ele>
						<time>2026-02-16T14:44:12Z</time>
					</trkpt>
					<trkpt lat="46.482790" lon="4.862990">
						<ele>206</ele>
						<time>2026-02-16T14:44:16Z</time>
					</trkpt>
					<trkpt lat="46.482920" lon="4.863200">
						<ele>205</ele>
						<time>2026-02-16T14:44:20Z</time>
					</trkpt>
					<trkpt lat="46.483070" lon="4.863480">
						<ele>204</ele>
						<time>2026-02-16T14:44:24Z</time>
					</trkpt>
					<trkpt lat="46.483320" lon="4.864040">
						<ele>207</ele>
						<time>2026-02-16T14:44:32Z</time>
					</trkpt>
					<trkpt lat="46.483380" lon="4.864170">
						<ele>208</ele>
						<time>2026-02-16T14:44:34Z</time>
					</trkpt>
					<trkpt lat="46.483960" lon="4.864850">
						<ele>210</ele>
						<time>2026-02-16T14:44:47Z</time>
					</trkpt>
					<trkpt lat="46.484040" lon="4.864980">
						<ele>210</ele>
						<time>2026-02-16T14:44:49Z</time>
					</trkpt>
					<trkpt lat="46.484110" lon="4.865140">
						<ele>210</ele>
						<time>2026-02-16T14:44:52Z</time>
					</trkpt>
					<trkpt lat="46.484350" lon="4.865990">
						<ele>210</ele>
						<time>2026-02-16T14:45:03Z</time>
					</trkpt>
					<trkpt lat="46.484530" lon="4.866670">
						<ele>210</ele>
						<time>2026-02-16T14:45:12Z</time>
					</trkpt>
					<trkpt lat="46.484600" lon="4.866900">
						<ele>210</ele>
						<time>2026-02-16T14:45:15Z</time>
					</trkpt>
					<trkpt lat="46.484680" lon="4.867180">
						<ele>210</ele>
						<time>2026-02-16T14:45:19Z</time>
					</trkpt>
					<trkpt lat="46.484840" lon="4.867440">
						<ele>210</ele>
						<time>2026-02-16T14:45:23Z</time>
					</trkpt>
					<trkpt lat="46.484950" lon="4.867580">
						<ele>211</ele>
						<time>2026-02-16T14:45:26Z</time>
					</trkpt>
					<trkpt lat="46.485030" lon="4.867700">
						<ele>211</ele>
						<time>2026-02-16T14:45:28Z</time>
					</trkpt>
					<trkpt lat="46.485390" lon="4.868090">
						<ele>210</ele>
						<time>2026-02-16T14:45:36Z</time>
					</trkpt>
					<trkpt lat="46.485530" lon="4.868290">
						<ele>210</ele>
						<time>2026-02-16T14:45:39Z</time>
					</trkpt>
					<trkpt lat="46.485630" lon="4.868450">
						<ele>210</ele>
						<time>2026-02-16T14:45:42Z</time>
					</trkpt>
					<trkpt lat="46.485840" lon="4.868920">
						<ele>210</ele>
						<time>2026-02-16T14:45:49Z</time>
					</trkpt>
					<trkpt lat="46.485970" lon="4.869200">
						<ele>210</ele>
						<time>2026-02-16T14:45:53Z</time>
					</trkpt>
					<trkpt lat="46.486230" lon="4.869720">
						<ele>211</ele>
						<time>2026-02-16T14:46:01Z</time>
					</trkpt>
					<trkpt lat="46.486340" lon="4.869880">
						<ele>211</ele>
						<time>2026-02-16T14:46:03Z</time>
					</trkpt>
					<trkpt lat="46.486360" lon="4.869910">
						<ele>211</ele>
						<time>2026-02-16T14:46:04Z</time>
					</trkpt>
					<trkpt lat="46.487790" lon="4.871260">
						<ele>210</ele>
						<time>2026-02-16T14:46:34Z</time>
					</trkpt>
					<trkpt lat="46.488140" lon="4.871610">
						<ele>209</ele>
						<time>2026-02-16T14:46:42Z</time>
					</trkpt>
					<trkpt lat="46.488470" lon="4.872000">
						<ele>209</ele>
						<time>2026-02-16T14:46:49Z</time>
					</trkpt>
					<trkpt lat="46.488700" lon="4.872200">
						<ele>209</ele>
						<time>2026-02-16T14:46:54Z</time>
					</trkpt>
					<trkpt lat="46.489060" lon="4.872480">
						<ele>209</ele>
						<time>2026-02-16T14:47:01Z</time>
					</trkpt>
					<trkpt lat="46.489940" lon="4.873160">
						<ele>209</ele>
						<time>2026-02-16T14:47:19Z</time>
					</trkpt>
					<trkpt lat="46.490190" lon="4.873310">
						<ele>210</ele>
						<time>2026-02-16T14:47:24Z</time>
					</trkpt>
					<trkpt lat="46.490940" lon="4.873550">
						<ele>211</ele>
						<time>2026-02-16T14:47:38Z</time>
					</trkpt>
					<trkpt lat="46.491280" lon="4.873720">
						<ele>210</ele>
						<time>2026-02-16T14:47:44Z</time>
					</trkpt>
					<trkpt lat="46.491920" lon="4.874160">
						<ele>209</ele>
						<time>2026-02-16T14:47:57Z</time>
					</trkpt>
					<trkpt lat="46.492280" lon="4.874410">
						<ele>208</ele>
						<time>2026-02-16T14:48:04Z</time>
					</trkpt>
					<trkpt lat="46.492490" lon="4.874530">
						<ele>208</ele>
						<time>2026-02-16T14:48:08Z</time>
					</trkpt>
					<trkpt lat="46.492730" lon="4.874640">
						<ele>208</ele>
						<time>2026-02-16T14:48:12Z</time>
					</trkpt>
					<trkpt lat="46.492910" lon="4.874760">
						<ele>208</ele>
						<time>2026-02-16T14:48:16Z</time>
					</trkpt>
					<trkpt lat="46.493530" lon="4.875250">
						<ele>210</ele>
						<time>2026-02-16T14:48:28Z</time>
					</trkpt>
					<trkpt lat="46.493890" lon="4.875590">
						<ele>211</ele>
						<time>2026-02-16T14:48:36Z</time>
					</trkpt>
					<trkpt lat="46.494220" lon="4.875870">
						<ele>212</ele>
						<time>2026-02-16T14:48:43Z</time>
					</trkpt>
					<trkpt lat="46.494360" lon="4.876020">
						<ele>212</ele>
						<time>2026-02-16T14:48:46Z</time>
					</trkpt>
					<trkpt lat="46.494620" lon="4.876310">
						<ele>212</ele>
						<time>2026-02-16T14:48:52Z</time>
					</trkpt>
					<trkpt lat="46.495020" lon="4.876840">
						<ele>212</ele>
						<time>2026-02-16T14:49:01Z</time>
					</trkpt>
					<trkpt lat="46.495160" lon="4.876980">
						<ele>211</ele>
						<time>2026-02-16T14:49:04Z</time>
					</trkpt>
					<trkpt lat="46.495350" lon="4.877130">
						<ele>210</ele>
						<time>2026-02-16T14:49:08Z</time>
					</trkpt>
					<trkpt lat="46.495580" lon="4.877260">
						<ele>208</ele>
						<time>2026-02-16T14:49:13Z</time>
					</trkpt>
					<trkpt lat="46.495760" lon="4.877330">
						<ele>208</ele>
						<time>2026-02-16T14:49:16Z</time>
					</trkpt>
					<trkpt lat="46.495950" lon="4.877350">
						<ele>207</ele>
						<time>2026-02-16T14:49:19Z</time>
					</trkpt>
					<trkpt lat="46.496100" lon="4.877360">
						<ele>207</ele>
						<time>2026-02-16T14:49:22Z</time>
					</trkpt>
					<trkpt lat="46.496230" lon="4.877380">
						<ele>207</ele>
						<time>2026-02-16T14:49:24Z</time>
					</trkpt>
					<trkpt lat="46.496370" lon="4.877440">
						<ele>207</ele>
						<time>2026-02-16T14:49:27Z</time>
					</trkpt>
					<trkpt lat="46.496510" lon="4.877540">
						<ele>207</ele>
						<time>2026-02-16T14:49:30Z</time>
					</trkpt>
					<trkpt lat="46.496650" lon="4.877670">
						<ele>207</ele>
						<time>2026-02-16T14:49:33Z</time>
					</trkpt>
					<trkpt lat="46.497130" lon="4.878150">
						<ele>211</ele>
						<time>2026-02-16T14:49:43Z</time>
					</trkpt>
					<trkpt lat="46.497270" lon="4.878300">
						<ele>212</ele>
						<time>2026-02-16T14:49:46Z</time>
					</trkpt>
					<trkpt lat="46.497690" lon="4.878670">
						<ele>215</ele>
						<time>2026-02-16T14:49:55Z</time>
					</trkpt>
					<trkpt lat="46.498070" lon="4.879000">
						<ele>217</ele>
						<time>2026-02-16T14:50:03Z</time>
					</trkpt>
					<trkpt lat="46.498920" lon="4.879460">
						<ele>220</ele>
						<time>2026-02-16T14:50:19Z</time>
					</trkpt>
					<trkpt lat="46.499850" lon="4.879980">
						<ele>221</ele>
						<time>2026-02-16T14:50:37Z</time>
					</trkpt>
					<trkpt lat="46.499910" lon="4.880010">
						<ele>222</ele>
						<time>2026-02-16T14:50:38Z</time>
					</trkpt>
					<trkpt lat="46.499960" lon="4.880070">
						<ele>222</ele>
						<time>2026-02-16T14:50:39Z</time>
					</trkpt>
					<trkpt lat="46.500130" lon="4.880210">
						<ele>221</ele>
						<time>2026-02-16T14:50:42Z</time>
					</trkpt>
					<trkpt lat="46.500600" lon="4.880730">
						<ele>219</ele>
						<time>2026-02-16T14:50:53Z</time>
					</trkpt>
					<trkpt lat="46.500630" lon="4.880770">
						<ele>219</ele>
						<time>2026-02-16T14:50:54Z</time>
					</trkpt>
					<trkpt lat="46.500830" lon="4.880970">
						<ele>219</ele>
						<time>2026-02-16T14:50:58Z</time>
					</trkpt>
					<trkpt lat="46.501070" lon="4.881220">
						<ele>219</ele>
						<time>2026-02-16T14:51:03Z</time>
					</trkpt>
					<trkpt lat="46.501230" lon="4.881430">
						<ele>220</ele>
						<time>2026-02-16T14:51:07Z</time>
					</trkpt>
					<trkpt lat="46.501280" lon="4.881510">
						<ele>220</ele>
						<time>2026-02-16T14:51:08Z</time>
					</trkpt>
					<trkpt lat="46.501380" lon="4.881660">
						<ele>221</ele>
						<time>2026-02-16T14:51:11Z</time>
					</trkpt>
					<trkpt lat="46.501690" lon="4.882200">
						<ele>221</ele>
						<time>2026-02-16T14:51:19Z</time>
					</trkpt>
					<trkpt lat="46.501840" lon="4.882430">
						<ele>222</ele>
						<time>2026-02-16T14:51:23Z</time>
					</trkpt>
					<trkpt lat="46.502010" lon="4.882700">
						<ele>223</ele>
						<time>2026-02-16T14:51:28Z</time>
					</trkpt>
					<trkpt lat="46.502060" lon="4.882780">
						<ele>223</ele>
						<time>2026-02-16T14:51:29Z</time>
					</trkpt>
					<trkpt lat="46.502150" lon="4.882900">
						<ele>224</ele>
						<time>2026-02-16T14:51:31Z</time>
					</trkpt>
					<trkpt lat="46.502160" lon="4.882920">
						<ele>224</ele>
						<time>2026-02-16T14:51:32Z</time>
					</trkpt>
					<trkpt lat="46.502310" lon="4.883120">
						<ele>224</ele>
						<time>2026-02-16T14:51:35Z</time>
					</trkpt>
					<trkpt lat="46.502380" lon="4.883230">
						<ele>225</ele>
						<time>2026-02-16T14:51:37Z</time>
					</trkpt>
					<trkpt lat="46.502590" lon="4.882160">
						<ele>226</ele>
						<time>2026-02-16T14:51:51Z</time>
					</trkpt>
					<trkpt lat="46.502600" lon="4.882090">
						<ele>226</ele>
						<time>2026-02-16T14:51:52Z</time>
					</trkpt>
					<trkpt lat="46.502620" lon="4.882000">
						<ele>226</ele>
						<time>2026-02-16T14:51:53Z</time>
					</trkpt>
					<trkpt lat="46.502820" lon="4.880970">
						<ele>227</ele>
						<time>2026-02-16T14:52:06Z</time>
					</trkpt>
					<trkpt lat="46.503060" lon="4.879740">
						<ele>230</ele>
						<time>2026-02-16T14:52:22Z</time>
					</trkpt>
					<trkpt lat="46.503090" lon="4.879470">
						<ele>230</ele>
						<time>2026-02-16T14:52:25Z</time>
					</trkpt>
					<trkpt lat="46.503090" lon="4.879310">
						<ele>230</ele>
						<time>2026-02-16T14:52:27Z</time>
					</trkpt>
					<trkpt lat="46.503070" lon="4.879050">
						<ele>230</ele>
						<time>2026-02-16T14:52:30Z</time>
					</trkpt>
					<trkpt lat="46.502980" lon="4.878570">
						<ele>229</ele>
						<time>2026-02-16T14:52:36Z</time>
					</trkpt>
					<trkpt lat="46.502920" lon="4.878340">
						<ele>229</ele>
						<time>2026-02-16T14:52:39Z</time>
					</trkpt>
					<trkpt lat="46.502430" lon="4.876260">
						<ele>227</ele>
						<time>2026-02-16T14:53:06Z</time>
					</trkpt>
					<trkpt lat="46.502390" lon="4.876070">
						<ele>228</ele>
						<time>2026-02-16T14:53:08Z</time>
					</trkpt>
					<trkpt lat="46.502270" lon="4.875560">
						<ele>227</ele>
						<time>2026-02-16T14:53:15Z</time>
					</trkpt>
					<trkpt lat="46.502030" lon="4.874540">
						<ele>227</ele>
						<time>2026-02-16T14:53:28Z</time>
					</trkpt>
					<trkpt lat="46.501650" lon="4.872870">
						<ele>227</ele>
						<time>2026-02-16T14:53:50Z</time>
					</trkpt>
					<trkpt lat="46.501620" lon="4.872670">
						<ele>227</ele>
						<time>2026-02-16T14:53:52Z</time>
					</trkpt>
					<trkpt lat="46.501640" lon="4.872400">
						<ele>227</ele>
						<time>2026-02-16T14:53:56Z</time>
					</trkpt>
					<trkpt lat="46.501670" lon="4.872270">
						<ele>227</ele>
						<time>2026-02-16T14:53:57Z</time>
					</trkpt>
					<trkpt lat="46.501720" lon="4.872090">
						<ele>226</ele>
						<time>2026-02-16T14:54:00Z</time>
					</trkpt>
					<trkpt lat="46.501790" lon="4.871960">
						<ele>226</ele>
						<time>2026-02-16T14:54:02Z</time>
					</trkpt>
					<trkpt lat="46.501860" lon="4.871850">
						<ele>226</ele>
						<time>2026-02-16T14:54:04Z</time>
					</trkpt>
					<trkpt lat="46.501990" lon="4.871730">
						<ele>227</ele>
						<time>2026-02-16T14:54:06Z</time>
					</trkpt>
					<trkpt lat="46.502660" lon="4.871220">
						<ele>227</ele>
						<time>2026-02-16T14:54:20Z</time>
					</trkpt>
					<trkpt lat="46.502840" lon="4.871060">
						<ele>227</ele>
						<time>2026-02-16T14:54:24Z</time>
					</trkpt>
					<trkpt lat="46.502950" lon="4.870920">
						<ele>226</ele>
						<time>2026-02-16T14:54:26Z</time>
					</trkpt>
					<trkpt lat="46.503090" lon="4.870660">
						<ele>226</ele>
						<time>2026-02-16T14:54:30Z</time>
					</trkpt>
					<trkpt lat="46.503130" lon="4.870600">
						<ele>226</ele>
						<time>2026-02-16T14:54:31Z</time>
					</trkpt>
					<trkpt lat="46.503200" lon="4.870460">
						<ele>226</ele>
						<time>2026-02-16T14:54:33Z</time>
					</trkpt>
					<trkpt lat="46.503340" lon="4.870280">
						<ele>225</ele>
						<time>2026-02-16T14:54:37Z</time>
					</trkpt>
					<trkpt lat="46.504180" lon="4.869220">
						<ele>227</ele>
						<time>2026-02-16T14:54:56Z</time>
					</trkpt>
					<trkpt lat="46.504320" lon="4.869050">
						<ele>226</ele>
						<time>2026-02-16T14:55:00Z</time>
					</trkpt>
					<trkpt lat="46.504470" lon="4.868930">
						<ele>226</ele>
						<time>2026-02-16T14:55:03Z</time>
					</trkpt>
					<trkpt lat="46.504750" lon="4.868720">
						<ele>226</ele>
						<time>2026-02-16T14:55:08Z</time>
					</trkpt>
					<trkpt lat="46.504860" lon="4.868610">
						<ele>225</ele>
						<time>2026-02-16T14:55:11Z</time>
					</trkpt>
					<trkpt lat="46.505000" lon="4.868420">
						<ele>225</ele>
						<time>2026-02-16T14:55:14Z</time>
					</trkpt>
					<trkpt lat="46.505490" lon="4.867720">
						<ele>224</ele>
						<time>2026-02-16T14:55:26Z</time>
					</trkpt>
					<trkpt lat="46.505690" lon="4.867440">
						<ele>224</ele>
						<time>2026-02-16T14:55:31Z</time>
					</trkpt>
					<trkpt lat="46.505910" lon="4.867190">
						<ele>224</ele>
						<time>2026-02-16T14:55:36Z</time>
					</trkpt>
					<trkpt lat="46.506020" lon="4.867070">
						<ele>225</ele>
						<time>2026-02-16T14:55:39Z</time>
					</trkpt>
					<trkpt lat="46.506580" lon="4.866510">
						<ele>225</ele>
						<time>2026-02-16T14:55:51Z</time>
					</trkpt>
					<trkpt lat="46.506740" lon="4.866310">
						<ele>226</ele>
						<time>2026-02-16T14:55:55Z</time>
					</trkpt>
					<trkpt lat="46.506850" lon="4.866140">
						<ele>226</ele>
						<time>2026-02-16T14:55:57Z</time>
					</trkpt>
					<trkpt lat="46.507340" lon="4.865320">
						<ele>228</ele>
						<time>2026-02-16T14:56:11Z</time>
					</trkpt>
					<trkpt lat="46.507490" lon="4.865050">
						<ele>228</ele>
						<time>2026-02-16T14:56:15Z</time>
					</trkpt>
					<trkpt lat="46.507850" lon="4.864420">
						<ele>228</ele>
						<time>2026-02-16T14:56:25Z</time>
					</trkpt>
					<trkpt lat="46.508210" lon="4.863790">
						<ele>228</ele>
						<time>2026-02-16T14:56:35Z</time>
					</trkpt>
					<trkpt lat="46.508270" lon="4.863690">
						<ele>228</ele>
						<time>2026-02-16T14:56:37Z</time>
					</trkpt>
					<trkpt lat="46.508340" lon="4.863600">
						<ele>228</ele>
						<time>2026-02-16T14:56:38Z</time>
					</trkpt>
					<trkpt lat="46.508660" lon="4.863260">
						<ele>229</ele>
						<time>2026-02-16T14:56:45Z</time>
					</trkpt>
					<trkpt lat="46.509020" lon="4.862890">
						<ele>231</ele>
						<time>2026-02-16T14:56:53Z</time>
					</trkpt>
					<trkpt lat="46.509040" lon="4.862870">
						<ele>231</ele>
						<time>2026-02-16T14:56:54Z</time>
					</trkpt>
					<trkpt lat="46.509220" lon="4.862680">
						<ele>232</ele>
						<time>2026-02-16T14:56:58Z</time>
					</trkpt>
					<trkpt lat="46.509320" lon="4.862580">
						<ele>233</ele>
						<time>2026-02-16T14:57:00Z</time>
					</trkpt>
					<trkpt lat="46.509430" lon="4.862540">
						<ele>233</ele>
						<time>2026-02-16T14:57:02Z</time>
					</trkpt>
					<trkpt lat="46.509500" lon="4.862510">
						<ele>233</ele>
						<time>2026-02-16T14:57:03Z</time>
					</trkpt>
					<trkpt lat="46.509550" lon="4.862490">
						<ele>233</ele>
						<time>2026-02-16T14:57:04Z</time>
					</trkpt>
					<trkpt lat="46.509830" lon="4.862450">
						<ele>234</ele>
						<time>2026-02-16T14:57:09Z</time>
					</trkpt>
					<trkpt lat="46.509910" lon="4.862210">
						<ele>235</ele>
						<time>2026-02-16T14:57:12Z</time>
					</trkpt>
					<trkpt lat="46.509940" lon="4.862080">
						<ele>235</ele>
						<time>2026-02-16T14:57:14Z</time>
					</trkpt>
					<trkpt lat="46.510030" lon="4.861770">
						<ele>236</ele>
						<time>2026-02-16T14:57:18Z</time>
					</trkpt>
					<trkpt lat="46.510050" lon="4.861630">
						<ele>237</ele>
						<time>2026-02-16T14:57:20Z</time>
					</trkpt>
					<trkpt lat="46.510050" lon="4.861550">
						<ele>237</ele>
						<time>2026-02-16T14:57:21Z</time>
					</trkpt>
					<trkpt lat="46.510050" lon="4.861490">
						<ele>237</ele>
						<time>2026-02-16T14:57:22Z</time>
					</trkpt>
					<trkpt lat="46.510040" lon="4.861460">
						<ele>237</ele>
						<time>2026-02-16T14:57:22Z</time>
					</trkpt>
					<trkpt lat="46.510020" lon="4.861380">
						<ele>238</ele>
						<time>2026-02-16T14:57:23Z</time>
					</trkpt>
					<trkpt lat="46.509940" lon="4.861170">
						<ele>238</ele>
						<time>2026-02-16T14:57:26Z</time>
					</trkpt>
					<trkpt lat="46.509890" lon="4.861030">
						<ele>239</ele>
						<time>2026-02-16T14:57:28Z</time>
					</trkpt>
					<trkpt lat="46.509880" lon="4.860900">
						<ele>240</ele>
						<time>2026-02-16T14:57:29Z</time>
					</trkpt>
					<trkpt lat="46.509920" lon="4.860100">
						<ele>243</ele>
						<time>2026-02-16T14:57:39Z</time>
					</trkpt>
					<trkpt lat="46.509950" lon="4.859120">
						<ele>246</ele>
						<time>2026-02-16T14:57:51Z</time>
					</trkpt>
					<trkpt lat="46.509990" lon="4.858200">
						<ele>245</ele>
						<time>2026-02-16T14:58:03Z</time>
					</trkpt>
					<trkpt lat="46.510000" lon="4.857600">
						<ele>244</ele>
						<time>2026-02-16T14:58:10Z</time>
					</trkpt>
					<trkpt lat="46.510020" lon="4.857010">
						<ele>247</ele>
						<time>2026-02-16T14:58:17Z</time>
					</trkpt>
					<trkpt lat="46.510020" lon="4.856750">
						<ele>249</ele>
						<time>2026-02-16T14:58:20Z</time>
					</trkpt>
					<trkpt lat="46.510000" lon="4.856470">
						<ele>251</ele>
						<time>2026-02-16T14:58:24Z</time>
					</trkpt>
					<trkpt lat="46.509950" lon="4.856260">
						<ele>253</ele>
						<time>2026-02-16T14:58:27Z</time>
					</trkpt>
					<trkpt lat="46.509850" lon="4.856030">
						<ele>256</ele>
						<time>2026-02-16T14:58:30Z</time>
					</trkpt>
					<trkpt lat="46.509660" lon="4.855690">
						<ele>259</ele>
						<time>2026-02-16T14:58:35Z</time>
					</trkpt>
					<trkpt lat="46.509410" lon="4.855170">
						<ele>264</ele>
						<time>2026-02-16T14:58:43Z</time>
					</trkpt>
					<trkpt lat="46.509180" lon="4.854720">
						<ele>266</ele>
						<time>2026-02-16T14:58:50Z</time>
					</trkpt>
					<trkpt lat="46.508930" lon="4.854200">
						<ele>269</ele>
						<time>2026-02-16T14:58:58Z</time>
					</trkpt>
					<trkpt lat="46.508800" lon="4.853960">
						<ele>268</ele>
						<time>2026-02-16T14:59:01Z</time>
					</trkpt>
					<trkpt lat="46.508980" lon="4.853740">
						<ele>267</ele>
						<time>2026-02-16T14:59:06Z</time>
					</trkpt>
					<trkpt lat="46.509030" lon="4.853690">
						<ele>267</ele>
						<time>2026-02-16T14:59:07Z</time>
					</trkpt>
					<trkpt lat="46.509170" lon="4.853560">
						<ele>267</ele>
						<time>2026-02-16T14:59:10Z</time>
					</trkpt>
					<trkpt lat="46.509380" lon="4.853320">
						<ele>267</ele>
						<time>2026-02-16T14:59:14Z</time>
					</trkpt>
					<trkpt lat="46.509550" lon="4.853110">
						<ele>267</ele>
						<time>2026-02-16T14:59:18Z</time>
					</trkpt>
					<trkpt lat="46.510120" lon="4.852400">
						<ele>265</ele>
						<time>2026-02-16T14:59:32Z</time>
					</trkpt>
					<trkpt lat="46.510370" lon="4.852130">
						<ele>264</ele>
						<time>2026-02-16T14:59:37Z</time>
					</trkpt>
					<trkpt lat="46.510620" lon="4.851890">
						<ele>262</ele>
						<time>2026-02-16T14:59:43Z</time>
					</trkpt>
					<trkpt lat="46.510760" lon="4.851790">
						<ele>262</ele>
						<time>2026-02-16T14:59:45Z</time>
					</trkpt>
					<trkpt lat="46.510910" lon="4.851690">
						<ele>261</ele>
						<time>2026-02-16T14:59:48Z</time>
					</trkpt>
					<trkpt lat="46.511390" lon="4.851410">
						<ele>260</ele>
						<time>2026-02-16T14:59:57Z</time>
					</trkpt>
					<trkpt lat="46.512310" lon="4.850940">
						<ele>259</ele>
						<time>2026-02-16T15:00:15Z</time>
					</trkpt>
					<trkpt lat="46.512600" lon="4.850780">
						<ele>258</ele>
						<time>2026-02-16T15:00:20Z</time>
					</trkpt>
					<trkpt lat="46.513020" lon="4.850480">
						<ele>258</ele>
						<time>2026-02-16T15:00:29Z</time>
					</trkpt>
					<trkpt lat="46.513560" lon="4.850100">
						<ele>257</ele>
						<time>2026-02-16T15:00:39Z</time>
					</trkpt>
					<trkpt lat="46.513780" lon="4.850000">
						<ele>257</ele>
						<time>2026-02-16T15:00:43Z</time>
					</trkpt>
					<trkpt lat="46.514320" lon="4.849830">
						<ele>256</ele>
						<time>2026-02-16T15:00:53Z</time>
					</trkpt>
					<trkpt lat="46.514490" lon="4.849800">
						<ele>256</ele>
						<time>2026-02-16T15:00:56Z</time>
					</trkpt>
					<trkpt lat="46.514580" lon="4.849790">
						<ele>256</ele>
						<time>2026-02-16T15:00:58Z</time>
					</trkpt>
					<trkpt lat="46.514700" lon="4.849790">
						<ele>256</ele>
						<time>2026-02-16T15:01:00Z</time>
					</trkpt>
					<trkpt lat="46.515250" lon="4.849830">
						<ele>257</ele>
						<time>2026-02-16T15:01:10Z</time>
					</trkpt>
					<trkpt lat="46.515460" lon="4.849800">
						<ele>258</ele>
						<time>2026-02-16T15:01:14Z</time>
					</trkpt>
					<trkpt lat="46.515560" lon="4.849770">
						<ele>258</ele>
						<time>2026-02-16T15:01:15Z</time>
					</trkpt>
					<trkpt lat="46.515710" lon="4.849690">
						<ele>259</ele>
						<time>2026-02-16T15:01:18Z</time>
					</trkpt>
					<trkpt lat="46.515900" lon="4.849540">
						<ele>258</ele>
						<time>2026-02-16T15:01:22Z</time>
					</trkpt>
					<trkpt lat="46.516890" lon="4.848680">
						<ele>257</ele>
						<time>2026-02-16T15:01:43Z</time>
					</trkpt>
					<trkpt lat="46.517710" lon="4.847960">
						<ele>259</ele>
						<time>2026-02-16T15:02:00Z</time>
					</trkpt>
					<trkpt lat="46.518740" lon="4.847090">
						<ele>261</ele>
						<time>2026-02-16T15:02:21Z</time>
					</trkpt>
					<trkpt lat="46.519190" lon="4.846750">
						<ele>262</ele>
						<time>2026-02-16T15:02:30Z</time>
					</trkpt>
					<trkpt lat="46.519890" lon="4.846220">
						<ele>263</ele>
						<time>2026-02-16T15:02:44Z</time>
					</trkpt>
					<trkpt lat="46.520190" lon="4.846040">
						<ele>265</ele>
						<time>2026-02-16T15:02:50Z</time>
					</trkpt>
					<trkpt lat="46.520520" lon="4.845880">
						<ele>266</ele>
						<time>2026-02-16T15:02:56Z</time>
					</trkpt>
					<trkpt lat="46.520910" lon="4.845710">
						<ele>269</ele>
						<time>2026-02-16T15:03:03Z</time>
					</trkpt>
					<trkpt lat="46.521100" lon="4.845590">
						<ele>270</ele>
						<time>2026-02-16T15:03:07Z</time>
					</trkpt>
					<trkpt lat="46.521600" lon="4.845190">
						<ele>275</ele>
						<time>2026-02-16T15:03:17Z</time>
					</trkpt>
					<trkpt lat="46.521790" lon="4.845030">
						<ele>276</ele>
						<time>2026-02-16T15:03:21Z</time>
					</trkpt>
					<trkpt lat="46.522620" lon="4.844390">
						<ele>281</ele>
						<time>2026-02-16T15:03:38Z</time>
					</trkpt>
					<trkpt lat="46.522850" lon="4.844180">
						<ele>283</ele>
						<time>2026-02-16T15:03:42Z</time>
					</trkpt>
					<trkpt lat="46.522890" lon="4.844140">
						<ele>283</ele>
						<time>2026-02-16T15:03:43Z</time>
					</trkpt>
					<trkpt lat="46.523050" lon="4.844000">
						<ele>284</ele>
						<time>2026-02-16T15:03:47Z</time>
					</trkpt>
					<trkpt lat="46.523180" lon="4.843940">
						<ele>285</ele>
						<time>2026-02-16T15:03:49Z</time>
					</trkpt>
					<trkpt lat="46.523370" lon="4.843910">
						<ele>285</ele>
						<time>2026-02-16T15:03:52Z</time>
					</trkpt>
					<trkpt lat="46.524050" lon="4.843910">
						<ele>288</ele>
						<time>2026-02-16T15:04:05Z</time>
					</trkpt>
					<trkpt lat="46.524350" lon="4.843880">
						<ele>289</ele>
						<time>2026-02-16T15:04:10Z</time>
					</trkpt>
					<trkpt lat="46.524480" lon="4.843850">
						<ele>290</ele>
						<time>2026-02-16T15:04:12Z</time>
					</trkpt>
					<trkpt lat="46.524630" lon="4.843770">
						<ele>291</ele>
						<time>2026-02-16T15:04:15Z</time>
					</trkpt>
					<trkpt lat="46.524750" lon="4.843630">
						<ele>292</ele>
						<time>2026-02-16T15:04:18Z</time>
					</trkpt>
					<trkpt lat="46.524850" lon="4.843470">
						<ele>294</ele>
						<time>2026-02-16T15:04:20Z</time>
					</trkpt>
					<trkpt lat="46.524970" lon="4.843200">
						<ele>294</ele>
						<time>2026-02-16T15:04:24Z</time>
					</trkpt>
					<trkpt lat="46.525030" lon="4.843000">
						<ele>292</ele>
						<time>2026-02-16T15:04:27Z</time>
					</trkpt>
					<trkpt lat="46.525020" lon="4.842880">
						<ele>292</ele>
						<time>2026-02-16T15:04:29Z</time>
					</trkpt>
					<trkpt lat="46.525000" lon="4.842810">
						<ele>291</ele>
						<time>2026-02-16T15:04:29Z</time>
					</trkpt>
					<trkpt lat="46.524960" lon="4.842730">
						<ele>291</ele>
						<time>2026-02-16T15:04:31Z</time>
					</trkpt>
					<trkpt lat="46.524630" lon="4.842340">
						<ele>290</ele>
						<time>2026-02-16T15:04:38Z</time>
					</trkpt>
					<trkpt lat="46.524440" lon="4.842080">
						<ele>290</ele>
						<time>2026-02-16T15:04:43Z</time>
					</trkpt>
					<trkpt lat="46.524150" lon="4.841530">
						<ele>289</ele>
						<time>2026-02-16T15:04:51Z</time>
					</trkpt>
					<trkpt lat="46.523950" lon="4.840990">
						<ele>286</ele>
						<time>2026-02-16T15:04:59Z</time>
					</trkpt>
					<trkpt lat="46.523650" lon="4.840060">
						<ele>282</ele>
						<time>2026-02-16T15:05:11Z</time>
					</trkpt>
					<trkpt lat="46.523570" lon="4.839820">
						<ele>282</ele>
						<time>2026-02-16T15:05:15Z</time>
					</trkpt>
					<trkpt lat="46.523490" lon="4.839570">
						<ele>281</ele>
						<time>2026-02-16T15:05:18Z</time>
					</trkpt>
					<trkpt lat="46.523450" lon="4.839370">
						<ele>280</ele>
						<time>2026-02-16T15:05:21Z</time>
					</trkpt>
					<trkpt lat="46.523450" lon="4.839160">
						<ele>278</ele>
						<time>2026-02-16T15:05:23Z</time>
					</trkpt>
					<trkpt lat="46.523450" lon="4.839070">
						<ele>278</ele>
						<time>2026-02-16T15:05:24Z</time>
					</trkpt>
					<trkpt lat="46.523480" lon="4.838890">
						<ele>278</ele>
						<time>2026-02-16T15:05:27Z</time>
					</trkpt>
					<trkpt lat="46.523510" lon="4.838770">
						<ele>277</ele>
						<time>2026-02-16T15:05:28Z</time>
					</trkpt>
					<trkpt lat="46.523560" lon="4.838650">
						<ele>277</ele>
						<time>2026-02-16T15:05:30Z</time>
					</trkpt>
					<trkpt lat="46.523460" lon="4.838610">
						<ele>277</ele>
						<time>2026-02-16T15:05:32Z</time>
					</trkpt>
					<trkpt lat="46.523400" lon="4.838570">
						<ele>277</ele>
						<time>2026-02-16T15:05:33Z</time>
					</trkpt>
					<trkpt lat="46.523180" lon="4.838420">
						<ele>277</ele>
						<time>2026-02-16T15:05:37Z</time>
					</trkpt>
					<trkpt lat="46.522970" lon="4.838270">
						<ele>279</ele>
						<time>2026-02-16T15:05:41Z</time>
					</trkpt>
					<trkpt lat="46.522490" lon="4.837880">
						<ele>280</ele>
						<time>2026-02-16T15:05:51Z</time>
					</trkpt>
					<trkpt lat="46.521710" lon="4.837240">
						<ele>284</ele>
						<time>2026-02-16T15:06:07Z</time>
					</trkpt>
					<trkpt lat="46.521460" lon="4.837100">
						<ele>286</ele>
						<time>2026-02-16T15:06:12Z</time>
					</trkpt>
					<trkpt lat="46.521120" lon="4.836890">
						<ele>288</ele>
						<time>2026-02-16T15:06:18Z</time>
					</trkpt>
					<trkpt lat="46.520380" lon="4.836510">
						<ele>291</ele>
						<time>2026-02-16T15:06:32Z</time>
					</trkpt>
					<trkpt lat="46.519850" lon="4.836140">
						<ele>293</ele>
						<time>2026-02-16T15:06:43Z</time>
					</trkpt>
					<trkpt lat="46.519660" lon="4.836020">
						<ele>294</ele>
						<time>2026-02-16T15:06:47Z</time>
					</trkpt>
					<trkpt lat="46.519510" lon="4.835940">
						<ele>294</ele>
						<time>2026-02-16T15:06:49Z</time>
					</trkpt>
					<trkpt lat="46.517650" lon="4.835020">
						<ele>303</ele>
						<time>2026-02-16T15:07:24Z</time>
					</trkpt>
					<trkpt lat="46.517440" lon="4.834870">
						<ele>306</ele>
						<time>2026-02-16T15:07:29Z</time>
					</trkpt>
					<trkpt lat="46.517180" lon="4.834640">
						<ele>310</ele>
						<time>2026-02-16T15:07:34Z</time>
					</trkpt>
					<trkpt lat="46.517100" lon="4.834560">
						<ele>311</ele>
						<time>2026-02-16T15:07:36Z</time>
					</trkpt>
					<trkpt lat="46.517040" lon="4.834450">
						<ele>312</ele>
						<time>2026-02-16T15:07:37Z</time>
					</trkpt>
					<trkpt lat="46.517000" lon="4.834270">
						<ele>312</ele>
						<time>2026-02-16T15:07:40Z</time>
					</trkpt>
					<trkpt lat="46.516980" lon="4.834150">
						<ele>313</ele>
						<time>2026-02-16T15:07:41Z</time>
					</trkpt>
					<trkpt lat="46.516940" lon="4.833700">
						<ele>316</ele>
						<time>2026-02-16T15:07:47Z</time>
					</trkpt>
					<trkpt lat="46.516920" lon="4.833600">
						<ele>317</ele>
						<time>2026-02-16T15:07:48Z</time>
					</trkpt>
					<trkpt lat="46.516870" lon="4.833510">
						<ele>317</ele>
						<time>2026-02-16T15:07:49Z</time>
					</trkpt>
					<trkpt lat="46.516800" lon="4.833410">
						<ele>318</ele>
						<time>2026-02-16T15:07:51Z</time>
					</trkpt>
					<trkpt lat="46.516690" lon="4.833340">
						<ele>318</ele>
						<time>2026-02-16T15:07:53Z</time>
					</trkpt>
					<trkpt lat="46.516330" lon="4.833160">
						<ele>319</ele>
						<time>2026-02-16T15:08:00Z</time>
					</trkpt>
					<trkpt lat="46.516200" lon="4.833100">
						<ele>319</ele>
						<time>2026-02-16T15:08:03Z</time>
					</trkpt>
					<trkpt lat="46.515910" lon="4.833020">
						<ele>318</ele>
						<time>2026-02-16T15:08:08Z</time>
					</trkpt>
					<trkpt lat="46.515490" lon="4.832900">
						<ele>316</ele>
						<time>2026-02-16T15:08:15Z</time>
					</trkpt>
					<trkpt lat="46.513440" lon="4.832340">
						<ele>303</ele>
						<time>2026-02-16T15:08:53Z</time>
					</trkpt>
					<trkpt lat="46.512870" lon="4.832180">
						<ele>299</ele>
						<time>2026-02-16T15:09:03Z</time>
					</trkpt>
					<trkpt lat="46.511570" lon="4.831830">
						<ele>291</ele>
						<time>2026-02-16T15:09:26Z</time>
					</trkpt>
					<trkpt lat="46.511310" lon="4.831720">
						<ele>289</ele>
						<time>2026-02-16T15:09:31Z</time>
					</trkpt>
					<trkpt lat="46.510880" lon="4.831490">
						<ele>286</ele>
						<time>2026-02-16T15:09:39Z</time>
					</trkpt>
					<trkpt lat="46.510650" lon="4.831400">
						<ele>285</ele>
						<time>2026-02-16T15:09:44Z</time>
					</trkpt>
					<trkpt lat="46.510300" lon="4.831310">
						<ele>283</ele>
						<time>2026-02-16T15:09:50Z</time>
					</trkpt>
					<trkpt lat="46.509910" lon="4.831230">
						<ele>281</ele>
						<time>2026-02-16T15:09:57Z</time>
					</trkpt>
					<trkpt lat="46.509490" lon="4.831190">
						<ele>280</ele>
						<time>2026-02-16T15:10:04Z</time>
					</trkpt>
					<trkpt lat="46.509150" lon="4.831130">
						<ele>278</ele>
						<time>2026-02-16T15:10:11Z</time>
					</trkpt>
					<trkpt lat="46.508410" lon="4.830940">
						<ele>275</ele>
						<time>2026-02-16T15:10:24Z</time>
					</trkpt>
					<trkpt lat="46.508030" lon="4.830830">
						<ele>273</ele>
						<time>2026-02-16T15:10:31Z</time>
					</trkpt>
					<trkpt lat="46.507750" lon="4.830770">
						<ele>273</ele>
						<time>2026-02-16T15:10:36Z</time>
					</trkpt>
					<trkpt lat="46.507490" lon="4.830770">
						<ele>272</ele>
						<time>2026-02-16T15:10:40Z</time>
					</trkpt>
					<trkpt lat="46.506720" lon="4.830870">
						<ele>270</ele>
						<time>2026-02-16T15:10:54Z</time>
					</trkpt>
					<trkpt lat="46.506010" lon="4.830850">
						<ele>268</ele>
						<time>2026-02-16T15:11:07Z</time>
					</trkpt>
					<trkpt lat="46.505730" lon="4.830860">
						<ele>267</ele>
						<time>2026-02-16T15:11:12Z</time>
					</trkpt>
					<trkpt lat="46.505190" lon="4.830940">
						<ele>266</ele>
						<time>2026-02-16T15:11:21Z</time>
					</trkpt>
					<trkpt lat="46.504900" lon="4.830990">
						<ele>265</ele>
						<time>2026-02-16T15:11:27Z</time>
					</trkpt>
					<trkpt lat="46.504730" lon="4.830970">
						<ele>265</ele>
						<time>2026-02-16T15:11:30Z</time>
					</trkpt>
					<trkpt lat="46.504350" lon="4.830860">
						<ele>262</ele>
						<time>2026-02-16T15:11:37Z</time>
					</trkpt>
					<trkpt lat="46.503980" lon="4.830770">
						<ele>261</ele>
						<time>2026-02-16T15:11:43Z</time>
					</trkpt>
					<trkpt lat="46.503430" lon="4.830600">
						<ele>260</ele>
						<time>2026-02-16T15:11:53Z</time>
					</trkpt>
					<trkpt lat="46.503250" lon="4.830560">
						<ele>260</ele>
						<time>2026-02-16T15:11:57Z</time>
					</trkpt>
					<trkpt lat="46.501660" lon="4.830660">
						<ele>258</ele>
						<time>2026-02-16T15:12:25Z</time>
					</trkpt>
					<trkpt lat="46.501320" lon="4.830720">
						<ele>258</ele>
						<time>2026-02-16T15:12:31Z</time>
					</trkpt>
					<trkpt lat="46.500460" lon="4.831000">
						<ele>259</ele>
						<time>2026-02-16T15:12:47Z</time>
					</trkpt>
					<trkpt lat="46.499840" lon="4.831210">
						<ele>262</ele>
						<time>2026-02-16T15:12:58Z</time>
					</trkpt>
					<trkpt lat="46.499690" lon="4.831220">
						<ele>263</ele>
						<time>2026-02-16T15:13:01Z</time>
					</trkpt>
					<trkpt lat="46.499530" lon="4.831220">
						<ele>264</ele>
						<time>2026-02-16T15:13:03Z</time>
					</trkpt>
					<trkpt lat="46.499440" lon="4.831210">
						<ele>264</ele>
						<time>2026-02-16T15:13:05Z</time>
					</trkpt>
					<trkpt lat="46.499340" lon="4.831180">
						<ele>264</ele>
						<time>2026-02-16T15:13:07Z</time>
					</trkpt>
					<trkpt lat="46.499240" lon="4.831130">
						<ele>263</ele>
						<time>2026-02-16T15:13:09Z</time>
					</trkpt>
					<trkpt lat="46.499150" lon="4.831100">
						<ele>263</ele>
						<time>2026-02-16T15:13:10Z</time>
					</trkpt>
					<trkpt lat="46.499080" lon="4.831100">
						<ele>263</ele>
						<time>2026-02-16T15:13:12Z</time>
					</trkpt>
					<trkpt lat="46.499010" lon="4.831140">
						<ele>264</ele>
						<time>2026-02-16T15:13:13Z</time>
					</trkpt>
					<trkpt lat="46.498890" lon="4.831230">
						<ele>266</ele>
						<time>2026-02-16T15:13:15Z</time>
					</trkpt>
					<trkpt lat="46.498780" lon="4.831180">
						<ele>266</ele>
						<time>2026-02-16T15:13:17Z</time>
					</trkpt>
					<trkpt lat="46.498330" lon="4.830850">
						<ele>263</ele>
						<time>2026-02-16T15:13:26Z</time>
					</trkpt>
					<trkpt lat="46.497630" lon="4.830270">
						<ele>259</ele>
						<time>2026-02-16T15:13:41Z</time>
					</trkpt>
					<trkpt lat="46.495000" lon="4.828090">
						<ele>248</ele>
						<time>2026-02-16T15:14:35Z</time>
					</trkpt>
					<trkpt lat="46.494920" lon="4.828020">
						<ele>247</ele>
						<time>2026-02-16T15:14:36Z</time>
					</trkpt>
					<trkpt lat="46.494420" lon="4.827610">
						<ele>244</ele>
						<time>2026-02-16T15:14:47Z</time>
					</trkpt>
					<trkpt lat="46.494360" lon="4.827560">
						<ele>243</ele>
						<time>2026-02-16T15:14:48Z</time>
					</trkpt>
					<trkpt lat="46.493600" lon="4.826800">
						<ele>241</ele>
						<time>2026-02-16T15:15:04Z</time>
					</trkpt>
					<trkpt lat="46.493580" lon="4.826780">
						<ele>241</ele>
						<time>2026-02-16T15:15:05Z</time>
					</trkpt>
					<trkpt lat="46.493150" lon="4.826340">
						<ele>239</ele>
						<time>2026-02-16T15:15:14Z</time>
					</trkpt>
					<trkpt lat="46.493000" lon="4.826190">
						<ele>239</ele>
						<time>2026-02-16T15:15:17Z</time>
					</trkpt>
					<trkpt lat="46.492700" lon="4.826460">
						<ele>241</ele>
						<time>2026-02-16T15:15:23Z</time>
					</trkpt>
					<trkpt lat="46.492420" lon="4.826710">
						<ele>244</ele>
						<time>2026-02-16T15:15:29Z</time>
					</trkpt>
					<trkpt lat="46.492160" lon="4.826880">
						<ele>247</ele>
						<time>2026-02-16T15:15:34Z</time>
					</trkpt>
					<trkpt lat="46.491910" lon="4.826940">
						<ele>248</ele>
						<time>2026-02-16T15:15:39Z</time>
					</trkpt>
					<trkpt lat="46.491590" lon="4.827010">
						<ele>249</ele>
						<time>2026-02-16T15:15:45Z</time>
					</trkpt>
					<trkpt lat="46.491360" lon="4.827160">
						<ele>250</ele>
						<time>2026-02-16T15:15:49Z</time>
					</trkpt>
					<trkpt lat="46.491240" lon="4.827240">
						<ele>250</ele>
						<time>2026-02-16T15:15:51Z</time>
					</trkpt>
					<trkpt lat="46.491190" lon="4.827330">
						<ele>251</ele>
						<time>2026-02-16T15:15:53Z</time>
					</trkpt>
					<trkpt lat="46.491100" lon="4.827650">
						<ele>253</ele>
						<time>2026-02-16T15:15:57Z</time>
					</trkpt>
					<trkpt lat="46.491040" lon="4.827760">
						<ele>253</ele>
						<time>2026-02-16T15:15:59Z</time>
					</trkpt>
					<trkpt lat="46.490870" lon="4.827760">
						<ele>252</ele>
						<time>2026-02-16T15:16:02Z</time>
					</trkpt>
					<trkpt lat="46.490790" lon="4.827730">
						<ele>252</ele>
						<time>2026-02-16T15:16:03Z</time>
					</trkpt>
					<trkpt lat="46.490410" lon="4.827510">
						<ele>249</ele>
						<time>2026-02-16T15:16:11Z</time>
					</trkpt>
					<trkpt lat="46.490320" lon="4.827440">
						<ele>248</ele>
						<time>2026-02-16T15:16:12Z</time>
					</trkpt>
					<trkpt lat="46.490280" lon="4.827340">
						<ele>248</ele>
						<time>2026-02-16T15:16:14Z</time>
					</trkpt>
					<trkpt lat="46.490210" lon="4.827350">
						<ele>247</ele>
						<time>2026-02-16T15:16:15Z</time>
					</trkpt>
					<trkpt lat="46.489960" lon="4.827330">
						<ele>246</ele>
						<time>2026-02-16T15:16:20Z</time>
					</trkpt>
					<trkpt lat="46.489550" lon="4.827310">
						<ele>244</ele>
						<time>2026-02-16T15:16:27Z</time>
					</trkpt>
					<trkpt lat="46.489460" lon="4.827290">
						<ele>244</ele>
						<time>2026-02-16T15:16:28Z</time>
					</trkpt>
					<trkpt lat="46.489300" lon="4.827260">
						<ele>243</ele>
						<time>2026-02-16T15:16:31Z</time>
					</trkpt>
					<trkpt lat="46.488510" lon="4.827090">
						<ele>238</ele>
						<time>2026-02-16T15:16:46Z</time>
					</trkpt>
					<trkpt lat="46.488300" lon="4.827010">
						<ele>237</ele>
						<time>2026-02-16T15:16:49Z</time>
					</trkpt>
					<trkpt lat="46.488010" lon="4.826970">
						<ele>237</ele>
						<time>2026-02-16T15:16:55Z</time>
					</trkpt>
					<trkpt lat="46.487910" lon="4.826930">
						<ele>237</ele>
						<time>2026-02-16T15:16:56Z</time>
					</trkpt>
					<trkpt lat="46.487790" lon="4.826890">
						<ele>237</ele>
						<time>2026-02-16T15:16:59Z</time>
					</trkpt>
					<trkpt lat="46.487760" lon="4.826960">
						<ele>237</ele>
						<time>2026-02-16T15:17:00Z</time>
					</trkpt>
					<trkpt lat="46.487470" lon="4.827250">
						<ele>237</ele>
						<time>2026-02-16T15:17:06Z</time>
					</trkpt>
					<trkpt lat="46.487240" lon="4.827410">
						<ele>236</ele>
						<time>2026-02-16T15:17:10Z</time>
					</trkpt>
					<trkpt lat="46.487080" lon="4.827510">
						<ele>235</ele>
						<time>2026-02-16T15:17:14Z</time>
					</trkpt>
					<trkpt lat="46.486880" lon="4.827580">
						<ele>235</ele>
						<time>2026-02-16T15:17:17Z</time>
					</trkpt>
					<trkpt lat="46.486690" lon="4.827610">
						<ele>234</ele>
						<time>2026-02-16T15:17:21Z</time>
					</trkpt>
					<trkpt lat="46.486500" lon="4.827600">
						<ele>234</ele>
						<time>2026-02-16T15:17:24Z</time>
					</trkpt>
					<trkpt lat="46.485090" lon="4.827180">
						<ele>230</ele>
						<time>2026-02-16T15:17:50Z</time>
					</trkpt>
					<trkpt lat="46.484900" lon="4.827160">
						<ele>230</ele>
						<time>2026-02-16T15:17:53Z</time>
					</trkpt>
					<trkpt lat="46.484720" lon="4.827190">
						<ele>231</ele>
						<time>2026-02-16T15:17:56Z</time>
					</trkpt>
					<trkpt lat="46.484630" lon="4.827250">
						<ele>231</ele>
						<time>2026-02-16T15:17:58Z</time>
					</trkpt>
					<trkpt lat="46.484530" lon="4.827360">
						<ele>230</ele>
						<time>2026-02-16T15:18:00Z</time>
					</trkpt>
					<trkpt lat="46.484410" lon="4.827690">
						<ele>229</ele>
						<time>2026-02-16T15:18:05Z</time>
					</trkpt>
					<trkpt lat="46.484240" lon="4.828290">
						<ele>225</ele>
						<time>2026-02-16T15:18:13Z</time>
					</trkpt>
					<trkpt lat="46.484230" lon="4.828420">
						<ele>225</ele>
						<time>2026-02-16T15:18:14Z</time>
					</trkpt>
					<trkpt lat="46.484150" lon="4.828720">
						<ele>224</ele>
						<time>2026-02-16T15:18:18Z</time>
					</trkpt>
					<trkpt lat="46.484010" lon="4.828940">
						<ele>224</ele>
						<time>2026-02-16T15:18:22Z</time>
					</trkpt>
					<trkpt lat="46.483860" lon="4.829080">
						<ele>224</ele>
						<time>2026-02-16T15:18:25Z</time>
					</trkpt>
					<trkpt lat="46.483400" lon="4.829500">
						<ele>223</ele>
						<time>2026-02-16T15:18:35Z</time>
					</trkpt>
					<trkpt lat="46.483060" lon="4.829830">
						<ele>223</ele>
						<time>2026-02-16T15:18:42Z</time>
					</trkpt>
					<trkpt lat="46.482120" lon="4.830750">
						<ele>222</ele>
						<time>2026-02-16T15:19:02Z</time>
					</trkpt>
					<trkpt lat="46.481930" lon="4.830910">
						<ele>222</ele>
						<time>2026-02-16T15:19:06Z</time>
					</trkpt>
					<trkpt lat="46.481680" lon="4.831110">
						<ele>221</ele>
						<time>2026-02-16T15:19:11Z</time>
					</trkpt>
					<trkpt lat="46.481520" lon="4.831220">
						<ele>221</ele>
						<time>2026-02-16T15:19:14Z</time>
					</trkpt>
					<trkpt lat="46.481390" lon="4.831290">
						<ele>221</ele>
						<time>2026-02-16T15:19:17Z</time>
					</trkpt>
					<trkpt lat="46.480540" lon="4.831580">
						<ele>220</ele>
						<time>2026-02-16T15:19:32Z</time>
					</trkpt>
					<trkpt lat="46.480340" lon="4.831690">
						<ele>220</ele>
						<time>2026-02-16T15:19:36Z</time>
					</trkpt>
					<trkpt lat="46.480160" lon="4.831820">
						<ele>220</ele>
						<time>2026-02-16T15:19:40Z</time>
					</trkpt>
					<trkpt lat="46.479870" lon="4.832120">
						<ele>219</ele>
						<time>2026-02-16T15:19:46Z</time>
					</trkpt>
					<trkpt lat="46.479780" lon="4.832250">
						<ele>219</ele>
						<time>2026-02-16T15:19:48Z</time>
					</trkpt>
					<trkpt lat="46.479680" lon="4.832410">
						<ele>219</ele>
						<time>2026-02-16T15:19:51Z</time>
					</trkpt>
					<trkpt lat="46.479590" lon="4.832680">
						<ele>218</ele>
						<time>2026-02-16T15:19:55Z</time>
					</trkpt>
					<trkpt lat="46.479390" lon="4.833690">
						<ele>215</ele>
						<time>2026-02-16T15:20:08Z</time>
					</trkpt>
					<trkpt lat="46.479040" lon="4.835330">
						<ele>212</ele>
						<time>2026-02-16T15:20:29Z</time>
					</trkpt>
					<trkpt lat="46.478860" lon="4.836110">
						<ele>212</ele>
						<time>2026-02-16T15:20:39Z</time>
					</trkpt>
					<trkpt lat="46.478730" lon="4.836720">
						<ele>211</ele>
						<time>2026-02-16T15:20:46Z</time>
					</trkpt>
					<trkpt lat="46.478620" lon="4.837330">
						<ele>210</ele>
						<time>2026-02-16T15:20:54Z</time>
					</trkpt>
					<trkpt lat="46.478530" lon="4.837550">
						<ele>209</ele>
						<time>2026-02-16T15:20:57Z</time>
					</trkpt>
					<trkpt lat="46.478440" lon="4.837740">
						<ele>209</ele>
						<time>2026-02-16T15:21:00Z</time>
					</trkpt>
					<trkpt lat="46.478030" lon="4.838440">
						<ele>209</ele>
						<time>2026-02-16T15:21:11Z</time>
					</trkpt>
					<trkpt lat="46.477950" lon="4.838550">
						<ele>209</ele>
						<time>2026-02-16T15:21:13Z</time>
					</trkpt>
					<trkpt lat="46.477950" lon="4.838700">
						<ele>209</ele>
						<time>2026-02-16T15:21:15Z</time>
					</trkpt>
					<trkpt lat="46.477950" lon="4.838890">
						<ele>209</ele>
						<time>2026-02-16T15:21:18Z</time>
					</trkpt>
					<trkpt lat="46.477910" lon="4.838990">
						<ele>209</ele>
						<time>2026-02-16T15:21:19Z</time>
					</trkpt>
					<trkpt lat="46.477830" lon="4.839100">
						<ele>209</ele>
						<time>2026-02-16T15:21:21Z</time>
					</trkpt>
					<trkpt lat="46.477710" lon="4.839170">
						<ele>208</ele>
						<time>2026-02-16T15:21:23Z</time>
					</trkpt>
					<trkpt lat="46.477550" lon="4.839250">
						<ele>208</ele>
						<time>2026-02-16T15:21:26Z</time>
					</trkpt>
					<trkpt lat="46.476870" lon="4.839520">
						<ele>207</ele>
						<time>2026-02-16T15:21:39Z</time>
					</trkpt>
					<trkpt lat="46.476790" lon="4.839580">
						<ele>207</ele>
						<time>2026-02-16T15:21:40Z</time>
					</trkpt>
					<trkpt lat="46.476580" lon="4.839750">
						<ele>207</ele>
						<time>2026-02-16T15:21:45Z</time>
					</trkpt>
					<trkpt lat="46.476450" lon="4.839880">
						<ele>209</ele>
						<time>2026-02-16T15:21:47Z</time>
					</trkpt>
					<trkpt lat="46.476340" lon="4.840040">
						<ele>210</ele>
						<time>2026-02-16T15:21:50Z</time>
					</trkpt>
					<trkpt lat="46.476250" lon="4.840240">
						<ele>212</ele>
						<time>2026-02-16T15:21:53Z</time>
					</trkpt>
					<trkpt lat="46.476120" lon="4.840580">
						<ele>214</ele>
						<time>2026-02-16T15:21:58Z</time>
					</trkpt>
					<trkpt lat="46.476040" lon="4.840740">
						<ele>216</ele>
						<time>2026-02-16T15:22:00Z</time>
					</trkpt>
					<trkpt lat="46.476000" lon="4.841090">
						<ele>215</ele>
						<time>2026-02-16T15:22:05Z</time>
					</trkpt>
					<trkpt lat="46.476000" lon="4.841160">
						<ele>215</ele>
						<time>2026-02-16T15:22:06Z</time>
					</trkpt>
					<trkpt lat="46.475820" lon="4.841900">
						<ele>213</ele>
						<time>2026-02-16T15:22:15Z</time>
					</trkpt>
					<trkpt lat="46.475680" lon="4.842270">
						<ele>211</ele>
						<time>2026-02-16T15:22:20Z</time>
					</trkpt>
					<trkpt lat="46.475490" lon="4.842710">
						<ele>212</ele>
						<time>2026-02-16T15:22:27Z</time>
					</trkpt>
					<trkpt lat="46.475400" lon="4.842830">
						<ele>212</ele>
						<time>2026-02-16T15:22:29Z</time>
					</trkpt>
					<trkpt lat="46.475280" lon="4.843020">
						<ele>213</ele>
						<time>2026-02-16T15:22:32Z</time>
					</trkpt>
					<trkpt lat="46.475210" lon="4.843140">
						<ele>213</ele>
						<time>2026-02-16T15:22:34Z</time>
					</trkpt>
					<trkpt lat="46.475130" lon="4.843320">
						<ele>214</ele>
						<time>2026-02-16T15:22:37Z</time>
					</trkpt>
					<trkpt lat="46.475070" lon="4.843560">
						<ele>215</ele>
						<time>2026-02-16T15:22:40Z</time>
					</trkpt>
					<trkpt lat="46.475010" lon="4.843930">
						<ele>216</ele>
						<time>2026-02-16T15:22:44Z</time>
					</trkpt>
					<trkpt lat="46.474420" lon="4.848250">
						<ele>227</ele>
						<time>2026-02-16T15:23:38Z</time>
					</trkpt>
					<trkpt lat="46.474360" lon="4.848600">
						<ele>228</ele>
						<time>2026-02-16T15:23:43Z</time>
					</trkpt>
					<trkpt lat="46.474310" lon="4.848790">
						<ele>228</ele>
						<time>2026-02-16T15:23:45Z</time>
					</trkpt>
					<trkpt lat="46.474250" lon="4.848960">
						<ele>228</ele>
						<time>2026-02-16T15:23:48Z</time>
					</trkpt>
					<trkpt lat="46.474180" lon="4.849070">
						<ele>228</ele>
						<time>2026-02-16T15:23:49Z</time>
					</trkpt>
					<trkpt lat="46.474090" lon="4.849180">
						<ele>228</ele>
						<time>2026-02-16T15:23:52Z</time>
					</trkpt>
					<trkpt lat="46.474020" lon="4.849250">
						<ele>228</ele>
						<time>2026-02-16T15:23:53Z</time>
					</trkpt>
					<trkpt lat="46.473920" lon="4.849320">
						<ele>228</ele>
						<time>2026-02-16T15:23:55Z</time>
					</trkpt>
					<trkpt lat="46.473820" lon="4.849360">
						<ele>228</ele>
						<time>2026-02-16T15:23:57Z</time>
					</trkpt>
					<trkpt lat="46.473620" lon="4.849400">
						<ele>228</ele>
						<time>2026-02-16T15:24:00Z</time>
					</trkpt>
					<trkpt lat="46.471920" lon="4.849670">
						<ele>230</ele>
						<time>2026-02-16T15:24:31Z</time>
					</trkpt>
					<trkpt lat="46.470870" lon="4.849900">
						<ele>232</ele>
						<time>2026-02-16T15:24:50Z</time>
					</trkpt>
					<trkpt lat="46.470840" lon="4.849900">
						<ele>232</ele>
						<time>2026-02-16T15:24:50Z</time>
					</trkpt>
					<trkpt lat="46.470010" lon="4.850070">
						<ele>233</ele>
						<time>2026-02-16T15:25:05Z</time>
					</trkpt>
					<trkpt lat="46.469970" lon="4.850080">
						<ele>233</ele>
						<time>2026-02-16T15:25:06Z</time>
					</trkpt>
					<trkpt lat="46.469590" lon="4.850150">
						<ele>232</ele>
						<time>2026-02-16T15:25:13Z</time>
					</trkpt>
					<trkpt lat="46.469500" lon="4.850190">
						<ele>232</ele>
						<time>2026-02-16T15:25:14Z</time>
					</trkpt>
					<trkpt lat="46.469410" lon="4.850240">
						<ele>231</ele>
						<time>2026-02-16T15:25:16Z</time>
					</trkpt>
					<trkpt lat="46.469300" lon="4.850380">
						<ele>231</ele>
						<time>2026-02-16T15:25:19Z</time>
					</trkpt>
					<trkpt lat="46.469230" lon="4.850530">
						<ele>230</ele>
						<time>2026-02-16T15:25:21Z</time>
					</trkpt>
					<trkpt lat="46.469170" lon="4.850700">
						<ele>229</ele>
						<time>2026-02-16T15:25:23Z</time>
					</trkpt>
					<trkpt lat="46.469100" lon="4.851010">
						<ele>228</ele>
						<time>2026-02-16T15:25:27Z</time>
					</trkpt>
					<trkpt lat="46.469020" lon="4.851520">
						<ele>227</ele>
						<time>2026-02-16T15:25:34Z</time>
					</trkpt>
					<trkpt lat="46.469010" lon="4.851580">
						<ele>226</ele>
						<time>2026-02-16T15:25:35Z</time>
					</trkpt>
					<trkpt lat="46.468980" lon="4.851970">
						<ele>225</ele>
						<time>2026-02-16T15:25:39Z</time>
					</trkpt>
					<trkpt lat="46.468910" lon="4.852800">
						<ele>222</ele>
						<time>2026-02-16T15:25:50Z</time>
					</trkpt>
					<trkpt lat="46.468880" lon="4.853100">
						<ele>221</ele>
						<time>2026-02-16T15:25:53Z</time>
					</trkpt>
					<trkpt lat="46.468850" lon="4.853420">
						<ele>220</ele>
						<time>2026-02-16T15:25:57Z</time>
					</trkpt>
					<trkpt lat="46.468830" lon="4.853780">
						<ele>219</ele>
						<time>2026-02-16T15:26:02Z</time>
					</trkpt>
					<trkpt lat="46.469860" lon="4.854370">
						<ele>218</ele>
						<time>2026-02-16T15:26:21Z</time>
					</trkpt>
					<trkpt lat="46.469940" lon="4.854460">
						<ele>218</ele>
						<time>2026-02-16T15:26:23Z</time>
					</trkpt>
					<trkpt lat="46.469990" lon="4.854580">
						<ele>217</ele>
						<time>2026-02-16T15:26:25Z</time>
					</trkpt>
					<trkpt lat="46.470000" lon="4.854700">
						<ele>216</ele>
						<time>2026-02-16T15:26:26Z</time>
					</trkpt>
					<trkpt lat="46.469990" lon="4.854860">
						<ele>216</ele>
						<time>2026-02-16T15:26:28Z</time>
					</trkpt>
					<trkpt lat="46.469880" lon="4.855430">
						<ele>215</ele>
						<time>2026-02-16T15:26:36Z</time>
					</trkpt>
					<trkpt lat="46.469680" lon="4.856510">
						<ele>214</ele>
						<time>2026-02-16T15:26:49Z</time>
					</trkpt>
					<trkpt lat="46.469510" lon="4.857130">
						<ele>214</ele>
						<time>2026-02-16T15:26:57Z</time>
					</trkpt>
					<trkpt lat="46.469490" lon="4.857240">
						<ele>214</ele>
						<time>2026-02-16T15:26:59Z</time>
					</trkpt>
					<trkpt lat="46.469480" lon="4.857350">
						<ele>214</ele>
						<time>2026-02-16T15:27:00Z</time>
					</trkpt>
					<trkpt lat="46.469500" lon="4.857510">
						<ele>214</ele>
						<time>2026-02-16T15:27:02Z</time>
					</trkpt>
					<trkpt lat="46.469540" lon="4.857630">
						<ele>214</ele>
						<time>2026-02-16T15:27:04Z</time>
					</trkpt>
					<trkpt lat="46.469590" lon="4.857680">
						<ele>213</ele>
						<time>2026-02-16T15:27:05Z</time>
					</trkpt>
					<trkpt lat="46.469810" lon="4.857870">
						<ele>213</ele>
						<time>2026-02-16T15:27:09Z</time>
					</trkpt>
					<trkpt lat="46.470050" lon="4.858070">
						<ele>214</ele>
						<time>2026-02-16T15:27:14Z</time>
					</trkpt>
					<trkpt lat="46.470120" lon="4.858110">
						<ele>213</ele>
						<time>2026-02-16T15:27:16Z</time>
					</trkpt>
					<trkpt lat="46.470330" lon="4.858240">
						<ele>213</ele>
						<time>2026-02-16T15:27:20Z</time>
					</trkpt>
					<trkpt lat="46.470640" lon="4.858410">
						<ele>212</ele>
						<time>2026-02-16T15:27:26Z</time>
					</trkpt>
					<trkpt lat="46.471020" lon="4.858520">
						<ele>210</ele>
						<time>2026-02-16T15:27:33Z</time>
					</trkpt>
					<trkpt lat="46.471330" lon="4.858600">
						<ele>209</ele>
						<time>2026-02-16T15:27:38Z</time>
					</trkpt>
					<trkpt lat="46.472170" lon="4.858800">
						<ele>206</ele>
						<time>2026-02-16T15:27:53Z</time>
					</trkpt>
					<trkpt lat="46.472570" lon="4.858970">
						<ele>203</ele>
						<time>2026-02-16T15:28:01Z</time>
					</trkpt>
					<trkpt lat="46.472610" lon="4.859000">
						<ele>203</ele>
						<time>2026-02-16T15:28:02Z</time>
					</trkpt>
					<trkpt lat="46.473590" lon="4.859760">
						<ele>198</ele>
						<time>2026-02-16T15:28:21Z</time>
					</trkpt>
					<trkpt lat="46.473770" lon="4.859860">
						<ele>198</ele>
						<time>2026-02-16T15:28:25Z</time>
					</trkpt>
					<trkpt lat="46.474090" lon="4.859920">
						<ele>198</ele>
						<time>2026-02-16T15:28:30Z</time>
					</trkpt>
					<trkpt lat="46.474180" lon="4.859930">
						<ele>198</ele>
						<time>2026-02-16T15:28:32Z</time>
					</trkpt>
					<trkpt lat="46.474320" lon="4.859930">
						<ele>198</ele>
						<time>2026-02-16T15:28:35Z</time>
					</trkpt>
					<trkpt lat="46.474400" lon="4.859950">
						<ele>197</ele>
						<time>2026-02-16T15:28:36Z</time>
					</trkpt>
					<trkpt lat="46.474850" lon="4.860100">
						<ele>195</ele>
						<time>2026-02-16T15:28:44Z</time>
					</trkpt>
					<trkpt lat="46.474990" lon="4.860120">
						<ele>195</ele>
						<time>2026-02-16T15:28:47Z</time>
					</trkpt>
					<trkpt lat="46.475090" lon="4.860130">
						<ele>195</ele>
						<time>2026-02-16T15:28:49Z</time>
					</trkpt>
					<trkpt lat="46.475180" lon="4.860110">
						<ele>195</ele>
						<time>2026-02-16T15:28:50Z</time>
					</trkpt>
					<trkpt lat="46.475380" lon="4.860000">
						<ele>195</ele>
						<time>2026-02-16T15:28:54Z</time>
					</trkpt>
					<trkpt lat="46.475580" lon="4.859870">
						<ele>194</ele>
						<time>2026-02-16T15:28:58Z</time>
					</trkpt>
					<trkpt lat="46.475700" lon="4.859800">
						<ele>194</ele>
						<time>2026-02-16T15:29:00Z</time>
					</trkpt>
					<trkpt lat="46.475790" lon="4.859760">
						<ele>194</ele>
						<time>2026-02-16T15:29:02Z</time>
					</trkpt>
					<trkpt lat="46.475870" lon="4.859740">
						<ele>194</ele>
						<time>2026-02-16T15:29:03Z</time>
					</trkpt>
					<trkpt lat="46.475980" lon="4.859730">
						<ele>194</ele>
						<time>2026-02-16T15:29:05Z</time>
					</trkpt>
					<trkpt lat="46.476230" lon="4.859740">
						<ele>194</ele>
						<time>2026-02-16T15:29:10Z</time>
					</trkpt>
					<trkpt lat="46.476710" lon="4.859790">
						<ele>195</ele>
						<time>2026-02-16T15:29:18Z</time>
					</trkpt>
					<trkpt lat="46.477990" lon="4.859850">
						<ele>205</ele>
						<time>2026-02-16T15:29:41Z</time>
					</trkpt>
					<trkpt lat="46.478460" lon="4.859900">
						<ele>208</ele>
						<time>2026-02-16T15:29:49Z</time>
					</trkpt>
					<trkpt lat="46.478660" lon="4.859890">
						<ele>209</ele>
						<time>2026-02-16T15:29:53Z</time>
					</trkpt>
					<trkpt lat="46.478800" lon="4.859910">
						<ele>210</ele>
						<time>2026-02-16T15:29:55Z</time>
					</trkpt>
					<trkpt lat="46.478870" lon="4.859930">
						<ele>210</ele>
						<time>2026-02-16T15:29:57Z</time>
					</trkpt>
					<trkpt lat="46.479160" lon="4.860130">
						<ele>211</ele>
						<time>2026-02-16T15:30:02Z</time>
					</trkpt>
					<trkpt lat="46.480730" lon="4.861280">
						<ele>213</ele>
						<time>2026-02-16T15:30:34Z</time>
					</trkpt>
					<trkpt lat="46.481380" lon="4.861720">
						<ele>213</ele>
						<time>2026-02-16T15:30:47Z</time>
					</trkpt>
					<trkpt lat="46.482120" lon="4.862230">
						<ele>211</ele>
						<time>2026-02-16T15:31:01Z</time>
					</trkpt>
					<trkpt lat="46.482140" lon="4.862250">
						<ele>211</ele>
						<time>2026-02-16T15:31:02Z</time>
					</trkpt>
					<trkpt lat="46.482630" lon="4.862790">
						<ele>207</ele>
						<time>2026-02-16T15:31:12Z</time>
					</trkpt>
					<trkpt lat="46.482790" lon="4.862990">
						<ele>206</ele>
						<time>2026-02-16T15:31:16Z</time>
					</trkpt>
					<trkpt lat="46.482920" lon="4.863200">
						<ele>205</ele>
						<time>2026-02-16T15:31:20Z</time>
					</trkpt>
					<trkpt lat="46.483070" lon="4.863480">
						<ele>204</ele>
						<time>2026-02-16T15:31:24Z</time>
					</trkpt>
					<trkpt lat="46.483320" lon="4.864040">
						<ele>207</ele>
						<time>2026-02-16T15:31:32Z</time>
					</trkpt>
					<trkpt lat="46.483380" lon="4.864170">
						<ele>208</ele>
						<time>2026-02-16T15:31:34Z</time>
					</trkpt>
					<trkpt lat="46.483960" lon="4.864850">
						<ele>210</ele>
						<time>2026-02-16T15:31:47Z</time>
					</trkpt>
					<trkpt lat="46.484040" lon="4.864980">
						<ele>210</ele>
						<time>2026-02-16T15:31:50Z</time>
					</trkpt>
					<trkpt lat="46.484110" lon="4.865140">
						<ele>210</ele>
						<time>2026-02-16T15:31:52Z</time>
					</trkpt>
					<trkpt lat="46.484350" lon="4.865990">
						<ele>210</ele>
						<time>2026-02-16T15:32:03Z</time>
					</trkpt>
					<trkpt lat="46.484530" lon="4.866670">
						<ele>210</ele>
						<time>2026-02-16T15:32:12Z</time>
					</trkpt>
					<trkpt lat="46.484600" lon="4.866900">
						<ele>210</ele>
						<time>2026-02-16T15:32:15Z</time>
					</trkpt>
					<trkpt lat="46.484680" lon="4.867180">
						<ele>210</ele>
						<time>2026-02-16T15:32:19Z</time>
					</trkpt>
					<trkpt lat="46.484840" lon="4.867440">
						<ele>210</ele>
						<time>2026-02-16T15:32:23Z</time>
					</trkpt>
					<trkpt lat="46.485030" lon="4.867700">
						<ele>211</ele>
						<time>2026-02-16T15:32:28Z</time>
					</trkpt>
					<trkpt lat="46.485390" lon="4.868090">
						<ele>210</ele>
						<time>2026-02-16T15:32:36Z</time>
					</trkpt>
					<trkpt lat="46.485530" lon="4.868290">
						<ele>210</ele>
						<time>2026-02-16T15:32:39Z</time>
					</trkpt>
					<trkpt lat="46.485630" lon="4.868450">
						<ele>210</ele>
						<time>2026-02-16T15:32:42Z</time>
					</trkpt>
					<trkpt lat="46.485840" lon="4.868920">
						<ele>210</ele>
						<time>2026-02-16T15:32:49Z</time>
					</trkpt>
					<trkpt lat="46.486230" lon="4.869720">
						<ele>211</ele>
						<time>2026-02-16T15:33:01Z</time>
					</trkpt>
					<trkpt lat="46.486340" lon="4.869880">
						<ele>211</ele>
						<time>2026-02-16T15:33:04Z</time>
					</trkpt>
					<trkpt lat="46.486360" lon="4.869910">
						<ele>211</ele>
						<time>2026-02-16T15:33:04Z</time>
					</trkpt>
					<trkpt lat="46.487790" lon="4.871260">
						<ele>210</ele>
						<time>2026-02-16T15:33:34Z</time>
					</trkpt>
					<trkpt lat="46.488140" lon="4.871610">
						<ele>209</ele>
						<time>2026-02-16T15:33:42Z</time>
					</trkpt>
					<trkpt lat="46.488470" lon="4.872000">
						<ele>209</ele>
						<time>2026-02-16T15:33:50Z</time>
					</trkpt>
					<trkpt lat="46.488700" lon="4.872200">
						<ele>209</ele>
						<time>2026-02-16T15:33:54Z</time>
					</trkpt>
					<trkpt lat="46.489060" lon="4.872480">
						<ele>209</ele>
						<time>2026-02-16T15:34:02Z</time>
					</trkpt>
					<trkpt lat="46.489970" lon="4.873180">
						<ele>209</ele>
						<time>2026-02-16T15:34:20Z</time>
					</trkpt>
					<trkpt lat="46.490190" lon="4.873310">
						<ele>210</ele>
						<time>2026-02-16T15:34:24Z</time>
					</trkpt>
					<trkpt lat="46.490940" lon="4.873550">
						<ele>211</ele>
						<time>2026-02-16T15:34:38Z</time>
					</trkpt>
					<trkpt lat="46.491280" lon="4.873720">
						<ele>210</ele>
						<time>2026-02-16T15:34:44Z</time>
					</trkpt>
					<trkpt lat="46.491390" lon="4.873800">
						<ele>210</ele>
						<time>2026-02-16T15:34:46Z</time>
					</trkpt>
					<trkpt lat="46.491920" lon="4.874160">
						<ele>209</ele>
						<time>2026-02-16T15:34:57Z</time>
					</trkpt>
					<trkpt lat="46.492280" lon="4.874410">
						<ele>208</ele>
						<time>2026-02-16T15:35:04Z</time>
					</trkpt>
					<trkpt lat="46.492490" lon="4.874530">
						<ele>208</ele>
						<time>2026-02-16T15:35:08Z</time>
					</trkpt>
					<trkpt lat="46.492730" lon="4.874640">
						<ele>208</ele>
						<time>2026-02-16T15:35:12Z</time>
					</trkpt>
					<trkpt lat="46.492910" lon="4.874760">
						<ele>208</ele>
						<time>2026-02-16T15:35:16Z</time>
					</trkpt>
					<trkpt lat="46.493530" lon="4.875250">
						<ele>210</ele>
						<time>2026-02-16T15:35:28Z</time>
					</trkpt>
					<trkpt lat="46.493890" lon="4.875590">
						<ele>211</ele>
						<time>2026-02-16T15:35:36Z</time>
					</trkpt>
					<trkpt lat="46.494220" lon="4.875870">
						<ele>212</ele>
						<time>2026-02-16T15:35:43Z</time>
					</trkpt>
					<trkpt lat="46.494360" lon="4.876020">
						<ele>212</ele>
						<time>2026-02-16T15:35:46Z</time>
					</trkpt>
					<trkpt lat="46.494620" lon="4.876310">
						<ele>212</ele>
						<time>2026-02-16T15:35:52Z</time>
					</trkpt>
					<trkpt lat="46.495020" lon="4.876840">
						<ele>212</ele>
						<time>2026-02-16T15:36:01Z</time>
					</trkpt>
					<trkpt lat="46.495160" lon="4.876980">
						<ele>211</ele>
						<time>2026-02-16T15:36:04Z</time>
					</trkpt>
					<trkpt lat="46.495350" lon="4.877130">
						<ele>210</ele>
						<time>2026-02-16T15:36:08Z</time>
					</trkpt>
					<trkpt lat="46.495580" lon="4.877260">
						<ele>208</ele>
						<time>2026-02-16T15:36:13Z</time>
					</trkpt>
					<trkpt lat="46.495760" lon="4.877330">
						<ele>208</ele>
						<time>2026-02-16T15:36:16Z</time>
					</trkpt>
					<trkpt lat="46.495950" lon="4.877350">
						<ele>207</ele>
						<time>2026-02-16T15:36:19Z</time>
					</trkpt>
					<trkpt lat="46.496100" lon="4.877360">
						<ele>207</ele>
						<time>2026-02-16T15:36:22Z</time>
					</trkpt>
					<trkpt lat="46.496230" lon="4.877380">
						<ele>207</ele>
						<time>2026-02-16T15:36:24Z</time>
					</trkpt>
					<trkpt lat="46.496370" lon="4.877440">
						<ele>207</ele>
						<time>2026-02-16T15:36:27Z</time>
					</trkpt>
					<trkpt lat="46.496510" lon="4.877540">
						<ele>207</ele>
						<time>2026-02-16T15:36:30Z</time>
					</trkpt>
					<trkpt lat="46.496650" lon="4.877670">
						<ele>207</ele>
						<time>2026-02-16T15:36:33Z</time>
					</trkpt>
					<trkpt lat="46.497130" lon="4.878150">
						<ele>211</ele>
						<time>2026-02-16T15:36:43Z</time>
					</trkpt>
					<trkpt lat="46.497270" lon="4.878300">
						<ele>212</ele>
						<time>2026-02-16T15:36:46Z</time>
					</trkpt>
					<trkpt lat="46.497690" lon="4.878670">
						<ele>215</ele>
						<time>2026-02-16T15:36:55Z</time>
					</trkpt>
					<trkpt lat="46.498070" lon="4.879000">
						<ele>217</ele>
						<time>2026-02-16T15:37:03Z</time>
					</trkpt>
					<trkpt lat="46.498920" lon="4.879460">
						<ele>220</ele>
						<time>2026-02-16T15:37:19Z</time>
					</trkpt>
					<trkpt lat="46.499850" lon="4.879980">
						<ele>221</ele>
						<time>2026-02-16T15:37:37Z</time>
					</trkpt>
					<trkpt lat="46.499910" lon="4.880010">
						<ele>222</ele>
						<time>2026-02-16T15:37:38Z</time>
					</trkpt>
					<trkpt lat="46.499960" lon="4.880070">
						<ele>222</ele>
						<time>2026-02-16T15:37:39Z</time>
					</trkpt>
					<trkpt lat="46.500130" lon="4.880210">
						<ele>221</ele>
						<time>2026-02-16T15:37:42Z</time>
					</trkpt>
					<trkpt lat="46.500600" lon="4.880730">
						<ele>219</ele>
						<time>2026-02-16T15:37:53Z</time>
					</trkpt>
					<trkpt lat="46.500630" lon="4.880770">
						<ele>219</ele>
						<time>2026-02-16T15:37:54Z</time>
					</trkpt>
					<trkpt lat="46.500830" lon="4.880970">
						<ele>219</ele>
						<time>2026-02-16T15:37:58Z</time>
					</trkpt>
					<trkpt lat="46.501070" lon="4.881220">
						<ele>219</ele>
						<time>2026-02-16T15:38:03Z</time>
					</trkpt>
					<trkpt lat="46.501230" lon="4.881430">
						<ele>220</ele>
						<time>2026-02-16T15:38:07Z</time>
					</trkpt>
					<trkpt lat="46.501280" lon="4.881510">
						<ele>220</ele>
						<time>2026-02-16T15:38:08Z</time>
					</trkpt>
					<trkpt lat="46.501380" lon="4.881660">
						<ele>221</ele>
						<time>2026-02-16T15:38:11Z</time>
					</trkpt>
					<trkpt lat="46.501690" lon="4.882200">
						<ele>221</ele>
						<time>2026-02-16T15:38:20Z</time>
					</trkpt>
					<trkpt lat="46.501840" lon="4.882430">
						<ele>222</ele>
						<time>2026-02-16T15:38:23Z</time>
					</trkpt>
					<trkpt lat="46.502010" lon="4.882700">
						<ele>223</ele>
						<time>2026-02-16T15:38:28Z</time>
					</trkpt>
					<trkpt lat="46.502150" lon="4.882900">
						<ele>224</ele>
						<time>2026-02-16T15:38:31Z</time>
					</trkpt>
					<trkpt lat="46.502380" lon="4.883230">
						<ele>225</ele>
						<time>2026-02-16T15:38:37Z</time>
					</trkpt>
					<trkpt lat="46.502590" lon="4.882160">
						<ele>226</ele>
						<time>2026-02-16T15:38:51Z</time>
					</trkpt>
					<trkpt lat="46.502600" lon="4.882090">
						<ele>226</ele>
						<time>2026-02-16T15:38:52Z</time>
					</trkpt>
					<trkpt lat="46.502620" lon="4.882000">
						<ele>226</ele>
						<time>2026-02-16T15:38:53Z</time>
					</trkpt>
					<trkpt lat="46.502810" lon="4.881010">
						<ele>227</ele>
						<time>2026-02-16T15:39:05Z</time>
					</trkpt>
					<trkpt lat="46.502820" lon="4.880970">
						<ele>227</ele>
						<time>2026-02-16T15:39:06Z</time>
					</trkpt>
					<trkpt lat="46.503060" lon="4.879740">
						<ele>230</ele>
						<time>2026-02-16T15:39:22Z</time>
					</trkpt>
					<trkpt lat="46.503090" lon="4.879470">
						<ele>230</ele>
						<time>2026-02-16T15:39:25Z</time>
					</trkpt>
					<trkpt lat="46.503090" lon="4.879310">
						<ele>230</ele>
						<time>2026-02-16T15:39:27Z</time>
					</trkpt>
					<trkpt lat="46.503070" lon="4.879050">
						<ele>230</ele>
						<time>2026-02-16T15:39:30Z</time>
					</trkpt>
					<trkpt lat="46.502980" lon="4.878570">
						<ele>229</ele>
						<time>2026-02-16T15:39:36Z</time>
					</trkpt>
					<trkpt lat="46.502430" lon="4.876260">
						<ele>227</ele>
						<time>2026-02-16T15:40:06Z</time>
					</trkpt>
					<trkpt lat="46.502030" lon="4.874540">
						<ele>227</ele>
						<time>2026-02-16T15:40:28Z</time>
					</trkpt>
					<trkpt lat="46.501650" lon="4.872870">
						<ele>227</ele>
						<time>2026-02-16T15:40:50Z</time>
					</trkpt>
					<trkpt lat="46.501620" lon="4.872670">
						<ele>227</ele>
						<time>2026-02-16T15:40:52Z</time>
					</trkpt>
					<trkpt lat="46.501640" lon="4.872400">
						<ele>227</ele>
						<time>2026-02-16T15:40:56Z</time>
					</trkpt>
					<trkpt lat="46.501670" lon="4.872270">
						<ele>227</ele>
						<time>2026-02-16T15:40:57Z</time>
					</trkpt>
					<trkpt lat="46.501720" lon="4.872090">
						<ele>226</ele>
						<time>2026-02-16T15:41:00Z</time>
					</trkpt>
					<trkpt lat="46.501790" lon="4.871960">
						<ele>226</ele>
						<time>2026-02-16T15:41:02Z</time>
					</trkpt>
					<trkpt lat="46.501860" lon="4.871850">
						<ele>226</ele>
						<time>2026-02-16T15:41:04Z</time>
					</trkpt>
					<trkpt lat="46.501990" lon="4.871730">
						<ele>227</ele>
						<time>2026-02-16T15:41:06Z</time>
					</trkpt>
					<trkpt lat="46.502660" lon="4.871220">
						<ele>227</ele>
						<time>2026-02-16T15:41:20Z</time>
					</trkpt>
					<trkpt lat="46.502840" lon="4.871060">
						<ele>227</ele>
						<time>2026-02-16T15:41:24Z</time>
					</trkpt>
					<trkpt lat="46.502950" lon="4.870920">
						<ele>226</ele>
						<time>2026-02-16T15:41:26Z</time>
					</trkpt>
					<trkpt lat="46.503060" lon="4.870710">
						<ele>226</ele>
						<time>2026-02-16T15:41:29Z</time>
					</trkpt>
					<trkpt lat="46.503090" lon="4.870660">
						<ele>226</ele>
						<time>2026-02-16T15:41:30Z</time>
					</trkpt>
					<trkpt lat="46.503130" lon="4.870600">
						<ele>226</ele>
						<time>2026-02-16T15:41:31Z</time>
					</trkpt>
					<trkpt lat="46.503200" lon="4.870460">
						<ele>226</ele>
						<time>2026-02-16T15:41:33Z</time>
					</trkpt>
					<trkpt lat="46.504180" lon="4.869220">
						<ele>227</ele>
						<time>2026-02-16T15:41:57Z</time>
					</trkpt>
					<trkpt lat="46.504320" lon="4.869050">
						<ele>226</ele>
						<time>2026-02-16T15:42:00Z</time>
					</trkpt>
					<trkpt lat="46.504470" lon="4.868930">
						<ele>226</ele>
						<time>2026-02-16T15:42:03Z</time>
					</trkpt>
					<trkpt lat="46.504750" lon="4.868720">
						<ele>226</ele>
						<time>2026-02-16T15:42:08Z</time>
					</trkpt>
					<trkpt lat="46.504860" lon="4.868610">
						<ele>225</ele>
						<time>2026-02-16T15:42:11Z</time>
					</trkpt>
					<trkpt lat="46.505000" lon="4.868420">
						<ele>225</ele>
						<time>2026-02-16T15:42:14Z</time>
					</trkpt>
					<trkpt lat="46.505490" lon="4.867720">
						<ele>224</ele>
						<time>2026-02-16T15:42:26Z</time>
					</trkpt>
					<trkpt lat="46.505690" lon="4.867440">
						<ele>224</ele>
						<time>2026-02-16T15:42:31Z</time>
					</trkpt>
					<trkpt lat="46.505910" lon="4.867190">
						<ele>224</ele>
						<time>2026-02-16T15:42:36Z</time>
					</trkpt>
					<trkpt lat="46.506580" lon="4.866510">
						<ele>225</ele>
						<time>2026-02-16T15:42:51Z</time>
					</trkpt>
					<trkpt lat="46.506740" lon="4.866310">
						<ele>226</ele>
						<time>2026-02-16T15:42:55Z</time>
					</trkpt>
					<trkpt lat="46.506850" lon="4.866140">
						<ele>226</ele>
						<time>2026-02-16T15:42:58Z</time>
					</trkpt>
					<trkpt lat="46.507340" lon="4.865320">
						<ele>228</ele>
						<time>2026-02-16T15:43:11Z</time>
					</trkpt>
					<trkpt lat="46.507850" lon="4.864420">
						<ele>228</ele>
						<time>2026-02-16T15:43:25Z</time>
					</trkpt>
					<trkpt lat="46.508210" lon="4.863790">
						<ele>228</ele>
						<time>2026-02-16T15:43:35Z</time>
					</trkpt>
					<trkpt lat="46.508270" lon="4.863690">
						<ele>228</ele>
						<time>2026-02-16T15:43:37Z</time>
					</trkpt>
					<trkpt lat="46.508340" lon="4.863600">
						<ele>228</ele>
						<time>2026-02-16T15:43:38Z</time>
					</trkpt>
					<trkpt lat="46.508660" lon="4.863260">
						<ele>229</ele>
						<time>2026-02-16T15:43:45Z</time>
					</trkpt>
					<trkpt lat="46.509220" lon="4.862680">
						<ele>232</ele>
						<time>2026-02-16T15:43:58Z</time>
					</trkpt>
					<trkpt lat="46.509320" lon="4.862580">
						<ele>233</ele>
						<time>2026-02-16T15:44:00Z</time>
					</trkpt>
					<trkpt lat="46.509430" lon="4.862540">
						<ele>233</ele>
						<time>2026-02-16T15:44:02Z</time>
					</trkpt>
					<trkpt lat="46.509540" lon="4.862500">
						<ele>233</ele>
						<time>2026-02-16T15:44:04Z</time>
					</trkpt>
					<trkpt lat="46.509550" lon="4.862490">
						<ele>233</ele>
						<time>2026-02-16T15:44:04Z</time>
					</trkpt>
					<trkpt lat="46.509830" lon="4.862450">
						<ele>234</ele>
						<time>2026-02-16T15:44:09Z</time>
					</trkpt>
					<trkpt lat="46.509910" lon="4.862210">
						<ele>235</ele>
						<time>2026-02-16T15:44:12Z</time>
					</trkpt>
					<trkpt lat="46.509940" lon="4.862080">
						<ele>235</ele>
						<time>2026-02-16T15:44:14Z</time>
					</trkpt>
					<trkpt lat="46.510030" lon="4.861770">
						<ele>236</ele>
						<time>2026-02-16T15:44:18Z</time>
					</trkpt>
					<trkpt lat="46.510050" lon="4.861630">
						<ele>237</ele>
						<time>2026-02-16T15:44:20Z</time>
					</trkpt>
					<trkpt lat="46.510050" lon="4.861550">
						<ele>237</ele>
						<time>2026-02-16T15:44:21Z</time>
					</trkpt>
					<trkpt lat="46.510050" lon="4.861490">
						<ele>237</ele>
						<time>2026-02-16T15:44:22Z</time>
					</trkpt>
					<trkpt lat="46.510040" lon="4.861460">
						<ele>237</ele>
						<time>2026-02-16T15:44:22Z</time>
					</trkpt>
					<trkpt lat="46.510020" lon="4.861380">
						<ele>238</ele>
						<time>2026-02-16T15:44:23Z</time>
					</trkpt>
					<trkpt lat="46.509910" lon="4.861080">
						<ele>239</ele>
						<time>2026-02-16T15:44:27Z</time>
					</trkpt>
					<trkpt lat="46.509890" lon="4.861030">
						<ele>239</ele>
						<time>2026-02-16T15:44:28Z</time>
					</trkpt>
					<trkpt lat="46.509880" lon="4.860900">
						<ele>240</ele>
						<time>2026-02-16T15:44:30Z</time>
					</trkpt>
					<trkpt lat="46.509920" lon="4.860110">
						<ele>243</ele>
						<time>2026-02-16T15:44:39Z</time>
					</trkpt>
					<trkpt lat="46.509920" lon="4.860100">
						<ele>243</ele>
						<time>2026-02-16T15:44:39Z</time>
					</trkpt>
					<trkpt lat="46.509950" lon="4.859120">
						<ele>246</ele>
						<time>2026-02-16T15:44:51Z</time>
					</trkpt>
					<trkpt lat="46.509990" lon="4.858200">
						<ele>245</ele>
						<time>2026-02-16T15:45:03Z</time>
					</trkpt>
					<trkpt lat="46.510000" lon="4.857600">
						<ele>244</ele>
						<time>2026-02-16T15:45:10Z</time>
					</trkpt>
					<trkpt lat="46.510020" lon="4.857010">
						<ele>247</ele>
						<time>2026-02-16T15:45:17Z</time>
					</trkpt>
					<trkpt lat="46.510020" lon="4.856750">
						<ele>249</ele>
						<time>2026-02-16T15:45:20Z</time>
					</trkpt>
					<trkpt lat="46.510000" lon="4.856470">
						<ele>251</ele>
						<time>2026-02-16T15:45:24Z</time>
					</trkpt>
					<trkpt lat="46.509950" lon="4.856260">
						<ele>253</ele>
						<time>2026-02-16T15:45:27Z</time>
					</trkpt>
					<trkpt lat="46.509850" lon="4.856030">
						<ele>256</ele>
						<time>2026-02-16T15:45:30Z</time>
					</trkpt>
					<trkpt lat="46.509660" lon="4.855690">
						<ele>259</ele>
						<time>2026-02-16T15:45:35Z</time>
					</trkpt>
					<trkpt lat="46.509410" lon="4.855170">
						<ele>264</ele>
						<time>2026-02-16T15:45:43Z</time>
					</trkpt>
					<trkpt lat="46.509180" lon="4.854720">
						<ele>266</ele>
						<time>2026-02-16T15:45:50Z</time>
					</trkpt>
					<trkpt lat="46.508930" lon="4.854200">
						<ele>269</ele>
						<time>2026-02-16T15:45:58Z</time>
					</trkpt>
					<trkpt lat="46.508800" lon="4.853960">
						<ele>268</ele>
						<time>2026-02-16T15:46:01Z</time>
					</trkpt>
					<trkpt lat="46.508810" lon="4.853960">
						<ele>268</ele>
						<time>2026-02-16T15:46:02Z</time>
					</trkpt>
					<trkpt lat="46.508980" lon="4.853740">
						<ele>267</ele>
						<time>2026-02-16T15:46:06Z</time>
					</trkpt>
					<trkpt lat="46.509030" lon="4.853690">
						<ele>267</ele>
						<time>2026-02-16T15:46:07Z</time>
					</trkpt>
					<trkpt lat="46.509150" lon="4.853580">
						<ele>267</ele>
						<time>2026-02-16T15:46:09Z</time>
					</trkpt>
					<trkpt lat="46.509170" lon="4.853560">
						<ele>267</ele>
						<time>2026-02-16T15:46:10Z</time>
					</trkpt>
					<trkpt lat="46.509380" lon="4.853320">
						<ele>267</ele>
						<time>2026-02-16T15:46:14Z</time>
					</trkpt>
					<trkpt lat="46.509550" lon="4.853110">
						<ele>267</ele>
						<time>2026-02-16T15:46:18Z</time>
					</trkpt>
					<trkpt lat="46.510120" lon="4.852400">
						<ele>265</ele>
						<time>2026-02-16T15:46:32Z</time>
					</trkpt>
					<trkpt lat="46.510370" lon="4.852130">
						<ele>264</ele>
						<time>2026-02-16T15:46:37Z</time>
					</trkpt>
					<trkpt lat="46.510620" lon="4.851890">
						<ele>262</ele>
						<time>2026-02-16T15:46:43Z</time>
					</trkpt>
					<trkpt lat="46.510760" lon="4.851790">
						<ele>262</ele>
						<time>2026-02-16T15:46:45Z</time>
					</trkpt>
					<trkpt lat="46.510910" lon="4.851690">
						<ele>261</ele>
						<time>2026-02-16T15:46:48Z</time>
					</trkpt>
					<trkpt lat="46.511390" lon="4.851410">
						<ele>260</ele>
						<time>2026-02-16T15:46:58Z</time>
					</trkpt>
					<trkpt lat="46.512310" lon="4.850940">
						<ele>259</ele>
						<time>2026-02-16T15:47:15Z</time>
					</trkpt>
					<trkpt lat="46.512600" lon="4.850780">
						<ele>258</ele>
						<time>2026-02-16T15:47:20Z</time>
					</trkpt>
					<trkpt lat="46.513020" lon="4.850480">
						<ele>258</ele>
						<time>2026-02-16T15:47:29Z</time>
					</trkpt>
					<trkpt lat="46.513560" lon="4.850100">
						<ele>257</ele>
						<time>2026-02-16T15:47:39Z</time>
					</trkpt>
					<trkpt lat="46.513780" lon="4.850000">
						<ele>257</ele>
						<time>2026-02-16T15:47:44Z</time>
					</trkpt>
					<trkpt lat="46.514320" lon="4.849830">
						<ele>256</ele>
						<time>2026-02-16T15:47:53Z</time>
					</trkpt>
					<trkpt lat="46.514490" lon="4.849800">
						<ele>256</ele>
						<time>2026-02-16T15:47:56Z</time>
					</trkpt>
					<trkpt lat="46.514580" lon="4.849790">
						<ele>256</ele>
						<time>2026-02-16T15:47:58Z</time>
					</trkpt>
					<trkpt lat="46.514700" lon="4.849790">
						<ele>256</ele>
						<time>2026-02-16T15:48:00Z</time>
					</trkpt>
					<trkpt lat="46.515250" lon="4.849830">
						<ele>257</ele>
						<time>2026-02-16T15:48:10Z</time>
					</trkpt>
					<trkpt lat="46.515460" lon="4.849800">
						<ele>258</ele>
						<time>2026-02-16T15:48:14Z</time>
					</trkpt>
					<trkpt lat="46.515560" lon="4.849770">
						<ele>258</ele>
						<time>2026-02-16T15:48:16Z</time>
					</trkpt>
					<trkpt lat="46.515710" lon="4.849690">
						<ele>259</ele>
						<time>2026-02-16T15:48:18Z</time>
					</trkpt>
					<trkpt lat="46.515900" lon="4.849540">
						<ele>258</ele>
						<time>2026-02-16T15:48:22Z</time>
					</trkpt>
					<trkpt lat="46.516890" lon="4.848680">
						<ele>257</ele>
						<time>2026-02-16T15:48:43Z</time>
					</trkpt>
					<trkpt lat="46.517710" lon="4.847960">
						<ele>259</ele>
						<time>2026-02-16T15:49:00Z</time>
					</trkpt>
					<trkpt lat="46.518740" lon="4.847090">
						<ele>261</ele>
						<time>2026-02-16T15:49:21Z</time>
					</trkpt>
					<trkpt lat="46.519190" lon="4.846750">
						<ele>262</ele>
						<time>2026-02-16T15:49:30Z</time>
					</trkpt>
					<trkpt lat="46.519890" lon="4.846220">
						<ele>263</ele>
						<time>2026-02-16T15:49:44Z</time>
					</trkpt>
					<trkpt lat="46.520190" lon="4.846040">
						<ele>265</ele>
						<time>2026-02-16T15:49:50Z</time>
					</trkpt>
					<trkpt lat="46.520520" lon="4.845880">
						<ele>266</ele>
						<time>2026-02-16T15:49:56Z</time>
					</trkpt>
					<trkpt lat="46.520910" lon="4.845710">
						<ele>269</ele>
						<time>2026-02-16T15:50:03Z</time>
					</trkpt>
					<trkpt lat="46.521100" lon="4.845590">
						<ele>270</ele>
						<time>2026-02-16T15:50:07Z</time>
					</trkpt>
					<trkpt lat="46.521600" lon="4.845190">
						<ele>275</ele>
						<time>2026-02-16T15:50:17Z</time>
					</trkpt>
					<trkpt lat="46.521790" lon="4.845030">
						<ele>276</ele>
						<time>2026-02-16T15:50:21Z</time>
					</trkpt>
					<trkpt lat="46.522620" lon="4.844390">
						<ele>281</ele>
						<time>2026-02-16T15:50:38Z</time>
					</trkpt>
					<trkpt lat="46.522850" lon="4.844180">
						<ele>283</ele>
						<time>2026-02-16T15:50:43Z</time>
					</trkpt>
					<trkpt lat="46.522890" lon="4.844140">
						<ele>283</ele>
						<time>2026-02-16T15:50:43Z</time>
					</trkpt>
					<trkpt lat="46.523050" lon="4.844000">
						<ele>284</ele>
						<time>2026-02-16T15:50:47Z</time>
					</trkpt>
					<trkpt lat="46.523180" lon="4.843940">
						<ele>285</ele>
						<time>2026-02-16T15:50:49Z</time>
					</trkpt>
					<trkpt lat="46.523370" lon="4.843910">
						<ele>285</ele>
						<time>2026-02-16T15:50:53Z</time>
					</trkpt>
					<trkpt lat="46.524050" lon="4.843910">
						<ele>288</ele>
						<time>2026-02-16T15:51:05Z</time>
					</trkpt>
					<trkpt lat="46.524350" lon="4.843880">
						<ele>289</ele>
						<time>2026-02-16T15:51:10Z</time>
					</trkpt>
					<trkpt lat="46.524480" lon="4.843850">
						<ele>290</ele>
						<time>2026-02-16T15:51:12Z</time>
					</trkpt>
					<trkpt lat="46.524630" lon="4.843770">
						<ele>291</ele>
						<time>2026-02-16T15:51:15Z</time>
					</trkpt>
					<trkpt lat="46.524750" lon="4.843630">
						<ele>292</ele>
						<time>2026-02-16T15:51:18Z</time>
					</trkpt>
					<trkpt lat="46.524850" lon="4.843470">
						<ele>294</ele>
						<time>2026-02-16T15:51:21Z</time>
					</trkpt>
					<trkpt lat="46.524970" lon="4.843200">
						<ele>294</ele>
						<time>2026-02-16T15:51:25Z</time>
					</trkpt>
					<trkpt lat="46.525030" lon="4.843000">
						<ele>292</ele>
						<time>2026-02-16T15:51:27Z</time>
					</trkpt>
					<trkpt lat="46.525020" lon="4.842880">
						<ele>292</ele>
						<time>2026-02-16T15:51:29Z</time>
					</trkpt>
					<trkpt lat="46.525000" lon="4.842810">
						<ele>291</ele>
						<time>2026-02-16T15:51:30Z</time>
					</trkpt>
					<trkpt lat="46.524960" lon="4.842730">
						<ele>291</ele>
						<time>2026-02-16T15:51:31Z</time>
					</trkpt>
					<trkpt lat="46.524630" lon="4.842340">
						<ele>290</ele>
						<time>2026-02-16T15:51:38Z</time>
					</trkpt>
					<trkpt lat="46.524440" lon="4.842080">
						<ele>290</ele>
						<time>2026-02-16T15:51:43Z</time>
					</trkpt>
					<trkpt lat="46.524150" lon="4.841530">
						<ele>289</ele>
						<time>2026-02-16T15:51:52Z</time>
					</trkpt>
					<trkpt lat="46.523950" lon="4.840990">
						<ele>286</ele>
						<time>2026-02-16T15:51:59Z</time>
					</trkpt>
					<trkpt lat="46.523650" lon="4.840060">
						<ele>282</ele>
						<time>2026-02-16T15:52:12Z</time>
					</trkpt>
					<trkpt lat="46.523570" lon="4.839820">
						<ele>282</ele>
						<time>2026-02-16T15:52:15Z</time>
					</trkpt>
					<trkpt lat="46.523490" lon="4.839570">
						<ele>281</ele>
						<time>2026-02-16T15:52:18Z</time>
					</trkpt>
					<trkpt lat="46.523450" lon="4.839370">
						<ele>280</ele>
						<time>2026-02-16T15:52:21Z</time>
					</trkpt>
					<trkpt lat="46.523450" lon="4.839160">
						<ele>278</ele>
						<time>2026-02-16T15:52:23Z</time>
					</trkpt>
					<trkpt lat="46.523450" lon="4.839070">
						<ele>278</ele>
						<time>2026-02-16T15:52:24Z</time>
					</trkpt>
					<trkpt lat="46.523480" lon="4.838890">
						<ele>278</ele>
						<time>2026-02-16T15:52:27Z</time>
					</trkpt>
					<trkpt lat="46.523510" lon="4.838770">
						<ele>277</ele>
						<time>2026-02-16T15:52:28Z</time>
					</trkpt>
					<trkpt lat="46.523560" lon="4.838650">
						<ele>277</ele>
						<time>2026-02-16T15:52:30Z</time>
					</trkpt>
					<trkpt lat="46.523460" lon="4.838610">
						<ele>277</ele>
						<time>2026-02-16T15:52:32Z</time>
					</trkpt>
					<trkpt lat="46.523400" lon="4.838570">
						<ele>277</ele>
						<time>2026-02-16T15:52:33Z</time>
					</trkpt>
					<trkpt lat="46.523180" lon="4.838420">
						<ele>277</ele>
						<time>2026-02-16T15:52:37Z</time>
					</trkpt>
					<trkpt lat="46.522970" lon="4.838270">
						<ele>279</ele>
						<time>2026-02-16T15:52:42Z</time>
					</trkpt>
					<trkpt lat="46.522490" lon="4.837880">
						<ele>280</ele>
						<time>2026-02-16T15:52:51Z</time>
					</trkpt>
					<trkpt lat="46.521710" lon="4.837240">
						<ele>284</ele>
						<time>2026-02-16T15:53:07Z</time>
					</trkpt>
					<trkpt lat="46.521460" lon="4.837100">
						<ele>286</ele>
						<time>2026-02-16T15:53:12Z</time>
					</trkpt>
					<trkpt lat="46.521120" lon="4.836890">
						<ele>288</ele>
						<time>2026-02-16T15:53:19Z</time>
					</trkpt>
					<trkpt lat="46.520380" lon="4.836510">
						<ele>291</ele>
						<time>2026-02-16T15:53:33Z</time>
					</trkpt>
					<trkpt lat="46.519850" lon="4.836140">
						<ele>293</ele>
						<time>2026-02-16T15:53:43Z</time>
					</trkpt>
					<trkpt lat="46.519660" lon="4.836020">
						<ele>294</ele>
						<time>2026-02-16T15:53:47Z</time>
					</trkpt>
					<trkpt lat="46.519510" lon="4.835940">
						<ele>294</ele>
						<time>2026-02-16T15:53:50Z</time>
					</trkpt>
					<trkpt lat="46.517650" lon="4.835020">
						<ele>303</ele>
						<time>2026-02-16T15:54:25Z</time>
					</trkpt>
					<trkpt lat="46.517440" lon="4.834870">
						<ele>306</ele>
						<time>2026-02-16T15:54:29Z</time>
					</trkpt>
					<trkpt lat="46.517180" lon="4.834640">
						<ele>310</ele>
						<time>2026-02-16T15:54:34Z</time>
					</trkpt>
					<trkpt lat="46.517100" lon="4.834560">
						<ele>311</ele>
						<time>2026-02-16T15:54:36Z</time>
					</trkpt>
					<trkpt lat="46.517040" lon="4.834450">
						<ele>312</ele>
						<time>2026-02-16T15:54:38Z</time>
					</trkpt>
					<trkpt lat="46.517000" lon="4.834270">
						<ele>312</ele>
						<time>2026-02-16T15:54:40Z</time>
					</trkpt>
					<trkpt lat="46.516980" lon="4.834150">
						<ele>313</ele>
						<time>2026-02-16T15:54:41Z</time>
					</trkpt>
					<trkpt lat="46.516940" lon="4.833700">
						<ele>316</ele>
						<time>2026-02-16T15:54:47Z</time>
					</trkpt>
					<trkpt lat="46.516920" lon="4.833600">
						<ele>317</ele>
						<time>2026-02-16T15:54:48Z</time>
					</trkpt>
					<trkpt lat="46.516870" lon="4.833510">
						<ele>317</ele>
						<time>2026-02-16T15:54:50Z</time>
					</trkpt>
					<trkpt lat="46.516800" lon="4.833410">
						<ele>318</ele>
						<time>2026-02-16T15:54:51Z</time>
					</trkpt>
					<trkpt lat="46.516690" lon="4.833340">
						<ele>318</ele>
						<time>2026-02-16T15:54:54Z</time>
					</trkpt>
					<trkpt lat="46.516330" lon="4.833160">
						<ele>319</ele>
						<time>2026-02-16T15:55:00Z</time>
					</trkpt>
					<trkpt lat="46.516200" lon="4.833100">
						<ele>319</ele>
						<time>2026-02-16T15:55:03Z</time>
					</trkpt>
					<trkpt lat="46.515910" lon="4.833020">
						<ele>318</ele>
						<time>2026-02-16T15:55:08Z</time>
					</trkpt>
					<trkpt lat="46.515490" lon="4.832900">
						<ele>316</ele>
						<time>2026-02-16T15:55:16Z</time>
					</trkpt>
					<trkpt lat="46.513440" lon="4.832340">
						<ele>303</ele>
						<time>2026-02-16T15:55:53Z</time>
					</trkpt>
					<trkpt lat="46.512870" lon="4.832180">
						<ele>299</ele>
						<time>2026-02-16T15:56:03Z</time>
					</trkpt>
					<trkpt lat="46.511570" lon="4.831830">
						<ele>291</ele>
						<time>2026-02-16T15:56:27Z</time>
					</trkpt>
					<trkpt lat="46.511310" lon="4.831720">
						<ele>289</ele>
						<time>2026-02-16T15:56:31Z</time>
					</trkpt>
					<trkpt lat="46.510880" lon="4.831490">
						<ele>286</ele>
						<time>2026-02-16T15:56:40Z</time>
					</trkpt>
					<trkpt lat="46.510650" lon="4.831400">
						<ele>285</ele>
						<time>2026-02-16T15:56:44Z</time>
					</trkpt>
					<trkpt lat="46.510300" lon="4.831310">
						<ele>283</ele>
						<time>2026-02-16T15:56:50Z</time>
					</trkpt>
					<trkpt lat="46.509910" lon="4.831230">
						<ele>281</ele>
						<time>2026-02-16T15:56:57Z</time>
					</trkpt>
					<trkpt lat="46.509490" lon="4.831190">
						<ele>280</ele>
						<time>2026-02-16T15:57:05Z</time>
					</trkpt>
					<trkpt lat="46.509150" lon="4.831130">
						<ele>278</ele>
						<time>2026-02-16T15:57:11Z</time>
					</trkpt>
					<trkpt lat="46.508410" lon="4.830940">
						<ele>275</ele>
						<time>2026-02-16T15:57:24Z</time>
					</trkpt>
					<trkpt lat="46.508030" lon="4.830830">
						<ele>273</ele>
						<time>2026-02-16T15:57:31Z</time>
					</trkpt>
					<trkpt lat="46.507750" lon="4.830770">
						<ele>273</ele>
						<time>2026-02-16T15:57:36Z</time>
					</trkpt>
					<trkpt lat="46.507490" lon="4.830770">
						<ele>272</ele>
						<time>2026-02-16T15:57:41Z</time>
					</trkpt>
					<trkpt lat="46.506720" lon="4.830870">
						<ele>270</ele>
						<time>2026-02-16T15:57:54Z</time>
					</trkpt>
					<trkpt lat="46.506010" lon="4.830850">
						<ele>268</ele>
						<time>2026-02-16T15:58:07Z</time>
					</trkpt>
					<trkpt lat="46.505730" lon="4.830860">
						<ele>267</ele>
						<time>2026-02-16T15:58:12Z</time>
					</trkpt>
					<trkpt lat="46.505190" lon="4.830940">
						<ele>266</ele>
						<time>2026-02-16T15:58:22Z</time>
					</trkpt>
					<trkpt lat="46.504900" lon="4.830990">
						<ele>265</ele>
						<time>2026-02-16T15:58:27Z</time>
					</trkpt>
					<trkpt lat="46.504730" lon="4.830970">
						<ele>265</ele>
						<time>2026-02-16T15:58:30Z</time>
					</trkpt>
					<trkpt lat="46.504350" lon="4.830860">
						<ele>262</ele>
						<time>2026-02-16T15:58:37Z</time>
					</trkpt>
					<trkpt lat="46.503980" lon="4.830770">
						<ele>261</ele>
						<time>2026-02-16T15:58:43Z</time>
					</trkpt>
					<trkpt lat="46.503430" lon="4.830600">
						<ele>260</ele>
						<time>2026-02-16T15:58:53Z</time>
					</trkpt>
					<trkpt lat="46.503250" lon="4.830560">
						<ele>260</ele>
						<time>2026-02-16T15:58:57Z</time>
					</trkpt>
					<trkpt lat="46.501660" lon="4.830660">
						<ele>258</ele>
						<time>2026-02-16T15:59:25Z</time>
					</trkpt>
					<trkpt lat="46.501320" lon="4.830720">
						<ele>258</ele>
						<time>2026-02-16T15:59:31Z</time>
					</trkpt>
					<trkpt lat="46.500460" lon="4.831000">
						<ele>259</ele>
						<time>2026-02-16T15:59:47Z</time>
					</trkpt>
					<trkpt lat="46.499840" lon="4.831210">
						<ele>262</ele>
						<time>2026-02-16T15:59:58Z</time>
					</trkpt>
					<trkpt lat="46.499690" lon="4.831220">
						<ele>263</ele>
						<time>2026-02-16T16:00:01Z</time>
					</trkpt>
					<trkpt lat="46.499530" lon="4.831220">
						<ele>264</ele>
						<time>2026-02-16T16:00:04Z</time>
					</trkpt>
					<trkpt lat="46.499440" lon="4.831210">
						<ele>264</ele>
						<time>2026-02-16T16:00:05Z</time>
					</trkpt>
					<trkpt lat="46.499340" lon="4.831180">
						<ele>264</ele>
						<time>2026-02-16T16:00:07Z</time>
					</trkpt>
					<trkpt lat="46.499240" lon="4.831130">
						<ele>263</ele>
						<time>2026-02-16T16:00:09Z</time>
					</trkpt>
					<trkpt lat="46.499150" lon="4.831100">
						<ele>263</ele>
						<time>2026-02-16T16:00:11Z</time>
					</trkpt>
					<trkpt lat="46.499080" lon="4.831100">
						<ele>263</ele>
						<time>2026-02-16T16:00:12Z</time>
					</trkpt>
					<trkpt lat="46.499010" lon="4.831140">
						<ele>264</ele>
						<time>2026-02-16T16:00:13Z</time>
					</trkpt>
					<trkpt lat="46.498890" lon="4.831230">
						<ele>266</ele>
						<time>2026-02-16T16:00:16Z</time>
					</trkpt>
					<trkpt lat="46.498780" lon="4.831180">
						<ele>266</ele>
						<time>2026-02-16T16:00:18Z</time>
					</trkpt>
					<trkpt lat="46.498330" lon="4.830850">
						<ele>263</ele>
						<time>2026-02-16T16:00:27Z</time>
					</trkpt>
					<trkpt lat="46.497630" lon="4.830270">
						<ele>259</ele>
						<time>2026-02-16T16:00:41Z</time>
					</trkpt>
					<trkpt lat="46.495000" lon="4.828090">
						<ele>248</ele>
						<time>2026-02-16T16:01:35Z</time>
					</trkpt>
					<trkpt lat="46.494420" lon="4.827610">
						<ele>244</ele>
						<time>2026-02-16T16:01:47Z</time>
					</trkpt>
					<trkpt lat="46.494360" lon="4.827560">
						<ele>243</ele>
						<time>2026-02-16T16:01:48Z</time>
					</trkpt>
					<trkpt lat="46.493600" lon="4.826800">
						<ele>241</ele>
						<time>2026-02-16T16:02:04Z</time>
					</trkpt>
					<trkpt lat="46.493580" lon="4.826780">
						<ele>241</ele>
						<time>2026-02-16T16:02:05Z</time>
					</trkpt>
					<trkpt lat="46.493150" lon="4.826340">
						<ele>239</ele>
						<time>2026-02-16T16:02:14Z</time>
					</trkpt>
					<trkpt lat="46.493000" lon="4.826190">
						<ele>239</ele>
						<time>2026-02-16T16:02:17Z</time>
					</trkpt>
					<trkpt lat="46.492700" lon="4.826460">
						<ele>241</ele>
						<time>2026-02-16T16:02:24Z</time>
					</trkpt>
					<trkpt lat="46.492420" lon="4.826710">
						<ele>244</ele>
						<time>2026-02-16T16:02:29Z</time>
					</trkpt>
					<trkpt lat="46.492160" lon="4.826880">
						<ele>247</ele>
						<time>2026-02-16T16:02:35Z</time>
					</trkpt>
					<trkpt lat="46.491910" lon="4.826940">
						<ele>248</ele>
						<time>2026-02-16T16:02:39Z</time>
					</trkpt>
					<trkpt lat="46.491590" lon="4.827010">
						<ele>249</ele>
						<time>2026-02-16T16:02:45Z</time>
					</trkpt>
					<trkpt lat="46.491360" lon="4.827160">
						<ele>250</ele>
						<time>2026-02-16T16:02:49Z</time>
					</trkpt>
					<trkpt lat="46.491240" lon="4.827240">
						<ele>250</ele>
						<time>2026-02-16T16:02:52Z</time>
					</trkpt>
					<trkpt lat="46.491190" lon="4.827330">
						<ele>251</ele>
						<time>2026-02-16T16:02:53Z</time>
					</trkpt>
					<trkpt lat="46.491100" lon="4.827650">
						<ele>253</ele>
						<time>2026-02-16T16:02:57Z</time>
					</trkpt>
					<trkpt lat="46.491040" lon="4.827760">
						<ele>253</ele>
						<time>2026-02-16T16:02:59Z</time>
					</trkpt>
					<trkpt lat="46.490870" lon="4.827760">
						<ele>252</ele>
						<time>2026-02-16T16:03:02Z</time>
					</trkpt>
					<trkpt lat="46.490790" lon="4.827730">
						<ele>252</ele>
						<time>2026-02-16T16:03:04Z</time>
					</trkpt>
					<trkpt lat="46.490410" lon="4.827510">
						<ele>249</ele>
						<time>2026-02-16T16:03:11Z</time>
					</trkpt>
					<trkpt lat="46.490320" lon="4.827440">
						<ele>248</ele>
						<time>2026-02-16T16:03:13Z</time>
					</trkpt>
					<trkpt lat="46.490280" lon="4.827340">
						<ele>248</ele>
						<time>2026-02-16T16:03:14Z</time>
					</trkpt>
					<trkpt lat="46.490210" lon="4.827350">
						<ele>247</ele>
						<time>2026-02-16T16:03:15Z</time>
					</trkpt>
					<trkpt lat="46.489960" lon="4.827330">
						<ele>246</ele>
						<time>2026-02-16T16:03:20Z</time>
					</trkpt>
					<trkpt lat="46.489550" lon="4.827310">
						<ele>244</ele>
						<time>2026-02-16T16:03:27Z</time>
					</trkpt>
					<trkpt lat="46.489460" lon="4.827290">
						<ele>244</ele>
						<time>2026-02-16T16:03:29Z</time>
					</trkpt>
					<trkpt lat="46.489300" lon="4.827260">
						<ele>243</ele>
						<time>2026-02-16T16:03:32Z</time>
					</trkpt>
					<trkpt lat="46.488510" lon="4.827090">
						<ele>238</ele>
						<time>2026-02-16T16:03:46Z</time>
					</trkpt>
					<trkpt lat="46.488300" lon="4.827010">
						<ele>237</ele>
						<time>2026-02-16T16:03:50Z</time>
					</trkpt>
					<trkpt lat="46.488010" lon="4.826970">
						<ele>237</ele>
						<time>2026-02-16T16:03:55Z</time>
					</trkpt>
					<trkpt lat="46.487910" lon="4.826930">
						<ele>237</ele>
						<time>2026-02-16T16:03:57Z</time>
					</trkpt>
					<trkpt lat="46.487790" lon="4.826890">
						<ele>237</ele>
						<time>2026-02-16T16:03:59Z</time>
					</trkpt>
					<trkpt lat="46.487760" lon="4.826960">
						<ele>237</ele>
						<time>2026-02-16T16:04:00Z</time>
					</trkpt>
					<trkpt lat="46.487470" lon="4.827250">
						<ele>237</ele>
						<time>2026-02-16T16:04:06Z</time>
					</trkpt>
					<trkpt lat="46.487240" lon="4.827410">
						<ele>236</ele>
						<time>2026-02-16T16:04:11Z</time>
					</trkpt>
					<trkpt lat="46.487080" lon="4.827510">
						<ele>235</ele>
						<time>2026-02-16T16:04:14Z</time>
					</trkpt>
					<trkpt lat="46.486880" lon="4.827580">
						<ele>235</ele>
						<time>2026-02-16T16:04:17Z</time>
					</trkpt>
					<trkpt lat="46.486690" lon="4.827610">
						<ele>234</ele>
						<time>2026-02-16T16:04:21Z</time>
					</trkpt>
					<trkpt lat="46.486500" lon="4.827600">
						<ele>234</ele>
						<time>2026-02-16T16:04:24Z</time>
					</trkpt>
					<trkpt lat="46.485090" lon="4.827180">
						<ele>230</ele>
						<time>2026-02-16T16:04:50Z</time>
					</trkpt>
					<trkpt lat="46.484900" lon="4.827160">
						<ele>230</ele>
						<time>2026-02-16T16:04:53Z</time>
					</trkpt>
					<trkpt lat="46.484720" lon="4.827190">
						<ele>231</ele>
						<time>2026-02-16T16:04:56Z</time>
					</trkpt>
					<trkpt lat="46.484630" lon="4.827250">
						<ele>231</ele>
						<time>2026-02-16T16:04:58Z</time>
					</trkpt>
					<trkpt lat="46.484530" lon="4.827360">
						<ele>230</ele>
						<time>2026-02-16T16:05:00Z</time>
					</trkpt>
					<trkpt lat="46.484410" lon="4.827690">
						<ele>229</ele>
						<time>2026-02-16T16:05:05Z</time>
					</trkpt>
					<trkpt lat="46.484240" lon="4.828290">
						<ele>225</ele>
						<time>2026-02-16T16:05:13Z</time>
					</trkpt>
					<trkpt lat="46.484230" lon="4.828420">
						<ele>225</ele>
						<time>2026-02-16T16:05:15Z</time>
					</trkpt>
					<trkpt lat="46.484150" lon="4.828720">
						<ele>224</ele>
						<time>2026-02-16T16:05:18Z</time>
					</trkpt>
					<trkpt lat="46.484010" lon="4.828940">
						<ele>224</ele>
						<time>2026-02-16T16:05:22Z</time>
					</trkpt>
					<trkpt lat="46.483860" lon="4.829080">
						<ele>224</ele>
						<time>2026-02-16T16:05:25Z</time>
					</trkpt>
					<trkpt lat="46.483400" lon="4.829500">
						<ele>223</ele>
						<time>2026-02-16T16:05:35Z</time>
					</trkpt>
					<trkpt lat="46.483060" lon="4.829830">
						<ele>223</ele>
						<time>2026-02-16T16:05:42Z</time>
					</trkpt>
					<trkpt lat="46.482120" lon="4.830750">
						<ele>222</ele>
						<time>2026-02-16T16:06:02Z</time>
					</trkpt>
					<trkpt lat="46.481930" lon="4.830910">
						<ele>222</ele>
						<time>2026-02-16T16:06:06Z</time>
					</trkpt>
					<trkpt lat="46.481680" lon="4.831110">
						<ele>221</ele>
						<time>2026-02-16T16:06:11Z</time>
					</trkpt>
					<trkpt lat="46.481520" lon="4.831220">
						<ele>221</ele>
						<time>2026-02-16T16:06:15Z</time>
					</trkpt>
					<trkpt lat="46.481390" lon="4.831290">
						<ele>221</ele>
						<time>2026-02-16T16:06:17Z</time>
					</trkpt>
					<trkpt lat="46.480540" lon="4.831580">
						<ele>220</ele>
						<time>2026-02-16T16:06:33Z</time>
					</trkpt>
					<trkpt lat="46.480340" lon="4.831690">
						<ele>220</ele>
						<time>2026-02-16T16:06:36Z</time>
					</trkpt>
					<trkpt lat="46.480160" lon="4.831820">
						<ele>220</ele>
						<time>2026-02-16T16:06:40Z</time>
					</trkpt>
					<trkpt lat="46.479870" lon="4.832120">
						<ele>219</ele>
						<time>2026-02-16T16:06:46Z</time>
					</trkpt>
					<trkpt lat="46.479780" lon="4.832250">
						<ele>219</ele>
						<time>2026-02-16T16:06:49Z</time>
					</trkpt>
					<trkpt lat="46.479680" lon="4.832410">
						<ele>219</ele>
						<time>2026-02-16T16:06:51Z</time>
					</trkpt>
					<trkpt lat="46.479590" lon="4.832680">
						<ele>218</ele>
						<time>2026-02-16T16:06:55Z</time>
					</trkpt>
					<trkpt lat="46.479390" lon="4.833690">
						<ele>215</ele>
						<time>2026-02-16T16:07:08Z</time>
					</trkpt>
					<trkpt lat="46.479040" lon="4.835330">
						<ele>212</ele>
						<time>2026-02-16T16:07:29Z</time>
					</trkpt>
					<trkpt lat="46.478860" lon="4.836110">
						<ele>212</ele>
						<time>2026-02-16T16:07:39Z</time>
					</trkpt>
					<trkpt lat="46.478730" lon="4.836720">
						<ele>211</ele>
						<time>2026-02-16T16:07:47Z</time>
					</trkpt>
					<trkpt lat="46.478620" lon="4.837330">
						<ele>210</ele>
						<time>2026-02-16T16:07:54Z</time>
					</trkpt>
					<trkpt lat="46.478530" lon="4.837550">
						<ele>209</ele>
						<time>2026-02-16T16:07:58Z</time>
					</trkpt>
					<trkpt lat="46.478440" lon="4.837740">
						<ele>209</ele>
						<time>2026-02-16T16:08:00Z</time>
					</trkpt>
					<trkpt lat="46.478030" lon="4.838440">
						<ele>209</ele>
						<time>2026-02-16T16:08:12Z</time>
					</trkpt>
					<trkpt lat="46.477950" lon="4.838550">
						<ele>209</ele>
						<time>2026-02-16T16:08:14Z</time>
					</trkpt>
					<trkpt lat="46.477950" lon="4.838700">
						<ele>209</ele>
						<time>2026-02-16T16:08:15Z</time>
					</trkpt>
					<trkpt lat="46.477950" lon="4.838890">
						<ele>209</ele>
						<time>2026-02-16T16:08:18Z</time>
					</trkpt>
					<trkpt lat="46.477910" lon="4.838990">
						<ele>209</ele>
						<time>2026-02-16T16:08:19Z</time>
					</trkpt>
					<trkpt lat="46.477830" lon="4.839100">
						<ele>209</ele>
						<time>2026-02-16T16:08:21Z</time>
					</trkpt>
					<trkpt lat="46.477710" lon="4.839170">
						<ele>208</ele>
						<time>2026-02-16T16:08:23Z</time>
					</trkpt>
					<trkpt lat="46.477550" lon="4.839250">
						<ele>208</ele>
						<time>2026-02-16T16:08:26Z</time>
					</trkpt>
					<trkpt lat="46.476870" lon="4.839520">
						<ele>207</ele>
						<time>2026-02-16T16:08:39Z</time>
					</trkpt>
					<trkpt lat="46.476790" lon="4.839580">
						<ele>207</ele>
						<time>2026-02-16T16:08:41Z</time>
					</trkpt>
					<trkpt lat="46.476580" lon="4.839750">
						<ele>207</ele>
						<time>2026-02-16T16:08:45Z</time>
					</trkpt>
					<trkpt lat="46.476450" lon="4.839880">
						<ele>209</ele>
						<time>2026-02-16T16:08:48Z</time>
					</trkpt>
					<trkpt lat="46.476330" lon="4.840070">
						<ele>210</ele>
						<time>2026-02-16T16:08:51Z</time>
					</trkpt>
					<trkpt lat="46.476250" lon="4.840240">
						<ele>212</ele>
						<time>2026-02-16T16:08:53Z</time>
					</trkpt>
					<trkpt lat="46.476120" lon="4.840580">
						<ele>214</ele>
						<time>2026-02-16T16:08:58Z</time>
					</trkpt>
					<trkpt lat="46.476040" lon="4.840740">
						<ele>216</ele>
						<time>2026-02-16T16:09:01Z</time>
					</trkpt>
					<trkpt lat="46.476000" lon="4.841090">
						<ele>215</ele>
						<time>2026-02-16T16:09:05Z</time>
					</trkpt>
					<trkpt lat="46.476000" lon="4.841160">
						<ele>215</ele>
						<time>2026-02-16T16:09:06Z</time>
					</trkpt>
					<trkpt lat="46.475820" lon="4.841900">
						<ele>213</ele>
						<time>2026-02-16T16:09:15Z</time>
					</trkpt>
					<trkpt lat="46.475680" lon="4.842270">
						<ele>211</ele>
						<time>2026-02-16T16:09:21Z</time>
					</trkpt>
					<trkpt lat="46.475490" lon="4.842710">
						<ele>212</ele>
						<time>2026-02-16T16:09:27Z</time>
					</trkpt>
					<trkpt lat="46.475400" lon="4.842830">
						<ele>212</ele>
						<time>2026-02-16T16:09:29Z</time>
					</trkpt>
					<trkpt lat="46.475280" lon="4.843020">
						<ele>213</ele>
						<time>2026-02-16T16:09:32Z</time>
					</trkpt>
					<trkpt lat="46.475210" lon="4.843140">
						<ele>213</ele>
						<time>2026-02-16T16:09:34Z</time>
					</trkpt>
					<trkpt lat="46.475130" lon="4.843320">
						<ele>214</ele>
						<time>2026-02-16T16:09:37Z</time>
					</trkpt>
					<trkpt lat="46.475070" lon="4.843560">
						<ele>215</ele>
						<time>2026-02-16T16:09:40Z</time>
					</trkpt>
					<trkpt lat="46.475010" lon="4.843930">
						<ele>216</ele>
						<time>2026-02-16T16:09:45Z</time>
					</trkpt>
					<trkpt lat="46.474420" lon="4.848250">
						<ele>227</ele>
						<time>2026-02-16T16:10:39Z</time>
					</trkpt>
					<trkpt lat="46.474360" lon="4.848600">
						<ele>228</ele>
						<time>2026-02-16T16:10:43Z</time>
					</trkpt>
					<trkpt lat="46.474310" lon="4.848790">
						<ele>228</ele>
						<time>2026-02-16T16:10:45Z</time>
					</trkpt>
					<trkpt lat="46.474250" lon="4.848960">
						<ele>228</ele>
						<time>2026-02-16T16:10:48Z</time>
					</trkpt>
					<trkpt lat="46.474180" lon="4.849070">
						<ele>228</ele>
						<time>2026-02-16T16:10:50Z</time>
					</trkpt>
					<trkpt lat="46.474090" lon="4.849180">
						<ele>228</ele>
						<time>2026-02-16T16:10:52Z</time>
					</trkpt>
					<trkpt lat="46.474020" lon="4.849250">
						<ele>228</ele>
						<time>2026-02-16T16:10:53Z</time>
					</trkpt>
					<trkpt lat="46.473920" lon="4.849320">
						<ele>228</ele>
						<time>2026-02-16T16:10:55Z</time>
					</trkpt>
					<trkpt lat="46.473820" lon="4.849360">
						<ele>228</ele>
						<time>2026-02-16T16:10:57Z</time>
					</trkpt>
					<trkpt lat="46.473620" lon="4.849400">
						<ele>228</ele>
						<time>2026-02-16T16:11:01Z</time>
					</trkpt>
					<trkpt lat="46.471920" lon="4.849670">
						<ele>230</ele>
						<time>2026-02-16T16:11:31Z</time>
					</trkpt>
					<trkpt lat="46.470870" lon="4.849900">
						<ele>232</ele>
						<time>2026-02-16T16:11:50Z</time>
					</trkpt>
					<trkpt lat="46.470840" lon="4.849900">
						<ele>232</ele>
						<time>2026-02-16T16:11:50Z</time>
					</trkpt>
					<trkpt lat="46.470010" lon="4.850070">
						<ele>233</ele>
						<time>2026-02-16T16:12:05Z</time>
					</trkpt>
					<trkpt lat="46.469970" lon="4.850080">
						<ele>233</ele>
						<time>2026-02-16T16:12:06Z</time>
					</trkpt>
					<trkpt lat="46.469880" lon="4.850100">
						<ele>233</ele>
						<time>2026-02-16T16:12:08Z</time>
					</trkpt>
					<trkpt lat="46.469590" lon="4.850150">
						<ele>232</ele>
						<time>2026-02-16T16:12:13Z</time>
					</trkpt>
					<trkpt lat="46.469470" lon="4.850200">
						<ele>232</ele>
						<time>2026-02-16T16:12:15Z</time>
					</trkpt>
					<trkpt lat="46.469410" lon="4.850240">
						<ele>231</ele>
						<time>2026-02-16T16:12:16Z</time>
					</trkpt>
					<trkpt lat="46.469300" lon="4.850380">
						<ele>231</ele>
						<time>2026-02-16T16:12:19Z</time>
					</trkpt>
					<trkpt lat="46.469230" lon="4.850530">
						<ele>230</ele>
						<time>2026-02-16T16:12:21Z</time>
					</trkpt>
					<trkpt lat="46.469170" lon="4.850700">
						<ele>229</ele>
						<time>2026-02-16T16:12:23Z</time>
					</trkpt>
					<trkpt lat="46.469100" lon="4.851010">
						<ele>228</ele>
						<time>2026-02-16T16:12:27Z</time>
					</trkpt>
					<trkpt lat="46.469080" lon="4.851120">
						<ele>227</ele>
						<time>2026-02-16T16:12:29Z</time>
					</trkpt>
					<trkpt lat="46.469020" lon="4.851520">
						<ele>227</ele>
						<time>2026-02-16T16:12:34Z</time>
					</trkpt>
					<trkpt lat="46.469010" lon="4.851580">
						<ele>226</ele>
						<time>2026-02-16T16:12:35Z</time>
					</trkpt>
					<trkpt lat="46.468980" lon="4.851970">
						<ele>225</ele>
						<time>2026-02-16T16:12:39Z</time>
					</trkpt>
					<trkpt lat="46.468910" lon="4.852800">
						<ele>222</ele>
						<time>2026-02-16T16:12:50Z</time>
					</trkpt>
					<trkpt lat="46.468880" lon="4.853100">
						<ele>221</ele>
						<time>2026-02-16T16:12:53Z</time>
					</trkpt>
					<trkpt lat="46.468850" lon="4.853420">
						<ele>220</ele>
						<time>2026-02-16T16:12:57Z</time>
					</trkpt>
					<trkpt lat="46.468830" lon="4.853780">
						<ele>219</ele>
						<time>2026-02-16T16:13:02Z</time>
					</trkpt>
					<trkpt lat="46.469860" lon="4.854370">
						<ele>218</ele>
						<time>2026-02-16T16:13:22Z</time>
					</trkpt>
					<trkpt lat="46.469940" lon="4.854460">
						<ele>218</ele>
						<time>2026-02-16T16:13:23Z</time>
					</trkpt>
					<trkpt lat="46.469990" lon="4.854580">
						<ele>217</ele>
						<time>2026-02-16T16:13:25Z</time>
					</trkpt>
					<trkpt lat="46.470000" lon="4.854700">
						<ele>216</ele>
						<time>2026-02-16T16:13:27Z</time>
					</trkpt>
					<trkpt lat="46.469990" lon="4.854860">
						<ele>216</ele>
						<time>2026-02-16T16:13:28Z</time>
					</trkpt>
					<trkpt lat="46.469880" lon="4.855430">
						<ele>215</ele>
						<time>2026-02-16T16:13:36Z</time>
					</trkpt>
					<trkpt lat="46.469680" lon="4.856510">
						<ele>214</ele>
						<time>2026-02-16T16:13:49Z</time>
					</trkpt>
					<trkpt lat="46.469510" lon="4.857130">
						<ele>214</ele>
						<time>2026-02-16T16:13:58Z</time>
					</trkpt>
					<trkpt lat="46.469490" lon="4.857240">
						<ele>214</ele>
						<time>2026-02-16T16:13:59Z</time>
					</trkpt>
					<trkpt lat="46.469480" lon="4.857350">
						<ele>214</ele>
						<time>2026-02-16T16:14:00Z</time>
					</trkpt>
					<trkpt lat="46.469500" lon="4.857510">
						<ele>214</ele>
						<time>2026-02-16T16:14:02Z</time>
					</trkpt>
					<trkpt lat="46.469540" lon="4.857630">
						<ele>214</ele>
						<time>2026-02-16T16:14:04Z</time>
					</trkpt>
					<trkpt lat="46.469590" lon="4.857680">
						<ele>213</ele>
						<time>2026-02-16T16:14:05Z</time>
					</trkpt>
					<trkpt lat="46.469810" lon="4.857870">
						<ele>213</ele>
						<time>2026-02-16T16:14:10Z</time>
					</trkpt>
					<trkpt lat="46.470050" lon="4.858070">
						<ele>214</ele>
						<time>2026-02-16T16:14:15Z</time>
					</trkpt>
					<trkpt lat="46.470120" lon="4.858110">
						<ele>213</ele>
						<time>2026-02-16T16:14:16Z</time>
					</trkpt>
					<trkpt lat="46.470330" lon="4.858240">
						<ele>213</ele>
						<time>2026-02-16T16:14:20Z</time>
					</trkpt>
					<trkpt lat="46.470640" lon="4.858410">
						<ele>212</ele>
						<time>2026-02-16T16:14:26Z</time>
					</trkpt>
					<trkpt lat="46.471020" lon="4.858520">
						<ele>210</ele>
						<time>2026-02-16T16:14:33Z</time>
					</trkpt>
					<trkpt lat="46.471330" lon="4.858600">
						<ele>209</ele>
						<time>2026-02-16T16:14:38Z</time>
					</trkpt>
					<trkpt lat="46.472170" lon="4.858800">
						<ele>206</ele>
						<time>2026-02-16T16:14:53Z</time>
					</trkpt>
					<trkpt lat="46.472570" lon="4.858970">
						<ele>203</ele>
						<time>2026-02-16T16:15:01Z</time>
					</trkpt>
					<trkpt lat="46.472610" lon="4.859000">
						<ele>203</ele>
						<time>2026-02-16T16:15:02Z</time>
					</trkpt>
					<trkpt lat="46.473590" lon="4.859760">
						<ele>198</ele>
						<time>2026-02-16T16:15:21Z</time>
					</trkpt>
					<trkpt lat="46.473770" lon="4.859860">
						<ele>198</ele>
						<time>2026-02-16T16:15:25Z</time>
					</trkpt>
					<trkpt lat="46.474090" lon="4.859920">
						<ele>198</ele>
						<time>2026-02-16T16:15:31Z</time>
					</trkpt>
					<trkpt lat="46.474180" lon="4.859930">
						<ele>198</ele>
						<time>2026-02-16T16:15:32Z</time>
					</trkpt>
					<trkpt lat="46.474220" lon="4.859930">
						<ele>198</ele>
						<time>2026-02-16T16:15:33Z</time>
					</trkpt>
					<trkpt lat="46.474400" lon="4.859950">
						<ele>197</ele>
						<time>2026-02-16T16:15:36Z</time>
					</trkpt>
					<trkpt lat="46.474850" lon="4.860100">
						<ele>195</ele>
						<time>2026-02-16T16:15:44Z</time>
					</trkpt>
					<trkpt lat="46.474990" lon="4.860120">
						<ele>195</ele>
						<time>2026-02-16T16:15:47Z</time>
					</trkpt>
					<trkpt lat="46.475090" lon="4.860130">
						<ele>195</ele>
						<time>2026-02-16T16:15:49Z</time>
					</trkpt>
					<trkpt lat="46.475180" lon="4.860110">
						<ele>195</ele>
						<time>2026-02-16T16:15:50Z</time>
					</trkpt>
					<trkpt lat="46.475380" lon="4.860000">
						<ele>195</ele>
						<time>2026-02-16T16:15:54Z</time>
					</trkpt>
					<trkpt lat="46.475580" lon="4.859870">
						<ele>194</ele>
						<time>2026-02-16T16:15:58Z</time>
					</trkpt>
					<trkpt lat="46.475700" lon="4.859800">
						<ele>194</ele>
						<time>2026-02-16T16:16:00Z</time>
					</trkpt>
					<trkpt lat="46.475790" lon="4.859760">
						<ele>194</ele>
						<time>2026-02-16T16:16:02Z</time>
					</trkpt>
					<trkpt lat="46.475870" lon="4.859740">
						<ele>194</ele>
						<time>2026-02-16T16:16:03Z</time>
					</trkpt>
					<trkpt lat="46.475980" lon="4.859730">
						<ele>194</ele>
						<time>2026-02-16T16:16:05Z</time>
					</trkpt>
					<trkpt lat="46.476230" lon="4.859740">
						<ele>194</ele>
						<time>2026-02-16T16:16:10Z</time>
					</trkpt>
					<trkpt lat="46.476410" lon="4.859760">
						<ele>195</ele>
						<time>2026-02-16T16:16:13Z</time>
					</trkpt>
					<trkpt lat="46.476710" lon="4.859790">
						<ele>195</ele>
						<time>2026-02-16T16:16:18Z</time>
					</trkpt>
					<trkpt lat="46.477990" lon="4.859850">
						<ele>205</ele>
						<time>2026-02-16T16:16:41Z</time>
					</trkpt>
					<trkpt lat="46.478460" lon="4.859900">
						<ele>208</ele>
						<time>2026-02-16T16:16:50Z</time>
					</trkpt>
					<trkpt lat="46.478660" lon="4.859890">
						<ele>209</ele>
						<time>2026-02-16T16:16:53Z</time>
					</trkpt>
					<trkpt lat="46.478800" lon="4.859910">
						<ele>210</ele>
						<time>2026-02-16T16:16:56Z</time>
					</trkpt>
					<trkpt lat="46.478870" lon="4.859930">
						<ele>210</ele>
						<time>2026-02-16T16:16:57Z</time>
					</trkpt>
					<trkpt lat="46.479160" lon="4.860130">
						<ele>211</ele>
						<time>2026-02-16T16:17:03Z</time>
					</trkpt>
					<trkpt lat="46.480730" lon="4.861280">
						<ele>213</ele>
						<time>2026-02-16T16:17:34Z</time>
					</trkpt>
					<trkpt lat="46.481380" lon="4.861720">
						<ele>213</ele>
						<time>2026-02-16T16:17:47Z</time>
					</trkpt>
					<trkpt lat="46.482120" lon="4.862230">
						<ele>211</ele>
						<time>2026-02-16T16:18:01Z</time>
					</trkpt>
					<trkpt lat="46.482140" lon="4.862250">
						<ele>211</ele>
						<time>2026-02-16T16:18:02Z</time>
					</trkpt>
					<trkpt lat="46.482630" lon="4.862790">
						<ele>207</ele>
						<time>2026-02-16T16:18:13Z</time>
					</trkpt>
					<trkpt lat="46.482790" lon="4.862990">
						<ele>206</ele>
						<time>2026-02-16T16:18:16Z</time>
					</trkpt>
					<trkpt lat="46.482920" lon="4.863200">
						<ele>205</ele>
						<time>2026-02-16T16:18:20Z</time>
					</trkpt>
					<trkpt lat="46.483070" lon="4.863480">
						<ele>204</ele>
						<time>2026-02-16T16:18:24Z</time>
					</trkpt>
					<trkpt lat="46.483320" lon="4.864040">
						<ele>207</ele>
						<time>2026-02-16T16:18:32Z</time>
					</trkpt>
					<trkpt lat="46.483380" lon="4.864170">
						<ele>208</ele>
						<time>2026-02-16T16:18:34Z</time>
					</trkpt>
					<trkpt lat="46.483960" lon="4.864850">
						<ele>210</ele>
						<time>2026-02-16T16:18:48Z</time>
					</trkpt>
					<trkpt lat="46.484040" lon="4.864980">
						<ele>210</ele>
						<time>2026-02-16T16:18:50Z</time>
					</trkpt>
					<trkpt lat="46.484110" lon="4.865140">
						<ele>210</ele>
						<time>2026-02-16T16:18:52Z</time>
					</trkpt>
					<trkpt lat="46.484350" lon="4.865990">
						<ele>210</ele>
						<time>2026-02-16T16:19:03Z</time>
					</trkpt>
					<trkpt lat="46.484530" lon="4.866670">
						<ele>210</ele>
						<time>2026-02-16T16:19:12Z</time>
					</trkpt>
					<trkpt lat="46.484600" lon="4.866900">
						<ele>210</ele>
						<time>2026-02-16T16:19:15Z</time>
					</trkpt>
					<trkpt lat="46.484680" lon="4.867180">
						<ele>210</ele>
						<time>2026-02-16T16:19:19Z</time>
					</trkpt>
					<trkpt lat="46.484840" lon="4.867440">
						<ele>210</ele>
						<time>2026-02-16T16:19:23Z</time>
					</trkpt>
					<trkpt lat="46.484950" lon="4.867580">
						<ele>211</ele>
						<time>2026-02-16T16:19:26Z</time>
					</trkpt>
					<trkpt lat="46.485030" lon="4.867700">
						<ele>211</ele>
						<time>2026-02-16T16:19:28Z</time>
					</trkpt>
					<trkpt lat="46.485390" lon="4.868090">
						<ele>210</ele>
						<time>2026-02-16T16:19:36Z</time>
					</trkpt>
					<trkpt lat="46.485530" lon="4.868290">
						<ele>210</ele>
						<time>2026-02-16T16:19:39Z</time>
					</trkpt>
					<trkpt lat="46.485630" lon="4.868450">
						<ele>210</ele>
						<time>2026-02-16T16:19:42Z</time>
					</trkpt>
					<trkpt lat="46.485840" lon="4.868920">
						<ele>210</ele>
						<time>2026-02-16T16:19:49Z</time>
					</trkpt>
					<trkpt lat="46.485970" lon="4.869200">
						<ele>210</ele>
						<time>2026-02-16T16:19:53Z</time>
					</trkpt>
					<trkpt lat="46.486230" lon="4.869720">
						<ele>211</ele>
						<time>2026-02-16T16:20:01Z</time>
					</trkpt>
					<trkpt lat="46.486340" lon="4.869880">
						<ele>211</ele>
						<time>2026-02-16T16:20:04Z</time>
					</trkpt>
					<trkpt lat="46.486360" lon="4.869910">
						<ele>211</ele>
						<time>2026-02-16T16:20:04Z</time>
					</trkpt>
					<trkpt lat="46.487790" lon="4.871260">
						<ele>210</ele>
						<time>2026-02-16T16:20:35Z</time>
					</trkpt>
					<trkpt lat="46.488140" lon="4.871610">
						<ele>209</ele>
						<time>2026-02-16T16:20:42Z</time>
					</trkpt>
					<trkpt lat="46.488470" lon="4.872000">
						<ele>209</ele>
						<time>2026-02-16T16:20:50Z</time>
					</trkpt>
					<trkpt lat="46.488700" lon="4.872200">
						<ele>209</ele>
						<time>2026-02-16T16:20:54Z</time>
					</trkpt>
					<trkpt lat="46.489060" lon="4.872480">
						<ele>209</ele>
						<time>2026-02-16T16:21:02Z</time>
					</trkpt>
					<trkpt lat="46.489970" lon="4.873180">
						<ele>209</ele>
						<time>2026-02-16T16:21:20Z</time>
					</trkpt>
					<trkpt lat="46.490190" lon="4.873310">
						<ele>210</ele>
						<time>2026-02-16T16:21:24Z</time>
					</trkpt>
					<trkpt lat="46.490940" lon="4.873550">
						<ele>211</ele>
						<time>2026-02-16T16:21:38Z</time>
					</trkpt>
					<trkpt lat="46.491280" lon="4.873720">
						<ele>210</ele>
						<time>2026-02-16T16:21:44Z</time>
					</trkpt>
					<trkpt lat="46.491390" lon="4.873800">
						<ele>210</ele>
						<time>2026-02-16T16:21:46Z</time>
					</trkpt>
					<trkpt lat="46.491920" lon="4.874160">
						<ele>209</ele>
						<time>2026-02-16T16:21:57Z</time>
					</trkpt>
					<trkpt lat="46.492280" lon="4.874410">
						<ele>208</ele>
						<time>2026-02-16T16:22:04Z</time>
					</trkpt>
					<trkpt lat="46.492490" lon="4.874530">
						<ele>208</ele>
						<time>2026-02-16T16:22:08Z</time>
					</trkpt>
					<trkpt lat="46.492730" lon="4.874640">
						<ele>208</ele>
						<time>2026-02-16T16:22:12Z</time>
					</trkpt>
					<trkpt lat="46.492910" lon="4.874760">
						<ele>208</ele>
						<time>2026-02-16T16:22:16Z</time>
					</trkpt>
					<trkpt lat="46.493530" lon="4.875250">
						<ele>210</ele>
						<time>2026-02-16T16:22:29Z</time>
					</trkpt>
					<trkpt lat="46.493890" lon="4.875590">
						<ele>211</ele>
						<time>2026-02-16T16:22:36Z</time>
					</trkpt>
					<trkpt lat="46.494220" lon="4.875870">
						<ele>212</ele>
						<time>2026-02-16T16:22:43Z</time>
					</trkpt>
					<trkpt lat="46.494360" lon="4.876020">
						<ele>212</ele>
						<time>2026-02-16T16:22:46Z</time>
					</trkpt>
					<trkpt lat="46.494620" lon="4.876310">
						<ele>212</ele>
						<time>2026-02-16T16:22:52Z</time>
					</trkpt>
					<trkpt lat="46.495020" lon="4.876840">
						<ele>212</ele>
						<time>2026-02-16T16:23:02Z</time>
					</trkpt>
					<trkpt lat="46.495160" lon="4.876980">
						<ele>211</ele>
						<time>2026-02-16T16:23:05Z</time>
					</trkpt>
					<trkpt lat="46.495350" lon="4.877130">
						<ele>210</ele>
						<time>2026-02-16T16:23:08Z</time>
					</trkpt>
					<trkpt lat="46.495580" lon="4.877260">
						<ele>208</ele>
						<time>2026-02-16T16:23:13Z</time>
					</trkpt>
					<trkpt lat="46.495760" lon="4.877330">
						<ele>208</ele>
						<time>2026-02-16T16:23:16Z</time>
					</trkpt>
					<trkpt lat="46.495950" lon="4.877350">
						<ele>207</ele>
						<time>2026-02-16T16:23:20Z</time>
					</trkpt>
					<trkpt lat="46.496100" lon="4.877360">
						<ele>207</ele>
						<time>2026-02-16T16:23:22Z</time>
					</trkpt>
					<trkpt lat="46.496230" lon="4.877380">
						<ele>207</ele>
						<time>2026-02-16T16:23:25Z</time>
					</trkpt>
					<trkpt lat="46.496370" lon="4.877440">
						<ele>207</ele>
						<time>2026-02-16T16:23:27Z</time>
					</trkpt>
					<trkpt lat="46.496510" lon="4.877540">
						<ele>207</ele>
						<time>2026-02-16T16:23:30Z</time>
					</trkpt>
					<trkpt lat="46.496650" lon="4.877670">
						<ele>207</ele>
						<time>2026-02-16T16:23:33Z</time>
					</trkpt>
					<trkpt lat="46.497130" lon="4.878150">
						<ele>211</ele>
						<time>2026-02-16T16:23:43Z</time>
					</trkpt>
					<trkpt lat="46.497270" lon="4.878300">
						<ele>212</ele>
						<time>2026-02-16T16:23:46Z</time>
					</trkpt>
					<trkpt lat="46.497690" lon="4.878670">
						<ele>215</ele>
						<time>2026-02-16T16:23:55Z</time>
					</trkpt>
					<trkpt lat="46.498070" lon="4.879000">
						<ele>217</ele>
						<time>2026-02-16T16:24:03Z</time>
					</trkpt>
					<trkpt lat="46.498920" lon="4.879460">
						<ele>220</ele>
						<time>2026-02-16T16:24:19Z</time>
					</trkpt>
					<trkpt lat="46.499850" lon="4.879980">
						<ele>221</ele>
						<time>2026-02-16T16:24:37Z</time>
					</trkpt>
					<trkpt lat="46.499910" lon="4.880010">
						<ele>222</ele>
						<time>2026-02-16T16:24:38Z</time>
					</trkpt>
					<trkpt lat="46.499960" lon="4.880070">
						<ele>222</ele>
						<time>2026-02-16T16:24:39Z</time>
					</trkpt>
					<trkpt lat="46.500130" lon="4.880210">
						<ele>221</ele>
						<time>2026-02-16T16:24:43Z</time>
					</trkpt>
					<trkpt lat="46.500600" lon="4.880730">
						<ele>219</ele>
						<time>2026-02-16T16:24:53Z</time>
					</trkpt>
					<trkpt lat="46.500630" lon="4.880770">
						<ele>219</ele>
						<time>2026-02-16T16:24:54Z</time>
					</trkpt>
					<trkpt lat="46.500830" lon="4.880970">
						<ele>219</ele>
						<time>2026-02-16T16:24:58Z</time>
					</trkpt>
					<trkpt lat="46.501070" lon="4.881220">
						<ele>219</ele>
						<time>2026-02-16T16:25:03Z</time>
					</trkpt>
					<trkpt lat="46.501230" lon="4.881430">
						<ele>220</ele>
						<time>2026-02-16T16:25:07Z</time>
					</trkpt>
					<trkpt lat="46.501280" lon="4.881510">
						<ele>220</ele>
						<time>2026-02-16T16:25:09Z</time>
					</trkpt>
					<trkpt lat="46.501380" lon="4.881660">
						<ele>221</ele>
						<time>2026-02-16T16:25:11Z</time>
					</trkpt>
					<trkpt lat="46.501690" lon="4.882200">
						<ele>221</ele>
						<time>2026-02-16T16:25:20Z</time>
					</trkpt>
					<trkpt lat="46.501840" lon="4.882430">
						<ele>222</ele>
						<time>2026-02-16T16:25:24Z</time>
					</trkpt>
					<trkpt lat="46.502010" lon="4.882700">
						<ele>223</ele>
						<time>2026-02-16T16:25:28Z</time>
					</trkpt>
					<trkpt lat="46.502060" lon="4.882780">
						<ele>223</ele>
						<time>2026-02-16T16:25:29Z</time>
					</trkpt>
					<trkpt lat="46.502150" lon="4.882900">
						<ele>224</ele>
						<time>2026-02-16T16:25:32Z</time>
					</trkpt>
					<trkpt lat="46.502160" lon="4.882920">
						<ele>224</ele>
						<time>2026-02-16T16:25:32Z</time>
					</trkpt>
					<trkpt lat="46.502310" lon="4.883120">
						<ele>224</ele>
						<time>2026-02-16T16:25:36Z</time>
					</trkpt>
					<trkpt lat="46.502380" lon="4.883230">
						<ele>225</ele>
						<time>2026-02-16T16:25:37Z</time>
					</trkpt>
					<trkpt lat="46.502590" lon="4.882160">
						<ele>226</ele>
						<time>2026-02-16T16:25:51Z</time>
					</trkpt>
					<trkpt lat="46.502600" lon="4.882090">
						<ele>226</ele>
						<time>2026-02-16T16:25:52Z</time>
					</trkpt>
					<trkpt lat="46.502620" lon="4.882000">
						<ele>226</ele>
						<time>2026-02-16T16:25:53Z</time>
					</trkpt>
					<trkpt lat="46.502820" lon="4.880970">
						<ele>227</ele>
						<time>2026-02-16T16:26:06Z</time>
					</trkpt>
					<trkpt lat="46.503060" lon="4.879740">
						<ele>230</ele>
						<time>2026-02-16T16:26:22Z</time>
					</trkpt>
					<trkpt lat="46.503090" lon="4.879470">
						<ele>230</ele>
						<time>2026-02-16T16:26:25Z</time>
					</trkpt>
					<trkpt lat="46.503090" lon="4.879310">
						<ele>230</ele>
						<time>2026-02-16T16:26:27Z</time>
					</trkpt>
					<trkpt lat="46.503070" lon="4.879050">
						<ele>230</ele>
						<time>2026-02-16T16:26:30Z</time>
					</trkpt>
					<trkpt lat="46.502980" lon="4.878570">
						<ele>229</ele>
						<time>2026-02-16T16:26:36Z</time>
					</trkpt>
					<trkpt lat="46.502920" lon="4.878340">
						<ele>229</ele>
						<time>2026-02-16T16:26:39Z</time>
					</trkpt>
					<trkpt lat="46.502430" lon="4.876260">
						<ele>227</ele>
						<time>2026-02-16T16:27:06Z</time>
					</trkpt>
					<trkpt lat="46.502390" lon="4.876070">
						<ele>228</ele>
						<time>2026-02-16T16:27:09Z</time>
					</trkpt>
					<trkpt lat="46.502270" lon="4.875560">
						<ele>227</ele>
						<time>2026-02-16T16:27:15Z</time>
					</trkpt>
					<trkpt lat="46.502030" lon="4.874540">
						<ele>227</ele>
						<time>2026-02-16T16:27:29Z</time>
					</trkpt>
					<trkpt lat="46.501650" lon="4.872870">
						<ele>227</ele>
						<time>2026-02-16T16:27:50Z</time>
					</trkpt>
					<trkpt lat="46.501620" lon="4.872670">
						<ele>227</ele>
						<time>2026-02-16T16:27:53Z</time>
					</trkpt>
					<trkpt lat="46.501640" lon="4.872400">
						<ele>227</ele>
						<time>2026-02-16T16:27:56Z</time>
					</trkpt>
					<trkpt lat="46.501670" lon="4.872270">
						<ele>227</ele>
						<time>2026-02-16T16:27:58Z</time>
					</trkpt>
					<trkpt lat="46.501720" lon="4.872090">
						<ele>226</ele>
						<time>2026-02-16T16:28:00Z</time>
					</trkpt>
					<trkpt lat="46.501790" lon="4.871960">
						<ele>226</ele>
						<time>2026-02-16T16:28:02Z</time>
					</trkpt>
					<trkpt lat="46.501860" lon="4.871850">
						<ele>226</ele>
						<time>2026-02-16T16:28:04Z</time>
					</trkpt>
					<trkpt lat="46.501990" lon="4.871730">
						<ele>227</ele>
						<time>2026-02-16T16:28:07Z</time>
					</trkpt>
					<trkpt lat="46.502660" lon="4.871220">
						<ele>227</ele>
						<time>2026-02-16T16:28:20Z</time>
					</trkpt>
					<trkpt lat="46.502840" lon="4.871060">
						<ele>227</ele>
						<time>2026-02-16T16:28:24Z</time>
					</trkpt>
					<trkpt lat="46.502950" lon="4.870920">
						<ele>226</ele>
						<time>2026-02-16T16:28:26Z</time>
					</trkpt>
					<trkpt lat="46.503090" lon="4.870660">
						<ele>226</ele>
						<time>2026-02-16T16:28:30Z</time>
					</trkpt>
					<trkpt lat="46.503130" lon="4.870600">
						<ele>226</ele>
						<time>2026-02-16T16:28:31Z</time>
					</trkpt>
					<trkpt lat="46.503200" lon="4.870460">
						<ele>226</ele>
						<time>2026-02-16T16:28:34Z</time>
					</trkpt>
					<trkpt lat="46.503340" lon="4.870280">
						<ele>225</ele>
						<time>2026-02-16T16:28:37Z</time>
					</trkpt>
					<trkpt lat="46.504180" lon="4.869220">
						<ele>227</ele>
						<time>2026-02-16T16:28:57Z</time>
					</trkpt>
					<trkpt lat="46.504320" lon="4.869050">
						<ele>226</ele>
						<time>2026-02-16T16:29:00Z</time>
					</trkpt>
					<trkpt lat="46.504470" lon="4.868930">
						<ele>226</ele>
						<time>2026-02-16T16:29:03Z</time>
					</trkpt>
					<trkpt lat="46.504750" lon="4.868720">
						<ele>226</ele>
						<time>2026-02-16T16:29:09Z</time>
					</trkpt>
					<trkpt lat="46.504860" lon="4.868610">
						<ele>225</ele>
						<time>2026-02-16T16:29:11Z</time>
					</trkpt>
					<trkpt lat="46.505000" lon="4.868420">
						<ele>225</ele>
						<time>2026-02-16T16:29:14Z</time>
					</trkpt>
					<trkpt lat="46.505490" lon="4.867720">
						<ele>224</ele>
						<time>2026-02-16T16:29:27Z</time>
					</trkpt>
					<trkpt lat="46.505690" lon="4.867440">
						<ele>224</ele>
						<time>2026-02-16T16:29:32Z</time>
					</trkpt>
					<trkpt lat="46.505910" lon="4.867190">
						<ele>224</ele>
						<time>2026-02-16T16:29:37Z</time>
					</trkpt>
					<trkpt lat="46.506020" lon="4.867070">
						<ele>225</ele>
						<time>2026-02-16T16:29:39Z</time>
					</trkpt>
					<trkpt lat="46.506580" lon="4.866510">
						<ele>225</ele>
						<time>2026-02-16T16:29:51Z</time>
					</trkpt>
					<trkpt lat="46.506740" lon="4.866310">
						<ele>226</ele>
						<time>2026-02-16T16:29:55Z</time>
					</trkpt>
					<trkpt lat="46.506850" lon="4.866140">
						<ele>226</ele>
						<time>2026-02-16T16:29:58Z</time>
					</trkpt>
					<trkpt lat="46.507340" lon="4.865320">
						<ele>228</ele>
						<time>2026-02-16T16:30:11Z</time>
					</trkpt>
					<trkpt lat="46.507490" lon="4.865050">
						<ele>228</ele>
						<time>2026-02-16T16:30:15Z</time>
					</trkpt>
					<trkpt lat="46.507850" lon="4.864420">
						<ele>228</ele>
						<time>2026-02-16T16:30:25Z</time>
					</trkpt>
					<trkpt lat="46.508210" lon="4.863790">
						<ele>228</ele>
						<time>2026-02-16T16:30:35Z</time>
					</trkpt>
					<trkpt lat="46.508270" lon="4.863690">
						<ele>228</ele>
						<time>2026-02-16T16:30:37Z</time>
					</trkpt>
					<trkpt lat="46.508340" lon="4.863600">
						<ele>228</ele>
						<time>2026-02-16T16:30:39Z</time>
					</trkpt>
					<trkpt lat="46.508660" lon="4.863260">
						<ele>229</ele>
						<time>2026-02-16T16:30:46Z</time>
					</trkpt>
					<trkpt lat="46.509020" lon="4.862890">
						<ele>231</ele>
						<time>2026-02-16T16:30:53Z</time>
					</trkpt>
					</trkseg>
				</trk>
			</gpx>