<?xml version="1.0" encoding="UTF-8" ?>
<gpx version="1.1" xmlns:xsi="http://www.w3.org/2001/XMLSchema-instance" 
    xmlns="http://www.topografix.com/GPX/1/1"
    xsi:schemaLocation="http://www.topografix.com/GPX/1/1 http://www.topografix.com/GPX/1/1/gpx.xsd" 
    creator="Openrunner - https://www.openrunner.com" >	<trk>
	                   <name>CSL 2026 Etape 3 Digoin - Saint Vallier-22381149</name>
						<trkseg>
					<trkpt lat="46.481910" lon="3.985380">
						<ele>235</ele>
						<time>2026-02-16T09:12:10Z</time>
					</trkpt>
					<trkpt lat="46.481940" lon="3.985510">
						<ele>235</ele>
						<time>2026-02-16T09:12:12Z</time>
					</trkpt>
					<trkpt lat="46.482750" lon="3.984930">
						<ele>233</ele>
						<time>2026-02-16T09:12:28Z</time>
					</trkpt>
					<trkpt lat="46.483060" lon="3.985410">
						<ele>232</ele>
						<time>2026-02-16T09:12:36Z</time>
					</trkpt>
					<trkpt lat="46.483100" lon="3.985470">
						<ele>232</ele>
						<time>2026-02-16T09:12:37Z</time>
					</trkpt>
					<trkpt lat="46.483140" lon="3.985540">
						<ele>232</ele>
						<time>2026-02-16T09:12:38Z</time>
					</trkpt>
					<trkpt lat="46.483220" lon="3.985690">
						<ele>231</ele>
						<time>2026-02-16T09:12:40Z</time>
					</trkpt>
					<trkpt lat="46.483280" lon="3.985570">
						<ele>231</ele>
						<time>2026-02-16T09:12:42Z</time>
					</trkpt>
					<trkpt lat="46.483370" lon="3.985460">
						<ele>231</ele>
						<time>2026-02-16T09:12:44Z</time>
					</trkpt>
					<trkpt lat="46.483440" lon="3.985320">
						<ele>231</ele>
						<time>2026-02-16T09:12:46Z</time>
					</trkpt>
					<trkpt lat="46.483510" lon="3.985100">
						<ele>231</ele>
						<time>2026-02-16T09:12:49Z</time>
					</trkpt>
					<trkpt lat="46.483550" lon="3.984950">
						<ele>231</ele>
						<time>2026-02-16T09:12:51Z</time>
					</trkpt>
					<trkpt lat="46.483610" lon="3.984620">
						<ele>232</ele>
						<time>2026-02-16T09:12:55Z</time>
					</trkpt>
					<trkpt lat="46.483620" lon="3.984500">
						<ele>232</ele>
						<time>2026-02-16T09:12:57Z</time>
					</trkpt>
					<trkpt lat="46.483650" lon="3.984200">
						<ele>232</ele>
						<time>2026-02-16T09:13:01Z</time>
					</trkpt>
					<trkpt lat="46.483660" lon="3.984110">
						<ele>232</ele>
						<time>2026-02-16T09:13:02Z</time>
					</trkpt>
					<trkpt lat="46.483660" lon="3.983940">
						<ele>232</ele>
						<time>2026-02-16T09:13:04Z</time>
					</trkpt>
					<trkpt lat="46.483660" lon="3.983790">
						<ele>232</ele>
						<time>2026-02-16T09:13:06Z</time>
					</trkpt>
					<trkpt lat="46.483630" lon="3.983540">
						<ele>231</ele>
						<time>2026-02-16T09:13:09Z</time>
					</trkpt>
					<trkpt lat="46.483540" lon="3.983230">
						<ele>231</ele>
						<time>2026-02-16T09:13:13Z</time>
					</trkpt>
					<trkpt lat="46.483430" lon="3.983020">
						<ele>231</ele>
						<time>2026-02-16T09:13:16Z</time>
					</trkpt>
					<trkpt lat="46.483220" lon="3.982560">
						<ele>230</ele>
						<time>2026-02-16T09:13:23Z</time>
					</trkpt>
					<trkpt lat="46.483200" lon="3.982510">
						<ele>230</ele>
						<time>2026-02-16T09:13:24Z</time>
					</trkpt>
					<trkpt lat="46.482980" lon="3.982040">
						<ele>230</ele>
						<time>2026-02-16T09:13:31Z</time>
					</trkpt>
					<trkpt lat="46.482870" lon="3.981710">
						<ele>230</ele>
						<time>2026-02-16T09:13:35Z</time>
					</trkpt>
					<trkpt lat="46.482810" lon="3.981390">
						<ele>230</ele>
						<time>2026-02-16T09:13:39Z</time>
					</trkpt>
					<trkpt lat="46.482800" lon="3.981170">
						<ele>230</ele>
						<time>2026-02-16T09:13:42Z</time>
					</trkpt>
					<trkpt lat="46.482800" lon="3.980980">
						<ele>230</ele>
						<time>2026-02-16T09:13:44Z</time>
					</trkpt>
					<trkpt lat="46.482790" lon="3.980840">
						<ele>230</ele>
						<time>2026-02-16T09:13:46Z</time>
					</trkpt>
					<trkpt lat="46.482790" lon="3.980760">
						<ele>230</ele>
						<time>2026-02-16T09:13:47Z</time>
					</trkpt>
					<trkpt lat="46.482810" lon="3.980630">
						<ele>230</ele>
						<time>2026-02-16T09:13:48Z</time>
					</trkpt>
					<trkpt lat="46.482830" lon="3.980470">
						<ele>230</ele>
						<time>2026-02-16T09:13:50Z</time>
					</trkpt>
					<trkpt lat="46.482890" lon="3.980050">
						<ele>229</ele>
						<time>2026-02-16T09:13:56Z</time>
					</trkpt>
					<trkpt lat="46.483160" lon="3.978170">
						<ele>226</ele>
						<time>2026-02-16T09:14:19Z</time>
					</trkpt>
					<trkpt lat="46.483310" lon="3.977070">
						<ele>228</ele>
						<time>2026-02-16T09:14:33Z</time>
					</trkpt>
					<trkpt lat="46.483330" lon="3.976810">
						<ele>229</ele>
						<time>2026-02-16T09:14:36Z</time>
					</trkpt>
					<trkpt lat="46.483340" lon="3.976660">
						<ele>229</ele>
						<time>2026-02-16T09:14:38Z</time>
					</trkpt>
					<trkpt lat="46.483320" lon="3.976410">
						<ele>228</ele>
						<time>2026-02-16T09:14:41Z</time>
					</trkpt>
					<trkpt lat="46.483290" lon="3.976160">
						<ele>228</ele>
						<time>2026-02-16T09:14:44Z</time>
					</trkpt>
					<trkpt lat="46.483260" lon="3.976030">
						<ele>228</ele>
						<time>2026-02-16T09:14:46Z</time>
					</trkpt>
					<trkpt lat="46.483210" lon="3.975860">
						<ele>227</ele>
						<time>2026-02-16T09:14:48Z</time>
					</trkpt>
					<trkpt lat="46.482990" lon="3.975330">
						<ele>228</ele>
						<time>2026-02-16T09:14:56Z</time>
					</trkpt>
					<trkpt lat="46.482930" lon="3.975200">
						<ele>228</ele>
						<time>2026-02-16T09:14:58Z</time>
					</trkpt>
					<trkpt lat="46.482660" lon="3.974590">
						<ele>227</ele>
						<time>2026-02-16T09:15:07Z</time>
					</trkpt>
					<trkpt lat="46.482600" lon="3.974470">
						<ele>227</ele>
						<time>2026-02-16T09:15:08Z</time>
					</trkpt>
					<trkpt lat="46.482190" lon="3.973550">
						<ele>227</ele>
						<time>2026-02-16T09:15:22Z</time>
					</trkpt>
					<trkpt lat="46.481990" lon="3.973120">
						<ele>227</ele>
						<time>2026-02-16T09:15:28Z</time>
					</trkpt>
					<trkpt lat="46.481750" lon="3.972590">
						<ele>228</ele>
						<time>2026-02-16T09:15:36Z</time>
					</trkpt>
					<trkpt lat="46.481570" lon="3.972200">
						<ele>228</ele>
						<time>2026-02-16T09:15:42Z</time>
					</trkpt>
					<trkpt lat="46.481580" lon="3.971900">
						<ele>228</ele>
						<time>2026-02-16T09:15:45Z</time>
					</trkpt>
					<trkpt lat="46.481620" lon="3.971680">
						<ele>228</ele>
						<time>2026-02-16T09:15:48Z</time>
					</trkpt>
					<trkpt lat="46.481770" lon="3.971550">
						<ele>228</ele>
						<time>2026-02-16T09:15:51Z</time>
					</trkpt>
					<trkpt lat="46.481910" lon="3.971470">
						<ele>228</ele>
						<time>2026-02-16T09:15:54Z</time>
					</trkpt>
					<trkpt lat="46.482300" lon="3.971240">
						<ele>227</ele>
						<time>2026-02-16T09:16:01Z</time>
					</trkpt>
					<trkpt lat="46.482540" lon="3.971100">
						<ele>227</ele>
						<time>2026-02-16T09:16:06Z</time>
					</trkpt>
					<trkpt lat="46.482850" lon="3.970940">
						<ele>227</ele>
						<time>2026-02-16T09:16:12Z</time>
					</trkpt>
					<trkpt lat="46.483240" lon="3.970730">
						<ele>228</ele>
						<time>2026-02-16T09:16:19Z</time>
					</trkpt>
					<trkpt lat="46.484000" lon="3.970310">
						<ele>227</ele>
						<time>2026-02-16T09:16:34Z</time>
					</trkpt>
					<trkpt lat="46.485990" lon="3.969180">
						<ele>224</ele>
						<time>2026-02-16T09:17:12Z</time>
					</trkpt>
					<trkpt lat="46.487090" lon="3.968610">
						<ele>224</ele>
						<time>2026-02-16T09:17:33Z</time>
					</trkpt>
					<trkpt lat="46.488150" lon="3.968010">
						<ele>225</ele>
						<time>2026-02-16T09:17:53Z</time>
					</trkpt>
					<trkpt lat="46.488630" lon="3.967760">
						<ele>226</ele>
						<time>2026-02-16T09:18:02Z</time>
					</trkpt>
					<trkpt lat="46.491270" lon="3.966310">
						<ele>229</ele>
						<time>2026-02-16T09:18:52Z</time>
					</trkpt>
					<trkpt lat="46.491350" lon="3.966240">
						<ele>230</ele>
						<time>2026-02-16T09:18:54Z</time>
					</trkpt>
					<trkpt lat="46.491420" lon="3.966140">
						<ele>230</ele>
						<time>2026-02-16T09:18:55Z</time>
					</trkpt>
					<trkpt lat="46.491490" lon="3.966030">
						<ele>231</ele>
						<time>2026-02-16T09:18:57Z</time>
					</trkpt>
					<trkpt lat="46.491550" lon="3.965890">
						<ele>231</ele>
						<time>2026-02-16T09:18:59Z</time>
					</trkpt>
					<trkpt lat="46.491600" lon="3.965720">
						<ele>231</ele>
						<time>2026-02-16T09:19:02Z</time>
					</trkpt>
					<trkpt lat="46.491640" lon="3.965560">
						<ele>231</ele>
						<time>2026-02-16T09:19:04Z</time>
					</trkpt>
					<trkpt lat="46.491660" lon="3.965370">
						<ele>230</ele>
						<time>2026-02-16T09:19:06Z</time>
					</trkpt>
					<trkpt lat="46.491680" lon="3.965160">
						<ele>230</ele>
						<time>2026-02-16T09:19:09Z</time>
					</trkpt>
					<trkpt lat="46.491680" lon="3.965150">
						<ele>230</ele>
						<time>2026-02-16T09:19:09Z</time>
					</trkpt>
					<trkpt lat="46.491720" lon="3.964650">
						<ele>231</ele>
						<time>2026-02-16T09:19:15Z</time>
					</trkpt>
					<trkpt lat="46.491770" lon="3.964000">
						<ele>233</ele>
						<time>2026-02-16T09:19:23Z</time>
					</trkpt>
					<trkpt lat="46.491880" lon="3.962510">
						<ele>236</ele>
						<time>2026-02-16T09:19:41Z</time>
					</trkpt>
					<trkpt lat="46.492020" lon="3.960920">
						<ele>237</ele>
						<time>2026-02-16T09:20:01Z</time>
					</trkpt>
					<trkpt lat="46.492060" lon="3.960580">
						<ele>237</ele>
						<time>2026-02-16T09:20:05Z</time>
					</trkpt>
					<trkpt lat="46.492100" lon="3.960150">
						<ele>236</ele>
						<time>2026-02-16T09:20:10Z</time>
					</trkpt>
					<trkpt lat="46.492110" lon="3.959880">
						<ele>236</ele>
						<time>2026-02-16T09:20:14Z</time>
					</trkpt>
					<trkpt lat="46.492090" lon="3.959620">
						<ele>234</ele>
						<time>2026-02-16T09:20:17Z</time>
					</trkpt>
					<trkpt lat="46.492000" lon="3.959050">
						<ele>231</ele>
						<time>2026-02-16T09:20:24Z</time>
					</trkpt>
					<trkpt lat="46.491850" lon="3.958190">
						<ele>228</ele>
						<time>2026-02-16T09:20:35Z</time>
					</trkpt>
					<trkpt lat="46.491820" lon="3.958050">
						<ele>228</ele>
						<time>2026-02-16T09:20:37Z</time>
					</trkpt>
					<trkpt lat="46.491820" lon="3.957910">
						<ele>228</ele>
						<time>2026-02-16T09:20:39Z</time>
					</trkpt>
					<trkpt lat="46.491830" lon="3.957800">
						<ele>228</ele>
						<time>2026-02-16T09:20:40Z</time>
					</trkpt>
					<trkpt lat="46.491960" lon="3.957070">
						<ele>229</ele>
						<time>2026-02-16T09:20:49Z</time>
					</trkpt>
					<trkpt lat="46.492000" lon="3.956910">
						<ele>229</ele>
						<time>2026-02-16T09:20:51Z</time>
					</trkpt>
					<trkpt lat="46.492040" lon="3.956800">
						<ele>230</ele>
						<time>2026-02-16T09:20:53Z</time>
					</trkpt>
					<trkpt lat="46.492450" lon="3.955720">
						<ele>232</ele>
						<time>2026-02-16T09:21:08Z</time>
					</trkpt>
					<trkpt lat="46.492580" lon="3.955270">
						<ele>232</ele>
						<time>2026-02-16T09:21:14Z</time>
					</trkpt>
					<trkpt lat="46.492980" lon="3.953780">
						<ele>237</ele>
						<time>2026-02-16T09:21:33Z</time>
					</trkpt>
					<trkpt lat="46.493020" lon="3.953590">
						<ele>236</ele>
						<time>2026-02-16T09:21:36Z</time>
					</trkpt>
					<trkpt lat="46.493050" lon="3.953410">
						<ele>236</ele>
						<time>2026-02-16T09:21:38Z</time>
					</trkpt>
					<trkpt lat="46.493090" lon="3.953040">
						<ele>237</ele>
						<time>2026-02-16T09:21:43Z</time>
					</trkpt>
					<trkpt lat="46.493380" lon="3.950400">
						<ele>237</ele>
						<time>2026-02-16T09:22:15Z</time>
					</trkpt>
					<trkpt lat="46.493410" lon="3.950150">
						<ele>236</ele>
						<time>2026-02-16T09:22:19Z</time>
					</trkpt>
					<trkpt lat="46.493570" lon="3.949300">
						<ele>238</ele>
						<time>2026-02-16T09:22:29Z</time>
					</trkpt>
					<trkpt lat="46.493590" lon="3.949150">
						<ele>238</ele>
						<time>2026-02-16T09:22:31Z</time>
					</trkpt>
					<trkpt lat="46.493600" lon="3.948980">
						<ele>238</ele>
						<time>2026-02-16T09:22:33Z</time>
					</trkpt>
					<trkpt lat="46.493550" lon="3.948510">
						<ele>236</ele>
						<time>2026-02-16T09:22:39Z</time>
					</trkpt>
					<trkpt lat="46.493550" lon="3.948340">
						<ele>235</ele>
						<time>2026-02-16T09:22:41Z</time>
					</trkpt>
					<trkpt lat="46.493620" lon="3.947300">
						<ele>236</ele>
						<time>2026-02-16T09:22:54Z</time>
					</trkpt>
					<trkpt lat="46.493630" lon="3.946950">
						<ele>236</ele>
						<time>2026-02-16T09:22:58Z</time>
					</trkpt>
					<trkpt lat="46.493630" lon="3.946590">
						<ele>235</ele>
						<time>2026-02-16T09:23:03Z</time>
					</trkpt>
					<trkpt lat="46.493610" lon="3.945870">
						<ele>237</ele>
						<time>2026-02-16T09:23:12Z</time>
					</trkpt>
					<trkpt lat="46.493550" lon="3.942710">
						<ele>233</ele>
						<time>2026-02-16T09:23:50Z</time>
					</trkpt>
					<trkpt lat="46.493510" lon="3.940820">
						<ele>230</ele>
						<time>2026-02-16T09:24:13Z</time>
					</trkpt>
					<trkpt lat="46.493510" lon="3.940590">
						<ele>230</ele>
						<time>2026-02-16T09:24:16Z</time>
					</trkpt>
					<trkpt lat="46.493530" lon="3.940360">
						<ele>229</ele>
						<time>2026-02-16T09:24:19Z</time>
					</trkpt>
					<trkpt lat="46.493550" lon="3.940220">
						<ele>229</ele>
						<time>2026-02-16T09:24:21Z</time>
					</trkpt>
					<trkpt lat="46.493630" lon="3.939730">
						<ele>230</ele>
						<time>2026-02-16T09:24:27Z</time>
					</trkpt>
					<trkpt lat="46.493670" lon="3.939460">
						<ele>230</ele>
						<time>2026-02-16T09:24:30Z</time>
					</trkpt>
					<trkpt lat="46.493690" lon="3.939350">
						<ele>231</ele>
						<time>2026-02-16T09:24:32Z</time>
					</trkpt>
					<trkpt lat="46.493740" lon="3.939340">
						<ele>231</ele>
						<time>2026-02-16T09:24:33Z</time>
					</trkpt>
					<trkpt lat="46.494050" lon="3.939210">
						<ele>232</ele>
						<time>2026-02-16T09:24:38Z</time>
					</trkpt>
					<trkpt lat="46.494160" lon="3.939180">
						<ele>232</ele>
						<time>2026-02-16T09:24:40Z</time>
					</trkpt>
					<trkpt lat="46.494200" lon="3.939180">
						<ele>232</ele>
						<time>2026-02-16T09:24:41Z</time>
					</trkpt>
					<trkpt lat="46.494330" lon="3.939150">
						<ele>234</ele>
						<time>2026-02-16T09:24:43Z</time>
					</trkpt>
					<trkpt lat="46.494400" lon="3.939180">
						<ele>234</ele>
						<time>2026-02-16T09:24:45Z</time>
					</trkpt>
					<trkpt lat="46.494740" lon="3.939210">
						<ele>237</ele>
						<time>2026-02-16T09:24:51Z</time>
					</trkpt>
					<trkpt lat="46.495360" lon="3.939340">
						<ele>239</ele>
						<time>2026-02-16T09:25:02Z</time>
					</trkpt>
					<trkpt lat="46.495450" lon="3.939340">
						<ele>240</ele>
						<time>2026-02-16T09:25:04Z</time>
					</trkpt>
					<trkpt lat="46.495620" lon="3.939340">
						<ele>240</ele>
						<time>2026-02-16T09:25:07Z</time>
					</trkpt>
					<trkpt lat="46.495730" lon="3.939310">
						<ele>241</ele>
						<time>2026-02-16T09:25:09Z</time>
					</trkpt>
					<trkpt lat="46.496110" lon="3.939190">
						<ele>242</ele>
						<time>2026-02-16T09:25:16Z</time>
					</trkpt>
					<trkpt lat="46.496230" lon="3.939170">
						<ele>243</ele>
						<time>2026-02-16T09:25:18Z</time>
					</trkpt>
					<trkpt lat="46.496460" lon="3.939180">
						<ele>243</ele>
						<time>2026-02-16T09:25:22Z</time>
					</trkpt>
					<trkpt lat="46.496550" lon="3.939210">
						<ele>243</ele>
						<time>2026-02-16T09:25:23Z</time>
					</trkpt>
					<trkpt lat="46.496650" lon="3.939260">
						<ele>243</ele>
						<time>2026-02-16T09:25:25Z</time>
					</trkpt>
					<trkpt lat="46.497850" lon="3.940020">
						<ele>244</ele>
						<time>2026-02-16T09:25:49Z</time>
					</trkpt>
					<trkpt lat="46.498060" lon="3.940170">
						<ele>245</ele>
						<time>2026-02-16T09:25:53Z</time>
					</trkpt>
					<trkpt lat="46.498250" lon="3.940390">
						<ele>245</ele>
						<time>2026-02-16T09:25:57Z</time>
					</trkpt>
					<trkpt lat="46.498350" lon="3.940510">
						<ele>245</ele>
						<time>2026-02-16T09:25:59Z</time>
					</trkpt>
					<trkpt lat="46.498610" lon="3.940760">
						<ele>245</ele>
						<time>2026-02-16T09:26:05Z</time>
					</trkpt>
					<trkpt lat="46.499040" lon="3.941140">
						<ele>247</ele>
						<time>2026-02-16T09:26:14Z</time>
					</trkpt>
					<trkpt lat="46.499480" lon="3.941550">
						<ele>248</ele>
						<time>2026-02-16T09:26:23Z</time>
					</trkpt>
					<trkpt lat="46.499630" lon="3.941730">
						<ele>248</ele>
						<time>2026-02-16T09:26:27Z</time>
					</trkpt>
					<trkpt lat="46.499730" lon="3.941880">
						<ele>248</ele>
						<time>2026-02-16T09:26:29Z</time>
					</trkpt>
					<trkpt lat="46.500100" lon="3.942450">
						<ele>246</ele>
						<time>2026-02-16T09:26:39Z</time>
					</trkpt>
					<trkpt lat="46.501160" lon="3.944130">
						<ele>249</ele>
						<time>2026-02-16T09:27:07Z</time>
					</trkpt>
					<trkpt lat="46.501800" lon="3.945180">
						<ele>254</ele>
						<time>2026-02-16T09:27:24Z</time>
					</trkpt>
					<trkpt lat="46.501970" lon="3.945360">
						<ele>255</ele>
						<time>2026-02-16T09:27:28Z</time>
					</trkpt>
					<trkpt lat="46.502110" lon="3.945480">
						<ele>256</ele>
						<time>2026-02-16T09:27:31Z</time>
					</trkpt>
					<trkpt lat="46.502330" lon="3.945580">
						<ele>256</ele>
						<time>2026-02-16T09:27:35Z</time>
					</trkpt>
					<trkpt lat="46.502420" lon="3.945610">
						<ele>256</ele>
						<time>2026-02-16T09:27:36Z</time>
					</trkpt>
					<trkpt lat="46.502810" lon="3.945740">
						<ele>256</ele>
						<time>2026-02-16T09:27:43Z</time>
					</trkpt>
					<trkpt lat="46.502970" lon="3.945780">
						<ele>256</ele>
						<time>2026-02-16T09:27:46Z</time>
					</trkpt>
					<trkpt lat="46.503100" lon="3.945860">
						<ele>256</ele>
						<time>2026-02-16T09:27:49Z</time>
					</trkpt>
					<trkpt lat="46.503480" lon="3.946230">
						<ele>259</ele>
						<time>2026-02-16T09:27:57Z</time>
					</trkpt>
					<trkpt lat="46.504010" lon="3.946720">
						<ele>262</ele>
						<time>2026-02-16T09:28:08Z</time>
					</trkpt>
					<trkpt lat="46.504140" lon="3.946850">
						<ele>263</ele>
						<time>2026-02-16T09:28:11Z</time>
					</trkpt>
					<trkpt lat="46.504560" lon="3.947270">
						<ele>266</ele>
						<time>2026-02-16T09:28:20Z</time>
					</trkpt>
					<trkpt lat="46.505380" lon="3.947810">
						<ele>264</ele>
						<time>2026-02-16T09:28:36Z</time>
					</trkpt>
					<trkpt lat="46.506030" lon="3.948330">
						<ele>266</ele>
						<time>2026-02-16T09:28:49Z</time>
					</trkpt>
					<trkpt lat="46.506510" lon="3.948590">
						<ele>266</ele>
						<time>2026-02-16T09:28:58Z</time>
					</trkpt>
					<trkpt lat="46.506660" lon="3.948620">
						<ele>266</ele>
						<time>2026-02-16T09:29:01Z</time>
					</trkpt>
					<trkpt lat="46.506840" lon="3.948740">
						<ele>266</ele>
						<time>2026-02-16T09:29:05Z</time>
					</trkpt>
					<trkpt lat="46.506880" lon="3.948880">
						<ele>267</ele>
						<time>2026-02-16T09:29:06Z</time>
					</trkpt>
					<trkpt lat="46.507100" lon="3.949030">
						<ele>266</ele>
						<time>2026-02-16T09:29:11Z</time>
					</trkpt>
					<trkpt lat="46.507190" lon="3.949120">
						<ele>266</ele>
						<time>2026-02-16T09:29:13Z</time>
					</trkpt>
					<trkpt lat="46.507270" lon="3.949180">
						<ele>266</ele>
						<time>2026-02-16T09:29:14Z</time>
					</trkpt>
					<trkpt lat="46.507470" lon="3.949430">
						<ele>266</ele>
						<time>2026-02-16T09:29:19Z</time>
					</trkpt>
					<trkpt lat="46.507850" lon="3.950000">
						<ele>266</ele>
						<time>2026-02-16T09:29:29Z</time>
					</trkpt>
					<trkpt lat="46.508110" lon="3.950420">
						<ele>267</ele>
						<time>2026-02-16T09:29:36Z</time>
					</trkpt>
					<trkpt lat="46.508430" lon="3.951060">
						<ele>270</ele>
						<time>2026-02-16T09:29:45Z</time>
					</trkpt>
					<trkpt lat="46.508490" lon="3.951180">
						<ele>271</ele>
						<time>2026-02-16T09:29:47Z</time>
					</trkpt>
					<trkpt lat="46.508780" lon="3.951510">
						<ele>272</ele>
						<time>2026-02-16T09:29:54Z</time>
					</trkpt>
					<trkpt lat="46.509130" lon="3.951830">
						<ele>272</ele>
						<time>2026-02-16T09:30:01Z</time>
					</trkpt>
					<trkpt lat="46.509870" lon="3.952480">
						<ele>272</ele>
						<time>2026-02-16T09:30:16Z</time>
					</trkpt>
					<trkpt lat="46.510210" lon="3.952910">
						<ele>277</ele>
						<time>2026-02-16T09:30:24Z</time>
					</trkpt>
					<trkpt lat="46.510400" lon="3.953200">
						<ele>279</ele>
						<time>2026-02-16T09:30:29Z</time>
					</trkpt>
					<trkpt lat="46.510590" lon="3.953510">
						<ele>281</ele>
						<time>2026-02-16T09:30:34Z</time>
					</trkpt>
					<trkpt lat="46.510840" lon="3.953870">
						<ele>281</ele>
						<time>2026-02-16T09:30:41Z</time>
					</trkpt>
					<trkpt lat="46.511070" lon="3.954140">
						<ele>282</ele>
						<time>2026-02-16T09:30:46Z</time>
					</trkpt>
					<trkpt lat="46.511250" lon="3.954330">
						<ele>281</ele>
						<time>2026-02-16T09:30:50Z</time>
					</trkpt>
					<trkpt lat="46.511900" lon="3.955320">
						<ele>283</ele>
						<time>2026-02-16T09:31:07Z</time>
					</trkpt>
					<trkpt lat="46.512190" lon="3.955700">
						<ele>284</ele>
						<time>2026-02-16T09:31:14Z</time>
					</trkpt>
					<trkpt lat="46.512860" lon="3.956330">
						<ele>283</ele>
						<time>2026-02-16T09:31:28Z</time>
					</trkpt>
					<trkpt lat="46.513340" lon="3.957050">
						<ele>285</ele>
						<time>2026-02-16T09:31:40Z</time>
					</trkpt>
					<trkpt lat="46.513870" lon="3.958010">
						<ele>288</ele>
						<time>2026-02-16T09:31:55Z</time>
					</trkpt>
					<trkpt lat="46.514180" lon="3.958650">
						<ele>288</ele>
						<time>2026-02-16T09:32:05Z</time>
					</trkpt>
					<trkpt lat="46.514320" lon="3.958970">
						<ele>290</ele>
						<time>2026-02-16T09:32:09Z</time>
					</trkpt>
					<trkpt lat="46.514470" lon="3.959580">
						<ele>290</ele>
						<time>2026-02-16T09:32:17Z</time>
					</trkpt>
					<trkpt lat="46.514520" lon="3.959800">
						<ele>290</ele>
						<time>2026-02-16T09:32:20Z</time>
					</trkpt>
					<trkpt lat="46.514610" lon="3.960120">
						<ele>290</ele>
						<time>2026-02-16T09:32:24Z</time>
					</trkpt>
					<trkpt lat="46.514690" lon="3.960340">
						<ele>290</ele>
						<time>2026-02-16T09:32:27Z</time>
					</trkpt>
					<trkpt lat="46.514840" lon="3.960640">
						<ele>289</ele>
						<time>2026-02-16T09:32:32Z</time>
					</trkpt>
					<trkpt lat="46.514940" lon="3.960890">
						<ele>289</ele>
						<time>2026-02-16T09:32:35Z</time>
					</trkpt>
					<trkpt lat="46.515060" lon="3.961290">
						<ele>291</ele>
						<time>2026-02-16T09:32:41Z</time>
					</trkpt>
					<trkpt lat="46.515210" lon="3.962500">
						<ele>299</ele>
						<time>2026-02-16T09:32:56Z</time>
					</trkpt>
					<trkpt lat="46.515290" lon="3.962760">
						<ele>300</ele>
						<time>2026-02-16T09:32:59Z</time>
					</trkpt>
					<trkpt lat="46.515460" lon="3.963010">
						<ele>299</ele>
						<time>2026-02-16T09:33:04Z</time>
					</trkpt>
					<trkpt lat="46.515690" lon="3.963450">
						<ele>298</ele>
						<time>2026-02-16T09:33:10Z</time>
					</trkpt>
					<trkpt lat="46.515880" lon="3.963890">
						<ele>300</ele>
						<time>2026-02-16T09:33:17Z</time>
					</trkpt>
					<trkpt lat="46.516020" lon="3.964470">
						<ele>304</ele>
						<time>2026-02-16T09:33:24Z</time>
					</trkpt>
					<trkpt lat="46.516200" lon="3.965070">
						<ele>306</ele>
						<time>2026-02-16T09:33:32Z</time>
					</trkpt>
					<trkpt lat="46.516350" lon="3.965360">
						<ele>306</ele>
						<time>2026-02-16T09:33:37Z</time>
					</trkpt>
					<trkpt lat="46.516510" lon="3.965570">
						<ele>305</ele>
						<time>2026-02-16T09:33:41Z</time>
					</trkpt>
					<trkpt lat="46.516670" lon="3.965740">
						<ele>304</ele>
						<time>2026-02-16T09:33:44Z</time>
					</trkpt>
					<trkpt lat="46.516840" lon="3.965980">
						<ele>304</ele>
						<time>2026-02-16T09:33:48Z</time>
					</trkpt>
					<trkpt lat="46.516990" lon="3.966250">
						<ele>305</ele>
						<time>2026-02-16T09:33:53Z</time>
					</trkpt>
					<trkpt lat="46.517120" lon="3.966530">
						<ele>305</ele>
						<time>2026-02-16T09:33:57Z</time>
					</trkpt>
					<trkpt lat="46.517190" lon="3.966750">
						<ele>305</ele>
						<time>2026-02-16T09:34:00Z</time>
					</trkpt>
					<trkpt lat="46.517300" lon="3.967180">
						<ele>305</ele>
						<time>2026-02-16T09:34:05Z</time>
					</trkpt>
					<trkpt lat="46.517360" lon="3.967450">
						<ele>307</ele>
						<time>2026-02-16T09:34:09Z</time>
					</trkpt>
					<trkpt lat="46.517480" lon="3.967690">
						<ele>307</ele>
						<time>2026-02-16T09:34:12Z</time>
					</trkpt>
					<trkpt lat="46.517650" lon="3.967940">
						<ele>307</ele>
						<time>2026-02-16T09:34:17Z</time>
					</trkpt>
					<trkpt lat="46.518150" lon="3.968650">
						<ele>308</ele>
						<time>2026-02-16T09:34:29Z</time>
					</trkpt>
					<trkpt lat="46.518360" lon="3.969030">
						<ele>309</ele>
						<time>2026-02-16T09:34:35Z</time>
					</trkpt>
					<trkpt lat="46.518430" lon="3.969270">
						<ele>310</ele>
						<time>2026-02-16T09:34:38Z</time>
					</trkpt>
					<trkpt lat="46.518480" lon="3.969530">
						<ele>311</ele>
						<time>2026-02-16T09:34:42Z</time>
					</trkpt>
					<trkpt lat="46.518530" lon="3.969830">
						<ele>313</ele>
						<time>2026-02-16T09:34:45Z</time>
					</trkpt>
					<trkpt lat="46.518600" lon="3.970000">
						<ele>313</ele>
						<time>2026-02-16T09:34:48Z</time>
					</trkpt>
					<trkpt lat="46.518710" lon="3.970040">
						<ele>312</ele>
						<time>2026-02-16T09:34:50Z</time>
					</trkpt>
					<trkpt lat="46.518780" lon="3.970060">
						<ele>312</ele>
						<time>2026-02-16T09:34:51Z</time>
					</trkpt>
					<trkpt lat="46.518970" lon="3.969980">
						<ele>310</ele>
						<time>2026-02-16T09:34:55Z</time>
					</trkpt>
					<trkpt lat="46.519160" lon="3.969960">
						<ele>309</ele>
						<time>2026-02-16T09:34:58Z</time>
					</trkpt>
					<trkpt lat="46.519340" lon="3.970020">
						<ele>309</ele>
						<time>2026-02-16T09:35:01Z</time>
					</trkpt>
					<trkpt lat="46.520050" lon="3.970640">
						<ele>312</ele>
						<time>2026-02-16T09:35:16Z</time>
					</trkpt>
					<trkpt lat="46.520240" lon="3.970790">
						<ele>313</ele>
						<time>2026-02-16T09:35:20Z</time>
					</trkpt>
					<trkpt lat="46.520590" lon="3.970960">
						<ele>314</ele>
						<time>2026-02-16T09:35:26Z</time>
					</trkpt>
					<trkpt lat="46.520750" lon="3.971020">
						<ele>314</ele>
						<time>2026-02-16T09:35:29Z</time>
					</trkpt>
					<trkpt lat="46.521050" lon="3.971140">
						<ele>315</ele>
						<time>2026-02-16T09:35:35Z</time>
					</trkpt>
					<trkpt lat="46.521260" lon="3.971250">
						<ele>315</ele>
						<time>2026-02-16T09:35:39Z</time>
					</trkpt>
					<trkpt lat="46.521520" lon="3.971480">
						<ele>317</ele>
						<time>2026-02-16T09:35:44Z</time>
					</trkpt>
					<trkpt lat="46.521640" lon="3.971630">
						<ele>318</ele>
						<time>2026-02-16T09:35:47Z</time>
					</trkpt>
					<trkpt lat="46.521850" lon="3.971990">
						<ele>320</ele>
						<time>2026-02-16T09:35:53Z</time>
					</trkpt>
					<trkpt lat="46.522050" lon="3.972400">
						<ele>322</ele>
						<time>2026-02-16T09:35:59Z</time>
					</trkpt>
					<trkpt lat="46.522200" lon="3.972600">
						<ele>323</ele>
						<time>2026-02-16T09:36:03Z</time>
					</trkpt>
					<trkpt lat="46.522360" lon="3.972750">
						<ele>324</ele>
						<time>2026-02-16T09:36:06Z</time>
					</trkpt>
					<trkpt lat="46.522510" lon="3.972830">
						<ele>324</ele>
						<time>2026-02-16T09:36:09Z</time>
					</trkpt>
					<trkpt lat="46.522690" lon="3.972830">
						<ele>325</ele>
						<time>2026-02-16T09:36:12Z</time>
					</trkpt>
					<trkpt lat="46.522730" lon="3.972810">
						<ele>325</ele>
						<time>2026-02-16T09:36:13Z</time>
					</trkpt>
					<trkpt lat="46.523070" lon="3.972680">
						<ele>325</ele>
						<time>2026-02-16T09:36:19Z</time>
					</trkpt>
					<trkpt lat="46.523690" lon="3.972410">
						<ele>326</ele>
						<time>2026-02-16T09:36:31Z</time>
					</trkpt>
					<trkpt lat="46.524000" lon="3.972270">
						<ele>326</ele>
						<time>2026-02-16T09:36:36Z</time>
					</trkpt>
					<trkpt lat="46.524320" lon="3.972110">
						<ele>326</ele>
						<time>2026-02-16T09:36:42Z</time>
					</trkpt>
					<trkpt lat="46.524820" lon="3.971760">
						<ele>325</ele>
						<time>2026-02-16T09:36:52Z</time>
					</trkpt>
					<trkpt lat="46.525090" lon="3.971540">
						<ele>325</ele>
						<time>2026-02-16T09:36:58Z</time>
					</trkpt>
					<trkpt lat="46.525470" lon="3.971240">
						<ele>326</ele>
						<time>2026-02-16T09:37:06Z</time>
					</trkpt>
					<trkpt lat="46.526840" lon="3.970300">
						<ele>325</ele>
						<time>2026-02-16T09:37:33Z</time>
					</trkpt>
					<trkpt lat="46.529110" lon="3.969050">
						<ele>328</ele>
						<time>2026-02-16T09:38:16Z</time>
					</trkpt>
					<trkpt lat="46.530010" lon="3.968500">
						<ele>330</ele>
						<time>2026-02-16T09:38:33Z</time>
					</trkpt>
					<trkpt lat="46.530380" lon="3.968320">
						<ele>332</ele>
						<time>2026-02-16T09:38:40Z</time>
					</trkpt>
					<trkpt lat="46.531070" lon="3.968090">
						<ele>334</ele>
						<time>2026-02-16T09:38:53Z</time>
					</trkpt>
					<trkpt lat="46.541640" lon="3.964200">
						<ele>336</ele>
						<time>2026-02-16T09:42:07Z</time>
					</trkpt>
					<trkpt lat="46.544600" lon="3.963110">
						<ele>334</ele>
						<time>2026-02-16T09:43:01Z</time>
					</trkpt>
					<trkpt lat="46.549420" lon="3.961350">
						<ele>338</ele>
						<time>2026-02-16T09:44:29Z</time>
					</trkpt>
					<trkpt lat="46.555630" lon="3.959270">
						<ele>336</ele>
						<time>2026-02-16T09:46:23Z</time>
					</trkpt>
					<trkpt lat="46.555930" lon="3.959270">
						<ele>336</ele>
						<time>2026-02-16T09:46:28Z</time>
					</trkpt>
					<trkpt lat="46.556270" lon="3.959400">
						<ele>336</ele>
						<time>2026-02-16T09:46:34Z</time>
					</trkpt>
					<trkpt lat="46.557330" lon="3.959890">
						<ele>338</ele>
						<time>2026-02-16T09:46:54Z</time>
					</trkpt>
					<trkpt lat="46.558110" lon="3.960230">
						<ele>339</ele>
						<time>2026-02-16T09:47:09Z</time>
					</trkpt>
					<trkpt lat="46.560470" lon="3.961270">
						<ele>337</ele>
						<time>2026-02-16T09:47:52Z</time>
					</trkpt>
					<trkpt lat="46.561150" lon="3.961520">
						<ele>336</ele>
						<time>2026-02-16T09:48:05Z</time>
					</trkpt>
					<trkpt lat="46.561380" lon="3.961570">
						<ele>335</ele>
						<time>2026-02-16T09:48:09Z</time>
					</trkpt>
					<trkpt lat="46.561420" lon="3.961570">
						<ele>335</ele>
						<time>2026-02-16T09:48:10Z</time>
					</trkpt>
					<trkpt lat="46.561560" lon="3.961600">
						<ele>335</ele>
						<time>2026-02-16T09:48:12Z</time>
					</trkpt>
					<trkpt lat="46.562610" lon="3.961800">
						<ele>340</ele>
						<time>2026-02-16T09:48:31Z</time>
					</trkpt>
					<trkpt lat="46.564620" lon="3.962230">
						<ele>344</ele>
						<time>2026-02-16T09:49:07Z</time>
					</trkpt>
					<trkpt lat="46.565580" lon="3.962400">
						<ele>346</ele>
						<time>2026-02-16T09:49:25Z</time>
					</trkpt>
					<trkpt lat="46.566230" lon="3.962420">
						<ele>347</ele>
						<time>2026-02-16T09:49:36Z</time>
					</trkpt>
					<trkpt lat="46.567880" lon="3.962340">
						<ele>345</ele>
						<time>2026-02-16T09:50:05Z</time>
					</trkpt>
					<trkpt lat="46.568500" lon="3.962230">
						<ele>342</ele>
						<time>2026-02-16T09:50:17Z</time>
					</trkpt>
					<trkpt lat="46.570670" lon="3.961870">
						<ele>338</ele>
						<time>2026-02-16T09:50:55Z</time>
					</trkpt>
					<trkpt lat="46.571570" lon="3.961720">
						<ele>335</ele>
						<time>2026-02-16T09:51:12Z</time>
					</trkpt>
					<trkpt lat="46.572270" lon="3.961630">
						<ele>339</ele>
						<time>2026-02-16T09:51:24Z</time>
					</trkpt>
					<trkpt lat="46.574220" lon="3.961630">
						<ele>345</ele>
						<time>2026-02-16T09:51:59Z</time>
					</trkpt>
					<trkpt lat="46.574830" lon="3.961590">
						<ele>345</ele>
						<time>2026-02-16T09:52:10Z</time>
					</trkpt>
					<trkpt lat="46.575610" lon="3.961460">
						<ele>345</ele>
						<time>2026-02-16T09:52:24Z</time>
					</trkpt>
					<trkpt lat="46.576200" lon="3.961330">
						<ele>345</ele>
						<time>2026-02-16T09:52:34Z</time>
					</trkpt>
					<trkpt lat="46.576750" lon="3.961250">
						<ele>345</ele>
						<time>2026-02-16T09:52:44Z</time>
					</trkpt>
					<trkpt lat="46.577200" lon="3.961160">
						<ele>346</ele>
						<time>2026-02-16T09:52:52Z</time>
					</trkpt>
					<trkpt lat="46.577570" lon="3.961040">
						<ele>347</ele>
						<time>2026-02-16T09:52:59Z</time>
					</trkpt>
					<trkpt lat="46.578540" lon="3.960620">
						<ele>352</ele>
						<time>2026-02-16T09:53:17Z</time>
					</trkpt>
					<trkpt lat="46.579060" lon="3.960370">
						<ele>355</ele>
						<time>2026-02-16T09:53:27Z</time>
					</trkpt>
					<trkpt lat="46.579430" lon="3.960110">
						<ele>355</ele>
						<time>2026-02-16T09:53:34Z</time>
					</trkpt>
					<trkpt lat="46.579570" lon="3.959980">
						<ele>355</ele>
						<time>2026-02-16T09:53:37Z</time>
					</trkpt>
					<trkpt lat="46.580190" lon="3.959430">
						<ele>355</ele>
						<time>2026-02-16T09:53:50Z</time>
					</trkpt>
					<trkpt lat="46.580680" lon="3.958990">
						<ele>354</ele>
						<time>2026-02-16T09:54:00Z</time>
					</trkpt>
					<trkpt lat="46.580930" lon="3.958750">
						<ele>354</ele>
						<time>2026-02-16T09:54:05Z</time>
					</trkpt>
					<trkpt lat="46.581550" lon="3.958280">
						<ele>357</ele>
						<time>2026-02-16T09:54:18Z</time>
					</trkpt>
					<trkpt lat="46.582010" lon="3.958050">
						<ele>360</ele>
						<time>2026-02-16T09:54:26Z</time>
					</trkpt>
					<trkpt lat="46.583040" lon="3.957660">
						<ele>364</ele>
						<time>2026-02-16T09:54:45Z</time>
					</trkpt>
					<trkpt lat="46.583700" lon="3.957440">
						<ele>364</ele>
						<time>2026-02-16T09:54:57Z</time>
					</trkpt>
					<trkpt lat="46.583900" lon="3.957370">
						<ele>364</ele>
						<time>2026-02-16T09:55:01Z</time>
					</trkpt>
					<trkpt lat="46.583950" lon="3.957180">
						<ele>363</ele>
						<time>2026-02-16T09:55:04Z</time>
					</trkpt>
					<trkpt lat="46.584050" lon="3.956450">
						<ele>363</ele>
						<time>2026-02-16T09:55:13Z</time>
					</trkpt>
					<trkpt lat="46.584070" lon="3.956100">
						<ele>364</ele>
						<time>2026-02-16T09:55:17Z</time>
					</trkpt>
					<trkpt lat="46.584000" lon="3.954550">
						<ele>363</ele>
						<time>2026-02-16T09:55:36Z</time>
					</trkpt>
					<trkpt lat="46.583890" lon="3.952370">
						<ele>359</ele>
						<time>2026-02-16T09:56:03Z</time>
					</trkpt>
					<trkpt lat="46.583890" lon="3.952080">
						<ele>359</ele>
						<time>2026-02-16T09:56:06Z</time>
					</trkpt>
					<trkpt lat="46.583890" lon="3.951820">
						<ele>359</ele>
						<time>2026-02-16T09:56:09Z</time>
					</trkpt>
					<trkpt lat="46.584030" lon="3.950100">
						<ele>362</ele>
						<time>2026-02-16T09:56:31Z</time>
					</trkpt>
					<trkpt lat="46.584070" lon="3.949530">
						<ele>362</ele>
						<time>2026-02-16T09:56:38Z</time>
					</trkpt>
					<trkpt lat="46.584240" lon="3.947320">
						<ele>363</ele>
						<time>2026-02-16T09:57:05Z</time>
					</trkpt>
					<trkpt lat="46.584300" lon="3.946670">
						<ele>364</ele>
						<time>2026-02-16T09:57:13Z</time>
					</trkpt>
					<trkpt lat="46.584320" lon="3.946580">
						<ele>364</ele>
						<time>2026-02-16T09:57:14Z</time>
					</trkpt>
					<trkpt lat="46.584380" lon="3.946400">
						<ele>364</ele>
						<time>2026-02-16T09:57:16Z</time>
					</trkpt>
					<trkpt lat="46.584530" lon="3.946140">
						<ele>364</ele>
						<time>2026-02-16T09:57:21Z</time>
					</trkpt>
					<trkpt lat="46.584720" lon="3.945920">
						<ele>364</ele>
						<time>2026-02-16T09:57:25Z</time>
					</trkpt>
					<trkpt lat="46.585140" lon="3.945470">
						<ele>363</ele>
						<time>2026-02-16T09:57:34Z</time>
					</trkpt>
					<trkpt lat="46.585840" lon="3.944680">
						<ele>362</ele>
						<time>2026-02-16T09:57:50Z</time>
					</trkpt>
					<trkpt lat="46.585890" lon="3.944630">
						<ele>362</ele>
						<time>2026-02-16T09:57:51Z</time>
					</trkpt>
					<trkpt lat="46.586670" lon="3.943740">
						<ele>364</ele>
						<time>2026-02-16T09:58:09Z</time>
					</trkpt>
					<trkpt lat="46.586930" lon="3.943430">
						<ele>364</ele>
						<time>2026-02-16T09:58:15Z</time>
					</trkpt>
					<trkpt lat="46.587000" lon="3.943360">
						<ele>363</ele>
						<time>2026-02-16T09:58:16Z</time>
					</trkpt>
					<trkpt lat="46.587190" lon="3.943140">
						<ele>362</ele>
						<time>2026-02-16T09:58:21Z</time>
					</trkpt>
					<trkpt lat="46.587310" lon="3.942970">
						<ele>362</ele>
						<time>2026-02-16T09:58:24Z</time>
					</trkpt>
					<trkpt lat="46.587440" lon="3.942710">
						<ele>361</ele>
						<time>2026-02-16T09:58:27Z</time>
					</trkpt>
					<trkpt lat="46.587550" lon="3.942390">
						<ele>360</ele>
						<time>2026-02-16T09:58:32Z</time>
					</trkpt>
					<trkpt lat="46.587670" lon="3.941870">
						<ele>357</ele>
						<time>2026-02-16T09:58:39Z</time>
					</trkpt>
					<trkpt lat="46.587750" lon="3.941490">
						<ele>355</ele>
						<time>2026-02-16T09:58:43Z</time>
					</trkpt>
					<trkpt lat="46.587940" lon="3.940280">
						<ele>350</ele>
						<time>2026-02-16T09:58:59Z</time>
					</trkpt>
					<trkpt lat="46.587980" lon="3.939940">
						<ele>348</ele>
						<time>2026-02-16T09:59:03Z</time>
					</trkpt>
					<trkpt lat="46.588000" lon="3.938370">
						<ele>339</ele>
						<time>2026-02-16T09:59:22Z</time>
					</trkpt>
					<trkpt lat="46.588020" lon="3.938200">
						<ele>338</ele>
						<time>2026-02-16T09:59:24Z</time>
					</trkpt>
					<trkpt lat="46.588030" lon="3.938120">
						<ele>338</ele>
						<time>2026-02-16T09:59:25Z</time>
					</trkpt>
					<trkpt lat="46.588120" lon="3.937870">
						<ele>338</ele>
						<time>2026-02-16T09:59:29Z</time>
					</trkpt>
					<trkpt lat="46.588370" lon="3.937370">
						<ele>339</ele>
						<time>2026-02-16T09:59:36Z</time>
					</trkpt>
					<trkpt lat="46.588590" lon="3.936780">
						<ele>340</ele>
						<time>2026-02-16T09:59:44Z</time>
					</trkpt>
					<trkpt lat="46.588950" lon="3.935630">
						<ele>336</ele>
						<time>2026-02-16T10:00:00Z</time>
					</trkpt>
					<trkpt lat="46.589120" lon="3.935420">
						<ele>334</ele>
						<time>2026-02-16T10:00:04Z</time>
					</trkpt>
					<trkpt lat="46.589170" lon="3.935360">
						<ele>334</ele>
						<time>2026-02-16T10:00:05Z</time>
					</trkpt>
					<trkpt lat="46.589350" lon="3.935180">
						<ele>332</ele>
						<time>2026-02-16T10:00:09Z</time>
					</trkpt>
					<trkpt lat="46.589500" lon="3.935080">
						<ele>331</ele>
						<time>2026-02-16T10:00:12Z</time>
					</trkpt>
					<trkpt lat="46.589590" lon="3.935030">
						<ele>331</ele>
						<time>2026-02-16T10:00:13Z</time>
					</trkpt>
					<trkpt lat="46.589690" lon="3.934960">
						<ele>330</ele>
						<time>2026-02-16T10:00:15Z</time>
					</trkpt>
					<trkpt lat="46.589990" lon="3.934710">
						<ele>329</ele>
						<time>2026-02-16T10:00:22Z</time>
					</trkpt>
					<trkpt lat="46.590060" lon="3.934640">
						<ele>328</ele>
						<time>2026-02-16T10:00:23Z</time>
					</trkpt>
					<trkpt lat="46.590030" lon="3.934580">
						<ele>328</ele>
						<time>2026-02-16T10:00:24Z</time>
					</trkpt>
					<trkpt lat="46.590010" lon="3.934480">
						<ele>328</ele>
						<time>2026-02-16T10:00:25Z</time>
					</trkpt>
					<trkpt lat="46.589920" lon="3.934020">
						<ele>328</ele>
						<time>2026-02-16T10:00:31Z</time>
					</trkpt>
					<trkpt lat="46.589820" lon="3.933770">
						<ele>327</ele>
						<time>2026-02-16T10:00:35Z</time>
					</trkpt>
					<trkpt lat="46.589780" lon="3.933700">
						<ele>327</ele>
						<time>2026-02-16T10:00:36Z</time>
					</trkpt>
					<trkpt lat="46.589040" lon="3.932720">
						<ele>325</ele>
						<time>2026-02-16T10:00:54Z</time>
					</trkpt>
					<trkpt lat="46.588980" lon="3.932650">
						<ele>325</ele>
						<time>2026-02-16T10:00:55Z</time>
					</trkpt>
					<trkpt lat="46.588790" lon="3.932460">
						<ele>324</ele>
						<time>2026-02-16T10:00:59Z</time>
					</trkpt>
					<trkpt lat="46.588500" lon="3.932310">
						<ele>325</ele>
						<time>2026-02-16T10:01:04Z</time>
					</trkpt>
					<trkpt lat="46.588220" lon="3.932240">
						<ele>324</ele>
						<time>2026-02-16T10:01:10Z</time>
					</trkpt>
					<trkpt lat="46.588130" lon="3.932230">
						<ele>323</ele>
						<time>2026-02-16T10:01:11Z</time>
					</trkpt>
					<trkpt lat="46.588050" lon="3.932230">
						<ele>323</ele>
						<time>2026-02-16T10:01:13Z</time>
					</trkpt>
					<trkpt lat="46.587940" lon="3.932270">
						<ele>322</ele>
						<time>2026-02-16T10:01:15Z</time>
					</trkpt>
					<trkpt lat="46.587830" lon="3.932340">
						<ele>322</ele>
						<time>2026-02-16T10:01:17Z</time>
					</trkpt>
					<trkpt lat="46.587730" lon="3.932430">
						<ele>322</ele>
						<time>2026-02-16T10:01:19Z</time>
					</trkpt>
					<trkpt lat="46.587110" lon="3.933090">
						<ele>321</ele>
						<time>2026-02-16T10:01:32Z</time>
					</trkpt>
					<trkpt lat="46.586840" lon="3.933380">
						<ele>320</ele>
						<time>2026-02-16T10:01:38Z</time>
					</trkpt>
					<trkpt lat="46.586710" lon="3.933460">
						<ele>319</ele>
						<time>2026-02-16T10:01:41Z</time>
					</trkpt>
					<trkpt lat="46.586600" lon="3.933480">
						<ele>319</ele>
						<time>2026-02-16T10:01:43Z</time>
					</trkpt>
					<trkpt lat="46.586480" lon="3.933430">
						<ele>319</ele>
						<time>2026-02-16T10:01:45Z</time>
					</trkpt>
					<trkpt lat="46.586400" lon="3.933370">
						<ele>319</ele>
						<time>2026-02-16T10:01:47Z</time>
					</trkpt>
					<trkpt lat="46.586270" lon="3.933220">
						<ele>319</ele>
						<time>2026-02-16T10:01:50Z</time>
					</trkpt>
					<trkpt lat="46.586210" lon="3.933130">
						<ele>319</ele>
						<time>2026-02-16T10:01:51Z</time>
					</trkpt>
					<trkpt lat="46.586160" lon="3.933020">
						<ele>319</ele>
						<time>2026-02-16T10:01:53Z</time>
					</trkpt>
					<trkpt lat="46.586130" lon="3.932920">
						<ele>318</ele>
						<time>2026-02-16T10:01:54Z</time>
					</trkpt>
					<trkpt lat="46.586060" lon="3.932480">
						<ele>316</ele>
						<time>2026-02-16T10:02:00Z</time>
					</trkpt>
					<trkpt lat="46.585980" lon="3.932170">
						<ele>315</ele>
						<time>2026-02-16T10:02:04Z</time>
					</trkpt>
					<trkpt lat="46.585820" lon="3.931800">
						<ele>315</ele>
						<time>2026-02-16T10:02:09Z</time>
					</trkpt>
					<trkpt lat="46.585570" lon="3.931330">
						<ele>314</ele>
						<time>2026-02-16T10:02:16Z</time>
					</trkpt>
					<trkpt lat="46.585380" lon="3.930850">
						<ele>313</ele>
						<time>2026-02-16T10:02:23Z</time>
					</trkpt>
					<trkpt lat="46.585330" lon="3.930760">
						<ele>312</ele>
						<time>2026-02-16T10:02:25Z</time>
					</trkpt>
					<trkpt lat="46.585280" lon="3.930680">
						<ele>312</ele>
						<time>2026-02-16T10:02:26Z</time>
					</trkpt>
					<trkpt lat="46.585220" lon="3.930620">
						<ele>312</ele>
						<time>2026-02-16T10:02:27Z</time>
					</trkpt>
					<trkpt lat="46.585160" lon="3.930580">
						<ele>312</ele>
						<time>2026-02-16T10:02:28Z</time>
					</trkpt>
					<trkpt lat="46.585090" lon="3.930550">
						<ele>312</ele>
						<time>2026-02-16T10:02:30Z</time>
					</trkpt>
					<trkpt lat="46.584810" lon="3.930500">
						<ele>313</ele>
						<time>2026-02-16T10:02:35Z</time>
					</trkpt>
					<trkpt lat="46.584760" lon="3.930470">
						<ele>313</ele>
						<time>2026-02-16T10:02:36Z</time>
					</trkpt>
					<trkpt lat="46.584710" lon="3.930430">
						<ele>313</ele>
						<time>2026-02-16T10:02:37Z</time>
					</trkpt>
					<trkpt lat="46.584660" lon="3.930370">
						<ele>312</ele>
						<time>2026-02-16T10:02:38Z</time>
					</trkpt>
					<trkpt lat="46.584610" lon="3.930280">
						<ele>312</ele>
						<time>2026-02-16T10:02:39Z</time>
					</trkpt>
					<trkpt lat="46.584490" lon="3.929950">
						<ele>309</ele>
						<time>2026-02-16T10:02:44Z</time>
					</trkpt>
					<trkpt lat="46.584440" lon="3.929860">
						<ele>309</ele>
						<time>2026-02-16T10:02:45Z</time>
					</trkpt>
					<trkpt lat="46.584390" lon="3.929800">
						<ele>309</ele>
						<time>2026-02-16T10:02:46Z</time>
					</trkpt>
					<trkpt lat="46.584330" lon="3.929760">
						<ele>309</ele>
						<time>2026-02-16T10:02:48Z</time>
					</trkpt>
					<trkpt lat="46.584040" lon="3.929620">
						<ele>309</ele>
						<time>2026-02-16T10:02:53Z</time>
					</trkpt>
					<trkpt lat="46.583980" lon="3.929570">
						<ele>309</ele>
						<time>2026-02-16T10:02:54Z</time>
					</trkpt>
					<trkpt lat="46.583870" lon="3.929440">
						<ele>308</ele>
						<time>2026-02-16T10:02:57Z</time>
					</trkpt>
					<trkpt lat="46.583650" lon="3.929100">
						<ele>306</ele>
						<time>2026-02-16T10:03:02Z</time>
					</trkpt>
					<trkpt lat="46.583590" lon="3.929050">
						<ele>306</ele>
						<time>2026-02-16T10:03:04Z</time>
					</trkpt>
					<trkpt lat="46.583520" lon="3.929010">
						<ele>306</ele>
						<time>2026-02-16T10:03:05Z</time>
					</trkpt>
					<trkpt lat="46.583450" lon="3.929010">
						<ele>306</ele>
						<time>2026-02-16T10:03:06Z</time>
					</trkpt>
					<trkpt lat="46.583390" lon="3.929020">
						<ele>306</ele>
						<time>2026-02-16T10:03:07Z</time>
					</trkpt>
					<trkpt lat="46.583260" lon="3.929140">
						<ele>306</ele>
						<time>2026-02-16T10:03:10Z</time>
					</trkpt>
					<trkpt lat="46.582740" lon="3.929820">
						<ele>305</ele>
						<time>2026-02-16T10:03:22Z</time>
					</trkpt>
					<trkpt lat="46.582670" lon="3.929900">
						<ele>305</ele>
						<time>2026-02-16T10:03:24Z</time>
					</trkpt>
					<trkpt lat="46.582610" lon="3.929950">
						<ele>305</ele>
						<time>2026-02-16T10:03:25Z</time>
					</trkpt>
					<trkpt lat="46.582540" lon="3.929980">
						<ele>304</ele>
						<time>2026-02-16T10:03:27Z</time>
					</trkpt>
					<trkpt lat="46.582460" lon="3.930000">
						<ele>304</ele>
						<time>2026-02-16T10:03:28Z</time>
					</trkpt>
					<trkpt lat="46.582380" lon="3.929990">
						<ele>304</ele>
						<time>2026-02-16T10:03:29Z</time>
					</trkpt>
					<trkpt lat="46.582310" lon="3.929970">
						<ele>303</ele>
						<time>2026-02-16T10:03:31Z</time>
					</trkpt>
					<trkpt lat="46.582160" lon="3.929840">
						<ele>303</ele>
						<time>2026-02-16T10:03:34Z</time>
					</trkpt>
					<trkpt lat="46.581860" lon="3.929450">
						<ele>301</ele>
						<time>2026-02-16T10:03:41Z</time>
					</trkpt>
					<trkpt lat="46.581460" lon="3.928890">
						<ele>300</ele>
						<time>2026-02-16T10:03:51Z</time>
					</trkpt>
					<trkpt lat="46.581300" lon="3.928700">
						<ele>299</ele>
						<time>2026-02-16T10:03:55Z</time>
					</trkpt>
					<trkpt lat="46.581200" lon="3.928550">
						<ele>299</ele>
						<time>2026-02-16T10:03:57Z</time>
					</trkpt>
					<trkpt lat="46.581090" lon="3.928310">
						<ele>298</ele>
						<time>2026-02-16T10:04:01Z</time>
					</trkpt>
					<trkpt lat="46.580920" lon="3.927760">
						<ele>297</ele>
						<time>2026-02-16T10:04:08Z</time>
					</trkpt>
					<trkpt lat="46.580870" lon="3.927610">
						<ele>297</ele>
						<time>2026-02-16T10:04:10Z</time>
					</trkpt>
					<trkpt lat="46.580820" lon="3.927490">
						<ele>297</ele>
						<time>2026-02-16T10:04:12Z</time>
					</trkpt>
					<trkpt lat="46.580750" lon="3.927380">
						<ele>298</ele>
						<time>2026-02-16T10:04:14Z</time>
					</trkpt>
					<trkpt lat="46.580650" lon="3.927280">
						<ele>299</ele>
						<time>2026-02-16T10:04:16Z</time>
					</trkpt>
					<trkpt lat="46.580320" lon="3.927060">
						<ele>301</ele>
						<time>2026-02-16T10:04:22Z</time>
					</trkpt>
					<trkpt lat="46.580140" lon="3.926900">
						<ele>301</ele>
						<time>2026-02-16T10:04:26Z</time>
					</trkpt>
					<trkpt lat="46.579940" lon="3.926640">
						<ele>298</ele>
						<time>2026-02-16T10:04:31Z</time>
					</trkpt>
					<trkpt lat="46.579740" lon="3.926450">
						<ele>297</ele>
						<time>2026-02-16T10:04:35Z</time>
					</trkpt>
					<trkpt lat="46.579560" lon="3.926390">
						<ele>297</ele>
						<time>2026-02-16T10:04:38Z</time>
					</trkpt>
					<trkpt lat="46.579140" lon="3.926360">
						<ele>297</ele>
						<time>2026-02-16T10:04:46Z</time>
					</trkpt>
					<trkpt lat="46.578990" lon="3.926390">
						<ele>296</ele>
						<time>2026-02-16T10:04:48Z</time>
					</trkpt>
					<trkpt lat="46.578810" lon="3.926450">
						<ele>296</ele>
						<time>2026-02-16T10:04:52Z</time>
					</trkpt>
					<trkpt lat="46.578620" lon="3.926530">
						<ele>295</ele>
						<time>2026-02-16T10:04:55Z</time>
					</trkpt>
					<trkpt lat="46.578040" lon="3.926710">
						<ele>292</ele>
						<time>2026-02-16T10:05:06Z</time>
					</trkpt>
					<trkpt lat="46.577580" lon="3.927010">
						<ele>292</ele>
						<time>2026-02-16T10:05:15Z</time>
					</trkpt>
					<trkpt lat="46.577460" lon="3.927070">
						<ele>292</ele>
						<time>2026-02-16T10:05:17Z</time>
					</trkpt>
					<trkpt lat="46.577340" lon="3.927110">
						<ele>292</ele>
						<time>2026-02-16T10:05:19Z</time>
					</trkpt>
					<trkpt lat="46.577240" lon="3.927130">
						<ele>293</ele>
						<time>2026-02-16T10:05:21Z</time>
					</trkpt>
					<trkpt lat="46.577070" lon="3.927140">
						<ele>293</ele>
						<time>2026-02-16T10:05:24Z</time>
					</trkpt>
					<trkpt lat="46.576980" lon="3.927130">
						<ele>293</ele>
						<time>2026-02-16T10:05:26Z</time>
					</trkpt>
					<trkpt lat="46.576830" lon="3.927100">
						<ele>293</ele>
						<time>2026-02-16T10:05:28Z</time>
					</trkpt>
					<trkpt lat="46.576710" lon="3.927050">
						<ele>293</ele>
						<time>2026-02-16T10:05:31Z</time>
					</trkpt>
					<trkpt lat="46.576630" lon="3.927000">
						<ele>293</ele>
						<time>2026-02-16T10:05:32Z</time>
					</trkpt>
					<trkpt lat="46.576580" lon="3.926950">
						<ele>293</ele>
						<time>2026-02-16T10:05:33Z</time>
					</trkpt>
					<trkpt lat="46.576540" lon="3.926890">
						<ele>293</ele>
						<time>2026-02-16T10:05:34Z</time>
					</trkpt>
					<trkpt lat="46.576500" lon="3.926810">
						<ele>292</ele>
						<time>2026-02-16T10:05:35Z</time>
					</trkpt>
					<trkpt lat="46.576470" lon="3.926670">
						<ele>292</ele>
						<time>2026-02-16T10:05:37Z</time>
					</trkpt>
					<trkpt lat="46.576470" lon="3.926600">
						<ele>292</ele>
						<time>2026-02-16T10:05:38Z</time>
					</trkpt>
					<trkpt lat="46.576480" lon="3.926400">
						<ele>291</ele>
						<time>2026-02-16T10:05:41Z</time>
					</trkpt>
					<trkpt lat="46.576570" lon="3.925800">
						<ele>289</ele>
						<time>2026-02-16T10:05:48Z</time>
					</trkpt>
					<trkpt lat="46.576630" lon="3.925500">
						<ele>291</ele>
						<time>2026-02-16T10:05:52Z</time>
					</trkpt>
					<trkpt lat="46.576580" lon="3.925360">
						<ele>292</ele>
						<time>2026-02-16T10:05:54Z</time>
					</trkpt>
					<trkpt lat="46.576440" lon="3.925280">
						<ele>292</ele>
						<time>2026-02-16T10:05:56Z</time>
					</trkpt>
					<trkpt lat="46.576060" lon="3.925200">
						<ele>292</ele>
						<time>2026-02-16T10:06:03Z</time>
					</trkpt>
					<trkpt lat="46.575980" lon="3.925160">
						<ele>292</ele>
						<time>2026-02-16T10:06:05Z</time>
					</trkpt>
					<trkpt lat="46.575920" lon="3.925090">
						<ele>292</ele>
						<time>2026-02-16T10:06:06Z</time>
					</trkpt>
					<trkpt lat="46.575830" lon="3.924910">
						<ele>292</ele>
						<time>2026-02-16T10:06:09Z</time>
					</trkpt>
					<trkpt lat="46.575810" lon="3.924630">
						<ele>292</ele>
						<time>2026-02-16T10:06:12Z</time>
					</trkpt>
					<trkpt lat="46.575800" lon="3.924280">
						<ele>292</ele>
						<time>2026-02-16T10:06:17Z</time>
					</trkpt>
					<trkpt lat="46.575850" lon="3.923910">
						<ele>292</ele>
						<time>2026-02-16T10:06:21Z</time>
					</trkpt>
					<trkpt lat="46.575970" lon="3.923550">
						<ele>293</ele>
						<time>2026-02-16T10:06:26Z</time>
					</trkpt>
					<trkpt lat="46.576130" lon="3.923260">
						<ele>294</ele>
						<time>2026-02-16T10:06:31Z</time>
					</trkpt>
					<trkpt lat="46.576420" lon="3.922960">
						<ele>295</ele>
						<time>2026-02-16T10:06:37Z</time>
					</trkpt>
					<trkpt lat="46.576650" lon="3.922790">
						<ele>294</ele>
						<time>2026-02-16T10:06:42Z</time>
					</trkpt>
					<trkpt lat="46.576980" lon="3.922640">
						<ele>296</ele>
						<time>2026-02-16T10:06:48Z</time>
					</trkpt>
					<trkpt lat="46.577150" lon="3.922530">
						<ele>297</ele>
						<time>2026-02-16T10:06:51Z</time>
					</trkpt>
					<trkpt lat="46.577250" lon="3.922390">
						<ele>298</ele>
						<time>2026-02-16T10:06:54Z</time>
					</trkpt>
					<trkpt lat="46.577300" lon="3.922230">
						<ele>299</ele>
						<time>2026-02-16T10:06:56Z</time>
					</trkpt>
					<trkpt lat="46.577320" lon="3.922100">
						<ele>300</ele>
						<time>2026-02-16T10:06:57Z</time>
					</trkpt>
					<trkpt lat="46.577320" lon="3.921970">
						<ele>300</ele>
						<time>2026-02-16T10:06:59Z</time>
					</trkpt>
					<trkpt lat="46.577280" lon="3.921840">
						<ele>300</ele>
						<time>2026-02-16T10:07:01Z</time>
					</trkpt>
					<trkpt lat="46.577170" lon="3.921710">
						<ele>299</ele>
						<time>2026-02-16T10:07:03Z</time>
					</trkpt>
					<trkpt lat="46.576960" lon="3.921570">
						<ele>299</ele>
						<time>2026-02-16T10:07:07Z</time>
					</trkpt>
					<trkpt lat="46.576760" lon="3.921460">
						<ele>299</ele>
						<time>2026-02-16T10:07:11Z</time>
					</trkpt>
					<trkpt lat="46.576600" lon="3.921340">
						<ele>299</ele>
						<time>2026-02-16T10:07:14Z</time>
					</trkpt>
					<trkpt lat="46.576500" lon="3.921160">
						<ele>300</ele>
						<time>2026-02-16T10:07:17Z</time>
					</trkpt>
					<trkpt lat="46.576440" lon="3.920970">
						<ele>301</ele>
						<time>2026-02-16T10:07:20Z</time>
					</trkpt>
					<trkpt lat="46.576380" lon="3.920610">
						<ele>303</ele>
						<time>2026-02-16T10:07:24Z</time>
					</trkpt>
					<trkpt lat="46.576360" lon="3.920240">
						<ele>305</ele>
						<time>2026-02-16T10:07:29Z</time>
					</trkpt>
					<trkpt lat="46.576300" lon="3.919990">
						<ele>306</ele>
						<time>2026-02-16T10:07:32Z</time>
					</trkpt>
					<trkpt lat="46.576230" lon="3.919800">
						<ele>306</ele>
						<time>2026-02-16T10:07:35Z</time>
					</trkpt>
					<trkpt lat="46.576140" lon="3.919680">
						<ele>306</ele>
						<time>2026-02-16T10:07:37Z</time>
					</trkpt>
					<trkpt lat="46.575810" lon="3.919370">
						<ele>306</ele>
						<time>2026-02-16T10:07:44Z</time>
					</trkpt>
					<trkpt lat="46.575620" lon="3.919210">
						<ele>307</ele>
						<time>2026-02-16T10:07:48Z</time>
					</trkpt>
					<trkpt lat="46.575500" lon="3.919000">
						<ele>307</ele>
						<time>2026-02-16T10:07:51Z</time>
					</trkpt>
					<trkpt lat="46.575450" lon="3.918830">
						<ele>307</ele>
						<time>2026-02-16T10:07:53Z</time>
					</trkpt>
					<trkpt lat="46.575430" lon="3.918670">
						<ele>308</ele>
						<time>2026-02-16T10:07:55Z</time>
					</trkpt>
					<trkpt lat="46.575420" lon="3.918520">
						<ele>308</ele>
						<time>2026-02-16T10:07:57Z</time>
					</trkpt>
					<trkpt lat="46.575430" lon="3.918080">
						<ele>310</ele>
						<time>2026-02-16T10:08:03Z</time>
					</trkpt>
					<trkpt lat="46.575450" lon="3.917930">
						<ele>310</ele>
						<time>2026-02-16T10:08:04Z</time>
					</trkpt>
					<trkpt lat="46.575630" lon="3.917380">
						<ele>313</ele>
						<time>2026-02-16T10:08:12Z</time>
					</trkpt>
					<trkpt lat="46.575670" lon="3.917180">
						<ele>314</ele>
						<time>2026-02-16T10:08:14Z</time>
					</trkpt>
					<trkpt lat="46.575740" lon="3.916690">
						<ele>315</ele>
						<time>2026-02-16T10:08:21Z</time>
					</trkpt>
					<trkpt lat="46.575770" lon="3.916370">
						<ele>316</ele>
						<time>2026-02-16T10:08:24Z</time>
					</trkpt>
					<trkpt lat="46.575790" lon="3.916250">
						<ele>316</ele>
						<time>2026-02-16T10:08:26Z</time>
					</trkpt>
					<trkpt lat="46.575870" lon="3.915940">
						<ele>317</ele>
						<time>2026-02-16T10:08:30Z</time>
					</trkpt>
					<trkpt lat="46.576000" lon="3.915650">
						<ele>318</ele>
						<time>2026-02-16T10:08:34Z</time>
					</trkpt>
					<trkpt lat="46.576170" lon="3.915340">
						<ele>320</ele>
						<time>2026-02-16T10:08:39Z</time>
					</trkpt>
					<trkpt lat="46.576250" lon="3.915120">
						<ele>320</ele>
						<time>2026-02-16T10:08:42Z</time>
					</trkpt>
					<trkpt lat="46.576320" lon="3.914840">
						<ele>321</ele>
						<time>2026-02-16T10:08:46Z</time>
					</trkpt>
					<trkpt lat="46.576430" lon="3.914080">
						<ele>323</ele>
						<time>2026-02-16T10:08:55Z</time>
					</trkpt>
					<trkpt lat="46.576550" lon="3.913460">
						<ele>323</ele>
						<time>2026-02-16T10:09:03Z</time>
					</trkpt>
					<trkpt lat="46.576610" lon="3.913220">
						<ele>323</ele>
						<time>2026-02-16T10:09:06Z</time>
					</trkpt>
					<trkpt lat="46.576770" lon="3.912930">
						<ele>324</ele>
						<time>2026-02-16T10:09:11Z</time>
					</trkpt>
					<trkpt lat="46.576840" lon="3.912730">
						<ele>324</ele>
						<time>2026-02-16T10:09:14Z</time>
					</trkpt>
					<trkpt lat="46.576850" lon="3.912480">
						<ele>324</ele>
						<time>2026-02-16T10:09:17Z</time>
					</trkpt>
					<trkpt lat="46.576840" lon="3.912110">
						<ele>324</ele>
						<time>2026-02-16T10:09:21Z</time>
					</trkpt>
					<trkpt lat="46.576850" lon="3.911850">
						<ele>325</ele>
						<time>2026-02-16T10:09:24Z</time>
					</trkpt>
					<trkpt lat="46.576970" lon="3.911000">
						<ele>327</ele>
						<time>2026-02-16T10:09:35Z</time>
					</trkpt>
					<trkpt lat="46.576950" lon="3.910750">
						<ele>329</ele>
						<time>2026-02-16T10:09:38Z</time>
					</trkpt>
					<trkpt lat="46.576850" lon="3.910550">
						<ele>331</ele>
						<time>2026-02-16T10:09:41Z</time>
					</trkpt>
					<trkpt lat="46.576690" lon="3.910420">
						<ele>333</ele>
						<time>2026-02-16T10:09:44Z</time>
					</trkpt>
					<trkpt lat="46.576440" lon="3.910280">
						<ele>336</ele>
						<time>2026-02-16T10:09:49Z</time>
					</trkpt>
					<trkpt lat="46.576340" lon="3.910200">
						<ele>338</ele>
						<time>2026-02-16T10:09:51Z</time>
					</trkpt>
					<trkpt lat="46.576290" lon="3.910100">
						<ele>339</ele>
						<time>2026-02-16T10:09:53Z</time>
					</trkpt>
					<trkpt lat="46.576270" lon="3.909980">
						<ele>340</ele>
						<time>2026-02-16T10:09:54Z</time>
					</trkpt>
					<trkpt lat="46.576260" lon="3.909860">
						<ele>341</ele>
						<time>2026-02-16T10:09:56Z</time>
					</trkpt>
					<trkpt lat="46.576280" lon="3.909470">
						<ele>342</ele>
						<time>2026-02-16T10:10:00Z</time>
					</trkpt>
					<trkpt lat="46.576270" lon="3.909320">
						<ele>343</ele>
						<time>2026-02-16T10:10:02Z</time>
					</trkpt>
					<trkpt lat="46.576230" lon="3.909200">
						<ele>344</ele>
						<time>2026-02-16T10:10:04Z</time>
					</trkpt>
					<trkpt lat="46.576120" lon="3.909070">
						<ele>344</ele>
						<time>2026-02-16T10:10:06Z</time>
					</trkpt>
					<trkpt lat="46.575960" lon="3.908990">
						<ele>344</ele>
						<time>2026-02-16T10:10:09Z</time>
					</trkpt>
					<trkpt lat="46.575810" lon="3.909030">
						<ele>344</ele>
						<time>2026-02-16T10:10:12Z</time>
					</trkpt>
					<trkpt lat="46.575730" lon="3.909160">
						<ele>344</ele>
						<time>2026-02-16T10:10:14Z</time>
					</trkpt>
					<trkpt lat="46.575670" lon="3.909330">
						<ele>344</ele>
						<time>2026-02-16T10:10:17Z</time>
					</trkpt>
					<trkpt lat="46.575600" lon="3.909640">
						<ele>343</ele>
						<time>2026-02-16T10:10:21Z</time>
					</trkpt>
					<trkpt lat="46.575450" lon="3.909760">
						<ele>342</ele>
						<time>2026-02-16T10:10:24Z</time>
					</trkpt>
					<trkpt lat="46.575230" lon="3.909680">
						<ele>342</ele>
						<time>2026-02-16T10:10:28Z</time>
					</trkpt>
					<trkpt lat="46.575040" lon="3.909530">
						<ele>343</ele>
						<time>2026-02-16T10:10:32Z</time>
					</trkpt>
					<trkpt lat="46.574880" lon="3.909420">
						<ele>343</ele>
						<time>2026-02-16T10:10:35Z</time>
					</trkpt>
					<trkpt lat="46.574750" lon="3.909410">
						<ele>343</ele>
						<time>2026-02-16T10:10:37Z</time>
					</trkpt>
					<trkpt lat="46.574650" lon="3.909430">
						<ele>342</ele>
						<time>2026-02-16T10:10:39Z</time>
					</trkpt>
					<trkpt lat="46.574310" lon="3.909600">
						<ele>342</ele>
						<time>2026-02-16T10:10:45Z</time>
					</trkpt>
					<trkpt lat="46.573650" lon="3.910060">
						<ele>340</ele>
						<time>2026-02-16T10:10:58Z</time>
					</trkpt>
					<trkpt lat="46.573490" lon="3.910180">
						<ele>339</ele>
						<time>2026-02-16T10:11:01Z</time>
					</trkpt>
					<trkpt lat="46.573150" lon="3.910460">
						<ele>340</ele>
						<time>2026-02-16T10:11:08Z</time>
					</trkpt>
					<trkpt lat="46.573070" lon="3.910480">
						<ele>340</ele>
						<time>2026-02-16T10:11:10Z</time>
					</trkpt>
					<trkpt lat="46.572880" lon="3.910460">
						<ele>340</ele>
						<time>2026-02-16T10:11:13Z</time>
					</trkpt>
					<trkpt lat="46.572760" lon="3.910410">
						<ele>341</ele>
						<time>2026-02-16T10:11:15Z</time>
					</trkpt>
					<trkpt lat="46.572650" lon="3.910340">
						<ele>341</ele>
						<time>2026-02-16T10:11:18Z</time>
					</trkpt>
					<trkpt lat="46.571680" lon="3.909530">
						<ele>341</ele>
						<time>2026-02-16T10:11:37Z</time>
					</trkpt>
					<trkpt lat="46.571270" lon="3.909150">
						<ele>340</ele>
						<time>2026-02-16T10:11:46Z</time>
					</trkpt>
					<trkpt lat="46.571130" lon="3.909010">
						<ele>340</ele>
						<time>2026-02-16T10:11:49Z</time>
					</trkpt>
					<trkpt lat="46.570980" lon="3.908940">
						<ele>341</ele>
						<time>2026-02-16T10:11:52Z</time>
					</trkpt>
					<trkpt lat="46.570860" lon="3.908940">
						<ele>342</ele>
						<time>2026-02-16T10:11:54Z</time>
					</trkpt>
					<trkpt lat="46.570660" lon="3.908990">
						<ele>341</ele>
						<time>2026-02-16T10:11:58Z</time>
					</trkpt>
					<trkpt lat="46.568890" lon="3.909640">
						<ele>341</ele>
						<time>2026-02-16T10:12:30Z</time>
					</trkpt>
					<trkpt lat="46.568660" lon="3.909670">
						<ele>341</ele>
						<time>2026-02-16T10:12:34Z</time>
					</trkpt>
					<trkpt lat="46.568440" lon="3.909640">
						<ele>340</ele>
						<time>2026-02-16T10:12:38Z</time>
					</trkpt>
					<trkpt lat="46.568040" lon="3.909530">
						<ele>339</ele>
						<time>2026-02-16T10:12:45Z</time>
					</trkpt>
					<trkpt lat="46.567950" lon="3.909490">
						<ele>339</ele>
						<time>2026-02-16T10:12:47Z</time>
					</trkpt>
					<trkpt lat="46.567640" lon="3.909360">
						<ele>339</ele>
						<time>2026-02-16T10:12:53Z</time>
					</trkpt>
					<trkpt lat="46.567410" lon="3.909210">
						<ele>339</ele>
						<time>2026-02-16T10:12:57Z</time>
					</trkpt>
					<trkpt lat="46.567240" lon="3.909050">
						<ele>338</ele>
						<time>2026-02-16T10:13:01Z</time>
					</trkpt>
					<trkpt lat="46.567080" lon="3.908830">
						<ele>337</ele>
						<time>2026-02-16T10:13:05Z</time>
					</trkpt>
					<trkpt lat="46.567040" lon="3.908740">
						<ele>337</ele>
						<time>2026-02-16T10:13:06Z</time>
					</trkpt>
					<trkpt lat="46.566940" lon="3.908540">
						<ele>336</ele>
						<time>2026-02-16T10:13:09Z</time>
					</trkpt>
					<trkpt lat="46.566710" lon="3.907690">
						<ele>338</ele>
						<time>2026-02-16T10:13:20Z</time>
					</trkpt>
					<trkpt lat="46.566680" lon="3.907370">
						<ele>338</ele>
						<time>2026-02-16T10:13:24Z</time>
					</trkpt>
					<trkpt lat="46.566650" lon="3.906930">
						<ele>339</ele>
						<time>2026-02-16T10:13:30Z</time>
					</trkpt>
					<trkpt lat="46.566670" lon="3.906530">
						<ele>339</ele>
						<time>2026-02-16T10:13:35Z</time>
					</trkpt>
					<trkpt lat="46.566830" lon="3.905570">
						<ele>338</ele>
						<time>2026-02-16T10:13:47Z</time>
					</trkpt>
					<trkpt lat="46.566860" lon="3.905240">
						<ele>338</ele>
						<time>2026-02-16T10:13:51Z</time>
					</trkpt>
					<trkpt lat="46.566870" lon="3.905010">
						<ele>337</ele>
						<time>2026-02-16T10:13:54Z</time>
					</trkpt>
					<trkpt lat="46.566880" lon="3.904890">
						<ele>337</ele>
						<time>2026-02-16T10:13:55Z</time>
					</trkpt>
					<trkpt lat="46.566870" lon="3.904650">
						<ele>337</ele>
						<time>2026-02-16T10:13:58Z</time>
					</trkpt>
					<trkpt lat="46.566840" lon="3.904470">
						<ele>337</ele>
						<time>2026-02-16T10:14:00Z</time>
					</trkpt>
					<trkpt lat="46.566790" lon="3.904240">
						<ele>338</ele>
						<time>2026-02-16T10:14:03Z</time>
					</trkpt>
					<trkpt lat="46.566700" lon="3.903920">
						<ele>338</ele>
						<time>2026-02-16T10:14:07Z</time>
					</trkpt>
					<trkpt lat="46.566660" lon="3.903710">
						<ele>338</ele>
						<time>2026-02-16T10:14:10Z</time>
					</trkpt>
					<trkpt lat="46.566570" lon="3.903080">
						<ele>337</ele>
						<time>2026-02-16T10:14:18Z</time>
					</trkpt>
					<trkpt lat="46.566520" lon="3.902970">
						<ele>337</ele>
						<time>2026-02-16T10:14:20Z</time>
					</trkpt>
					<trkpt lat="46.566470" lon="3.902900">
						<ele>337</ele>
						<time>2026-02-16T10:14:21Z</time>
					</trkpt>
					<trkpt lat="46.566400" lon="3.902810">
						<ele>337</ele>
						<time>2026-02-16T10:14:23Z</time>
					</trkpt>
					<trkpt lat="46.566310" lon="3.902730">
						<ele>337</ele>
						<time>2026-02-16T10:14:24Z</time>
					</trkpt>
					<trkpt lat="46.566140" lon="3.902640">
						<ele>337</ele>
						<time>2026-02-16T10:14:28Z</time>
					</trkpt>
					<trkpt lat="46.565730" lon="3.902480">
						<ele>337</ele>
						<time>2026-02-16T10:14:35Z</time>
					</trkpt>
					<trkpt lat="46.565580" lon="3.902410">
						<ele>337</ele>
						<time>2026-02-16T10:14:38Z</time>
					</trkpt>
					<trkpt lat="46.565530" lon="3.902390">
						<ele>338</ele>
						<time>2026-02-16T10:14:39Z</time>
					</trkpt>
					<trkpt lat="46.564830" lon="3.901810">
						<ele>340</ele>
						<time>2026-02-16T10:14:53Z</time>
					</trkpt>
					<trkpt lat="46.564320" lon="3.901420">
						<ele>341</ele>
						<time>2026-02-16T10:15:03Z</time>
					</trkpt>
					<trkpt lat="46.564100" lon="3.901260">
						<ele>340</ele>
						<time>2026-02-16T10:15:08Z</time>
					</trkpt>
					<trkpt lat="46.563830" lon="3.901040">
						<ele>339</ele>
						<time>2026-02-16T10:15:13Z</time>
					</trkpt>
					<trkpt lat="46.563630" lon="3.900840">
						<ele>339</ele>
						<time>2026-02-16T10:15:18Z</time>
					</trkpt>
					<trkpt lat="46.562580" lon="3.899680">
						<ele>336</ele>
						<time>2026-02-16T10:15:41Z</time>
					</trkpt>
					<trkpt lat="46.562420" lon="3.899480">
						<ele>336</ele>
						<time>2026-02-16T10:15:45Z</time>
					</trkpt>
					<trkpt lat="46.562200" lon="3.899160">
						<ele>336</ele>
						<time>2026-02-16T10:15:50Z</time>
					</trkpt>
					<trkpt lat="46.561960" lon="3.898920">
						<ele>336</ele>
						<time>2026-02-16T10:15:56Z</time>
					</trkpt>
					<trkpt lat="46.561790" lon="3.898770">
						<ele>336</ele>
						<time>2026-02-16T10:15:59Z</time>
					</trkpt>
					<trkpt lat="46.561600" lon="3.898670">
						<ele>336</ele>
						<time>2026-02-16T10:16:03Z</time>
					</trkpt>
					<trkpt lat="46.561430" lon="3.898610">
						<ele>336</ele>
						<time>2026-02-16T10:16:06Z</time>
					</trkpt>
					<trkpt lat="46.560400" lon="3.898730">
						<ele>336</ele>
						<time>2026-02-16T10:16:24Z</time>
					</trkpt>
					<trkpt lat="46.559770" lon="3.898820">
						<ele>333</ele>
						<time>2026-02-16T10:16:36Z</time>
					</trkpt>
					<trkpt lat="46.559130" lon="3.899040">
						<ele>328</ele>
						<time>2026-02-16T10:16:47Z</time>
					</trkpt>
					<trkpt lat="46.558260" lon="3.899370">
						<ele>324</ele>
						<time>2026-02-16T10:17:03Z</time>
					</trkpt>
					<trkpt lat="46.557580" lon="3.899600">
						<ele>321</ele>
						<time>2026-02-16T10:17:16Z</time>
					</trkpt>
					<trkpt lat="46.557390" lon="3.899670">
						<ele>321</ele>
						<time>2026-02-16T10:17:19Z</time>
					</trkpt>
					<trkpt lat="46.557190" lon="3.899800">
						<ele>321</ele>
						<time>2026-02-16T10:17:23Z</time>
					</trkpt>
					<trkpt lat="46.556770" lon="3.900100">
						<ele>320</ele>
						<time>2026-02-16T10:17:31Z</time>
					</trkpt>
					<trkpt lat="46.556450" lon="3.900350">
						<ele>319</ele>
						<time>2026-02-16T10:17:38Z</time>
					</trkpt>
					<trkpt lat="46.556260" lon="3.900510">
						<ele>318</ele>
						<time>2026-02-16T10:17:42Z</time>
					</trkpt>
					<trkpt lat="46.556060" lon="3.900580">
						<ele>317</ele>
						<time>2026-02-16T10:17:45Z</time>
					</trkpt>
					<trkpt lat="46.555860" lon="3.900590">
						<ele>316</ele>
						<time>2026-02-16T10:17:49Z</time>
					</trkpt>
					<trkpt lat="46.555580" lon="3.900560">
						<ele>317</ele>
						<time>2026-02-16T10:17:54Z</time>
					</trkpt>
					<trkpt lat="46.555350" lon="3.900510">
						<ele>317</ele>
						<time>2026-02-16T10:17:58Z</time>
					</trkpt>
					<trkpt lat="46.554980" lon="3.900330">
						<ele>317</ele>
						<time>2026-02-16T10:18:05Z</time>
					</trkpt>
					<trkpt lat="46.554200" lon="3.899960">
						<ele>321</ele>
						<time>2026-02-16T10:18:20Z</time>
					</trkpt>
					<trkpt lat="46.553590" lon="3.899690">
						<ele>326</ele>
						<time>2026-02-16T10:18:31Z</time>
					</trkpt>
					<trkpt lat="46.553110" lon="3.899440">
						<ele>329</ele>
						<time>2026-02-16T10:18:40Z</time>
					</trkpt>
					<trkpt lat="46.552860" lon="3.899350">
						<ele>330</ele>
						<time>2026-02-16T10:18:45Z</time>
					</trkpt>
					<trkpt lat="46.552710" lon="3.899310">
						<ele>330</ele>
						<time>2026-02-16T10:18:47Z</time>
					</trkpt>
					<trkpt lat="46.552560" lon="3.899310">
						<ele>331</ele>
						<time>2026-02-16T10:18:50Z</time>
					</trkpt>
					<trkpt lat="46.552060" lon="3.899400">
						<ele>332</ele>
						<time>2026-02-16T10:18:59Z</time>
					</trkpt>
					<trkpt lat="46.551910" lon="3.899390">
						<ele>332</ele>
						<time>2026-02-16T10:19:02Z</time>
					</trkpt>
					<trkpt lat="46.551770" lon="3.899330">
						<ele>332</ele>
						<time>2026-02-16T10:19:04Z</time>
					</trkpt>
					<trkpt lat="46.551150" lon="3.898940">
						<ele>332</ele>
						<time>2026-02-16T10:19:16Z</time>
					</trkpt>
					<trkpt lat="46.550940" lon="3.898830">
						<ele>332</ele>
						<time>2026-02-16T10:19:20Z</time>
					</trkpt>
					<trkpt lat="46.550610" lon="3.898760">
						<ele>331</ele>
						<time>2026-02-16T10:19:26Z</time>
					</trkpt>
					<trkpt lat="46.550250" lon="3.898690">
						<ele>329</ele>
						<time>2026-02-16T10:19:33Z</time>
					</trkpt>
					<trkpt lat="46.549640" lon="3.898730">
						<ele>328</ele>
						<time>2026-02-16T10:19:43Z</time>
					</trkpt>
					<trkpt lat="46.549080" lon="3.898750">
						<ele>328</ele>
						<time>2026-02-16T10:19:53Z</time>
					</trkpt>
					<trkpt lat="46.548970" lon="3.898750">
						<ele>328</ele>
						<time>2026-02-16T10:19:55Z</time>
					</trkpt>
					<trkpt lat="46.548820" lon="3.898710">
						<ele>328</ele>
						<time>2026-02-16T10:19:58Z</time>
					</trkpt>
					<trkpt lat="46.548600" lon="3.898630">
						<ele>328</ele>
						<time>2026-02-16T10:20:02Z</time>
					</trkpt>
					<trkpt lat="46.548310" lon="3.898490">
						<ele>329</ele>
						<time>2026-02-16T10:20:08Z</time>
					</trkpt>
					<trkpt lat="46.548040" lon="3.898340">
						<ele>327</ele>
						<time>2026-02-16T10:20:13Z</time>
					</trkpt>
					<trkpt lat="46.548020" lon="3.898320">
						<ele>327</ele>
						<time>2026-02-16T10:20:13Z</time>
					</trkpt>
					<trkpt lat="46.547040" lon="3.897700">
						<ele>321</ele>
						<time>2026-02-16T10:20:32Z</time>
					</trkpt>
					<trkpt lat="46.546690" lon="3.897490">
						<ele>318</ele>
						<time>2026-02-16T10:20:39Z</time>
					</trkpt>
					<trkpt lat="46.546510" lon="3.897350">
						<ele>317</ele>
						<time>2026-02-16T10:20:43Z</time>
					</trkpt>
					<trkpt lat="46.546260" lon="3.897060">
						<ele>315</ele>
						<time>2026-02-16T10:20:48Z</time>
					</trkpt>
					<trkpt lat="46.546030" lon="3.896860">
						<ele>313</ele>
						<time>2026-02-16T10:20:53Z</time>
					</trkpt>
					<trkpt lat="46.545850" lon="3.896750">
						<ele>311</ele>
						<time>2026-02-16T10:20:56Z</time>
					</trkpt>
					<trkpt lat="46.545410" lon="3.896530">
						<ele>311</ele>
						<time>2026-02-16T10:21:05Z</time>
					</trkpt>
					<trkpt lat="46.544880" lon="3.896350">
						<ele>311</ele>
						<time>2026-02-16T10:21:14Z</time>
					</trkpt>
					<trkpt lat="46.544580" lon="3.896250">
						<ele>313</ele>
						<time>2026-02-16T10:21:20Z</time>
					</trkpt>
					<trkpt lat="46.544370" lon="3.896140">
						<ele>313</ele>
						<time>2026-02-16T10:21:24Z</time>
					</trkpt>
					<trkpt lat="46.544290" lon="3.896040">
						<ele>314</ele>
						<time>2026-02-16T10:21:26Z</time>
					</trkpt>
					<trkpt lat="46.544070" lon="3.895730">
						<ele>314</ele>
						<time>2026-02-16T10:21:31Z</time>
					</trkpt>
					<trkpt lat="46.543860" lon="3.895470">
						<ele>315</ele>
						<time>2026-02-16T10:21:36Z</time>
					</trkpt>
					<trkpt lat="46.543750" lon="3.895380">
						<ele>315</ele>
						<time>2026-02-16T10:21:38Z</time>
					</trkpt>
					<trkpt lat="46.543300" lon="3.895320">
						<ele>317</ele>
						<time>2026-02-16T10:21:46Z</time>
					</trkpt>
					<trkpt lat="46.543180" lon="3.895310">
						<ele>316</ele>
						<time>2026-02-16T10:21:49Z</time>
					</trkpt>
					<trkpt lat="46.543040" lon="3.895270">
						<ele>316</ele>
						<time>2026-02-16T10:21:51Z</time>
					</trkpt>
					<trkpt lat="46.542880" lon="3.895190">
						<ele>316</ele>
						<time>2026-02-16T10:21:54Z</time>
					</trkpt>
					<trkpt lat="46.542660" lon="3.895100">
						<ele>316</ele>
						<time>2026-02-16T10:21:58Z</time>
					</trkpt>
					<trkpt lat="46.542260" lon="3.895010">
						<ele>316</ele>
						<time>2026-02-16T10:22:05Z</time>
					</trkpt>
					<trkpt lat="46.542070" lon="3.894990">
						<ele>316</ele>
						<time>2026-02-16T10:22:09Z</time>
					</trkpt>
					<trkpt lat="46.541940" lon="3.895010">
						<ele>316</ele>
						<time>2026-02-16T10:22:11Z</time>
					</trkpt>
					<trkpt lat="46.541730" lon="3.895080">
						<ele>315</ele>
						<time>2026-02-16T10:22:15Z</time>
					</trkpt>
					<trkpt lat="46.541400" lon="3.895270">
						<ele>314</ele>
						<time>2026-02-16T10:22:21Z</time>
					</trkpt>
					<trkpt lat="46.541210" lon="3.895350">
						<ele>314</ele>
						<time>2026-02-16T10:22:25Z</time>
					</trkpt>
					<trkpt lat="46.541140" lon="3.895390">
						<ele>314</ele>
						<time>2026-02-16T10:22:26Z</time>
					</trkpt>
					<trkpt lat="46.540970" lon="3.895400">
						<ele>314</ele>
						<time>2026-02-16T10:22:29Z</time>
					</trkpt>
					<trkpt lat="46.540830" lon="3.895370">
						<ele>315</ele>
						<time>2026-02-16T10:22:32Z</time>
					</trkpt>
					<trkpt lat="46.540600" lon="3.895300">
						<ele>314</ele>
						<time>2026-02-16T10:22:36Z</time>
					</trkpt>
					<trkpt lat="46.540050" lon="3.895000">
						<ele>313</ele>
						<time>2026-02-16T10:22:46Z</time>
					</trkpt>
					<trkpt lat="46.539770" lon="3.894900">
						<ele>313</ele>
						<time>2026-02-16T10:22:51Z</time>
					</trkpt>
					<trkpt lat="46.539070" lon="3.894790">
						<ele>311</ele>
						<time>2026-02-16T10:23:04Z</time>
					</trkpt>
					<trkpt lat="46.538670" lon="3.894650">
						<ele>311</ele>
						<time>2026-02-16T10:23:11Z</time>
					</trkpt>
					<trkpt lat="46.538110" lon="3.894280">
						<ele>310</ele>
						<time>2026-02-16T10:23:22Z</time>
					</trkpt>
					<trkpt lat="46.537540" lon="3.893760">
						<ele>309</ele>
						<time>2026-02-16T10:23:34Z</time>
					</trkpt>
					<trkpt lat="46.537080" lon="3.893250">
						<ele>308</ele>
						<time>2026-02-16T10:23:44Z</time>
					</trkpt>
					<trkpt lat="46.536660" lon="3.892760">
						<ele>307</ele>
						<time>2026-02-16T10:23:54Z</time>
					</trkpt>
					<trkpt lat="46.535910" lon="3.892060">
						<ele>304</ele>
						<time>2026-02-16T10:24:10Z</time>
					</trkpt>
					<trkpt lat="46.534900" lon="3.891100">
						<ele>302</ele>
						<time>2026-02-16T10:24:31Z</time>
					</trkpt>
					<trkpt lat="46.534760" lon="3.890990">
						<ele>302</ele>
						<time>2026-02-16T10:24:34Z</time>
					</trkpt>
					<trkpt lat="46.534490" lon="3.890870">
						<ele>304</ele>
						<time>2026-02-16T10:24:39Z</time>
					</trkpt>
					<trkpt lat="46.534150" lon="3.890730">
						<ele>306</ele>
						<time>2026-02-16T10:24:46Z</time>
					</trkpt>
					<trkpt lat="46.533870" lon="3.890590">
						<ele>307</ele>
						<time>2026-02-16T10:24:51Z</time>
					</trkpt>
					<trkpt lat="46.533710" lon="3.890500">
						<ele>308</ele>
						<time>2026-02-16T10:24:54Z</time>
					</trkpt>
					<trkpt lat="46.533530" lon="3.890350">
						<ele>308</ele>
						<time>2026-02-16T10:24:58Z</time>
					</trkpt>
					<trkpt lat="46.533230" lon="3.890050">
						<ele>309</ele>
						<time>2026-02-16T10:25:04Z</time>
					</trkpt>
					<trkpt lat="46.533020" lon="3.889850">
						<ele>308</ele>
						<time>2026-02-16T10:25:08Z</time>
					</trkpt>
					<trkpt lat="46.532040" lon="3.889150">
						<ele>304</ele>
						<time>2026-02-16T10:25:28Z</time>
					</trkpt>
					<trkpt lat="46.531030" lon="3.888450">
						<ele>303</ele>
						<time>2026-02-16T10:25:48Z</time>
					</trkpt>
					<trkpt lat="46.530730" lon="3.888270">
						<ele>304</ele>
						<time>2026-02-16T10:25:54Z</time>
					</trkpt>
					<trkpt lat="46.530550" lon="3.888190">
						<ele>304</ele>
						<time>2026-02-16T10:25:57Z</time>
					</trkpt>
					<trkpt lat="46.530270" lon="3.888160">
						<ele>304</ele>
						<time>2026-02-16T10:26:02Z</time>
					</trkpt>
					<trkpt lat="46.529780" lon="3.888140">
						<ele>305</ele>
						<time>2026-02-16T10:26:11Z</time>
					</trkpt>
					<trkpt lat="46.529420" lon="3.888140">
						<ele>305</ele>
						<time>2026-02-16T10:26:17Z</time>
					</trkpt>
					<trkpt lat="46.528370" lon="3.888200">
						<ele>308</ele>
						<time>2026-02-16T10:26:36Z</time>
					</trkpt>
					<trkpt lat="46.527910" lon="3.888190">
						<ele>308</ele>
						<time>2026-02-16T10:26:44Z</time>
					</trkpt>
					<trkpt lat="46.527570" lon="3.888110">
						<ele>308</ele>
						<time>2026-02-16T10:26:50Z</time>
					</trkpt>
					<trkpt lat="46.527470" lon="3.888070">
						<ele>308</ele>
						<time>2026-02-16T10:26:52Z</time>
					</trkpt>
					<trkpt lat="46.527010" lon="3.887890">
						<ele>309</ele>
						<time>2026-02-16T10:27:00Z</time>
					</trkpt>
					<trkpt lat="46.526350" lon="3.887500">
						<ele>312</ele>
						<time>2026-02-16T10:27:13Z</time>
					</trkpt>
					<trkpt lat="46.525760" lon="3.887140">
						<ele>313</ele>
						<time>2026-02-16T10:27:24Z</time>
					</trkpt>
					<trkpt lat="46.525180" lon="3.886850">
						<ele>311</ele>
						<time>2026-02-16T10:27:35Z</time>
					</trkpt>
					<trkpt lat="46.524880" lon="3.886680">
						<ele>311</ele>
						<time>2026-02-16T10:27:41Z</time>
					</trkpt>
					<trkpt lat="46.524580" lon="3.886540">
						<ele>311</ele>
						<time>2026-02-16T10:27:47Z</time>
					</trkpt>
					<trkpt lat="46.524080" lon="3.886390">
						<ele>311</ele>
						<time>2026-02-16T10:27:56Z</time>
					</trkpt>
					<trkpt lat="46.523900" lon="3.886310">
						<ele>310</ele>
						<time>2026-02-16T10:27:59Z</time>
					</trkpt>
					<trkpt lat="46.523820" lon="3.886260">
						<ele>310</ele>
						<time>2026-02-16T10:28:01Z</time>
					</trkpt>
					<trkpt lat="46.523690" lon="3.886180">
						<ele>310</ele>
						<time>2026-02-16T10:28:03Z</time>
					</trkpt>
					<trkpt lat="46.523150" lon="3.885940">
						<ele>310</ele>
						<time>2026-02-16T10:28:13Z</time>
					</trkpt>
					<trkpt lat="46.522730" lon="3.885820">
						<ele>308</ele>
						<time>2026-02-16T10:28:21Z</time>
					</trkpt>
					<trkpt lat="46.522440" lon="3.885690">
						<ele>307</ele>
						<time>2026-02-16T10:28:26Z</time>
					</trkpt>
					<trkpt lat="46.522010" lon="3.885540">
						<ele>306</ele>
						<time>2026-02-16T10:28:34Z</time>
					</trkpt>
					<trkpt lat="46.521220" lon="3.885310">
						<ele>306</ele>
						<time>2026-02-16T10:28:48Z</time>
					</trkpt>
					<trkpt lat="46.520840" lon="3.885210">
						<ele>307</ele>
						<time>2026-02-16T10:28:55Z</time>
					</trkpt>
					<trkpt lat="46.520220" lon="3.885090">
						<ele>305</ele>
						<time>2026-02-16T10:29:06Z</time>
					</trkpt>
					<trkpt lat="46.519400" lon="3.884840">
						<ele>304</ele>
						<time>2026-02-16T10:29:21Z</time>
					</trkpt>
					<trkpt lat="46.519100" lon="3.884720">
						<ele>303</ele>
						<time>2026-02-16T10:29:27Z</time>
					</trkpt>
					<trkpt lat="46.518860" lon="3.884550">
						<ele>301</ele>
						<time>2026-02-16T10:29:32Z</time>
					</trkpt>
					<trkpt lat="46.518600" lon="3.884310">
						<ele>298</ele>
						<time>2026-02-16T10:29:37Z</time>
					</trkpt>
					<trkpt lat="46.518300" lon="3.884000">
						<ele>293</ele>
						<time>2026-02-16T10:29:44Z</time>
					</trkpt>
					<trkpt lat="46.518100" lon="3.883760">
						<ele>290</ele>
						<time>2026-02-16T10:29:48Z</time>
					</trkpt>
					<trkpt lat="46.517670" lon="3.883230">
						<ele>284</ele>
						<time>2026-02-16T10:29:58Z</time>
					</trkpt>
					<trkpt lat="46.517240" lon="3.882740">
						<ele>280</ele>
						<time>2026-02-16T10:30:08Z</time>
					</trkpt>
					<trkpt lat="46.516280" lon="3.881660">
						<ele>272</ele>
						<time>2026-02-16T10:30:30Z</time>
					</trkpt>
					<trkpt lat="46.516010" lon="3.881320">
						<ele>269</ele>
						<time>2026-02-16T10:30:36Z</time>
					</trkpt>
					<trkpt lat="46.515770" lon="3.881110">
						<ele>267</ele>
						<time>2026-02-16T10:30:41Z</time>
					</trkpt>
					<trkpt lat="46.515650" lon="3.881020">
						<ele>265</ele>
						<time>2026-02-16T10:30:43Z</time>
					</trkpt>
					<trkpt lat="46.515450" lon="3.880940">
						<ele>264</ele>
						<time>2026-02-16T10:30:47Z</time>
					</trkpt>
					<trkpt lat="46.515240" lon="3.880880">
						<ele>263</ele>
						<time>2026-02-16T10:30:51Z</time>
					</trkpt>
					<trkpt lat="46.514860" lon="3.880870">
						<ele>262</ele>
						<time>2026-02-16T10:30:58Z</time>
					</trkpt>
					<trkpt lat="46.514330" lon="3.880950">
						<ele>260</ele>
						<time>2026-02-16T10:31:07Z</time>
					</trkpt>
					<trkpt lat="46.514040" lon="3.880960">
						<ele>259</ele>
						<time>2026-02-16T10:31:12Z</time>
					</trkpt>
					<trkpt lat="46.513700" lon="3.880920">
						<ele>256</ele>
						<time>2026-02-16T10:31:18Z</time>
					</trkpt>
					<trkpt lat="46.513460" lon="3.880840">
						<ele>254</ele>
						<time>2026-02-16T10:31:23Z</time>
					</trkpt>
					<trkpt lat="46.513350" lon="3.880820">
						<ele>253</ele>
						<time>2026-02-16T10:31:25Z</time>
					</trkpt>
					<trkpt lat="46.512860" lon="3.880900">
						<ele>251</ele>
						<time>2026-02-16T10:31:33Z</time>
					</trkpt>
					<trkpt lat="46.510990" lon="3.881000">
						<ele>244</ele>
						<time>2026-02-16T10:32:07Z</time>
					</trkpt>
					<trkpt lat="46.509870" lon="3.881100">
						<ele>242</ele>
						<time>2026-02-16T10:32:27Z</time>
					</trkpt>
					<trkpt lat="46.509430" lon="3.881110">
						<ele>242</ele>
						<time>2026-02-16T10:32:35Z</time>
					</trkpt>
					<trkpt lat="46.509330" lon="3.881100">
						<ele>242</ele>
						<time>2026-02-16T10:32:36Z</time>
					</trkpt>
					<trkpt lat="46.509150" lon="3.881060">
						<ele>242</ele>
						<time>2026-02-16T10:32:40Z</time>
					</trkpt>
					<trkpt lat="46.508490" lon="3.880870">
						<ele>239</ele>
						<time>2026-02-16T10:32:52Z</time>
					</trkpt>
					<trkpt lat="46.508230" lon="3.880820">
						<ele>239</ele>
						<time>2026-02-16T10:32:56Z</time>
					</trkpt>
					<trkpt lat="46.508030" lon="3.880780">
						<ele>239</ele>
						<time>2026-02-16T10:33:00Z</time>
					</trkpt>
					<trkpt lat="46.507440" lon="3.880640">
						<ele>240</ele>
						<time>2026-02-16T10:33:10Z</time>
					</trkpt>
					<trkpt lat="46.506600" lon="3.880390">
						<ele>239</ele>
						<time>2026-02-16T10:33:26Z</time>
					</trkpt>
					<trkpt lat="46.506140" lon="3.880230">
						<ele>238</ele>
						<time>2026-02-16T10:33:34Z</time>
					</trkpt>
					<trkpt lat="46.505920" lon="3.880120">
						<ele>238</ele>
						<time>2026-02-16T10:33:38Z</time>
					</trkpt>
					<trkpt lat="46.505590" lon="3.879930">
						<ele>237</ele>
						<time>2026-02-16T10:33:45Z</time>
					</trkpt>
					<trkpt lat="46.505030" lon="3.879640">
						<ele>234</ele>
						<time>2026-02-16T10:33:55Z</time>
					</trkpt>
					<trkpt lat="46.504880" lon="3.879550">
						<ele>234</ele>
						<time>2026-02-16T10:33:58Z</time>
					</trkpt>
					<trkpt lat="46.504680" lon="3.879390">
						<ele>234</ele>
						<time>2026-02-16T10:34:02Z</time>
					</trkpt>
					<trkpt lat="46.504550" lon="3.879250">
						<ele>233</ele>
						<time>2026-02-16T10:34:05Z</time>
					</trkpt>
					<trkpt lat="46.504400" lon="3.879100">
						<ele>233</ele>
						<time>2026-02-16T10:34:08Z</time>
					</trkpt>
					<trkpt lat="46.504350" lon="3.879030">
						<ele>232</ele>
						<time>2026-02-16T10:34:09Z</time>
					</trkpt>
					<trkpt lat="46.504330" lon="3.878950">
						<ele>232</ele>
						<time>2026-02-16T10:34:11Z</time>
					</trkpt>
					<trkpt lat="46.504300" lon="3.878980">
						<ele>232</ele>
						<time>2026-02-16T10:34:11Z</time>
					</trkpt>
					<trkpt lat="46.504330" lon="3.878950">
						<ele>232</ele>
						<time>2026-02-16T10:34:12Z</time>
					</trkpt>
					<trkpt lat="46.504360" lon="3.878850">
						<ele>231</ele>
						<time>2026-02-16T10:34:13Z</time>
					</trkpt>
					<trkpt lat="46.504440" lon="3.878710">
						<ele>230</ele>
						<time>2026-02-16T10:34:15Z</time>
					</trkpt>
					<trkpt lat="46.504580" lon="3.878500">
						<ele>229</ele>
						<time>2026-02-16T10:34:19Z</time>
					</trkpt>
					<trkpt lat="46.504900" lon="3.878100">
						<ele>227</ele>
						<time>2026-02-16T10:34:26Z</time>
					</trkpt>
					<trkpt lat="46.504950" lon="3.877990">
						<ele>227</ele>
						<time>2026-02-16T10:34:28Z</time>
					</trkpt>
					<trkpt lat="46.504950" lon="3.877930">
						<ele>227</ele>
						<time>2026-02-16T10:34:29Z</time>
					</trkpt>
					<trkpt lat="46.504170" lon="3.878340">
						<ele>228</ele>
						<time>2026-02-16T10:34:44Z</time>
					</trkpt>
					<trkpt lat="46.502890" lon="3.879030">
						<ele>230</ele>
						<time>2026-02-16T10:35:08Z</time>
					</trkpt>
					<trkpt lat="46.502850" lon="3.879050">
						<ele>230</ele>
						<time>2026-02-16T10:35:09Z</time>
					</trkpt>
					<trkpt lat="46.502260" lon="3.879340">
						<ele>231</ele>
						<time>2026-02-16T10:35:20Z</time>
					</trkpt>
					<trkpt lat="46.502150" lon="3.879410">
						<ele>231</ele>
						<time>2026-02-16T10:35:22Z</time>
					</trkpt>
					<trkpt lat="46.502020" lon="3.879490">
						<ele>232</ele>
						<time>2026-02-16T10:35:24Z</time>
					</trkpt>
					<trkpt lat="46.501600" lon="3.879750">
						<ele>232</ele>
						<time>2026-02-16T10:35:32Z</time>
					</trkpt>
					<trkpt lat="46.501060" lon="3.880140">
						<ele>231</ele>
						<time>2026-02-16T10:35:43Z</time>
					</trkpt>
					<trkpt lat="46.500810" lon="3.880300">
						<ele>231</ele>
						<time>2026-02-16T10:35:48Z</time>
					</trkpt>
					<trkpt lat="46.500610" lon="3.880390">
						<ele>230</ele>
						<time>2026-02-16T10:35:52Z</time>
					</trkpt>
					<trkpt lat="46.500260" lon="3.880380">
						<ele>227</ele>
						<time>2026-02-16T10:35:58Z</time>
					</trkpt>
					<trkpt lat="46.500200" lon="3.880410">
						<ele>227</ele>
						<time>2026-02-16T10:35:59Z</time>
					</trkpt>
					<trkpt lat="46.500090" lon="3.880530">
						<ele>226</ele>
						<time>2026-02-16T10:36:02Z</time>
					</trkpt>
					<trkpt lat="46.500020" lon="3.880620">
						<ele>226</ele>
						<time>2026-02-16T10:36:03Z</time>
					</trkpt>
					<trkpt lat="46.499800" lon="3.881110">
						<ele>226</ele>
						<time>2026-02-16T10:36:10Z</time>
					</trkpt>
					<trkpt lat="46.499580" lon="3.881640">
						<ele>227</ele>
						<time>2026-02-16T10:36:18Z</time>
					</trkpt>
					<trkpt lat="46.499130" lon="3.882720">
						<ele>225</ele>
						<time>2026-02-16T10:36:33Z</time>
					</trkpt>
					<trkpt lat="46.499030" lon="3.882980">
						<ele>225</ele>
						<time>2026-02-16T10:36:37Z</time>
					</trkpt>
					<trkpt lat="46.498880" lon="3.883340">
						<ele>225</ele>
						<time>2026-02-16T10:36:42Z</time>
					</trkpt>
					<trkpt lat="46.498760" lon="3.883640">
						<ele>225</ele>
						<time>2026-02-16T10:36:47Z</time>
					</trkpt>
					<trkpt lat="46.498660" lon="3.883870">
						<ele>225</ele>
						<time>2026-02-16T10:36:50Z</time>
					</trkpt>
					<trkpt lat="46.498500" lon="3.884280">
						<ele>225</ele>
						<time>2026-02-16T10:36:56Z</time>
					</trkpt>
					<trkpt lat="46.498370" lon="3.884540">
						<ele>225</ele>
						<time>2026-02-16T10:37:00Z</time>
					</trkpt>
					<trkpt lat="46.498250" lon="3.884750">
						<ele>225</ele>
						<time>2026-02-16T10:37:03Z</time>
					</trkpt>
					<trkpt lat="46.497990" lon="3.885090">
						<ele>225</ele>
						<time>2026-02-16T10:37:09Z</time>
					</trkpt>
					<trkpt lat="46.497890" lon="3.885220">
						<ele>225</ele>
						<time>2026-02-16T10:37:12Z</time>
					</trkpt>
					<trkpt lat="46.497920" lon="3.885280">
						<ele>226</ele>
						<time>2026-02-16T10:37:12Z</time>
					</trkpt>
					<trkpt lat="46.498050" lon="3.885450">
						<ele>228</ele>
						<time>2026-02-16T10:37:16Z</time>
					</trkpt>
					<trkpt lat="46.498110" lon="3.885520">
						<ele>229</ele>
						<time>2026-02-16T10:37:17Z</time>
					</trkpt>
					<trkpt lat="46.498150" lon="3.885580">
						<ele>230</ele>
						<time>2026-02-16T10:37:18Z</time>
					</trkpt>
					<trkpt lat="46.498640" lon="3.885980">
						<ele>233</ele>
						<time>2026-02-16T10:37:28Z</time>
					</trkpt>
					<trkpt lat="46.498890" lon="3.886240">
						<ele>236</ele>
						<time>2026-02-16T10:37:33Z</time>
					</trkpt>
					<trkpt lat="46.499120" lon="3.886490">
						<ele>237</ele>
						<time>2026-02-16T10:37:39Z</time>
					</trkpt>
					<trkpt lat="46.499200" lon="3.886680">
						<ele>239</ele>
						<time>2026-02-16T10:37:41Z</time>
					</trkpt>
					<trkpt lat="46.499240" lon="3.886830">
						<ele>240</ele>
						<time>2026-02-16T10:37:43Z</time>
					</trkpt>
					<trkpt lat="46.499240" lon="3.887040">
						<ele>243</ele>
						<time>2026-02-16T10:37:46Z</time>
					</trkpt>
					<trkpt lat="46.499210" lon="3.887230">
						<ele>246</ele>
						<time>2026-02-16T10:37:48Z</time>
					</trkpt>
					<trkpt lat="46.499130" lon="3.887590">
						<ele>251</ele>
						<time>2026-02-16T10:37:53Z</time>
					</trkpt>
					<trkpt lat="46.499070" lon="3.887880">
						<ele>252</ele>
						<time>2026-02-16T10:37:57Z</time>
					</trkpt>
					<trkpt lat="46.499060" lon="3.888090">
						<ele>253</ele>
						<time>2026-02-16T10:37:59Z</time>
					</trkpt>
					<trkpt lat="46.499050" lon="3.888370">
						<ele>254</ele>
						<time>2026-02-16T10:38:03Z</time>
					</trkpt>
					<trkpt lat="46.499080" lon="3.888950">
						<ele>256</ele>
						<time>2026-02-16T10:38:10Z</time>
					</trkpt>
					<trkpt lat="46.499180" lon="3.890250">
						<ele>261</ele>
						<time>2026-02-16T10:38:26Z</time>
					</trkpt>
					<trkpt lat="46.499180" lon="3.890490">
						<ele>263</ele>
						<time>2026-02-16T10:38:29Z</time>
					</trkpt>
					<trkpt lat="46.499130" lon="3.890970">
						<ele>267</ele>
						<time>2026-02-16T10:38:35Z</time>
					</trkpt>
					<trkpt lat="46.499120" lon="3.891380">
						<ele>270</ele>
						<time>2026-02-16T10:38:40Z</time>
					</trkpt>
					<trkpt lat="46.499300" lon="3.892210">
						<ele>276</ele>
						<time>2026-02-16T10:38:50Z</time>
					</trkpt>
					<trkpt lat="46.499430" lon="3.892800">
						<ele>279</ele>
						<time>2026-02-16T10:38:58Z</time>
					</trkpt>
					<trkpt lat="46.499430" lon="3.892990">
						<ele>280</ele>
						<time>2026-02-16T10:39:00Z</time>
					</trkpt>
					<trkpt lat="46.499370" lon="3.893140">
						<ele>280</ele>
						<time>2026-02-16T10:39:02Z</time>
					</trkpt>
					<trkpt lat="46.499310" lon="3.893230">
						<ele>281</ele>
						<time>2026-02-16T10:39:04Z</time>
					</trkpt>
					<trkpt lat="46.499220" lon="3.893270">
						<ele>281</ele>
						<time>2026-02-16T10:39:05Z</time>
					</trkpt>
					<trkpt lat="46.499080" lon="3.893300">
						<ele>281</ele>
						<time>2026-02-16T10:39:08Z</time>
					</trkpt>
					<trkpt lat="46.498910" lon="3.893300">
						<ele>281</ele>
						<time>2026-02-16T10:39:11Z</time>
					</trkpt>
					<trkpt lat="46.498810" lon="3.893410">
						<ele>282</ele>
						<time>2026-02-16T10:39:13Z</time>
					</trkpt>
					<trkpt lat="46.498730" lon="3.893590">
						<ele>283</ele>
						<time>2026-02-16T10:39:16Z</time>
					</trkpt>
					<trkpt lat="46.498640" lon="3.894180">
						<ele>286</ele>
						<time>2026-02-16T10:39:23Z</time>
					</trkpt>
					<trkpt lat="46.498320" lon="3.895500">
						<ele>291</ele>
						<time>2026-02-16T10:39:40Z</time>
					</trkpt>
					<trkpt lat="46.498280" lon="3.895680">
						<ele>291</ele>
						<time>2026-02-16T10:39:43Z</time>
					</trkpt>
					<trkpt lat="46.498180" lon="3.896190">
						<ele>293</ele>
						<time>2026-02-16T10:39:49Z</time>
					</trkpt>
					<trkpt lat="46.497950" lon="3.897080">
						<ele>296</ele>
						<time>2026-02-16T10:40:01Z</time>
					</trkpt>
					<trkpt lat="46.497830" lon="3.897580">
						<ele>297</ele>
						<time>2026-02-16T10:40:07Z</time>
					</trkpt>
					<trkpt lat="46.497880" lon="3.897990">
						<ele>299</ele>
						<time>2026-02-16T10:40:12Z</time>
					</trkpt>
					<trkpt lat="46.498300" lon="3.900270">
						<ele>303</ele>
						<time>2026-02-16T10:40:41Z</time>
					</trkpt>
					<trkpt lat="46.498410" lon="3.900820">
						<ele>304</ele>
						<time>2026-02-16T10:40:48Z</time>
					</trkpt>
					<trkpt lat="46.498510" lon="3.901140">
						<ele>304</ele>
						<time>2026-02-16T10:40:53Z</time>
					</trkpt>
					<trkpt lat="46.498540" lon="3.901210">
						<ele>304</ele>
						<time>2026-02-16T10:40:54Z</time>
					</trkpt>
					<trkpt lat="46.498660" lon="3.901520">
						<ele>303</ele>
						<time>2026-02-16T10:40:58Z</time>
					</trkpt>
					<trkpt lat="46.498760" lon="3.901600">
						<ele>304</ele>
						<time>2026-02-16T10:41:00Z</time>
					</trkpt>
					<trkpt lat="46.499000" lon="3.901930">
						<ele>304</ele>
						<time>2026-02-16T10:41:06Z</time>
					</trkpt>
					<trkpt lat="46.499230" lon="3.902340">
						<ele>302</ele>
						<time>2026-02-16T10:41:12Z</time>
					</trkpt>
					<trkpt lat="46.499330" lon="3.902490">
						<ele>302</ele>
						<time>2026-02-16T10:41:15Z</time>
					</trkpt>
					<trkpt lat="46.499530" lon="3.902700">
						<ele>302</ele>
						<time>2026-02-16T10:41:19Z</time>
					</trkpt>
					<trkpt lat="46.499600" lon="3.902830">
						<ele>302</ele>
						<time>2026-02-16T10:41:21Z</time>
					</trkpt>
					<trkpt lat="46.499730" lon="3.903130">
						<ele>302</ele>
						<time>2026-02-16T10:41:26Z</time>
					</trkpt>
					<trkpt lat="46.499750" lon="3.903270">
						<ele>302</ele>
						<time>2026-02-16T10:41:28Z</time>
					</trkpt>
					<trkpt lat="46.499760" lon="3.903420">
						<ele>302</ele>
						<time>2026-02-16T10:41:29Z</time>
					</trkpt>
					<trkpt lat="46.499680" lon="3.904230">
						<ele>302</ele>
						<time>2026-02-16T10:41:39Z</time>
					</trkpt>
					<trkpt lat="46.499660" lon="3.905050">
						<ele>302</ele>
						<time>2026-02-16T10:41:49Z</time>
					</trkpt>
					<trkpt lat="46.499600" lon="3.905630">
						<ele>300</ele>
						<time>2026-02-16T10:41:57Z</time>
					</trkpt>
					<trkpt lat="46.499520" lon="3.906060">
						<ele>299</ele>
						<time>2026-02-16T10:42:02Z</time>
					</trkpt>
					<trkpt lat="46.499480" lon="3.906220">
						<ele>299</ele>
						<time>2026-02-16T10:42:04Z</time>
					</trkpt>
					<trkpt lat="46.499350" lon="3.906580">
						<ele>297</ele>
						<time>2026-02-16T10:42:09Z</time>
					</trkpt>
					<trkpt lat="46.499250" lon="3.906960">
						<ele>296</ele>
						<time>2026-02-16T10:42:14Z</time>
					</trkpt>
					<trkpt lat="46.499200" lon="3.907210">
						<ele>295</ele>
						<time>2026-02-16T10:42:17Z</time>
					</trkpt>
					<trkpt lat="46.499170" lon="3.907460">
						<ele>294</ele>
						<time>2026-02-16T10:42:20Z</time>
					</trkpt>
					<trkpt lat="46.499220" lon="3.907980">
						<ele>294</ele>
						<time>2026-02-16T10:42:27Z</time>
					</trkpt>
					<trkpt lat="46.499300" lon="3.908490">
						<ele>294</ele>
						<time>2026-02-16T10:42:33Z</time>
					</trkpt>
					<trkpt lat="46.499380" lon="3.909170">
						<ele>294</ele>
						<time>2026-02-16T10:42:42Z</time>
					</trkpt>
					<trkpt lat="46.499530" lon="3.909850">
						<ele>291</ele>
						<time>2026-02-16T10:42:50Z</time>
					</trkpt>
					<trkpt lat="46.499550" lon="3.910020">
						<ele>291</ele>
						<time>2026-02-16T10:42:53Z</time>
					</trkpt>
					<trkpt lat="46.499530" lon="3.910190">
						<ele>290</ele>
						<time>2026-02-16T10:42:55Z</time>
					</trkpt>
					<trkpt lat="46.499440" lon="3.910550">
						<ele>288</ele>
						<time>2026-02-16T10:42:59Z</time>
					</trkpt>
					<trkpt lat="46.499310" lon="3.910850">
						<ele>285</ele>
						<time>2026-02-16T10:43:04Z</time>
					</trkpt>
					<trkpt lat="46.499150" lon="3.911080">
						<ele>284</ele>
						<time>2026-02-16T10:43:08Z</time>
					</trkpt>
					<trkpt lat="46.498950" lon="3.911290">
						<ele>282</ele>
						<time>2026-02-16T10:43:12Z</time>
					</trkpt>
					<trkpt lat="46.498770" lon="3.911410">
						<ele>280</ele>
						<time>2026-02-16T10:43:16Z</time>
					</trkpt>
					<trkpt lat="46.498570" lon="3.911470">
						<ele>278</ele>
						<time>2026-02-16T10:43:19Z</time>
					</trkpt>
					<trkpt lat="46.498360" lon="3.911460">
						<ele>276</ele>
						<time>2026-02-16T10:43:23Z</time>
					</trkpt>
					<trkpt lat="46.498200" lon="3.911470">
						<ele>273</ele>
						<time>2026-02-16T10:43:26Z</time>
					</trkpt>
					<trkpt lat="46.498050" lon="3.911590">
						<ele>270</ele>
						<time>2026-02-16T10:43:29Z</time>
					</trkpt>
					<trkpt lat="46.497910" lon="3.911880">
						<ele>267</ele>
						<time>2026-02-16T10:43:33Z</time>
					</trkpt>
					<trkpt lat="46.497730" lon="3.912690">
						<ele>262</ele>
						<time>2026-02-16T10:43:44Z</time>
					</trkpt>
					<trkpt lat="46.497620" lon="3.913310">
						<ele>257</ele>
						<time>2026-02-16T10:43:52Z</time>
					</trkpt>
					<trkpt lat="46.497570" lon="3.913560">
						<ele>255</ele>
						<time>2026-02-16T10:43:55Z</time>
					</trkpt>
					<trkpt lat="46.497520" lon="3.913860">
						<ele>253</ele>
						<time>2026-02-16T10:43:58Z</time>
					</trkpt>
					<trkpt lat="46.497520" lon="3.914110">
						<ele>252</ele>
						<time>2026-02-16T10:44:02Z</time>
					</trkpt>
					<trkpt lat="46.497540" lon="3.914310">
						<ele>252</ele>
						<time>2026-02-16T10:44:04Z</time>
					</trkpt>
					<trkpt lat="46.497620" lon="3.914740">
						<ele>251</ele>
						<time>2026-02-16T10:44:09Z</time>
					</trkpt>
					<trkpt lat="46.497710" lon="3.915000">
						<ele>250</ele>
						<time>2026-02-16T10:44:13Z</time>
					</trkpt>
					<trkpt lat="46.497830" lon="3.915200">
						<ele>249</ele>
						<time>2026-02-16T10:44:16Z</time>
					</trkpt>
					<trkpt lat="46.498040" lon="3.915420">
						<ele>249</ele>
						<time>2026-02-16T10:44:21Z</time>
					</trkpt>
					<trkpt lat="46.498310" lon="3.915670">
						<ele>248</ele>
						<time>2026-02-16T10:44:27Z</time>
					</trkpt>
					<trkpt lat="46.498340" lon="3.915710">
						<ele>248</ele>
						<time>2026-02-16T10:44:27Z</time>
					</trkpt>
					<trkpt lat="46.498360" lon="3.915770">
						<ele>247</ele>
						<time>2026-02-16T10:44:28Z</time>
					</trkpt>
					<trkpt lat="46.498340" lon="3.915850">
						<ele>246</ele>
						<time>2026-02-16T10:44:29Z</time>
					</trkpt>
					<trkpt lat="46.498330" lon="3.915880">
						<ele>246</ele>
						<time>2026-02-16T10:44:30Z</time>
					</trkpt>
					<trkpt lat="46.498270" lon="3.915930">
						<ele>246</ele>
						<time>2026-02-16T10:44:31Z</time>
					</trkpt>
					<trkpt lat="46.498210" lon="3.915950">
						<ele>246</ele>
						<time>2026-02-16T10:44:32Z</time>
					</trkpt>
					<trkpt lat="46.498100" lon="3.915950">
						<ele>245</ele>
						<time>2026-02-16T10:44:34Z</time>
					</trkpt>
					<trkpt lat="46.497850" lon="3.915910">
						<ele>244</ele>
						<time>2026-02-16T10:44:38Z</time>
					</trkpt>
					<trkpt lat="46.497600" lon="3.915890">
						<ele>243</ele>
						<time>2026-02-16T10:44:43Z</time>
					</trkpt>
					<trkpt lat="46.497240" lon="3.915840">
						<ele>239</ele>
						<time>2026-02-16T10:44:49Z</time>
					</trkpt>
					<trkpt lat="46.497020" lon="3.915860">
						<ele>236</ele>
						<time>2026-02-16T10:44:53Z</time>
					</trkpt>
					<trkpt lat="46.496800" lon="3.915890">
						<ele>232</ele>
						<time>2026-02-16T10:44:57Z</time>
					</trkpt>
					<trkpt lat="46.496710" lon="3.915920">
						<ele>231</ele>
						<time>2026-02-16T10:44:59Z</time>
					</trkpt>
					<trkpt lat="46.496730" lon="3.916110">
						<ele>232</ele>
						<time>2026-02-16T10:45:01Z</time>
					</trkpt>
					<trkpt lat="46.496740" lon="3.916170">
						<ele>232</ele>
						<time>2026-02-16T10:45:02Z</time>
					</trkpt>
					<trkpt lat="46.496790" lon="3.916610">
						<ele>234</ele>
						<time>2026-02-16T10:45:07Z</time>
					</trkpt>
					<trkpt lat="46.496810" lon="3.916840">
						<ele>235</ele>
						<time>2026-02-16T10:45:10Z</time>
					</trkpt>
					<trkpt lat="46.496820" lon="3.917110">
						<ele>235</ele>
						<time>2026-02-16T10:45:13Z</time>
					</trkpt>
					<trkpt lat="46.496830" lon="3.918530">
						<ele>234</ele>
						<time>2026-02-16T10:45:31Z</time>
					</trkpt>
					<trkpt lat="46.496850" lon="3.918970">
						<ele>235</ele>
						<time>2026-02-16T10:45:36Z</time>
					</trkpt>
					<trkpt lat="46.496850" lon="3.919420">
						<ele>236</ele>
						<time>2026-02-16T10:45:42Z</time>
					</trkpt>
					<trkpt lat="46.496830" lon="3.919590">
						<ele>236</ele>
						<time>2026-02-16T10:45:44Z</time>
					</trkpt>
					<trkpt lat="46.496790" lon="3.919750">
						<ele>235</ele>
						<time>2026-02-16T10:45:46Z</time>
					</trkpt>
					<trkpt lat="46.496460" lon="3.920930">
						<ele>234</ele>
						<time>2026-02-16T10:46:02Z</time>
					</trkpt>
					<trkpt lat="46.496410" lon="3.921140">
						<ele>234</ele>
						<time>2026-02-16T10:46:04Z</time>
					</trkpt>
					<trkpt lat="46.496370" lon="3.921500">
						<ele>235</ele>
						<time>2026-02-16T10:46:09Z</time>
					</trkpt>
					<trkpt lat="46.496360" lon="3.921750">
						<ele>235</ele>
						<time>2026-02-16T10:46:12Z</time>
					</trkpt>
					<trkpt lat="46.496380" lon="3.922000">
						<ele>235</ele>
						<time>2026-02-16T10:46:15Z</time>
					</trkpt>
					<trkpt lat="46.496580" lon="3.924120">
						<ele>232</ele>
						<time>2026-02-16T10:46:41Z</time>
					</trkpt>
					<trkpt lat="46.496600" lon="3.924370">
						<ele>233</ele>
						<time>2026-02-16T10:46:44Z</time>
					</trkpt>
					<trkpt lat="46.496590" lon="3.924610">
						<ele>234</ele>
						<time>2026-02-16T10:46:47Z</time>
					</trkpt>
					<trkpt lat="46.496580" lon="3.924840">
						<ele>234</ele>
						<time>2026-02-16T10:46:50Z</time>
					</trkpt>
					<trkpt lat="46.496560" lon="3.925020">
						<ele>235</ele>
						<time>2026-02-16T10:46:52Z</time>
					</trkpt>
					<trkpt lat="46.496340" lon="3.926270">
						<ele>235</ele>
						<time>2026-02-16T10:47:08Z</time>
					</trkpt>
					<trkpt lat="46.496260" lon="3.926720">
						<ele>235</ele>
						<time>2026-02-16T10:47:14Z</time>
					</trkpt>
					<trkpt lat="46.496170" lon="3.927080">
						<ele>234</ele>
						<time>2026-02-16T10:47:18Z</time>
					</trkpt>
					<trkpt lat="46.495400" lon="3.929540">
						<ele>230</ele>
						<time>2026-02-16T10:47:51Z</time>
					</trkpt>
					<trkpt lat="46.495310" lon="3.929830">
						<ele>230</ele>
						<time>2026-02-16T10:47:55Z</time>
					</trkpt>
					<trkpt lat="46.495230" lon="3.930150">
						<ele>230</ele>
						<time>2026-02-16T10:48:00Z</time>
					</trkpt>
					<trkpt lat="46.494830" lon="3.932490">
						<ele>232</ele>
						<time>2026-02-16T10:48:29Z</time>
					</trkpt>
					<trkpt lat="46.494740" lon="3.933070">
						<ele>232</ele>
						<time>2026-02-16T10:48:36Z</time>
					</trkpt>
					<trkpt lat="46.494130" lon="3.936700">
						<ele>230</ele>
						<time>2026-02-16T10:49:22Z</time>
					</trkpt>
					<trkpt lat="46.493690" lon="3.939350">
						<ele>231</ele>
						<time>2026-02-16T10:49:56Z</time>
					</trkpt>
					<trkpt lat="46.493630" lon="3.939730">
						<ele>230</ele>
						<time>2026-02-16T10:50:00Z</time>
					</trkpt>
					<trkpt lat="46.493550" lon="3.940220">
						<ele>229</ele>
						<time>2026-02-16T10:50:06Z</time>
					</trkpt>
					<trkpt lat="46.493530" lon="3.940360">
						<ele>229</ele>
						<time>2026-02-16T10:50:08Z</time>
					</trkpt>
					<trkpt lat="46.493510" lon="3.940590">
						<ele>230</ele>
						<time>2026-02-16T10:50:11Z</time>
					</trkpt>
					<trkpt lat="46.493510" lon="3.940820">
						<ele>230</ele>
						<time>2026-02-16T10:50:14Z</time>
					</trkpt>
					<trkpt lat="46.493550" lon="3.942710">
						<ele>233</ele>
						<time>2026-02-16T10:50:37Z</time>
					</trkpt>
					<trkpt lat="46.493610" lon="3.945870">
						<ele>237</ele>
						<time>2026-02-16T10:51:16Z</time>
					</trkpt>
					<trkpt lat="46.493630" lon="3.946560">
						<ele>236</ele>
						<time>2026-02-16T10:51:24Z</time>
					</trkpt>
					<trkpt lat="46.493630" lon="3.946950">
						<ele>236</ele>
						<time>2026-02-16T10:51:29Z</time>
					</trkpt>
					<trkpt lat="46.493620" lon="3.947300">
						<ele>236</ele>
						<time>2026-02-16T10:51:33Z</time>
					</trkpt>
					<trkpt lat="46.493550" lon="3.948340">
						<ele>235</ele>
						<time>2026-02-16T10:51:46Z</time>
					</trkpt>
					<trkpt lat="46.493550" lon="3.948510">
						<ele>236</ele>
						<time>2026-02-16T10:51:48Z</time>
					</trkpt>
					<trkpt lat="46.493600" lon="3.948980">
						<ele>238</ele>
						<time>2026-02-16T10:51:54Z</time>
					</trkpt>
					<trkpt lat="46.493590" lon="3.949150">
						<ele>238</ele>
						<time>2026-02-16T10:51:56Z</time>
					</trkpt>
					<trkpt lat="46.493410" lon="3.950150">
						<ele>236</ele>
						<time>2026-02-16T10:52:09Z</time>
					</trkpt>
					<trkpt lat="46.493380" lon="3.950400">
						<ele>237</ele>
						<time>2026-02-16T10:52:12Z</time>
					</trkpt>
					<trkpt lat="46.493090" lon="3.953040">
						<ele>237</ele>
						<time>2026-02-16T10:52:45Z</time>
					</trkpt>
					<trkpt lat="46.493050" lon="3.953410">
						<ele>236</ele>
						<time>2026-02-16T10:52:49Z</time>
					</trkpt>
					<trkpt lat="46.493020" lon="3.953590">
						<ele>236</ele>
						<time>2026-02-16T10:52:51Z</time>
					</trkpt>
					<trkpt lat="46.492980" lon="3.953780">
						<ele>237</ele>
						<time>2026-02-16T10:52:54Z</time>
					</trkpt>
					<trkpt lat="46.492580" lon="3.955270">
						<ele>232</ele>
						<time>2026-02-16T10:53:13Z</time>
					</trkpt>
					<trkpt lat="46.492450" lon="3.955720">
						<ele>232</ele>
						<time>2026-02-16T10:53:19Z</time>
					</trkpt>
					<trkpt lat="46.492040" lon="3.956800">
						<ele>230</ele>
						<time>2026-02-16T10:53:35Z</time>
					</trkpt>
					<trkpt lat="46.492000" lon="3.956910">
						<ele>229</ele>
						<time>2026-02-16T10:53:36Z</time>
					</trkpt>
					<trkpt lat="46.491960" lon="3.957070">
						<ele>229</ele>
						<time>2026-02-16T10:53:38Z</time>
					</trkpt>
					<trkpt lat="46.491830" lon="3.957800">
						<ele>228</ele>
						<time>2026-02-16T10:53:47Z</time>
					</trkpt>
					<trkpt lat="46.491820" lon="3.957910">
						<ele>228</ele>
						<time>2026-02-16T10:53:49Z</time>
					</trkpt>
					<trkpt lat="46.491820" lon="3.958050">
						<ele>228</ele>
						<time>2026-02-16T10:53:50Z</time>
					</trkpt>
					<trkpt lat="46.491850" lon="3.958190">
						<ele>228</ele>
						<time>2026-02-16T10:53:52Z</time>
					</trkpt>
					<trkpt lat="46.492000" lon="3.959050">
						<ele>231</ele>
						<time>2026-02-16T10:54:03Z</time>
					</trkpt>
					<trkpt lat="46.492040" lon="3.959010">
						<ele>232</ele>
						<time>2026-02-16T10:54:04Z</time>
					</trkpt>
					<trkpt lat="46.492060" lon="3.958940">
						<ele>232</ele>
						<time>2026-02-16T10:54:05Z</time>
					</trkpt>
					<trkpt lat="46.492090" lon="3.958810">
						<ele>232</ele>
						<time>2026-02-16T10:54:07Z</time>
					</trkpt>
					<trkpt lat="46.492090" lon="3.958720">
						<ele>231</ele>
						<time>2026-02-16T10:54:08Z</time>
					</trkpt>
					<trkpt lat="46.492080" lon="3.958350">
						<ele>230</ele>
						<time>2026-02-16T10:54:12Z</time>
					</trkpt>
					<trkpt lat="46.492100" lon="3.958070">
						<ele>230</ele>
						<time>2026-02-16T10:54:16Z</time>
					</trkpt>
					<trkpt lat="46.492180" lon="3.957950">
						<ele>231</ele>
						<time>2026-02-16T10:54:18Z</time>
					</trkpt>
					<trkpt lat="46.492190" lon="3.957930">
						<ele>231</ele>
						<time>2026-02-16T10:54:18Z</time>
					</trkpt>
					<trkpt lat="46.492290" lon="3.958010">
						<ele>231</ele>
						<time>2026-02-16T10:54:20Z</time>
					</trkpt>
					<trkpt lat="46.492330" lon="3.958090">
						<ele>232</ele>
						<time>2026-02-16T10:54:21Z</time>
					</trkpt>
					<trkpt lat="46.492380" lon="3.958240">
						<ele>232</ele>
						<time>2026-02-16T10:54:23Z</time>
					</trkpt>
					<trkpt lat="46.492470" lon="3.958610">
						<ele>235</ele>
						<time>2026-02-16T10:54:28Z</time>
					</trkpt>
					<trkpt lat="46.492510" lon="3.959220">
						<ele>240</ele>
						<time>2026-02-16T10:54:36Z</time>
					</trkpt>
					<trkpt lat="46.492560" lon="3.959550">
						<ele>243</ele>
						<time>2026-02-16T10:54:40Z</time>
					</trkpt>
					<trkpt lat="46.492590" lon="3.959900">
						<ele>246</ele>
						<time>2026-02-16T10:54:44Z</time>
					</trkpt>
					<trkpt lat="46.492600" lon="3.959970">
						<ele>247</ele>
						<time>2026-02-16T10:54:45Z</time>
					</trkpt>
					<trkpt lat="46.492580" lon="3.960330">
						<ele>248</ele>
						<time>2026-02-16T10:54:49Z</time>
					</trkpt>
					<trkpt lat="46.492590" lon="3.960510">
						<ele>249</ele>
						<time>2026-02-16T10:54:52Z</time>
					</trkpt>
					<trkpt lat="46.492680" lon="3.961000">
						<ele>254</ele>
						<time>2026-02-16T10:54:58Z</time>
					</trkpt>
					<trkpt lat="46.492690" lon="3.961160">
						<ele>255</ele>
						<time>2026-02-16T10:55:00Z</time>
					</trkpt>
					<trkpt lat="46.492690" lon="3.961390">
						<ele>256</ele>
						<time>2026-02-16T10:55:03Z</time>
					</trkpt>
					<trkpt lat="46.492710" lon="3.961520">
						<ele>257</ele>
						<time>2026-02-16T10:55:04Z</time>
					</trkpt>
					<trkpt lat="46.492750" lon="3.961720">
						<ele>258</ele>
						<time>2026-02-16T10:55:07Z</time>
					</trkpt>
					<trkpt lat="46.492840" lon="3.961950">
						<ele>260</ele>
						<time>2026-02-16T10:55:10Z</time>
					</trkpt>
					<trkpt lat="46.492890" lon="3.962120">
						<ele>261</ele>
						<time>2026-02-16T10:55:12Z</time>
					</trkpt>
					<trkpt lat="46.492940" lon="3.962280">
						<ele>263</ele>
						<time>2026-02-16T10:55:14Z</time>
					</trkpt>
					<trkpt lat="46.493070" lon="3.962410">
						<ele>266</ele>
						<time>2026-02-16T10:55:17Z</time>
					</trkpt>
					<trkpt lat="46.493410" lon="3.962520">
						<ele>273</ele>
						<time>2026-02-16T10:55:23Z</time>
					</trkpt>
					<trkpt lat="46.493490" lon="3.962560">
						<ele>275</ele>
						<time>2026-02-16T10:55:25Z</time>
					</trkpt>
					<trkpt lat="46.493570" lon="3.962630">
						<ele>276</ele>
						<time>2026-02-16T10:55:27Z</time>
					</trkpt>
					<trkpt lat="46.493630" lon="3.962720">
						<ele>277</ele>
						<time>2026-02-16T10:55:28Z</time>
					</trkpt>
					<trkpt lat="46.493690" lon="3.962850">
						<ele>278</ele>
						<time>2026-02-16T10:55:30Z</time>
					</trkpt>
					<trkpt lat="46.493770" lon="3.962970">
						<ele>280</ele>
						<time>2026-02-16T10:55:32Z</time>
					</trkpt>
					<trkpt lat="46.493850" lon="3.963080">
						<ele>281</ele>
						<time>2026-02-16T10:55:34Z</time>
					</trkpt>
					<trkpt lat="46.493980" lon="3.963220">
						<ele>283</ele>
						<time>2026-02-16T10:55:37Z</time>
					</trkpt>
					<trkpt lat="46.494160" lon="3.963380">
						<ele>286</ele>
						<time>2026-02-16T10:55:41Z</time>
					</trkpt>
					<trkpt lat="46.494290" lon="3.963420">
						<ele>287</ele>
						<time>2026-02-16T10:55:43Z</time>
					</trkpt>
					<trkpt lat="46.494420" lon="3.963420">
						<ele>288</ele>
						<time>2026-02-16T10:55:45Z</time>
					</trkpt>
					<trkpt lat="46.494530" lon="3.963410">
						<ele>289</ele>
						<time>2026-02-16T10:55:47Z</time>
					</trkpt>
					<trkpt lat="46.494790" lon="3.963400">
						<ele>290</ele>
						<time>2026-02-16T10:55:52Z</time>
					</trkpt>
					<trkpt lat="46.494820" lon="3.963410">
						<ele>291</ele>
						<time>2026-02-16T10:55:53Z</time>
					</trkpt>
					<trkpt lat="46.494900" lon="3.963410">
						<ele>291</ele>
						<time>2026-02-16T10:55:54Z</time>
					</trkpt>
					<trkpt lat="46.495080" lon="3.963470">
						<ele>292</ele>
						<time>2026-02-16T10:55:57Z</time>
					</trkpt>
					<trkpt lat="46.495240" lon="3.963510">
						<ele>293</ele>
						<time>2026-02-16T10:56:00Z</time>
					</trkpt>
					<trkpt lat="46.495290" lon="3.963530">
						<ele>293</ele>
						<time>2026-02-16T10:56:01Z</time>
					</trkpt>
					<trkpt lat="46.495340" lon="3.963570">
						<ele>294</ele>
						<time>2026-02-16T10:56:02Z</time>
					</trkpt>
					<trkpt lat="46.495420" lon="3.963620">
						<ele>294</ele>
						<time>2026-02-16T10:56:04Z</time>
					</trkpt>
					<trkpt lat="46.495480" lon="3.963690">
						<ele>295</ele>
						<time>2026-02-16T10:56:05Z</time>
					</trkpt>
					<trkpt lat="46.495720" lon="3.964040">
						<ele>298</ele>
						<time>2026-02-16T10:56:11Z</time>
					</trkpt>
					<trkpt lat="46.495760" lon="3.964080">
						<ele>298</ele>
						<time>2026-02-16T10:56:12Z</time>
					</trkpt>
					<trkpt lat="46.495840" lon="3.964100">
						<ele>299</ele>
						<time>2026-02-16T10:56:13Z</time>
					</trkpt>
					<trkpt lat="46.495900" lon="3.964130">
						<ele>299</ele>
						<time>2026-02-16T10:56:14Z</time>
					</trkpt>
					<trkpt lat="46.496090" lon="3.964210">
						<ele>300</ele>
						<time>2026-02-16T10:56:18Z</time>
					</trkpt>
					<trkpt lat="46.496410" lon="3.964320">
						<ele>301</ele>
						<time>2026-02-16T10:56:24Z</time>
					</trkpt>
					<trkpt lat="46.496570" lon="3.964400">
						<ele>301</ele>
						<time>2026-02-16T10:56:27Z</time>
					</trkpt>
					<trkpt lat="46.496920" lon="3.964630">
						<ele>303</ele>
						<time>2026-02-16T10:56:34Z</time>
					</trkpt>
					<trkpt lat="46.497190" lon="3.964810">
						<ele>304</ele>
						<time>2026-02-16T10:56:39Z</time>
					</trkpt>
					<trkpt lat="46.497680" lon="3.965200">
						<ele>306</ele>
						<time>2026-02-16T10:56:49Z</time>
					</trkpt>
					<trkpt lat="46.497910" lon="3.965410">
						<ele>306</ele>
						<time>2026-02-16T10:56:54Z</time>
					</trkpt>
					<trkpt lat="46.498050" lon="3.965570">
						<ele>306</ele>
						<time>2026-02-16T10:56:57Z</time>
					</trkpt>
					<trkpt lat="46.498240" lon="3.965810">
						<ele>306</ele>
						<time>2026-02-16T10:57:01Z</time>
					</trkpt>
					<trkpt lat="46.498810" lon="3.966590">
						<ele>308</ele>
						<time>2026-02-16T10:57:15Z</time>
					</trkpt>
					<trkpt lat="46.498930" lon="3.966740">
						<ele>309</ele>
						<time>2026-02-16T10:57:18Z</time>
					</trkpt>
					<trkpt lat="46.499040" lon="3.966850">
						<ele>309</ele>
						<time>2026-02-16T10:57:21Z</time>
					</trkpt>
					<trkpt lat="46.499120" lon="3.966900">
						<ele>309</ele>
						<time>2026-02-16T10:57:22Z</time>
					</trkpt>
					<trkpt lat="46.499210" lon="3.966940">
						<ele>309</ele>
						<time>2026-02-16T10:57:24Z</time>
					</trkpt>
					<trkpt lat="46.499500" lon="3.966960">
						<ele>310</ele>
						<time>2026-02-16T10:57:29Z</time>
					</trkpt>
					<trkpt lat="46.500180" lon="3.966980">
						<ele>312</ele>
						<time>2026-02-16T10:57:41Z</time>
					</trkpt>
					<trkpt lat="46.501200" lon="3.967050">
						<ele>314</ele>
						<time>2026-02-16T10:57:59Z</time>
					</trkpt>
					<trkpt lat="46.501250" lon="3.967050">
						<ele>314</ele>
						<time>2026-02-16T10:58:00Z</time>
					</trkpt>
					<trkpt lat="46.501320" lon="3.967180">
						<ele>315</ele>
						<time>2026-02-16T10:58:02Z</time>
					</trkpt>
					<trkpt lat="46.501480" lon="3.967330">
						<ele>315</ele>
						<time>2026-02-16T10:58:05Z</time>
					</trkpt>
					<trkpt lat="46.501550" lon="3.967440">
						<ele>316</ele>
						<time>2026-02-16T10:58:07Z</time>
					</trkpt>
					<trkpt lat="46.501610" lon="3.967580">
						<ele>316</ele>
						<time>2026-02-16T10:58:09Z</time>
					</trkpt>
					<trkpt lat="46.501640" lon="3.967720">
						<ele>315</ele>
						<time>2026-02-16T10:58:11Z</time>
					</trkpt>
					<trkpt lat="46.501690" lon="3.968160">
						<ele>314</ele>
						<time>2026-02-16T10:58:17Z</time>
					</trkpt>
					<trkpt lat="46.501690" lon="3.968280">
						<ele>313</ele>
						<time>2026-02-16T10:58:18Z</time>
					</trkpt>
					<trkpt lat="46.501660" lon="3.968750">
						<ele>313</ele>
						<time>2026-02-16T10:58:24Z</time>
					</trkpt>
					<trkpt lat="46.501670" lon="3.968850">
						<ele>313</ele>
						<time>2026-02-16T10:58:25Z</time>
					</trkpt>
					<trkpt lat="46.501720" lon="3.968970">
						<ele>313</ele>
						<time>2026-02-16T10:58:27Z</time>
					</trkpt>
					<trkpt lat="46.501860" lon="3.969260">
						<ele>314</ele>
						<time>2026-02-16T10:58:31Z</time>
					</trkpt>
					<trkpt lat="46.501900" lon="3.969330">
						<ele>314</ele>
						<time>2026-02-16T10:58:32Z</time>
					</trkpt>
					<trkpt lat="46.501990" lon="3.969530">
						<ele>315</ele>
						<time>2026-02-16T10:58:35Z</time>
					</trkpt>
					<trkpt lat="46.502490" lon="3.971240">
						<ele>316</ele>
						<time>2026-02-16T10:58:58Z</time>
					</trkpt>
					<trkpt lat="46.502650" lon="3.971830">
						<ele>316</ele>
						<time>2026-02-16T10:59:06Z</time>
					</trkpt>
					<trkpt lat="46.502660" lon="3.971980">
						<ele>316</ele>
						<time>2026-02-16T10:59:08Z</time>
					</trkpt>
					<trkpt lat="46.502750" lon="3.972240">
						<ele>315</ele>
						<time>2026-02-16T10:59:11Z</time>
					</trkpt>
					<trkpt lat="46.503010" lon="3.972730">
						<ele>315</ele>
						<time>2026-02-16T10:59:19Z</time>
					</trkpt>
					<trkpt lat="46.503030" lon="3.972870">
						<ele>314</ele>
						<time>2026-02-16T10:59:20Z</time>
					</trkpt>
					<trkpt lat="46.503050" lon="3.973250">
						<ele>313</ele>
						<time>2026-02-16T10:59:25Z</time>
					</trkpt>
					<trkpt lat="46.503110" lon="3.973840">
						<ele>312</ele>
						<time>2026-02-16T10:59:32Z</time>
					</trkpt>
					<trkpt lat="46.503200" lon="3.974750">
						<ele>310</ele>
						<time>2026-02-16T10:59:44Z</time>
					</trkpt>
					<trkpt lat="46.503200" lon="3.974900">
						<ele>310</ele>
						<time>2026-02-16T10:59:46Z</time>
					</trkpt>
					<trkpt lat="46.503200" lon="3.975100">
						<ele>309</ele>
						<time>2026-02-16T10:59:48Z</time>
					</trkpt>
					<trkpt lat="46.503140" lon="3.975720">
						<ele>308</ele>
						<time>2026-02-16T10:59:56Z</time>
					</trkpt>
					<trkpt lat="46.502990" lon="3.977360">
						<ele>309</ele>
						<time>2026-02-16T11:00:16Z</time>
					</trkpt>
					<trkpt lat="46.502940" lon="3.977590">
						<ele>310</ele>
						<time>2026-02-16T11:00:19Z</time>
					</trkpt>
					<trkpt lat="46.502880" lon="3.977680">
						<ele>310</ele>
						<time>2026-02-16T11:00:20Z</time>
					</trkpt>
					<trkpt lat="46.502800" lon="3.977790">
						<ele>310</ele>
						<time>2026-02-16T11:00:22Z</time>
					</trkpt>
					<trkpt lat="46.502710" lon="3.977980">
						<ele>310</ele>
						<time>2026-02-16T11:00:25Z</time>
					</trkpt>
					<trkpt lat="46.502390" lon="3.978780">
						<ele>310</ele>
						<time>2026-02-16T11:00:37Z</time>
					</trkpt>
					<trkpt lat="46.502280" lon="3.979010">
						<ele>309</ele>
						<time>2026-02-16T11:00:40Z</time>
					</trkpt>
					<trkpt lat="46.501830" lon="3.979660">
						<ele>305</ele>
						<time>2026-02-16T11:00:51Z</time>
					</trkpt>
					<trkpt lat="46.501610" lon="3.980200">
						<ele>303</ele>
						<time>2026-02-16T11:00:59Z</time>
					</trkpt>
					<trkpt lat="46.501530" lon="3.980440">
						<ele>301</ele>
						<time>2026-02-16T11:01:02Z</time>
					</trkpt>
					<trkpt lat="46.501450" lon="3.980680">
						<ele>300</ele>
						<time>2026-02-16T11:01:05Z</time>
					</trkpt>
					<trkpt lat="46.501300" lon="3.981350">
						<ele>295</ele>
						<time>2026-02-16T11:01:14Z</time>
					</trkpt>
					<trkpt lat="46.501180" lon="3.981760">
						<ele>293</ele>
						<time>2026-02-16T11:01:20Z</time>
					</trkpt>
					<trkpt lat="46.501040" lon="3.982140">
						<ele>289</ele>
						<time>2026-02-16T11:01:25Z</time>
					</trkpt>
					<trkpt lat="46.501040" lon="3.982190">
						<ele>289</ele>
						<time>2026-02-16T11:01:25Z</time>
					</trkpt>
					<trkpt lat="46.501030" lon="3.982320">
						<ele>288</ele>
						<time>2026-02-16T11:01:27Z</time>
					</trkpt>
					<trkpt lat="46.501060" lon="3.982510">
						<ele>287</ele>
						<time>2026-02-16T11:01:29Z</time>
					</trkpt>
					<trkpt lat="46.501170" lon="3.982890">
						<ele>284</ele>
						<time>2026-02-16T11:01:34Z</time>
					</trkpt>
					<trkpt lat="46.501430" lon="3.983550">
						<ele>280</ele>
						<time>2026-02-16T11:01:44Z</time>
					</trkpt>
					<trkpt lat="46.501520" lon="3.983850">
						<ele>280</ele>
						<time>2026-02-16T11:01:48Z</time>
					</trkpt>
					<trkpt lat="46.501640" lon="3.984420">
						<ele>279</ele>
						<time>2026-02-16T11:01:55Z</time>
					</trkpt>
					<trkpt lat="46.501800" lon="3.985100">
						<ele>277</ele>
						<time>2026-02-16T11:02:04Z</time>
					</trkpt>
					<trkpt lat="46.501960" lon="3.985940">
						<ele>273</ele>
						<time>2026-02-16T11:02:15Z</time>
					</trkpt>
					<trkpt lat="46.502180" lon="3.986770">
						<ele>268</ele>
						<time>2026-02-16T11:02:25Z</time>
					</trkpt>
					<trkpt lat="46.502290" lon="3.987310">
						<ele>265</ele>
						<time>2026-02-16T11:02:32Z</time>
					</trkpt>
					<trkpt lat="46.502410" lon="3.988140">
						<ele>265</ele>
						<time>2026-02-16T11:02:43Z</time>
					</trkpt>
					<trkpt lat="46.502440" lon="3.988570">
						<ele>265</ele>
						<time>2026-02-16T11:02:48Z</time>
					</trkpt>
					<trkpt lat="46.502680" lon="3.989910">
						<ele>257</ele>
						<time>2026-02-16T11:03:05Z</time>
					</trkpt>
					<trkpt lat="46.502740" lon="3.990400">
						<ele>251</ele>
						<time>2026-02-16T11:03:11Z</time>
					</trkpt>
					<trkpt lat="46.502900" lon="3.991010">
						<ele>244</ele>
						<time>2026-02-16T11:03:19Z</time>
					</trkpt>
					<trkpt lat="46.503040" lon="3.991370">
						<ele>241</ele>
						<time>2026-02-16T11:03:24Z</time>
					</trkpt>
					<trkpt lat="46.503090" lon="3.991610">
						<ele>239</ele>
						<time>2026-02-16T11:03:27Z</time>
					</trkpt>
					<trkpt lat="46.503090" lon="3.991730">
						<ele>238</ele>
						<time>2026-02-16T11:03:29Z</time>
					</trkpt>
					<trkpt lat="46.503090" lon="3.991800">
						<ele>238</ele>
						<time>2026-02-16T11:03:30Z</time>
					</trkpt>
					<trkpt lat="46.503070" lon="3.991960">
						<ele>237</ele>
						<time>2026-02-16T11:03:32Z</time>
					</trkpt>
					<trkpt lat="46.503000" lon="3.992160">
						<ele>236</ele>
						<time>2026-02-16T11:03:34Z</time>
					</trkpt>
					<trkpt lat="46.502930" lon="3.992200">
						<ele>236</ele>
						<time>2026-02-16T11:03:36Z</time>
					</trkpt>
					<trkpt lat="46.503220" lon="3.992640">
						<ele>235</ele>
						<time>2026-02-16T11:03:43Z</time>
					</trkpt>
					<trkpt lat="46.503540" lon="3.993170">
						<ele>235</ele>
						<time>2026-02-16T11:03:52Z</time>
					</trkpt>
					<trkpt lat="46.503590" lon="3.993300">
						<ele>235</ele>
						<time>2026-02-16T11:03:54Z</time>
					</trkpt>
					<trkpt lat="46.503700" lon="3.994340">
						<ele>233</ele>
						<time>2026-02-16T11:04:06Z</time>
					</trkpt>
					<trkpt lat="46.503740" lon="3.994520">
						<ele>232</ele>
						<time>2026-02-16T11:04:09Z</time>
					</trkpt>
					<trkpt lat="46.503810" lon="3.994680">
						<ele>232</ele>
						<time>2026-02-16T11:04:11Z</time>
					</trkpt>
					<trkpt lat="46.503880" lon="3.994790">
						<ele>232</ele>
						<time>2026-02-16T11:04:13Z</time>
					</trkpt>
					<trkpt lat="46.503960" lon="3.994880">
						<ele>231</ele>
						<time>2026-02-16T11:04:15Z</time>
					</trkpt>
					<trkpt lat="46.504490" lon="3.995200">
						<ele>231</ele>
						<time>2026-02-16T11:04:25Z</time>
					</trkpt>
					<trkpt lat="46.505280" lon="3.995720">
						<ele>234</ele>
						<time>2026-02-16T11:04:40Z</time>
					</trkpt>
					<trkpt lat="46.505370" lon="3.995820">
						<ele>235</ele>
						<time>2026-02-16T11:04:42Z</time>
					</trkpt>
					<trkpt lat="46.505430" lon="3.995950">
						<ele>235</ele>
						<time>2026-02-16T11:04:44Z</time>
					</trkpt>
					<trkpt lat="46.505780" lon="3.996900">
						<ele>237</ele>
						<time>2026-02-16T11:04:57Z</time>
					</trkpt>
					<trkpt lat="46.506030" lon="3.997360">
						<ele>236</ele>
						<time>2026-02-16T11:05:05Z</time>
					</trkpt>
					<trkpt lat="46.506350" lon="3.997810">
						<ele>237</ele>
						<time>2026-02-16T11:05:13Z</time>
					</trkpt>
					<trkpt lat="46.506390" lon="3.997950">
						<ele>237</ele>
						<time>2026-02-16T11:05:14Z</time>
					</trkpt>
					<trkpt lat="46.506330" lon="3.998170">
						<ele>235</ele>
						<time>2026-02-16T11:05:17Z</time>
					</trkpt>
					<trkpt lat="46.506010" lon="3.998930">
						<ele>230</ele>
						<time>2026-02-16T11:05:28Z</time>
					</trkpt>
					<trkpt lat="46.505970" lon="3.999150">
						<ele>229</ele>
						<time>2026-02-16T11:05:31Z</time>
					</trkpt>
					<trkpt lat="46.505980" lon="3.999360">
						<ele>229</ele>
						<time>2026-02-16T11:05:34Z</time>
					</trkpt>
					<trkpt lat="46.506010" lon="3.999500">
						<ele>229</ele>
						<time>2026-02-16T11:05:35Z</time>
					</trkpt>
					<trkpt lat="46.506090" lon="3.999710">
						<ele>229</ele>
						<time>2026-02-16T11:05:38Z</time>
					</trkpt>
					<trkpt lat="46.506550" lon="4.000640">
						<ele>228</ele>
						<time>2026-02-16T11:05:52Z</time>
					</trkpt>
					<trkpt lat="46.506600" lon="4.000730">
						<ele>227</ele>
						<time>2026-02-16T11:05:54Z</time>
					</trkpt>
					<trkpt lat="46.506750" lon="4.000890">
						<ele>228</ele>
						<time>2026-02-16T11:05:57Z</time>
					</trkpt>
					<trkpt lat="46.506890" lon="4.000970">
						<ele>229</ele>
						<time>2026-02-16T11:06:00Z</time>
					</trkpt>
					<trkpt lat="46.507880" lon="4.001480">
						<ele>231</ele>
						<time>2026-02-16T11:06:18Z</time>
					</trkpt>
					<trkpt lat="46.508420" lon="4.001700">
						<ele>231</ele>
						<time>2026-02-16T11:06:28Z</time>
					</trkpt>
					<trkpt lat="46.508880" lon="4.001850">
						<ele>232</ele>
						<time>2026-02-16T11:06:37Z</time>
					</trkpt>
					<trkpt lat="46.510390" lon="4.002040">
						<ele>233</ele>
						<time>2026-02-16T11:07:04Z</time>
					</trkpt>
					<trkpt lat="46.511080" lon="4.002330">
						<ele>231</ele>
						<time>2026-02-16T11:07:17Z</time>
					</trkpt>
					<trkpt lat="46.511340" lon="4.002490">
						<ele>229</ele>
						<time>2026-02-16T11:07:22Z</time>
					</trkpt>
					<trkpt lat="46.513120" lon="4.003810">
						<ele>228</ele>
						<time>2026-02-16T11:07:57Z</time>
					</trkpt>
					<trkpt lat="46.513250" lon="4.003900">
						<ele>229</ele>
						<time>2026-02-16T11:08:00Z</time>
					</trkpt>
					<trkpt lat="46.514140" lon="4.004070">
						<ele>227</ele>
						<time>2026-02-16T11:08:16Z</time>
					</trkpt>
					<trkpt lat="46.514470" lon="4.004200">
						<ele>228</ele>
						<time>2026-02-16T11:08:22Z</time>
					</trkpt>
					<trkpt lat="46.514920" lon="4.004440">
						<ele>228</ele>
						<time>2026-02-16T11:08:30Z</time>
					</trkpt>
					<trkpt lat="46.516040" lon="4.004970">
						<ele>229</ele>
						<time>2026-02-16T11:08:51Z</time>
					</trkpt>
					<trkpt lat="46.516310" lon="4.005190">
						<ele>230</ele>
						<time>2026-02-16T11:08:57Z</time>
					</trkpt>
					<trkpt lat="46.517070" lon="4.006010">
						<ele>231</ele>
						<time>2026-02-16T11:09:14Z</time>
					</trkpt>
					<trkpt lat="46.517220" lon="4.006230">
						<ele>232</ele>
						<time>2026-02-16T11:09:17Z</time>
					</trkpt>
					<trkpt lat="46.517420" lon="4.006600">
						<ele>233</ele>
						<time>2026-02-16T11:09:23Z</time>
					</trkpt>
					<trkpt lat="46.517570" lon="4.006820">
						<ele>233</ele>
						<time>2026-02-16T11:09:27Z</time>
					</trkpt>
					<trkpt lat="46.517780" lon="4.007120">
						<ele>233</ele>
						<time>2026-02-16T11:09:32Z</time>
					</trkpt>
					<trkpt lat="46.517900" lon="4.007250">
						<ele>233</ele>
						<time>2026-02-16T11:09:35Z</time>
					</trkpt>
					<trkpt lat="46.518060" lon="4.007390">
						<ele>234</ele>
						<time>2026-02-16T11:09:38Z</time>
					</trkpt>
					<trkpt lat="46.518380" lon="4.007590">
						<ele>235</ele>
						<time>2026-02-16T11:09:44Z</time>
					</trkpt>
					<trkpt lat="46.518480" lon="4.007680">
						<ele>234</ele>
						<time>2026-02-16T11:09:46Z</time>
					</trkpt>
					<trkpt lat="46.518650" lon="4.007900">
						<ele>233</ele>
						<time>2026-02-16T11:09:51Z</time>
					</trkpt>
					<trkpt lat="46.518790" lon="4.008130">
						<ele>233</ele>
						<time>2026-02-16T11:09:54Z</time>
					</trkpt>
					<trkpt lat="46.519080" lon="4.008560">
						<ele>232</ele>
						<time>2026-02-16T11:10:02Z</time>
					</trkpt>
					<trkpt lat="46.519490" lon="4.008880">
						<ele>232</ele>
						<time>2026-02-16T11:10:10Z</time>
					</trkpt>
					<trkpt lat="46.519990" lon="4.009200">
						<ele>234</ele>
						<time>2026-02-16T11:10:20Z</time>
					</trkpt>
					<trkpt lat="46.520210" lon="4.009350">
						<ele>237</ele>
						<time>2026-02-16T11:10:24Z</time>
					</trkpt>
					<trkpt lat="46.520290" lon="4.009440">
						<ele>237</ele>
						<time>2026-02-16T11:10:26Z</time>
					</trkpt>
					<trkpt lat="46.520370" lon="4.009560">
						<ele>238</ele>
						<time>2026-02-16T11:10:28Z</time>
					</trkpt>
					<trkpt lat="46.520440" lon="4.009690">
						<ele>237</ele>
						<time>2026-02-16T11:10:30Z</time>
					</trkpt>
					<trkpt lat="46.520510" lon="4.009860">
						<ele>236</ele>
						<time>2026-02-16T11:10:32Z</time>
					</trkpt>
					<trkpt lat="46.520610" lon="4.010140">
						<ele>235</ele>
						<time>2026-02-16T11:10:36Z</time>
					</trkpt>
					<trkpt lat="46.520670" lon="4.010380">
						<ele>235</ele>
						<time>2026-02-16T11:10:39Z</time>
					</trkpt>
					<trkpt lat="46.520750" lon="4.010830">
						<ele>234</ele>
						<time>2026-02-16T11:10:45Z</time>
					</trkpt>
					<trkpt lat="46.520800" lon="4.011600">
						<ele>234</ele>
						<time>2026-02-16T11:10:54Z</time>
					</trkpt>
					<trkpt lat="46.520850" lon="4.011930">
						<ele>233</ele>
						<time>2026-02-16T11:10:59Z</time>
					</trkpt>
					<trkpt lat="46.520920" lon="4.012130">
						<ele>233</ele>
						<time>2026-02-16T11:11:01Z</time>
					</trkpt>
					<trkpt lat="46.521030" lon="4.012440">
						<ele>233</ele>
						<time>2026-02-16T11:11:06Z</time>
					</trkpt>
					<trkpt lat="46.521160" lon="4.012850">
						<ele>233</ele>
						<time>2026-02-16T11:11:11Z</time>
					</trkpt>
					<trkpt lat="46.521350" lon="4.013440">
						<ele>233</ele>
						<time>2026-02-16T11:11:19Z</time>
					</trkpt>
					<trkpt lat="46.521580" lon="4.014010">
						<ele>234</ele>
						<time>2026-02-16T11:11:27Z</time>
					</trkpt>
					<trkpt lat="46.521700" lon="4.014340">
						<ele>235</ele>
						<time>2026-02-16T11:11:32Z</time>
					</trkpt>
					<trkpt lat="46.521880" lon="4.015100">
						<ele>234</ele>
						<time>2026-02-16T11:11:42Z</time>
					</trkpt>
					<trkpt lat="46.521900" lon="4.015260">
						<ele>234</ele>
						<time>2026-02-16T11:11:44Z</time>
					</trkpt>
					<trkpt lat="46.521910" lon="4.015500">
						<ele>233</ele>
						<time>2026-02-16T11:11:47Z</time>
					</trkpt>
					<trkpt lat="46.521790" lon="4.017160">
						<ele>233</ele>
						<time>2026-02-16T11:12:07Z</time>
					</trkpt>
					<trkpt lat="46.521770" lon="4.017480">
						<ele>232</ele>
						<time>2026-02-16T11:12:11Z</time>
					</trkpt>
					<trkpt lat="46.521790" lon="4.017640">
						<ele>232</ele>
						<time>2026-02-16T11:12:13Z</time>
					</trkpt>
					<trkpt lat="46.521830" lon="4.017850">
						<ele>232</ele>
						<time>2026-02-16T11:12:16Z</time>
					</trkpt>
					<trkpt lat="46.521870" lon="4.017990">
						<ele>232</ele>
						<time>2026-02-16T11:12:17Z</time>
					</trkpt>
					<trkpt lat="46.521950" lon="4.018170">
						<ele>232</ele>
						<time>2026-02-16T11:12:20Z</time>
					</trkpt>
					<trkpt lat="46.522030" lon="4.018300">
						<ele>232</ele>
						<time>2026-02-16T11:12:22Z</time>
					</trkpt>
					<trkpt lat="46.522500" lon="4.019070">
						<ele>231</ele>
						<time>2026-02-16T11:12:35Z</time>
					</trkpt>
					<trkpt lat="46.522960" lon="4.019830">
						<ele>232</ele>
						<time>2026-02-16T11:12:47Z</time>
					</trkpt>
					<trkpt lat="46.523010" lon="4.019900">
						<ele>232</ele>
						<time>2026-02-16T11:12:48Z</time>
					</trkpt>
					<trkpt lat="46.523110" lon="4.020050">
						<ele>232</ele>
						<time>2026-02-16T11:12:51Z</time>
					</trkpt>
					<trkpt lat="46.523160" lon="4.020100">
						<ele>232</ele>
						<time>2026-02-16T11:12:52Z</time>
					</trkpt>
					<trkpt lat="46.523220" lon="4.020170">
						<ele>232</ele>
						<time>2026-02-16T11:12:53Z</time>
					</trkpt>
					<trkpt lat="46.524880" lon="4.021680">
						<ele>234</ele>
						<time>2026-02-16T11:13:28Z</time>
					</trkpt>
					<trkpt lat="46.524980" lon="4.021780">
						<ele>235</ele>
						<time>2026-02-16T11:13:30Z</time>
					</trkpt>
					<trkpt lat="46.525080" lon="4.021920">
						<ele>235</ele>
						<time>2026-02-16T11:13:33Z</time>
					</trkpt>
					<trkpt lat="46.525170" lon="4.022050">
						<ele>234</ele>
						<time>2026-02-16T11:13:35Z</time>
					</trkpt>
					<trkpt lat="46.526000" lon="4.023520">
						<ele>234</ele>
						<time>2026-02-16T11:13:58Z</time>
					</trkpt>
					<trkpt lat="46.526270" lon="4.023910">
						<ele>235</ele>
						<time>2026-02-16T11:14:05Z</time>
					</trkpt>
					<trkpt lat="46.526310" lon="4.023970">
						<ele>235</ele>
						<time>2026-02-16T11:14:06Z</time>
					</trkpt>
					<trkpt lat="46.526610" lon="4.024350">
						<ele>235</ele>
						<time>2026-02-16T11:14:13Z</time>
					</trkpt>
					<trkpt lat="46.526760" lon="4.024480">
						<ele>235</ele>
						<time>2026-02-16T11:14:16Z</time>
					</trkpt>
					<trkpt lat="46.526980" lon="4.024650">
						<ele>235</ele>
						<time>2026-02-16T11:14:21Z</time>
					</trkpt>
					<trkpt lat="46.527420" lon="4.024950">
						<ele>235</ele>
						<time>2026-02-16T11:14:29Z</time>
					</trkpt>
					<trkpt lat="46.527560" lon="4.025060">
						<ele>235</ele>
						<time>2026-02-16T11:14:32Z</time>
					</trkpt>
					<trkpt lat="46.527660" lon="4.025160">
						<ele>235</ele>
						<time>2026-02-16T11:14:34Z</time>
					</trkpt>
					<trkpt lat="46.528010" lon="4.025540">
						<ele>236</ele>
						<time>2026-02-16T11:14:42Z</time>
					</trkpt>
					<trkpt lat="46.528160" lon="4.025710">
						<ele>236</ele>
						<time>2026-02-16T11:14:46Z</time>
					</trkpt>
					<trkpt lat="46.528460" lon="4.026060">
						<ele>236</ele>
						<time>2026-02-16T11:14:52Z</time>
					</trkpt>
					<trkpt lat="46.528670" lon="4.026300">
						<ele>237</ele>
						<time>2026-02-16T11:14:57Z</time>
					</trkpt>
					<trkpt lat="46.529110" lon="4.026760">
						<ele>238</ele>
						<time>2026-02-16T11:15:07Z</time>
					</trkpt>
					<trkpt lat="46.529630" lon="4.027300">
						<ele>238</ele>
						<time>2026-02-16T11:15:18Z</time>
					</trkpt>
					<trkpt lat="46.530030" lon="4.027740">
						<ele>237</ele>
						<time>2026-02-16T11:15:27Z</time>
					</trkpt>
					<trkpt lat="46.530380" lon="4.028090">
						<ele>236</ele>
						<time>2026-02-16T11:15:35Z</time>
					</trkpt>
					<trkpt lat="46.530580" lon="4.028250">
						<ele>236</ele>
						<time>2026-02-16T11:15:39Z</time>
					</trkpt>
					<trkpt lat="46.530750" lon="4.028330">
						<ele>236</ele>
						<time>2026-02-16T11:15:42Z</time>
					</trkpt>
					<trkpt lat="46.530890" lon="4.028350">
						<ele>236</ele>
						<time>2026-02-16T11:15:44Z</time>
					</trkpt>
					<trkpt lat="46.531060" lon="4.028330">
						<ele>236</ele>
						<time>2026-02-16T11:15:47Z</time>
					</trkpt>
					<trkpt lat="46.531580" lon="4.028190">
						<ele>236</ele>
						<time>2026-02-16T11:15:57Z</time>
					</trkpt>
					<trkpt lat="46.531740" lon="4.028150">
						<ele>236</ele>
						<time>2026-02-16T11:16:00Z</time>
					</trkpt>
					<trkpt lat="46.532100" lon="4.028060">
						<ele>235</ele>
						<time>2026-02-16T11:16:06Z</time>
					</trkpt>
					<trkpt lat="46.532540" lon="4.027780">
						<ele>234</ele>
						<time>2026-02-16T11:16:15Z</time>
					</trkpt>
					<trkpt lat="46.532760" lon="4.027620">
						<ele>234</ele>
						<time>2026-02-16T11:16:19Z</time>
					</trkpt>
					<trkpt lat="46.532990" lon="4.027460">
						<ele>233</ele>
						<time>2026-02-16T11:16:24Z</time>
					</trkpt>
					<trkpt lat="46.533030" lon="4.027430">
						<ele>233</ele>
						<time>2026-02-16T11:16:25Z</time>
					</trkpt>
					<trkpt lat="46.533220" lon="4.027990">
						<ele>234</ele>
						<time>2026-02-16T11:16:32Z</time>
					</trkpt>
					<trkpt lat="46.533280" lon="4.028260">
						<ele>235</ele>
						<time>2026-02-16T11:16:36Z</time>
					</trkpt>
					<trkpt lat="46.533310" lon="4.028410">
						<ele>235</ele>
						<time>2026-02-16T11:16:38Z</time>
					</trkpt>
					<trkpt lat="46.533320" lon="4.028430">
						<ele>235</ele>
						<time>2026-02-16T11:16:38Z</time>
					</trkpt>
					<trkpt lat="46.533340" lon="4.028520">
						<ele>235</ele>
						<time>2026-02-16T11:16:39Z</time>
					</trkpt>
					<trkpt lat="46.533510" lon="4.028930">
						<ele>234</ele>
						<time>2026-02-16T11:16:45Z</time>
					</trkpt>
					<trkpt lat="46.533540" lon="4.029100">
						<ele>234</ele>
						<time>2026-02-16T11:16:47Z</time>
					</trkpt>
					<trkpt lat="46.533550" lon="4.029230">
						<ele>234</ele>
						<time>2026-02-16T11:16:49Z</time>
					</trkpt>
					<trkpt lat="46.533550" lon="4.029300">
						<ele>234</ele>
						<time>2026-02-16T11:16:49Z</time>
					</trkpt>
					<trkpt lat="46.533550" lon="4.029430">
						<ele>233</ele>
						<time>2026-02-16T11:16:51Z</time>
					</trkpt>
					<trkpt lat="46.533570" lon="4.030350">
						<ele>232</ele>
						<time>2026-02-16T11:17:02Z</time>
					</trkpt>
					<trkpt lat="46.533540" lon="4.030670">
						<ele>232</ele>
						<time>2026-02-16T11:17:06Z</time>
					</trkpt>
					<trkpt lat="46.533490" lon="4.030920">
						<ele>232</ele>
						<time>2026-02-16T11:17:09Z</time>
					</trkpt>
					<trkpt lat="46.533490" lon="4.031390">
						<ele>232</ele>
						<time>2026-02-16T11:17:15Z</time>
					</trkpt>
					<trkpt lat="46.533490" lon="4.031650">
						<ele>231</ele>
						<time>2026-02-16T11:17:18Z</time>
					</trkpt>
					<trkpt lat="46.533510" lon="4.031950">
						<ele>232</ele>
						<time>2026-02-16T11:17:22Z</time>
					</trkpt>
					<trkpt lat="46.533560" lon="4.032180">
						<ele>232</ele>
						<time>2026-02-16T11:17:25Z</time>
					</trkpt>
					<trkpt lat="46.533940" lon="4.033260">
						<ele>231</ele>
						<time>2026-02-16T11:17:40Z</time>
					</trkpt>
					<trkpt lat="46.534080" lon="4.033620">
						<ele>231</ele>
						<time>2026-02-16T11:17:45Z</time>
					</trkpt>
					<trkpt lat="46.534150" lon="4.033900">
						<ele>231</ele>
						<time>2026-02-16T11:17:49Z</time>
					</trkpt>
					<trkpt lat="46.534190" lon="4.034060">
						<ele>231</ele>
						<time>2026-02-16T11:17:51Z</time>
					</trkpt>
					<trkpt lat="46.534200" lon="4.034260">
						<ele>231</ele>
						<time>2026-02-16T11:17:53Z</time>
					</trkpt>
					<trkpt lat="46.534200" lon="4.034510">
						<ele>231</ele>
						<time>2026-02-16T11:17:56Z</time>
					</trkpt>
					<trkpt lat="46.534170" lon="4.034720">
						<ele>232</ele>
						<time>2026-02-16T11:17:59Z</time>
					</trkpt>
					<trkpt lat="46.534130" lon="4.034940">
						<ele>232</ele>
						<time>2026-02-16T11:18:02Z</time>
					</trkpt>
					<trkpt lat="46.534070" lon="4.035160">
						<ele>232</ele>
						<time>2026-02-16T11:18:05Z</time>
					</trkpt>
					<trkpt lat="46.533890" lon="4.035820">
						<ele>231</ele>
						<time>2026-02-16T11:18:13Z</time>
					</trkpt>
					<trkpt lat="46.533810" lon="4.036230">
						<ele>231</ele>
						<time>2026-02-16T11:18:18Z</time>
					</trkpt>
					<trkpt lat="46.533770" lon="4.036510">
						<ele>231</ele>
						<time>2026-02-16T11:18:22Z</time>
					</trkpt>
					<trkpt lat="46.533750" lon="4.036900">
						<ele>231</ele>
						<time>2026-02-16T11:18:27Z</time>
					</trkpt>
					<trkpt lat="46.533730" lon="4.037670">
						<ele>232</ele>
						<time>2026-02-16T11:18:36Z</time>
					</trkpt>
					<trkpt lat="46.533730" lon="4.038200">
						<ele>232</ele>
						<time>2026-02-16T11:18:43Z</time>
					</trkpt>
					<trkpt lat="46.533780" lon="4.038440">
						<ele>233</ele>
						<time>2026-02-16T11:18:46Z</time>
					</trkpt>
					<trkpt lat="46.533860" lon="4.038620">
						<ele>233</ele>
						<time>2026-02-16T11:18:48Z</time>
					</trkpt>
					<trkpt lat="46.533940" lon="4.038770">
						<ele>233</ele>
						<time>2026-02-16T11:18:51Z</time>
					</trkpt>
					<trkpt lat="46.534070" lon="4.038920">
						<ele>234</ele>
						<time>2026-02-16T11:18:54Z</time>
					</trkpt>
					<trkpt lat="46.534470" lon="4.039300">
						<ele>233</ele>
						<time>2026-02-16T11:19:02Z</time>
					</trkpt>
					<trkpt lat="46.534790" lon="4.039630">
						<ele>234</ele>
						<time>2026-02-16T11:19:09Z</time>
					</trkpt>
					<trkpt lat="46.535010" lon="4.039870">
						<ele>235</ele>
						<time>2026-02-16T11:19:14Z</time>
					</trkpt>
					<trkpt lat="46.535180" lon="4.040120">
						<ele>235</ele>
						<time>2026-02-16T11:19:18Z</time>
					</trkpt>
					<trkpt lat="46.535320" lon="4.040410">
						<ele>236</ele>
						<time>2026-02-16T11:19:23Z</time>
					</trkpt>
					<trkpt lat="46.535430" lon="4.040650">
						<ele>236</ele>
						<time>2026-02-16T11:19:26Z</time>
					</trkpt>
					<trkpt lat="46.535720" lon="4.041240">
						<ele>237</ele>
						<time>2026-02-16T11:19:35Z</time>
					</trkpt>
					<trkpt lat="46.536240" lon="4.042110">
						<ele>238</ele>
						<time>2026-02-16T11:19:49Z</time>
					</trkpt>
					<trkpt lat="46.536270" lon="4.042220">
						<ele>238</ele>
						<time>2026-02-16T11:19:51Z</time>
					</trkpt>
					<trkpt lat="46.536310" lon="4.042340">
						<ele>239</ele>
						<time>2026-02-16T11:19:52Z</time>
					</trkpt>
					<trkpt lat="46.536340" lon="4.042610">
						<ele>239</ele>
						<time>2026-02-16T11:19:56Z</time>
					</trkpt>
					<trkpt lat="46.536340" lon="4.042820">
						<ele>239</ele>
						<time>2026-02-16T11:19:58Z</time>
					</trkpt>
					<trkpt lat="46.536330" lon="4.042890">
						<ele>239</ele>
						<time>2026-02-16T11:19:59Z</time>
					</trkpt>
					<trkpt lat="46.536320" lon="4.043010">
						<ele>239</ele>
						<time>2026-02-16T11:20:00Z</time>
					</trkpt>
					<trkpt lat="46.536320" lon="4.043190">
						<ele>239</ele>
						<time>2026-02-16T11:20:03Z</time>
					</trkpt>
					<trkpt lat="46.536330" lon="4.043490">
						<ele>238</ele>
						<time>2026-02-16T11:20:06Z</time>
					</trkpt>
					<trkpt lat="46.536530" lon="4.044410">
						<ele>238</ele>
						<time>2026-02-16T11:20:18Z</time>
					</trkpt>
					<trkpt lat="46.536880" lon="4.045770">
						<ele>237</ele>
						<time>2026-02-16T11:20:36Z</time>
					</trkpt>
					<trkpt lat="46.537340" lon="4.047360">
						<ele>240</ele>
						<time>2026-02-16T11:20:57Z</time>
					</trkpt>
					<trkpt lat="46.537420" lon="4.047560">
						<ele>240</ele>
						<time>2026-02-16T11:21:00Z</time>
					</trkpt>
					<trkpt lat="46.537680" lon="4.048050">
						<ele>240</ele>
						<time>2026-02-16T11:21:07Z</time>
					</trkpt>
					<trkpt lat="46.537740" lon="4.048210">
						<ele>240</ele>
						<time>2026-02-16T11:21:10Z</time>
					</trkpt>
					<trkpt lat="46.538170" lon="4.049800">
						<ele>244</ele>
						<time>2026-02-16T11:21:31Z</time>
					</trkpt>
					<trkpt lat="46.538240" lon="4.050090">
						<ele>245</ele>
						<time>2026-02-16T11:21:34Z</time>
					</trkpt>
					<trkpt lat="46.538290" lon="4.050370">
						<ele>247</ele>
						<time>2026-02-16T11:21:38Z</time>
					</trkpt>
					<trkpt lat="46.538390" lon="4.051280">
						<ele>250</ele>
						<time>2026-02-16T11:21:49Z</time>
					</trkpt>
					<trkpt lat="46.538530" lon="4.052430">
						<ele>257</ele>
						<time>2026-02-16T11:22:03Z</time>
					</trkpt>
					<trkpt lat="46.538720" lon="4.053930">
						<ele>263</ele>
						<time>2026-02-16T11:22:22Z</time>
					</trkpt>
					<trkpt lat="46.538870" lon="4.054840">
						<ele>267</ele>
						<time>2026-02-16T11:22:34Z</time>
					</trkpt>
					<trkpt lat="46.538930" lon="4.055080">
						<ele>268</ele>
						<time>2026-02-16T11:22:37Z</time>
					</trkpt>
					<trkpt lat="46.539090" lon="4.055530">
						<ele>269</ele>
						<time>2026-02-16T11:22:43Z</time>
					</trkpt>
					<trkpt lat="46.539260" lon="4.056050">
						<ele>272</ele>
						<time>2026-02-16T11:22:50Z</time>
					</trkpt>
					<trkpt lat="46.539360" lon="4.056480">
						<ele>274</ele>
						<time>2026-02-16T11:22:56Z</time>
					</trkpt>
					<trkpt lat="46.539430" lon="4.056870">
						<ele>276</ele>
						<time>2026-02-16T11:23:00Z</time>
					</trkpt>
					<trkpt lat="46.539720" lon="4.058360">
						<ele>282</ele>
						<time>2026-02-16T11:23:19Z</time>
					</trkpt>
					<trkpt lat="46.539790" lon="4.058650">
						<ele>282</ele>
						<time>2026-02-16T11:23:23Z</time>
					</trkpt>
					<trkpt lat="46.539890" lon="4.058940">
						<ele>281</ele>
						<time>2026-02-16T11:23:27Z</time>
					</trkpt>
					<trkpt lat="46.540240" lon="4.059760">
						<ele>282</ele>
						<time>2026-02-16T11:23:39Z</time>
					</trkpt>
					<trkpt lat="46.541350" lon="4.062430">
						<ele>292</ele>
						<time>2026-02-16T11:24:17Z</time>
					</trkpt>
					<trkpt lat="46.541590" lon="4.063020">
						<ele>293</ele>
						<time>2026-02-16T11:24:26Z</time>
					</trkpt>
					<trkpt lat="46.541810" lon="4.063600">
						<ele>295</ele>
						<time>2026-02-16T11:24:34Z</time>
					</trkpt>
					<trkpt lat="46.541930" lon="4.064090">
						<ele>296</ele>
						<time>2026-02-16T11:24:40Z</time>
					</trkpt>
					<trkpt lat="46.542000" lon="4.064540">
						<ele>297</ele>
						<time>2026-02-16T11:24:46Z</time>
					</trkpt>
					<trkpt lat="46.542090" lon="4.065010">
						<ele>298</ele>
						<time>2026-02-16T11:24:52Z</time>
					</trkpt>
					<trkpt lat="46.542190" lon="4.065350">
						<ele>298</ele>
						<time>2026-02-16T11:24:56Z</time>
					</trkpt>
					<trkpt lat="46.542320" lon="4.065700">
						<ele>299</ele>
						<time>2026-02-16T11:25:01Z</time>
					</trkpt>
					<trkpt lat="46.542500" lon="4.066060">
						<ele>301</ele>
						<time>2026-02-16T11:25:06Z</time>
					</trkpt>
					<trkpt lat="46.542580" lon="4.066410">
						<ele>303</ele>
						<time>2026-02-16T11:25:11Z</time>
					</trkpt>
					<trkpt lat="46.542940" lon="4.068830">
						<ele>312</ele>
						<time>2026-02-16T11:25:41Z</time>
					</trkpt>
					<trkpt lat="46.543110" lon="4.069950">
						<ele>313</ele>
						<time>2026-02-16T11:25:55Z</time>
					</trkpt>
					<trkpt lat="46.543170" lon="4.070210">
						<ele>314</ele>
						<time>2026-02-16T11:25:59Z</time>
					</trkpt>
					<trkpt lat="46.543210" lon="4.070300">
						<ele>314</ele>
						<time>2026-02-16T11:26:00Z</time>
					</trkpt>
					<trkpt lat="46.543260" lon="4.070400">
						<ele>314</ele>
						<time>2026-02-16T11:26:01Z</time>
					</trkpt>
					<trkpt lat="46.543410" lon="4.070610">
						<ele>314</ele>
						<time>2026-02-16T11:26:05Z</time>
					</trkpt>
					<trkpt lat="46.544770" lon="4.071970">
						<ele>319</ele>
						<time>2026-02-16T11:26:35Z</time>
					</trkpt>
					<trkpt lat="46.544880" lon="4.072080">
						<ele>319</ele>
						<time>2026-02-16T11:26:37Z</time>
					</trkpt>
					<trkpt lat="46.545310" lon="4.072420">
						<ele>320</ele>
						<time>2026-02-16T11:26:46Z</time>
					</trkpt>
					<trkpt lat="46.546460" lon="4.073080">
						<ele>322</ele>
						<time>2026-02-16T11:27:08Z</time>
					</trkpt>
					<trkpt lat="46.548530" lon="4.074290">
						<ele>320</ele>
						<time>2026-02-16T11:27:47Z</time>
					</trkpt>
					<trkpt lat="46.548670" lon="4.074400">
						<ele>319</ele>
						<time>2026-02-16T11:27:50Z</time>
					</trkpt>
					<trkpt lat="46.549110" lon="4.074910">
						<ele>318</ele>
						<time>2026-02-16T11:28:00Z</time>
					</trkpt>
					<trkpt lat="46.550040" lon="4.076060">
						<ele>318</ele>
						<time>2026-02-16T11:28:22Z</time>
					</trkpt>
					<trkpt lat="46.550300" lon="4.076390">
						<ele>317</ele>
						<time>2026-02-16T11:28:28Z</time>
					</trkpt>
					<trkpt lat="46.550460" lon="4.076630">
						<ele>317</ele>
						<time>2026-02-16T11:28:32Z</time>
					</trkpt>
					<trkpt lat="46.550550" lon="4.076820">
						<ele>317</ele>
						<time>2026-02-16T11:28:35Z</time>
					</trkpt>
					<trkpt lat="46.551280" lon="4.078430">
						<ele>315</ele>
						<time>2026-02-16T11:28:59Z</time>
					</trkpt>
					<trkpt lat="46.551540" lon="4.079030">
						<ele>314</ele>
						<time>2026-02-16T11:29:07Z</time>
					</trkpt>
					<trkpt lat="46.552100" lon="4.080190">
						<ele>316</ele>
						<time>2026-02-16T11:29:25Z</time>
					</trkpt>
					<trkpt lat="46.552400" lon="4.080790">
						<ele>316</ele>
						<time>2026-02-16T11:29:34Z</time>
					</trkpt>
					<trkpt lat="46.552500" lon="4.081020">
						<ele>316</ele>
						<time>2026-02-16T11:29:37Z</time>
					</trkpt>
					<trkpt lat="46.552660" lon="4.081460">
						<ele>314</ele>
						<time>2026-02-16T11:29:43Z</time>
					</trkpt>
					<trkpt lat="46.552790" lon="4.081890">
						<ele>314</ele>
						<time>2026-02-16T11:29:49Z</time>
					</trkpt>
					<trkpt lat="46.552880" lon="4.082250">
						<ele>313</ele>
						<time>2026-02-16T11:29:54Z</time>
					</trkpt>
					<trkpt lat="46.552960" lon="4.082610">
						<ele>313</ele>
						<time>2026-02-16T11:29:58Z</time>
					</trkpt>
					<trkpt lat="46.552980" lon="4.082770">
						<ele>313</ele>
						<time>2026-02-16T11:30:00Z</time>
					</trkpt>
					<trkpt lat="46.552990" lon="4.082950">
						<ele>313</ele>
						<time>2026-02-16T11:30:02Z</time>
					</trkpt>
					<trkpt lat="46.552990" lon="4.083070">
						<ele>313</ele>
						<time>2026-02-16T11:30:04Z</time>
					</trkpt>
					<trkpt lat="46.552720" lon="4.084030">
						<ele>312</ele>
						<time>2026-02-16T11:30:17Z</time>
					</trkpt>
					<trkpt lat="46.552650" lon="4.084290">
						<ele>312</ele>
						<time>2026-02-16T11:30:20Z</time>
					</trkpt>
					<trkpt lat="46.552590" lon="4.084630">
						<ele>313</ele>
						<time>2026-02-16T11:30:24Z</time>
					</trkpt>
					<trkpt lat="46.552570" lon="4.084840">
						<ele>313</ele>
						<time>2026-02-16T11:30:27Z</time>
					</trkpt>
					<trkpt lat="46.552590" lon="4.085090">
						<ele>312</ele>
						<time>2026-02-16T11:30:30Z</time>
					</trkpt>
					<trkpt lat="46.552650" lon="4.085340">
						<ele>312</ele>
						<time>2026-02-16T11:30:33Z</time>
					</trkpt>
					<trkpt lat="46.553280" lon="4.087010">
						<ele>312</ele>
						<time>2026-02-16T11:30:56Z</time>
					</trkpt>
					<trkpt lat="46.553650" lon="4.088020">
						<ele>313</ele>
						<time>2026-02-16T11:31:10Z</time>
					</trkpt>
					<trkpt lat="46.553690" lon="4.088150">
						<ele>313</ele>
						<time>2026-02-16T11:31:12Z</time>
					</trkpt>
					<trkpt lat="46.553760" lon="4.088250">
						<ele>312</ele>
						<time>2026-02-16T11:31:14Z</time>
					</trkpt>
					<trkpt lat="46.553930" lon="4.088470">
						<ele>311</ele>
						<time>2026-02-16T11:31:18Z</time>
					</trkpt>
					<trkpt lat="46.554220" lon="4.088800">
						<ele>310</ele>
						<time>2026-02-16T11:31:25Z</time>
					</trkpt>
					<trkpt lat="46.554740" lon="4.089570">
						<ele>312</ele>
						<time>2026-02-16T11:31:38Z</time>
					</trkpt>
					<trkpt lat="46.554860" lon="4.089720">
						<ele>314</ele>
						<time>2026-02-16T11:31:41Z</time>
					</trkpt>
					<trkpt lat="46.554910" lon="4.089810">
						<ele>314</ele>
						<time>2026-02-16T11:31:42Z</time>
					</trkpt>
					<trkpt lat="46.554860" lon="4.089720">
						<ele>314</ele>
						<time>2026-02-16T11:31:43Z</time>
					</trkpt>
					<trkpt lat="46.554840" lon="4.089910">
						<ele>315</ele>
						<time>2026-02-16T11:31:46Z</time>
					</trkpt>
					<trkpt lat="46.554710" lon="4.090640">
						<ele>315</ele>
						<time>2026-02-16T11:31:55Z</time>
					</trkpt>
					<trkpt lat="46.554330" lon="4.092640">
						<ele>319</ele>
						<time>2026-02-16T11:32:20Z</time>
					</trkpt>
					<trkpt lat="46.554200" lon="4.093060">
						<ele>322</ele>
						<time>2026-02-16T11:32:26Z</time>
					</trkpt>
					<trkpt lat="46.552530" lon="4.097040">
						<ele>328</ele>
						<time>2026-02-16T11:33:23Z</time>
					</trkpt>
					<trkpt lat="46.552060" lon="4.097960">
						<ele>329</ele>
						<time>2026-02-16T11:33:37Z</time>
					</trkpt>
					<trkpt lat="46.550550" lon="4.101460">
						<ele>324</ele>
						<time>2026-02-16T11:34:28Z</time>
					</trkpt>
					<trkpt lat="46.550140" lon="4.102260">
						<ele>321</ele>
						<time>2026-02-16T11:34:40Z</time>
					</trkpt>
					<trkpt lat="46.549960" lon="4.102520">
						<ele>319</ele>
						<time>2026-02-16T11:34:44Z</time>
					</trkpt>
					<trkpt lat="46.549330" lon="4.103160">
						<ele>322</ele>
						<time>2026-02-16T11:34:58Z</time>
					</trkpt>
					<trkpt lat="46.548540" lon="4.103950">
						<ele>326</ele>
						<time>2026-02-16T11:35:15Z</time>
					</trkpt>
					<trkpt lat="46.548000" lon="4.104530">
						<ele>329</ele>
						<time>2026-02-16T11:35:27Z</time>
					</trkpt>
					<trkpt lat="46.547650" lon="4.104950">
						<ele>330</ele>
						<time>2026-02-16T11:35:35Z</time>
					</trkpt>
					<trkpt lat="46.547450" lon="4.105230">
						<ele>331</ele>
						<time>2026-02-16T11:35:40Z</time>
					</trkpt>
					<trkpt lat="46.547310" lon="4.105540">
						<ele>331</ele>
						<time>2026-02-16T11:35:45Z</time>
					</trkpt>
					<trkpt lat="46.547210" lon="4.105850">
						<ele>331</ele>
						<time>2026-02-16T11:35:49Z</time>
					</trkpt>
					<trkpt lat="46.546460" lon="4.108400">
						<ele>327</ele>
						<time>2026-02-16T11:36:23Z</time>
					</trkpt>
					<trkpt lat="46.546430" lon="4.108540">
						<ele>327</ele>
						<time>2026-02-16T11:36:24Z</time>
					</trkpt>
					<trkpt lat="46.545950" lon="4.109810">
						<ele>322</ele>
						<time>2026-02-16T11:36:42Z</time>
					</trkpt>
					<trkpt lat="46.545830" lon="4.110060">
						<ele>321</ele>
						<time>2026-02-16T11:36:46Z</time>
					</trkpt>
					<trkpt lat="46.545690" lon="4.110250">
						<ele>320</ele>
						<time>2026-02-16T11:36:49Z</time>
					</trkpt>
					<trkpt lat="46.545530" lon="4.110430">
						<ele>319</ele>
						<time>2026-02-16T11:36:53Z</time>
					</trkpt>
					<trkpt lat="46.545330" lon="4.110590">
						<ele>318</ele>
						<time>2026-02-16T11:36:57Z</time>
					</trkpt>
					<trkpt lat="46.544360" lon="4.111070">
						<ele>313</ele>
						<time>2026-02-16T11:37:15Z</time>
					</trkpt>
					<trkpt lat="46.543570" lon="4.111430">
						<ele>311</ele>
						<time>2026-02-16T11:37:30Z</time>
					</trkpt>
					<trkpt lat="46.543280" lon="4.111620">
						<ele>310</ele>
						<time>2026-02-16T11:37:36Z</time>
					</trkpt>
					<trkpt lat="46.543100" lon="4.111780">
						<ele>309</ele>
						<time>2026-02-16T11:37:39Z</time>
					</trkpt>
					<trkpt lat="46.542950" lon="4.112010">
						<ele>307</ele>
						<time>2026-02-16T11:37:43Z</time>
					</trkpt>
					<trkpt lat="46.542890" lon="4.112140">
						<ele>306</ele>
						<time>2026-02-16T11:37:45Z</time>
					</trkpt>
					<trkpt lat="46.542830" lon="4.112310">
						<ele>305</ele>
						<time>2026-02-16T11:37:48Z</time>
					</trkpt>
					<trkpt lat="46.542790" lon="4.112500">
						<ele>304</ele>
						<time>2026-02-16T11:37:50Z</time>
					</trkpt>
					<trkpt lat="46.542770" lon="4.112670">
						<ele>304</ele>
						<time>2026-02-16T11:37:52Z</time>
					</trkpt>
					<trkpt lat="46.542770" lon="4.112980">
						<ele>303</ele>
						<time>2026-02-16T11:37:56Z</time>
					</trkpt>
					<trkpt lat="46.542860" lon="4.114150">
						<ele>300</ele>
						<time>2026-02-16T11:38:10Z</time>
					</trkpt>
					<trkpt lat="46.542970" lon="4.115600">
						<ele>294</ele>
						<time>2026-02-16T11:38:28Z</time>
					</trkpt>
					<trkpt lat="46.542950" lon="4.116010">
						<ele>293</ele>
						<time>2026-02-16T11:38:33Z</time>
					</trkpt>
					<trkpt lat="46.542900" lon="4.116260">
						<ele>292</ele>
						<time>2026-02-16T11:38:36Z</time>
					</trkpt>
					<trkpt lat="46.542790" lon="4.116610">
						<ele>291</ele>
						<time>2026-02-16T11:38:41Z</time>
					</trkpt>
					<trkpt lat="46.542590" lon="4.117110">
						<ele>288</ele>
						<time>2026-02-16T11:38:48Z</time>
					</trkpt>
					<trkpt lat="46.542430" lon="4.117450">
						<ele>286</ele>
						<time>2026-02-16T11:38:53Z</time>
					</trkpt>
					<trkpt lat="46.542300" lon="4.117660">
						<ele>286</ele>
						<time>2026-02-16T11:38:57Z</time>
					</trkpt>
					<trkpt lat="46.542080" lon="4.117940">
						<ele>286</ele>
						<time>2026-02-16T11:39:02Z</time>
					</trkpt>
					<trkpt lat="46.541000" lon="4.119090">
						<ele>284</ele>
						<time>2026-02-16T11:39:26Z</time>
					</trkpt>
					<trkpt lat="46.540700" lon="4.119560">
						<ele>284</ele>
						<time>2026-02-16T11:39:33Z</time>
					</trkpt>
					<trkpt lat="46.540270" lon="4.120590">
						<ele>282</ele>
						<time>2026-02-16T11:39:48Z</time>
					</trkpt>
					<trkpt lat="46.540140" lon="4.120860">
						<ele>282</ele>
						<time>2026-02-16T11:39:52Z</time>
					</trkpt>
					<trkpt lat="46.540030" lon="4.121120">
						<ele>282</ele>
						<time>2026-02-16T11:39:56Z</time>
					</trkpt>
					<trkpt lat="46.539890" lon="4.121500">
						<ele>282</ele>
						<time>2026-02-16T11:40:01Z</time>
					</trkpt>
					<trkpt lat="46.539650" lon="4.122540">
						<ele>280</ele>
						<time>2026-02-16T11:40:15Z</time>
					</trkpt>
					<trkpt lat="46.539560" lon="4.122900">
						<ele>280</ele>
						<time>2026-02-16T11:40:19Z</time>
					</trkpt>
					<trkpt lat="46.539400" lon="4.123360">
						<ele>279</ele>
						<time>2026-02-16T11:40:26Z</time>
					</trkpt>
					<trkpt lat="46.538980" lon="4.124310">
						<ele>279</ele>
						<time>2026-02-16T11:40:40Z</time>
					</trkpt>
					<trkpt lat="46.538930" lon="4.124430">
						<ele>279</ele>
						<time>2026-02-16T11:40:41Z</time>
					</trkpt>
					<trkpt lat="46.538800" lon="4.124680">
						<ele>279</ele>
						<time>2026-02-16T11:40:45Z</time>
					</trkpt>
					<trkpt lat="46.538480" lon="4.125200">
						<ele>279</ele>
						<time>2026-02-16T11:40:54Z</time>
					</trkpt>
					<trkpt lat="46.538060" lon="4.125750">
						<ele>279</ele>
						<time>2026-02-16T11:41:04Z</time>
					</trkpt>
					<trkpt lat="46.537960" lon="4.125890">
						<ele>280</ele>
						<time>2026-02-16T11:41:06Z</time>
					</trkpt>
					<trkpt lat="46.537710" lon="4.126320">
						<ele>279</ele>
						<time>2026-02-16T11:41:13Z</time>
					</trkpt>
					<trkpt lat="46.537590" lon="4.126600">
						<ele>279</ele>
						<time>2026-02-16T11:41:17Z</time>
					</trkpt>
					<trkpt lat="46.537480" lon="4.126880">
						<ele>278</ele>
						<time>2026-02-16T11:41:21Z</time>
					</trkpt>
					<trkpt lat="46.537260" lon="4.127640">
						<ele>274</ele>
						<time>2026-02-16T11:41:31Z</time>
					</trkpt>
					<trkpt lat="46.537180" lon="4.127820">
						<ele>273</ele>
						<time>2026-02-16T11:41:34Z</time>
					</trkpt>
					<trkpt lat="46.537040" lon="4.128010">
						<ele>272</ele>
						<time>2026-02-16T11:41:37Z</time>
					</trkpt>
					<trkpt lat="46.537000" lon="4.128040">
						<ele>272</ele>
						<time>2026-02-16T11:41:38Z</time>
					</trkpt>
					<trkpt lat="46.536890" lon="4.128140">
						<ele>272</ele>
						<time>2026-02-16T11:41:40Z</time>
					</trkpt>
					<trkpt lat="46.536550" lon="4.128350">
						<ele>271</ele>
						<time>2026-02-16T11:41:47Z</time>
					</trkpt>
					<trkpt lat="46.536430" lon="4.128520">
						<ele>270</ele>
						<time>2026-02-16T11:41:50Z</time>
					</trkpt>
					<trkpt lat="46.536370" lon="4.128750">
						<ele>270</ele>
						<time>2026-02-16T11:41:53Z</time>
					</trkpt>
					<trkpt lat="46.536340" lon="4.129110">
						<ele>269</ele>
						<time>2026-02-16T11:41:57Z</time>
					</trkpt>
					<trkpt lat="46.536200" lon="4.130750">
						<ele>263</ele>
						<time>2026-02-16T11:42:17Z</time>
					</trkpt>
					<trkpt lat="46.536100" lon="4.131500">
						<ele>261</ele>
						<time>2026-02-16T11:42:27Z</time>
					</trkpt>
					<trkpt lat="46.536040" lon="4.131840">
						<ele>261</ele>
						<time>2026-02-16T11:42:31Z</time>
					</trkpt>
					<trkpt lat="46.535970" lon="4.132050">
						<ele>260</ele>
						<time>2026-02-16T11:42:34Z</time>
					</trkpt>
					<trkpt lat="46.535880" lon="4.132210">
						<ele>259</ele>
						<time>2026-02-16T11:42:37Z</time>
					</trkpt>
					<trkpt lat="46.535790" lon="4.132330">
						<ele>259</ele>
						<time>2026-02-16T11:42:39Z</time>
					</trkpt>
					<trkpt lat="46.535620" lon="4.132470">
						<ele>258</ele>
						<time>2026-02-16T11:42:42Z</time>
					</trkpt>
					<trkpt lat="46.535230" lon="4.132710">
						<ele>256</ele>
						<time>2026-02-16T11:42:50Z</time>
					</trkpt>
					<trkpt lat="46.534700" lon="4.133050">
						<ele>254</ele>
						<time>2026-02-16T11:43:00Z</time>
					</trkpt>
					<trkpt lat="46.534660" lon="4.133080">
						<ele>254</ele>
						<time>2026-02-16T11:43:01Z</time>
					</trkpt>
					<trkpt lat="46.534410" lon="4.133240">
						<ele>253</ele>
						<time>2026-02-16T11:43:06Z</time>
					</trkpt>
					<trkpt lat="46.533940" lon="4.133540">
						<ele>254</ele>
						<time>2026-02-16T11:43:15Z</time>
					</trkpt>
					<trkpt lat="46.533720" lon="4.133700">
						<ele>255</ele>
						<time>2026-02-16T11:43:19Z</time>
					</trkpt>
					<trkpt lat="46.533520" lon="4.133930">
						<ele>256</ele>
						<time>2026-02-16T11:43:24Z</time>
					</trkpt>
					<trkpt lat="46.533400" lon="4.134090">
						<ele>256</ele>
						<time>2026-02-16T11:43:27Z</time>
					</trkpt>
					<trkpt lat="46.533220" lon="4.134390">
						<ele>257</ele>
						<time>2026-02-16T11:43:31Z</time>
					</trkpt>
					<trkpt lat="46.533090" lon="4.134680">
						<ele>257</ele>
						<time>2026-02-16T11:43:36Z</time>
					</trkpt>
					<trkpt lat="46.532890" lon="4.135040">
						<ele>259</ele>
						<time>2026-02-16T11:43:41Z</time>
					</trkpt>
					<trkpt lat="46.532720" lon="4.135280">
						<ele>259</ele>
						<time>2026-02-16T11:43:46Z</time>
					</trkpt>
					<trkpt lat="46.532500" lon="4.135540">
						<ele>260</ele>
						<time>2026-02-16T11:43:51Z</time>
					</trkpt>
					<trkpt lat="46.532060" lon="4.136110">
						<ele>264</ele>
						<time>2026-02-16T11:44:01Z</time>
					</trkpt>
					<trkpt lat="46.531910" lon="4.136440">
						<ele>264</ele>
						<time>2026-02-16T11:44:06Z</time>
					</trkpt>
					<trkpt lat="46.531780" lon="4.136760">
						<ele>264</ele>
						<time>2026-02-16T11:44:11Z</time>
					</trkpt>
					<trkpt lat="46.531600" lon="4.137430">
						<ele>263</ele>
						<time>2026-02-16T11:44:19Z</time>
					</trkpt>
					<trkpt lat="46.531530" lon="4.137600">
						<ele>263</ele>
						<time>2026-02-16T11:44:22Z</time>
					</trkpt>
					<trkpt lat="46.531440" lon="4.137750">
						<ele>264</ele>
						<time>2026-02-16T11:44:24Z</time>
					</trkpt>
					<trkpt lat="46.531360" lon="4.137870">
						<ele>264</ele>
						<time>2026-02-16T11:44:26Z</time>
					</trkpt>
					<trkpt lat="46.531220" lon="4.137980">
						<ele>266</ele>
						<time>2026-02-16T11:44:29Z</time>
					</trkpt>
					<trkpt lat="46.530910" lon="4.138060">
						<ele>270</ele>
						<time>2026-02-16T11:44:35Z</time>
					</trkpt>
					<trkpt lat="46.530740" lon="4.138130">
						<ele>271</ele>
						<time>2026-02-16T11:44:38Z</time>
					</trkpt>
					<trkpt lat="46.530610" lon="4.138260">
						<ele>270</ele>
						<time>2026-02-16T11:44:41Z</time>
					</trkpt>
					<trkpt lat="46.530330" lon="4.138800">
						<ele>268</ele>
						<time>2026-02-16T11:44:49Z</time>
					</trkpt>
					<trkpt lat="46.530240" lon="4.139040">
						<ele>267</ele>
						<time>2026-02-16T11:44:52Z</time>
					</trkpt>
					<trkpt lat="46.529860" lon="4.139980">
						<ele>266</ele>
						<time>2026-02-16T11:45:06Z</time>
					</trkpt>
					<trkpt lat="46.529670" lon="4.140420">
						<ele>265</ele>
						<time>2026-02-16T11:45:12Z</time>
					</trkpt>
					<trkpt lat="46.529520" lon="4.140840">
						<ele>265</ele>
						<time>2026-02-16T11:45:18Z</time>
					</trkpt>
					<trkpt lat="46.529390" lon="4.141300">
						<ele>264</ele>
						<time>2026-02-16T11:45:24Z</time>
					</trkpt>
					<trkpt lat="46.529350" lon="4.141560">
						<ele>264</ele>
						<time>2026-02-16T11:45:27Z</time>
					</trkpt>
					<trkpt lat="46.529310" lon="4.142510">
						<ele>263</ele>
						<time>2026-02-16T11:45:39Z</time>
					</trkpt>
					<trkpt lat="46.529290" lon="4.142960">
						<ele>264</ele>
						<time>2026-02-16T11:45:44Z</time>
					</trkpt>
					<trkpt lat="46.529260" lon="4.143180">
						<ele>264</ele>
						<time>2026-02-16T11:45:47Z</time>
					</trkpt>
					<trkpt lat="46.529210" lon="4.143320">
						<ele>263</ele>
						<time>2026-02-16T11:45:49Z</time>
					</trkpt>
					<trkpt lat="46.528560" lon="4.144450">
						<ele>259</ele>
						<time>2026-02-16T11:46:07Z</time>
					</trkpt>
					<trkpt lat="46.528450" lon="4.144700">
						<ele>259</ele>
						<time>2026-02-16T11:46:11Z</time>
					</trkpt>
					<trkpt lat="46.528350" lon="4.145020">
						<ele>259</ele>
						<time>2026-02-16T11:46:15Z</time>
					</trkpt>
					<trkpt lat="46.528140" lon="4.145530">
						<ele>258</ele>
						<time>2026-02-16T11:46:22Z</time>
					</trkpt>
					<trkpt lat="46.527820" lon="4.145910">
						<ele>257</ele>
						<time>2026-02-16T11:46:30Z</time>
					</trkpt>
					<trkpt lat="46.525870" lon="4.147410">
						<ele>261</ele>
						<time>2026-02-16T11:47:09Z</time>
					</trkpt>
					<trkpt lat="46.525630" lon="4.147590">
						<ele>263</ele>
						<time>2026-02-16T11:47:14Z</time>
					</trkpt>
					<trkpt lat="46.525270" lon="4.147760">
						<ele>264</ele>
						<time>2026-02-16T11:47:20Z</time>
					</trkpt>
					<trkpt lat="46.524900" lon="4.147910">
						<ele>265</ele>
						<time>2026-02-16T11:47:27Z</time>
					</trkpt>
					<trkpt lat="46.524130" lon="4.148230">
						<ele>266</ele>
						<time>2026-02-16T11:47:41Z</time>
					</trkpt>
					<trkpt lat="46.523510" lon="4.148580">
						<ele>267</ele>
						<time>2026-02-16T11:47:53Z</time>
					</trkpt>
					<trkpt lat="46.523190" lon="4.148840">
						<ele>268</ele>
						<time>2026-02-16T11:48:00Z</time>
					</trkpt>
					<trkpt lat="46.521780" lon="4.150190">
						<ele>270</ele>
						<time>2026-02-16T11:48:30Z</time>
					</trkpt>
					<trkpt lat="46.521670" lon="4.150300">
						<ele>270</ele>
						<time>2026-02-16T11:48:32Z</time>
					</trkpt>
					<trkpt lat="46.520720" lon="4.151210">
						<ele>269</ele>
						<time>2026-02-16T11:48:52Z</time>
					</trkpt>
					<trkpt lat="46.520340" lon="4.151630">
						<ele>269</ele>
						<time>2026-02-16T11:49:01Z</time>
					</trkpt>
					<trkpt lat="46.520300" lon="4.151670">
						<ele>269</ele>
						<time>2026-02-16T11:49:02Z</time>
					</trkpt>
					<trkpt lat="46.520190" lon="4.151800">
						<ele>270</ele>
						<time>2026-02-16T11:49:04Z</time>
					</trkpt>
					<trkpt lat="46.519120" lon="4.153450">
						<ele>270</ele>
						<time>2026-02-16T11:49:32Z</time>
					</trkpt>
					<trkpt lat="46.518960" lon="4.153720">
						<ele>271</ele>
						<time>2026-02-16T11:49:36Z</time>
					</trkpt>
					<trkpt lat="46.518590" lon="4.154430">
						<ele>273</ele>
						<time>2026-02-16T11:49:47Z</time>
					</trkpt>
					<trkpt lat="46.518190" lon="4.155380">
						<ele>274</ele>
						<time>2026-02-16T11:50:01Z</time>
					</trkpt>
					<trkpt lat="46.518030" lon="4.155870">
						<ele>276</ele>
						<time>2026-02-16T11:50:08Z</time>
					</trkpt>
					<trkpt lat="46.517970" lon="4.156110">
						<ele>276</ele>
						<time>2026-02-16T11:50:11Z</time>
					</trkpt>
					<trkpt lat="46.517930" lon="4.156340">
						<ele>277</ele>
						<time>2026-02-16T11:50:14Z</time>
					</trkpt>
					<trkpt lat="46.517930" lon="4.157230">
						<ele>280</ele>
						<time>2026-02-16T11:50:25Z</time>
					</trkpt>
					<trkpt lat="46.517910" lon="4.157540">
						<ele>282</ele>
						<time>2026-02-16T11:50:28Z</time>
					</trkpt>
					<trkpt lat="46.517840" lon="4.157920">
						<ele>284</ele>
						<time>2026-02-16T11:50:33Z</time>
					</trkpt>
					<trkpt lat="46.517730" lon="4.158290">
						<ele>286</ele>
						<time>2026-02-16T11:50:38Z</time>
					</trkpt>
					<trkpt lat="46.517620" lon="4.158560">
						<ele>287</ele>
						<time>2026-02-16T11:50:42Z</time>
					</trkpt>
					<trkpt lat="46.517520" lon="4.158800">
						<ele>287</ele>
						<time>2026-02-16T11:50:45Z</time>
					</trkpt>
					<trkpt lat="46.517260" lon="4.159230">
						<ele>288</ele>
						<time>2026-02-16T11:50:52Z</time>
					</trkpt>
					<trkpt lat="46.516860" lon="4.159820">
						<ele>289</ele>
						<time>2026-02-16T11:51:03Z</time>
					</trkpt>
					<trkpt lat="46.516500" lon="4.160440">
						<ele>289</ele>
						<time>2026-02-16T11:51:12Z</time>
					</trkpt>
					<trkpt lat="46.516360" lon="4.160640">
						<ele>289</ele>
						<time>2026-02-16T11:51:16Z</time>
					</trkpt>
					<trkpt lat="46.516170" lon="4.160810">
						<ele>289</ele>
						<time>2026-02-16T11:51:20Z</time>
					</trkpt>
					<trkpt lat="46.515570" lon="4.161310">
						<ele>288</ele>
						<time>2026-02-16T11:51:32Z</time>
					</trkpt>
					<trkpt lat="46.515420" lon="4.161480">
						<ele>287</ele>
						<time>2026-02-16T11:51:36Z</time>
					</trkpt>
					<trkpt lat="46.515300" lon="4.161640">
						<ele>287</ele>
						<time>2026-02-16T11:51:39Z</time>
					</trkpt>
					<trkpt lat="46.515190" lon="4.161860">
						<ele>287</ele>
						<time>2026-02-16T11:51:42Z</time>
					</trkpt>
					<trkpt lat="46.515090" lon="4.162200">
						<ele>286</ele>
						<time>2026-02-16T11:51:46Z</time>
					</trkpt>
					<trkpt lat="46.514980" lon="4.162630">
						<ele>286</ele>
						<time>2026-02-16T11:51:52Z</time>
					</trkpt>
					<trkpt lat="46.514840" lon="4.163170">
						<ele>286</ele>
						<time>2026-02-16T11:51:59Z</time>
					</trkpt>
					<trkpt lat="46.514620" lon="4.163990">
						<ele>286</ele>
						<time>2026-02-16T11:52:10Z</time>
					</trkpt>
					<trkpt lat="46.514500" lon="4.164320">
						<ele>286</ele>
						<time>2026-02-16T11:52:14Z</time>
					</trkpt>
					<trkpt lat="46.514360" lon="4.164640">
						<ele>286</ele>
						<time>2026-02-16T11:52:19Z</time>
					</trkpt>
					<trkpt lat="46.513090" lon="4.167080">
						<ele>284</ele>
						<time>2026-02-16T11:52:57Z</time>
					</trkpt>
					<trkpt lat="46.512170" lon="4.168860">
						<ele>281</ele>
						<time>2026-02-16T11:53:24Z</time>
					</trkpt>
					<trkpt lat="46.511900" lon="4.169390">
						<ele>282</ele>
						<time>2026-02-16T11:53:32Z</time>
					</trkpt>
					<trkpt lat="46.511760" lon="4.169680">
						<ele>283</ele>
						<time>2026-02-16T11:53:36Z</time>
					</trkpt>
					<trkpt lat="46.511620" lon="4.170040">
						<ele>283</ele>
						<time>2026-02-16T11:53:41Z</time>
					</trkpt>
					<trkpt lat="46.511490" lon="4.170540">
						<ele>281</ele>
						<time>2026-02-16T11:53:48Z</time>
					</trkpt>
					<trkpt lat="46.511430" lon="4.170930">
						<ele>280</ele>
						<time>2026-02-16T11:53:53Z</time>
					</trkpt>
					<trkpt lat="46.511410" lon="4.171200">
						<ele>279</ele>
						<time>2026-02-16T11:53:56Z</time>
					</trkpt>
					<trkpt lat="46.511410" lon="4.171410">
						<ele>279</ele>
						<time>2026-02-16T11:53:59Z</time>
					</trkpt>
					<trkpt lat="46.511380" lon="4.173060">
						<ele>272</ele>
						<time>2026-02-16T11:54:19Z</time>
					</trkpt>
					<trkpt lat="46.511350" lon="4.173580">
						<ele>271</ele>
						<time>2026-02-16T11:54:25Z</time>
					</trkpt>
					<trkpt lat="46.511170" lon="4.175340">
						<ele>268</ele>
						<time>2026-02-16T11:54:47Z</time>
					</trkpt>
					<trkpt lat="46.511150" lon="4.176050">
						<ele>267</ele>
						<time>2026-02-16T11:54:56Z</time>
					</trkpt>
					<trkpt lat="46.511220" lon="4.177670">
						<ele>264</ele>
						<time>2026-02-16T11:55:16Z</time>
					</trkpt>
					<trkpt lat="46.511210" lon="4.177870">
						<ele>264</ele>
						<time>2026-02-16T11:55:18Z</time>
					</trkpt>
					<trkpt lat="46.511190" lon="4.178050">
						<ele>264</ele>
						<time>2026-02-16T11:55:20Z</time>
					</trkpt>
					<trkpt lat="46.511120" lon="4.178290">
						<ele>263</ele>
						<time>2026-02-16T11:55:23Z</time>
					</trkpt>
					<trkpt lat="46.511030" lon="4.178490">
						<ele>263</ele>
						<time>2026-02-16T11:55:26Z</time>
					</trkpt>
					<trkpt lat="46.510530" lon="4.179390">
						<ele>258</ele>
						<time>2026-02-16T11:55:41Z</time>
					</trkpt>
					<trkpt lat="46.509440" lon="4.181340">
						<ele>250</ele>
						<time>2026-02-16T11:56:11Z</time>
					</trkpt>
					<trkpt lat="46.509090" lon="4.181980">
						<ele>250</ele>
						<time>2026-02-16T11:56:21Z</time>
					</trkpt>
					<trkpt lat="46.509010" lon="4.182140">
						<ele>250</ele>
						<time>2026-02-16T11:56:24Z</time>
					</trkpt>
					<trkpt lat="46.508880" lon="4.182370">
						<ele>250</ele>
						<time>2026-02-16T11:56:27Z</time>
					</trkpt>
					<trkpt lat="46.508670" lon="4.182730">
						<ele>249</ele>
						<time>2026-02-16T11:56:33Z</time>
					</trkpt>
					<trkpt lat="46.507270" lon="4.185200">
						<ele>249</ele>
						<time>2026-02-16T11:57:12Z</time>
					</trkpt>
					<trkpt lat="46.506940" lon="4.185780">
						<ele>250</ele>
						<time>2026-02-16T11:57:22Z</time>
					</trkpt>
					<trkpt lat="46.506650" lon="4.186320">
						<ele>252</ele>
						<time>2026-02-16T11:57:30Z</time>
					</trkpt>
					<trkpt lat="46.506470" lon="4.186630">
						<ele>253</ele>
						<time>2026-02-16T11:57:35Z</time>
					</trkpt>
					<trkpt lat="46.506440" lon="4.186700">
						<ele>253</ele>
						<time>2026-02-16T11:57:36Z</time>
					</trkpt>
					<trkpt lat="46.506330" lon="4.186890">
						<ele>254</ele>
						<time>2026-02-16T11:57:39Z</time>
					</trkpt>
					<trkpt lat="46.506260" lon="4.187030">
						<ele>255</ele>
						<time>2026-02-16T11:57:41Z</time>
					</trkpt>
					<trkpt lat="46.506210" lon="4.187310">
						<ele>257</ele>
						<time>2026-02-16T11:57:45Z</time>
					</trkpt>
					<trkpt lat="46.506200" lon="4.187430">
						<ele>257</ele>
						<time>2026-02-16T11:57:46Z</time>
					</trkpt>
					<trkpt lat="46.506250" lon="4.188160">
						<ele>261</ele>
						<time>2026-02-16T11:57:55Z</time>
					</trkpt>
					<trkpt lat="46.506240" lon="4.188500">
						<ele>263</ele>
						<time>2026-02-16T11:57:59Z</time>
					</trkpt>
					<trkpt lat="46.506220" lon="4.188720">
						<ele>264</ele>
						<time>2026-02-16T11:58:02Z</time>
					</trkpt>
					<trkpt lat="46.506170" lon="4.189040">
						<ele>266</ele>
						<time>2026-02-16T11:58:06Z</time>
					</trkpt>
					<trkpt lat="46.505970" lon="4.190320">
						<ele>272</ele>
						<time>2026-02-16T11:58:22Z</time>
					</trkpt>
					<trkpt lat="46.505880" lon="4.191230">
						<ele>274</ele>
						<time>2026-02-16T11:58:33Z</time>
					</trkpt>
					<trkpt lat="46.505800" lon="4.192140">
						<ele>274</ele>
						<time>2026-02-16T11:58:45Z</time>
					</trkpt>
					<trkpt lat="46.505760" lon="4.192470">
						<ele>274</ele>
						<time>2026-02-16T11:58:49Z</time>
					</trkpt>
					<trkpt lat="46.505720" lon="4.192650">
						<ele>274</ele>
						<time>2026-02-16T11:58:51Z</time>
					</trkpt>
					<trkpt lat="46.505700" lon="4.192750">
						<ele>274</ele>
						<time>2026-02-16T11:58:52Z</time>
					</trkpt>
					<trkpt lat="46.505610" lon="4.193030">
						<ele>275</ele>
						<time>2026-02-16T11:58:56Z</time>
					</trkpt>
					<trkpt lat="46.505230" lon="4.194190">
						<ele>275</ele>
						<time>2026-02-16T11:59:12Z</time>
					</trkpt>
					<trkpt lat="46.505160" lon="4.194460">
						<ele>274</ele>
						<time>2026-02-16T11:59:15Z</time>
					</trkpt>
					<trkpt lat="46.505080" lon="4.194810">
						<ele>274</ele>
						<time>2026-02-16T11:59:20Z</time>
					</trkpt>
					<trkpt lat="46.505050" lon="4.195050">
						<ele>274</ele>
						<time>2026-02-16T11:59:23Z</time>
					</trkpt>
					<trkpt lat="46.504920" lon="4.196280">
						<ele>275</ele>
						<time>2026-02-16T11:59:38Z</time>
					</trkpt>
					<trkpt lat="46.504900" lon="4.196470">
						<ele>276</ele>
						<time>2026-02-16T11:59:40Z</time>
					</trkpt>
					<trkpt lat="46.504890" lon="4.196690">
						<ele>276</ele>
						<time>2026-02-16T11:59:43Z</time>
					</trkpt>
					<trkpt lat="46.504920" lon="4.197480">
						<ele>278</ele>
						<time>2026-02-16T11:59:53Z</time>
					</trkpt>
					<trkpt lat="46.504920" lon="4.197720">
						<ele>278</ele>
						<time>2026-02-16T11:59:56Z</time>
					</trkpt>
					<trkpt lat="46.504890" lon="4.198040">
						<ele>278</ele>
						<time>2026-02-16T12:00:00Z</time>
					</trkpt>
					<trkpt lat="46.504840" lon="4.198400">
						<ele>278</ele>
						<time>2026-02-16T12:00:04Z</time>
					</trkpt>
					<trkpt lat="46.504780" lon="4.198680">
						<ele>278</ele>
						<time>2026-02-16T12:00:08Z</time>
					</trkpt>
					<trkpt lat="46.504670" lon="4.199220">
						<ele>278</ele>
						<time>2026-02-16T12:00:15Z</time>
					</trkpt>
					<trkpt lat="46.504210" lon="4.201380">
						<ele>278</ele>
						<time>2026-02-16T12:00:42Z</time>
					</trkpt>
					<trkpt lat="46.504130" lon="4.201810">
						<ele>279</ele>
						<time>2026-02-16T12:00:48Z</time>
					</trkpt>
					<trkpt lat="46.504060" lon="4.202300">
						<ele>279</ele>
						<time>2026-02-16T12:00:54Z</time>
					</trkpt>
					<trkpt lat="46.504000" lon="4.202870">
						<ele>280</ele>
						<time>2026-02-16T12:01:01Z</time>
					</trkpt>
					<trkpt lat="46.503960" lon="4.203110">
						<ele>280</ele>
						<time>2026-02-16T12:01:04Z</time>
					</trkpt>
					<trkpt lat="46.503900" lon="4.203350">
						<ele>280</ele>
						<time>2026-02-16T12:01:07Z</time>
					</trkpt>
					<trkpt lat="46.503810" lon="4.203630">
						<ele>281</ele>
						<time>2026-02-16T12:01:11Z</time>
					</trkpt>
					<trkpt lat="46.503460" lon="4.204560">
						<ele>282</ele>
						<time>2026-02-16T12:01:24Z</time>
					</trkpt>
					<trkpt lat="46.503380" lon="4.204750">
						<ele>282</ele>
						<time>2026-02-16T12:01:27Z</time>
					</trkpt>
					<trkpt lat="46.503300" lon="4.204890">
						<ele>283</ele>
						<time>2026-02-16T12:01:29Z</time>
					</trkpt>
					<trkpt lat="46.503020" lon="4.205320">
						<ele>282</ele>
						<time>2026-02-16T12:01:36Z</time>
					</trkpt>
					<trkpt lat="46.502960" lon="4.205440">
						<ele>282</ele>
						<time>2026-02-16T12:01:38Z</time>
					</trkpt>
					<trkpt lat="46.502870" lon="4.205660">
						<ele>282</ele>
						<time>2026-02-16T12:01:41Z</time>
					</trkpt>
					<trkpt lat="46.502770" lon="4.205960">
						<ele>282</ele>
						<time>2026-02-16T12:01:45Z</time>
					</trkpt>
					<trkpt lat="46.502730" lon="4.206150">
						<ele>282</ele>
						<time>2026-02-16T12:01:48Z</time>
					</trkpt>
					<trkpt lat="46.502690" lon="4.206350">
						<ele>282</ele>
						<time>2026-02-16T12:01:50Z</time>
					</trkpt>
					<trkpt lat="46.502430" lon="4.208630">
						<ele>284</ele>
						<time>2026-02-16T12:02:18Z</time>
					</trkpt>
					<trkpt lat="46.502390" lon="4.208770">
						<ele>284</ele>
						<time>2026-02-16T12:02:20Z</time>
					</trkpt>
					<trkpt lat="46.502350" lon="4.208900">
						<ele>284</ele>
						<time>2026-02-16T12:02:22Z</time>
					</trkpt>
					<trkpt lat="46.502280" lon="4.209060">
						<ele>284</ele>
						<time>2026-02-16T12:02:24Z</time>
					</trkpt>
					<trkpt lat="46.502200" lon="4.209220">
						<ele>284</ele>
						<time>2026-02-16T12:02:27Z</time>
					</trkpt>
					<trkpt lat="46.501960" lon="4.209540">
						<ele>283</ele>
						<time>2026-02-16T12:02:33Z</time>
					</trkpt>
					<trkpt lat="46.501360" lon="4.210290">
						<ele>280</ele>
						<time>2026-02-16T12:02:47Z</time>
					</trkpt>
					<trkpt lat="46.501060" lon="4.210690">
						<ele>279</ele>
						<time>2026-02-16T12:02:54Z</time>
					</trkpt>
					<trkpt lat="46.500900" lon="4.210870">
						<ele>279</ele>
						<time>2026-02-16T12:02:58Z</time>
					</trkpt>
					<trkpt lat="46.500740" lon="4.210990">
						<ele>279</ele>
						<time>2026-02-16T12:03:01Z</time>
					</trkpt>
					<trkpt lat="46.500130" lon="4.211470">
						<ele>277</ele>
						<time>2026-02-16T12:03:13Z</time>
					</trkpt>
					<trkpt lat="46.499570" lon="4.211850">
						<ele>274</ele>
						<time>2026-02-16T12:03:24Z</time>
					</trkpt>
					<trkpt lat="46.498180" lon="4.212670">
						<ele>265</ele>
						<time>2026-02-16T12:03:51Z</time>
					</trkpt>
					<trkpt lat="46.497930" lon="4.212820">
						<ele>263</ele>
						<time>2026-02-16T12:03:56Z</time>
					</trkpt>
					<trkpt lat="46.497820" lon="4.212880">
						<ele>263</ele>
						<time>2026-02-16T12:03:58Z</time>
					</trkpt>
					<trkpt lat="46.497520" lon="4.213060">
						<ele>261</ele>
						<time>2026-02-16T12:04:03Z</time>
					</trkpt>
					<trkpt lat="46.496960" lon="4.213470">
						<ele>261</ele>
						<time>2026-02-16T12:04:15Z</time>
					</trkpt>
					<trkpt lat="46.496850" lon="4.213560">
						<ele>261</ele>
						<time>2026-02-16T12:04:17Z</time>
					</trkpt>
					<trkpt lat="46.496810" lon="4.213590">
						<ele>261</ele>
						<time>2026-02-16T12:04:18Z</time>
					</trkpt>
					<trkpt lat="46.496020" lon="4.214220">
						<ele>266</ele>
						<time>2026-02-16T12:04:34Z</time>
					</trkpt>
					<trkpt lat="46.495630" lon="4.214530">
						<ele>269</ele>
						<time>2026-02-16T12:04:42Z</time>
					</trkpt>
					<trkpt lat="46.495180" lon="4.214900">
						<ele>272</ele>
						<time>2026-02-16T12:04:51Z</time>
					</trkpt>
					<trkpt lat="46.494640" lon="4.215370">
						<ele>273</ele>
						<time>2026-02-16T12:05:02Z</time>
					</trkpt>
					<trkpt lat="46.494500" lon="4.215480">
						<ele>272</ele>
						<time>2026-02-16T12:05:05Z</time>
					</trkpt>
					<trkpt lat="46.494640" lon="4.215370">
						<ele>273</ele>
						<time>2026-02-16T12:05:08Z</time>
					</trkpt>
					<trkpt lat="46.494830" lon="4.215620">
						<ele>274</ele>
						<time>2026-02-16T12:05:12Z</time>
					</trkpt>
					<trkpt lat="46.495750" lon="4.217220">
						<ele>276</ele>
						<time>2026-02-16T12:05:38Z</time>
					</trkpt>
					<trkpt lat="46.495780" lon="4.217330">
						<ele>277</ele>
						<time>2026-02-16T12:05:39Z</time>
					</trkpt>
					<trkpt lat="46.495780" lon="4.217430">
						<ele>277</ele>
						<time>2026-02-16T12:05:40Z</time>
					</trkpt>
					<trkpt lat="46.495780" lon="4.217860">
						<ele>277</ele>
						<time>2026-02-16T12:05:46Z</time>
					</trkpt>
					<trkpt lat="46.495820" lon="4.218190">
						<ele>277</ele>
						<time>2026-02-16T12:05:50Z</time>
					</trkpt>
					<trkpt lat="46.495920" lon="4.218380">
						<ele>277</ele>
						<time>2026-02-16T12:05:53Z</time>
					</trkpt>
					<trkpt lat="46.497620" lon="4.220330">
						<ele>281</ele>
						<time>2026-02-16T12:06:31Z</time>
					</trkpt>
					<trkpt lat="46.497740" lon="4.220530">
						<ele>282</ele>
						<time>2026-02-16T12:06:35Z</time>
					</trkpt>
					<trkpt lat="46.497850" lon="4.220780">
						<ele>282</ele>
						<time>2026-02-16T12:06:38Z</time>
					</trkpt>
					<trkpt lat="46.497910" lon="4.220960">
						<ele>282</ele>
						<time>2026-02-16T12:06:41Z</time>
					</trkpt>
					<trkpt lat="46.498060" lon="4.221390">
						<ele>283</ele>
						<time>2026-02-16T12:06:46Z</time>
					</trkpt>
					<trkpt lat="46.498410" lon="4.222420">
						<ele>286</ele>
						<time>2026-02-16T12:07:01Z</time>
					</trkpt>
					<trkpt lat="46.498490" lon="4.222700">
						<ele>286</ele>
						<time>2026-02-16T12:07:04Z</time>
					</trkpt>
					<trkpt lat="46.498650" lon="4.223750">
						<ele>286</ele>
						<time>2026-02-16T12:07:17Z</time>
					</trkpt>
					<trkpt lat="46.498790" lon="4.224590">
						<ele>286</ele>
						<time>2026-02-16T12:07:28Z</time>
					</trkpt>
					<trkpt lat="46.498830" lon="4.224750">
						<ele>286</ele>
						<time>2026-02-16T12:07:30Z</time>
					</trkpt>
					<trkpt lat="46.498920" lon="4.224960">
						<ele>286</ele>
						<time>2026-02-16T12:07:33Z</time>
					</trkpt>
					<trkpt lat="46.499890" lon="4.226730">
						<ele>286</ele>
						<time>2026-02-16T12:08:01Z</time>
					</trkpt>
					<trkpt lat="46.500050" lon="4.227030">
						<ele>286</ele>
						<time>2026-02-16T12:08:06Z</time>
					</trkpt>
					<trkpt lat="46.500150" lon="4.227280">
						<ele>286</ele>
						<time>2026-02-16T12:08:09Z</time>
					</trkpt>
					<trkpt lat="46.500210" lon="4.227510">
						<ele>286</ele>
						<time>2026-02-16T12:08:12Z</time>
					</trkpt>
					<trkpt lat="46.500270" lon="4.227870">
						<ele>286</ele>
						<time>2026-02-16T12:08:17Z</time>
					</trkpt>
					<trkpt lat="46.500430" lon="4.228890">
						<ele>289</ele>
						<time>2026-02-16T12:08:29Z</time>
					</trkpt>
					<trkpt lat="46.501040" lon="4.232660">
						<ele>299</ele>
						<time>2026-02-16T12:09:17Z</time>
					</trkpt>
					<trkpt lat="46.501160" lon="4.233410">
						<ele>299</ele>
						<time>2026-02-16T12:09:26Z</time>
					</trkpt>
					<trkpt lat="46.501260" lon="4.234050">
						<ele>301</ele>
						<time>2026-02-16T12:09:34Z</time>
					</trkpt>
					<trkpt lat="46.501390" lon="4.234590">
						<ele>301</ele>
						<time>2026-02-16T12:09:41Z</time>
					</trkpt>
					<trkpt lat="46.502070" lon="4.236670">
						<ele>303</ele>
						<time>2026-02-16T12:10:10Z</time>
					</trkpt>
					<trkpt lat="46.502180" lon="4.236920">
						<ele>303</ele>
						<time>2026-02-16T12:10:13Z</time>
					</trkpt>
					<trkpt lat="46.502340" lon="4.237190">
						<ele>304</ele>
						<time>2026-02-16T12:10:18Z</time>
					</trkpt>
					<trkpt lat="46.503500" lon="4.238770">
						<ele>304</ele>
						<time>2026-02-16T12:10:46Z</time>
					</trkpt>
					<trkpt lat="46.503590" lon="4.238940">
						<ele>305</ele>
						<time>2026-02-16T12:10:48Z</time>
					</trkpt>
					<trkpt lat="46.503790" lon="4.239420">
						<ele>307</ele>
						<time>2026-02-16T12:10:55Z</time>
					</trkpt>
					<trkpt lat="46.503820" lon="4.239480">
						<ele>307</ele>
						<time>2026-02-16T12:10:56Z</time>
					</trkpt>
					<trkpt lat="46.504390" lon="4.241030">
						<ele>309</ele>
						<time>2026-02-16T12:11:18Z</time>
					</trkpt>
					<trkpt lat="46.504490" lon="4.241380">
						<ele>309</ele>
						<time>2026-02-16T12:11:22Z</time>
					</trkpt>
					<trkpt lat="46.504600" lon="4.241820">
						<ele>309</ele>
						<time>2026-02-16T12:11:28Z</time>
					</trkpt>
					<trkpt lat="46.504780" lon="4.242730">
						<ele>310</ele>
						<time>2026-02-16T12:11:40Z</time>
					</trkpt>
					<trkpt lat="46.504810" lon="4.243010">
						<ele>310</ele>
						<time>2026-02-16T12:11:43Z</time>
					</trkpt>
					<trkpt lat="46.504880" lon="4.244050">
						<ele>309</ele>
						<time>2026-02-16T12:11:56Z</time>
					</trkpt>
					<trkpt lat="46.504940" lon="4.244830">
						<ele>309</ele>
						<time>2026-02-16T12:12:06Z</time>
					</trkpt>
					<trkpt lat="46.504920" lon="4.246180">
						<ele>307</ele>
						<time>2026-02-16T12:12:22Z</time>
					</trkpt>
					<trkpt lat="46.504830" lon="4.247070">
						<ele>306</ele>
						<time>2026-02-16T12:12:33Z</time>
					</trkpt>
					<trkpt lat="46.504850" lon="4.247380">
						<ele>305</ele>
						<time>2026-02-16T12:12:37Z</time>
					</trkpt>
					<trkpt lat="46.504870" lon="4.247560">
						<ele>305</ele>
						<time>2026-02-16T12:12:39Z</time>
					</trkpt>
					<trkpt lat="46.505010" lon="4.248060">
						<ele>307</ele>
						<time>2026-02-16T12:12:46Z</time>
					</trkpt>
					<trkpt lat="46.505230" lon="4.248760">
						<ele>309</ele>
						<time>2026-02-16T12:12:55Z</time>
					</trkpt>
					<trkpt lat="46.505530" lon="4.249370">
						<ele>310</ele>
						<time>2026-02-16T12:13:04Z</time>
					</trkpt>
					<trkpt lat="46.506160" lon="4.250670">
						<ele>316</ele>
						<time>2026-02-16T12:13:24Z</time>
					</trkpt>
					<trkpt lat="46.506450" lon="4.251350">
						<ele>318</ele>
						<time>2026-02-16T12:13:34Z</time>
					</trkpt>
					<trkpt lat="46.506590" lon="4.251890">
						<ele>318</ele>
						<time>2026-02-16T12:13:41Z</time>
					</trkpt>
					<trkpt lat="46.506830" lon="4.253050">
						<ele>318</ele>
						<time>2026-02-16T12:13:56Z</time>
					</trkpt>
					<trkpt lat="46.507110" lon="4.254310">
						<ele>318</ele>
						<time>2026-02-16T12:14:12Z</time>
					</trkpt>
					<trkpt lat="46.507280" lon="4.255110">
						<ele>316</ele>
						<time>2026-02-16T12:14:22Z</time>
					</trkpt>
					<trkpt lat="46.507290" lon="4.255210">
						<ele>315</ele>
						<time>2026-02-16T12:14:23Z</time>
					</trkpt>
					<trkpt lat="46.507290" lon="4.255300">
						<ele>315</ele>
						<time>2026-02-16T12:14:24Z</time>
					</trkpt>
					<trkpt lat="46.507280" lon="4.255940">
						<ele>314</ele>
						<time>2026-02-16T12:14:32Z</time>
					</trkpt>
					<trkpt lat="46.507290" lon="4.256370">
						<ele>313</ele>
						<time>2026-02-16T12:14:37Z</time>
					</trkpt>
					<trkpt lat="46.507320" lon="4.256610">
						<ele>312</ele>
						<time>2026-02-16T12:14:40Z</time>
					</trkpt>
					<trkpt lat="46.507360" lon="4.256880">
						<ele>312</ele>
						<time>2026-02-16T12:14:44Z</time>
					</trkpt>
					<trkpt lat="46.507510" lon="4.257380">
						<ele>312</ele>
						<time>2026-02-16T12:14:51Z</time>
					</trkpt>
					<trkpt lat="46.507810" lon="4.258100">
						<ele>313</ele>
						<time>2026-02-16T12:15:01Z</time>
					</trkpt>
					<trkpt lat="46.507990" lon="4.258660">
						<ele>314</ele>
						<time>2026-02-16T12:15:08Z</time>
					</trkpt>
					<trkpt lat="46.508010" lon="4.258770">
						<ele>314</ele>
						<time>2026-02-16T12:15:10Z</time>
					</trkpt>
					<trkpt lat="46.508420" lon="4.260510">
						<ele>312</ele>
						<time>2026-02-16T12:15:32Z</time>
					</trkpt>
					<trkpt lat="46.508490" lon="4.260800">
						<ele>312</ele>
						<time>2026-02-16T12:15:36Z</time>
					</trkpt>
					<trkpt lat="46.508600" lon="4.261250">
						<ele>312</ele>
						<time>2026-02-16T12:15:42Z</time>
					</trkpt>
					<trkpt lat="46.509030" lon="4.263020">
						<ele>311</ele>
						<time>2026-02-16T12:16:05Z</time>
					</trkpt>
					<trkpt lat="46.509100" lon="4.263290">
						<ele>312</ele>
						<time>2026-02-16T12:16:08Z</time>
					</trkpt>
					<trkpt lat="46.509150" lon="4.263400">
						<ele>312</ele>
						<time>2026-02-16T12:16:10Z</time>
					</trkpt>
					<trkpt lat="46.509200" lon="4.263460">
						<ele>313</ele>
						<time>2026-02-16T12:16:11Z</time>
					</trkpt>
					<trkpt lat="46.509240" lon="4.263510">
						<ele>313</ele>
						<time>2026-02-16T12:16:12Z</time>
					</trkpt>
					<trkpt lat="46.509380" lon="4.263530">
						<ele>313</ele>
						<time>2026-02-16T12:16:15Z</time>
					</trkpt>
					<trkpt lat="46.510030" lon="4.263330">
						<ele>314</ele>
						<time>2026-02-16T12:16:26Z</time>
					</trkpt>
					<trkpt lat="46.510100" lon="4.263330">
						<ele>314</ele>
						<time>2026-02-16T12:16:28Z</time>
					</trkpt>
					<trkpt lat="46.510160" lon="4.263390">
						<ele>314</ele>
						<time>2026-02-16T12:16:29Z</time>
					</trkpt>
					<trkpt lat="46.510210" lon="4.263520">
						<ele>315</ele>
						<time>2026-02-16T12:16:31Z</time>
					</trkpt>
					<trkpt lat="46.510260" lon="4.264510">
						<ele>318</ele>
						<time>2026-02-16T12:16:43Z</time>
					</trkpt>
					<trkpt lat="46.510330" lon="4.264880">
						<ele>319</ele>
						<time>2026-02-16T12:16:48Z</time>
					</trkpt>
					<trkpt lat="46.510350" lon="4.265030">
						<ele>319</ele>
						<time>2026-02-16T12:16:50Z</time>
					</trkpt>
					<trkpt lat="46.510370" lon="4.265150">
						<ele>319</ele>
						<time>2026-02-16T12:16:51Z</time>
					</trkpt>
					<trkpt lat="46.510310" lon="4.265580">
						<ele>321</ele>
						<time>2026-02-16T12:16:56Z</time>
					</trkpt>
					<trkpt lat="46.510280" lon="4.265650">
						<ele>321</ele>
						<time>2026-02-16T12:16:57Z</time>
					</trkpt>
					<trkpt lat="46.510170" lon="4.265960">
						<ele>322</ele>
						<time>2026-02-16T12:17:02Z</time>
					</trkpt>
					<trkpt lat="46.510110" lon="4.266310">
						<ele>323</ele>
						<time>2026-02-16T12:17:06Z</time>
					</trkpt>
					<trkpt lat="46.509850" lon="4.268510">
						<ele>329</ele>
						<time>2026-02-16T12:17:33Z</time>
					</trkpt>
					<trkpt lat="46.509740" lon="4.269130">
						<ele>332</ele>
						<time>2026-02-16T12:17:41Z</time>
					</trkpt>
					<trkpt lat="46.509690" lon="4.269800">
						<ele>335</ele>
						<time>2026-02-16T12:17:50Z</time>
					</trkpt>
					<trkpt lat="46.509690" lon="4.270030">
						<ele>336</ele>
						<time>2026-02-16T12:17:52Z</time>
					</trkpt>
					<trkpt lat="46.509760" lon="4.270390">
						<ele>338</ele>
						<time>2026-02-16T12:17:57Z</time>
					</trkpt>
					<trkpt lat="46.509970" lon="4.271150">
						<ele>343</ele>
						<time>2026-02-16T12:18:07Z</time>
					</trkpt>
					<trkpt lat="46.510070" lon="4.271440">
						<ele>345</ele>
						<time>2026-02-16T12:18:11Z</time>
					</trkpt>
					<trkpt lat="46.510170" lon="4.271640">
						<ele>345</ele>
						<time>2026-02-16T12:18:14Z</time>
					</trkpt>
					<trkpt lat="46.510170" lon="4.271800">
						<ele>347</ele>
						<time>2026-02-16T12:18:16Z</time>
					</trkpt>
					<trkpt lat="46.510080" lon="4.272370">
						<ele>351</ele>
						<time>2026-02-16T12:18:23Z</time>
					</trkpt>
					<trkpt lat="46.510050" lon="4.272550">
						<ele>353</ele>
						<time>2026-02-16T12:18:25Z</time>
					</trkpt>
					<trkpt lat="46.510050" lon="4.272660">
						<ele>354</ele>
						<time>2026-02-16T12:18:27Z</time>
					</trkpt>
					<trkpt lat="46.510090" lon="4.272820">
						<ele>355</ele>
						<time>2026-02-16T12:18:29Z</time>
					</trkpt>
					<trkpt lat="46.510280" lon="4.273810">
						<ele>361</ele>
						<time>2026-02-16T12:18:41Z</time>
					</trkpt>
					<trkpt lat="46.510320" lon="4.274150">
						<ele>363</ele>
						<time>2026-02-16T12:18:46Z</time>
					</trkpt>
					<trkpt lat="46.510290" lon="4.274370">
						<ele>364</ele>
						<time>2026-02-16T12:18:48Z</time>
					</trkpt>
					<trkpt lat="46.510230" lon="4.274610">
						<ele>366</ele>
						<time>2026-02-16T12:18:52Z</time>
					</trkpt>
					<trkpt lat="46.510200" lon="4.274770">
						<ele>367</ele>
						<time>2026-02-16T12:18:54Z</time>
					</trkpt>
					<trkpt lat="46.510200" lon="4.274850">
						<ele>368</ele>
						<time>2026-02-16T12:18:55Z</time>
					</trkpt>
					<trkpt lat="46.510230" lon="4.274990">
						<ele>368</ele>
						<time>2026-02-16T12:18:56Z</time>
					</trkpt>
					<trkpt lat="46.510310" lon="4.275120">
						<ele>368</ele>
						<time>2026-02-16T12:18:58Z</time>
					</trkpt>
					<trkpt lat="46.510420" lon="4.275200">
						<ele>368</ele>
						<time>2026-02-16T12:19:01Z</time>
					</trkpt>
					<trkpt lat="46.510670" lon="4.275330">
						<ele>367</ele>
						<time>2026-02-16T12:19:05Z</time>
					</trkpt>
					<trkpt lat="46.510760" lon="4.275430">
						<ele>368</ele>
						<time>2026-02-16T12:19:07Z</time>
					</trkpt>
					<trkpt lat="46.510820" lon="4.275560">
						<ele>369</ele>
						<time>2026-02-16T12:19:09Z</time>
					</trkpt>
					<trkpt lat="46.510940" lon="4.276040">
						<ele>374</ele>
						<time>2026-02-16T12:19:16Z</time>
					</trkpt>
					<trkpt lat="46.511030" lon="4.276230">
						<ele>375</ele>
						<time>2026-02-16T12:19:18Z</time>
					</trkpt>
					<trkpt lat="46.511610" lon="4.277180">
						<ele>372</ele>
						<time>2026-02-16T12:19:34Z</time>
					</trkpt>
					<trkpt lat="46.511860" lon="4.277520">
						<ele>371</ele>
						<time>2026-02-16T12:19:40Z</time>
					</trkpt>
					<trkpt lat="46.512820" lon="4.278640">
						<ele>376</ele>
						<time>2026-02-16T12:20:02Z</time>
					</trkpt>
					<trkpt lat="46.512970" lon="4.278820">
						<ele>378</ele>
						<time>2026-02-16T12:20:05Z</time>
					</trkpt>
					<trkpt lat="46.513090" lon="4.279000">
						<ele>380</ele>
						<time>2026-02-16T12:20:08Z</time>
					</trkpt>
					<trkpt lat="46.513190" lon="4.279280">
						<ele>382</ele>
						<time>2026-02-16T12:20:12Z</time>
					</trkpt>
					<trkpt lat="46.513240" lon="4.279440">
						<ele>384</ele>
						<time>2026-02-16T12:20:14Z</time>
					</trkpt>
					<trkpt lat="46.513320" lon="4.279840">
						<ele>388</ele>
						<time>2026-02-16T12:20:20Z</time>
					</trkpt>
					<trkpt lat="46.513320" lon="4.279990">
						<ele>390</ele>
						<time>2026-02-16T12:20:21Z</time>
					</trkpt>
					<trkpt lat="46.513300" lon="4.280120">
						<ele>391</ele>
						<time>2026-02-16T12:20:23Z</time>
					</trkpt>
					<trkpt lat="46.513230" lon="4.280340">
						<ele>392</ele>
						<time>2026-02-16T12:20:26Z</time>
					</trkpt>
					<trkpt lat="46.513210" lon="4.280550">
						<ele>393</ele>
						<time>2026-02-16T12:20:29Z</time>
					</trkpt>
					<trkpt lat="46.513230" lon="4.280970">
						<ele>395</ele>
						<time>2026-02-16T12:20:34Z</time>
					</trkpt>
					<trkpt lat="46.513230" lon="4.281120">
						<ele>397</ele>
						<time>2026-02-16T12:20:36Z</time>
					</trkpt>
					<trkpt lat="46.513170" lon="4.281400">
						<ele>399</ele>
						<time>2026-02-16T12:20:39Z</time>
					</trkpt>
					<trkpt lat="46.513050" lon="4.281900">
						<ele>403</ele>
						<time>2026-02-16T12:20:46Z</time>
					</trkpt>
					<trkpt lat="46.512730" lon="4.283450">
						<ele>408</ele>
						<time>2026-02-16T12:21:05Z</time>
					</trkpt>
					<trkpt lat="46.512620" lon="4.283910">
						<ele>408</ele>
						<time>2026-02-16T12:21:11Z</time>
					</trkpt>
					<trkpt lat="46.512270" lon="4.285120">
						<ele>406</ele>
						<time>2026-02-16T12:21:28Z</time>
					</trkpt>
					<trkpt lat="46.512140" lon="4.285700">
						<ele>403</ele>
						<time>2026-02-16T12:21:35Z</time>
					</trkpt>
					<trkpt lat="46.512100" lon="4.285830">
						<ele>403</ele>
						<time>2026-02-16T12:21:37Z</time>
					</trkpt>
					<trkpt lat="46.511930" lon="4.286190">
						<ele>403</ele>
						<time>2026-02-16T12:21:42Z</time>
					</trkpt>
					<trkpt lat="46.510190" lon="4.289350">
						<ele>414</ele>
						<time>2026-02-16T12:22:32Z</time>
					</trkpt>
					<trkpt lat="46.510020" lon="4.289690">
						<ele>414</ele>
						<time>2026-02-16T12:22:37Z</time>
					</trkpt>
					<trkpt lat="46.509740" lon="4.290270">
						<ele>414</ele>
						<time>2026-02-16T12:22:45Z</time>
					</trkpt>
					<trkpt lat="46.509340" lon="4.291190">
						<ele>417</ele>
						<time>2026-02-16T12:22:59Z</time>
					</trkpt>
					<trkpt lat="46.509200" lon="4.291480">
						<ele>418</ele>
						<time>2026-02-16T12:23:03Z</time>
					</trkpt>
					<trkpt lat="46.508180" lon="4.293450">
						<ele>422</ele>
						<time>2026-02-16T12:23:33Z</time>
					</trkpt>
					<trkpt lat="46.508320" lon="4.293560">
						<ele>422</ele>
						<time>2026-02-16T12:23:36Z</time>
					</trkpt>
					<trkpt lat="46.508750" lon="4.293890">
						<ele>422</ele>
						<time>2026-02-16T12:23:45Z</time>
					</trkpt>
					<trkpt lat="46.509190" lon="4.294320">
						<ele>421</ele>
						<time>2026-02-16T12:23:54Z</time>
					</trkpt>
					<trkpt lat="46.510550" lon="4.295700">
						<ele>422</ele>
						<time>2026-02-16T12:24:24Z</time>
					</trkpt>
					<trkpt lat="46.510820" lon="4.295950">
						<ele>423</ele>
						<time>2026-02-16T12:24:29Z</time>
					</trkpt>
					<trkpt lat="46.511360" lon="4.296420">
						<ele>427</ele>
						<time>2026-02-16T12:24:41Z</time>
					</trkpt>
					<trkpt lat="46.511840" lon="4.296890">
						<ele>432</ele>
						<time>2026-02-16T12:24:51Z</time>
					</trkpt>
					<trkpt lat="46.512740" lon="4.297720">
						<ele>442</ele>
						<time>2026-02-16T12:25:10Z</time>
					</trkpt>
					<trkpt lat="46.513120" lon="4.298040">
						<ele>444</ele>
						<time>2026-02-16T12:25:18Z</time>
					</trkpt>
					<trkpt lat="46.513550" lon="4.298420">
						<ele>444</ele>
						<time>2026-02-16T12:25:27Z</time>
					</trkpt>
					<trkpt lat="46.513760" lon="4.298560">
						<ele>443</ele>
						<time>2026-02-16T12:25:31Z</time>
					</trkpt>
					<trkpt lat="46.514080" lon="4.298690">
						<ele>441</ele>
						<time>2026-02-16T12:25:37Z</time>
					</trkpt>
					<trkpt lat="46.514550" lon="4.298840">
						<ele>440</ele>
						<time>2026-02-16T12:25:45Z</time>
					</trkpt>
					<trkpt lat="46.515160" lon="4.299000">
						<ele>439</ele>
						<time>2026-02-16T12:25:56Z</time>
					</trkpt>
					<trkpt lat="46.515380" lon="4.299090">
						<ele>438</ele>
						<time>2026-02-16T12:26:00Z</time>
					</trkpt>
					<trkpt lat="46.515690" lon="4.299250">
						<ele>438</ele>
						<time>2026-02-16T12:26:06Z</time>
					</trkpt>
					<trkpt lat="46.516080" lon="4.299490">
						<ele>439</ele>
						<time>2026-02-16T12:26:14Z</time>
					</trkpt>
					<trkpt lat="46.516890" lon="4.299910">
						<ele>443</ele>
						<time>2026-02-16T12:26:29Z</time>
					</trkpt>
					<trkpt lat="46.517100" lon="4.300080">
						<ele>444</ele>
						<time>2026-02-16T12:26:33Z</time>
					</trkpt>
					<trkpt lat="46.517310" lon="4.300210">
						<ele>445</ele>
						<time>2026-02-16T12:26:37Z</time>
					</trkpt>
					<trkpt lat="46.517470" lon="4.300280">
						<ele>445</ele>
						<time>2026-02-16T12:26:40Z</time>
					</trkpt>
					<trkpt lat="46.517840" lon="4.300410">
						<ele>444</ele>
						<time>2026-02-16T12:26:47Z</time>
					</trkpt>
					<trkpt lat="46.518070" lon="4.300530">
						<ele>443</ele>
						<time>2026-02-16T12:26:51Z</time>
					</trkpt>
					<trkpt lat="46.518300" lon="4.300670">
						<ele>442</ele>
						<time>2026-02-16T12:26:56Z</time>
					</trkpt>
					<trkpt lat="46.518680" lon="4.300870">
						<ele>441</ele>
						<time>2026-02-16T12:27:03Z</time>
					</trkpt>
					<trkpt lat="46.518900" lon="4.301010">
						<ele>441</ele>
						<time>2026-02-16T12:27:07Z</time>
					</trkpt>
					<trkpt lat="46.519610" lon="4.301610">
						<ele>442</ele>
						<time>2026-02-16T12:27:22Z</time>
					</trkpt>
					<trkpt lat="46.519840" lon="4.301750">
						<ele>443</ele>
						<time>2026-02-16T12:27:26Z</time>
					</trkpt>
					<trkpt lat="46.520070" lon="4.301840">
						<ele>444</ele>
						<time>2026-02-16T12:27:31Z</time>
					</trkpt>
					<trkpt lat="46.520380" lon="4.301890">
						<ele>443</ele>
						<time>2026-02-16T12:27:36Z</time>
					</trkpt>
					<trkpt lat="46.520820" lon="4.301970">
						<ele>441</ele>
						<time>2026-02-16T12:27:44Z</time>
					</trkpt>
					<trkpt lat="46.521150" lon="4.302080">
						<ele>440</ele>
						<time>2026-02-16T12:27:50Z</time>
					</trkpt>
					<trkpt lat="46.521350" lon="4.302190">
						<ele>439</ele>
						<time>2026-02-16T12:27:54Z</time>
					</trkpt>
					<trkpt lat="46.521660" lon="4.302370">
						<ele>437</ele>
						<time>2026-02-16T12:28:00Z</time>
					</trkpt>
					<trkpt lat="46.522160" lon="4.302630">
						<ele>432</ele>
						<time>2026-02-16T12:28:09Z</time>
					</trkpt>
					<trkpt lat="46.522540" lon="4.302750">
						<ele>428</ele>
						<time>2026-02-16T12:28:16Z</time>
					</trkpt>
					<trkpt lat="46.522670" lon="4.302800">
						<ele>427</ele>
						<time>2026-02-16T12:28:19Z</time>
					</trkpt>
					<trkpt lat="46.522890" lon="4.302870">
						<ele>426</ele>
						<time>2026-02-16T12:28:23Z</time>
					</trkpt>
					<trkpt lat="46.523150" lon="4.302930">
						<ele>424</ele>
						<time>2026-02-16T12:28:27Z</time>
					</trkpt>
					<trkpt lat="46.523560" lon="4.302940">
						<ele>423</ele>
						<time>2026-02-16T12:28:35Z</time>
					</trkpt>
					<trkpt lat="46.523820" lon="4.302950">
						<ele>423</ele>
						<time>2026-02-16T12:28:39Z</time>
					</trkpt>
					<trkpt lat="46.525040" lon="4.302940">
						<ele>421</ele>
						<time>2026-02-16T12:29:01Z</time>
					</trkpt>
					<trkpt lat="46.525170" lon="4.302950">
						<ele>420</ele>
						<time>2026-02-16T12:29:03Z</time>
					</trkpt>
					<trkpt lat="46.525360" lon="4.302960">
						<ele>420</ele>
						<time>2026-02-16T12:29:07Z</time>
					</trkpt>
					<trkpt lat="46.525600" lon="4.302990">
						<ele>420</ele>
						<time>2026-02-16T12:29:11Z</time>
					</trkpt>
					<trkpt lat="46.525760" lon="4.303040">
						<ele>420</ele>
						<time>2026-02-16T12:29:14Z</time>
					</trkpt>
					<trkpt lat="46.525920" lon="4.303130">
						<ele>420</ele>
						<time>2026-02-16T12:29:17Z</time>
					</trkpt>
					<trkpt lat="46.526320" lon="4.303450">
						<ele>422</ele>
						<time>2026-02-16T12:29:25Z</time>
					</trkpt>
					<trkpt lat="46.526410" lon="4.303520">
						<ele>423</ele>
						<time>2026-02-16T12:29:27Z</time>
					</trkpt>
					<trkpt lat="46.526550" lon="4.303580">
						<ele>424</ele>
						<time>2026-02-16T12:29:29Z</time>
					</trkpt>
					<trkpt lat="46.526700" lon="4.303620">
						<ele>425</ele>
						<time>2026-02-16T12:29:32Z</time>
					</trkpt>
					<trkpt lat="46.527580" lon="4.303700">
						<ele>431</ele>
						<time>2026-02-16T12:29:48Z</time>
					</trkpt>
					<trkpt lat="46.528030" lon="4.303740">
						<ele>435</ele>
						<time>2026-02-16T12:29:56Z</time>
					</trkpt>
					<trkpt lat="46.528960" lon="4.303790">
						<ele>439</ele>
						<time>2026-02-16T12:30:12Z</time>
					</trkpt>
					<trkpt lat="46.529160" lon="4.303780">
						<ele>439</ele>
						<time>2026-02-16T12:30:16Z</time>
					</trkpt>
					<trkpt lat="46.529310" lon="4.303750">
						<ele>439</ele>
						<time>2026-02-16T12:30:19Z</time>
					</trkpt>
					<trkpt lat="46.529640" lon="4.303580">
						<ele>439</ele>
						<time>2026-02-16T12:30:25Z</time>
					</trkpt>
					<trkpt lat="46.530890" lon="4.302810">
						<ele>439</ele>
						<time>2026-02-16T12:30:49Z</time>
					</trkpt>
					<trkpt lat="46.531780" lon="4.302270">
						<ele>441</ele>
						<time>2026-02-16T12:31:06Z</time>
					</trkpt>
					<trkpt lat="46.532060" lon="4.302160">
						<ele>440</ele>
						<time>2026-02-16T12:31:11Z</time>
					</trkpt>
					<trkpt lat="46.532440" lon="4.302080">
						<ele>439</ele>
						<time>2026-02-16T12:31:18Z</time>
					</trkpt>
					<trkpt lat="46.532820" lon="4.302080">
						<ele>438</ele>
						<time>2026-02-16T12:31:25Z</time>
					</trkpt>
					<trkpt lat="46.533170" lon="4.302080">
						<ele>438</ele>
						<time>2026-02-16T12:31:31Z</time>
					</trkpt>
					<trkpt lat="46.533450" lon="4.302110">
						<ele>438</ele>
						<time>2026-02-16T12:31:36Z</time>
					</trkpt>
					<trkpt lat="46.533630" lon="4.302170">
						<ele>438</ele>
						<time>2026-02-16T12:31:39Z</time>
					</trkpt>
					<trkpt lat="46.533670" lon="4.302200">
						<ele>438</ele>
						<time>2026-02-16T12:31:40Z</time>
					</trkpt>
					<trkpt lat="46.533700" lon="4.302230">
						<ele>438</ele>
						<time>2026-02-16T12:31:41Z</time>
					</trkpt>
					<trkpt lat="46.533900" lon="4.302320">
						<ele>438</ele>
						<time>2026-02-16T12:31:45Z</time>
					</trkpt>
					<trkpt lat="46.534070" lon="4.302370">
						<ele>438</ele>
						<time>2026-02-16T12:31:48Z</time>
					</trkpt>
					<trkpt lat="46.534220" lon="4.302390">
						<ele>438</ele>
						<time>2026-02-16T12:31:50Z</time>
					</trkpt>
					<trkpt lat="46.534340" lon="4.302390">
						<ele>438</ele>
						<time>2026-02-16T12:31:53Z</time>
					</trkpt>
					<trkpt lat="46.534480" lon="4.302370">
						<ele>438</ele>
						<time>2026-02-16T12:31:55Z</time>
					</trkpt>
					<trkpt lat="46.535000" lon="4.302210">
						<ele>437</ele>
						<time>2026-02-16T12:32:05Z</time>
					</trkpt>
					<trkpt lat="46.535350" lon="4.302080">
						<ele>437</ele>
						<time>2026-02-16T12:32:11Z</time>
					</trkpt>
					<trkpt lat="46.535730" lon="4.301900">
						<ele>436</ele>
						<time>2026-02-16T12:32:18Z</time>
					</trkpt>
					<trkpt lat="46.535920" lon="4.301790">
						<ele>436</ele>
						<time>2026-02-16T12:32:22Z</time>
					</trkpt>
					<trkpt lat="46.536290" lon="4.301590">
						<ele>437</ele>
						<time>2026-02-16T12:32:29Z</time>
					</trkpt>
					<trkpt lat="46.536510" lon="4.301520">
						<ele>437</ele>
						<time>2026-02-16T12:32:33Z</time>
					</trkpt>
					<trkpt lat="46.536850" lon="4.301480">
						<ele>438</ele>
						<time>2026-02-16T12:32:39Z</time>
					</trkpt>
					<trkpt lat="46.537170" lon="4.301480">
						<ele>439</ele>
						<time>2026-02-16T12:32:45Z</time>
					</trkpt>
					<trkpt lat="46.537370" lon="4.301510">
						<ele>439</ele>
						<time>2026-02-16T12:32:48Z</time>
					</trkpt>
					<trkpt lat="46.537780" lon="4.301650">
						<ele>438</ele>
						<time>2026-02-16T12:32:56Z</time>
					</trkpt>
					<trkpt lat="46.538300" lon="4.301760">
						<ele>437</ele>
						<time>2026-02-16T12:33:05Z</time>
					</trkpt>
					<trkpt lat="46.539450" lon="4.301810">
						<ele>435</ele>
						<time>2026-02-16T12:33:25Z</time>
					</trkpt>
					<trkpt lat="46.539950" lon="4.301810">
						<ele>438</ele>
						<time>2026-02-16T12:33:34Z</time>
					</trkpt>
					<trkpt lat="46.540430" lon="4.301830">
						<ele>437</ele>
						<time>2026-02-16T12:33:43Z</time>
					</trkpt>
					<trkpt lat="46.540700" lon="4.301890">
						<ele>437</ele>
						<time>2026-02-16T12:33:48Z</time>
					</trkpt>
					<trkpt lat="46.541030" lon="4.302080">
						<ele>436</ele>
						<time>2026-02-16T12:33:54Z</time>
					</trkpt>
					<trkpt lat="46.541360" lon="4.302370">
						<ele>435</ele>
						<time>2026-02-16T12:34:01Z</time>
					</trkpt>
					<trkpt lat="46.541800" lon="4.302810">
						<ele>434</ele>
						<time>2026-02-16T12:34:10Z</time>
					</trkpt>
					<trkpt lat="46.542060" lon="4.303190">
						<ele>435</ele>
						<time>2026-02-16T12:34:17Z</time>
					</trkpt>
					<trkpt lat="46.542770" lon="4.304350">
						<ele>435</ele>
						<time>2026-02-16T12:34:36Z</time>
					</trkpt>
					<trkpt lat="46.543000" lon="4.304560">
						<ele>434</ele>
						<time>2026-02-16T12:34:41Z</time>
					</trkpt>
					<trkpt lat="46.543260" lon="4.304750">
						<ele>434</ele>
						<time>2026-02-16T12:34:46Z</time>
					</trkpt>
					<trkpt lat="46.543810" lon="4.305120">
						<ele>433</ele>
						<time>2026-02-16T12:34:57Z</time>
					</trkpt>
					<trkpt lat="46.544210" lon="4.305440">
						<ele>431</ele>
						<time>2026-02-16T12:35:05Z</time>
					</trkpt>
					<trkpt lat="46.544630" lon="4.305830">
						<ele>426</ele>
						<time>2026-02-16T12:35:14Z</time>
					</trkpt>
					<trkpt lat="46.544930" lon="4.306040">
						<ele>425</ele>
						<time>2026-02-16T12:35:20Z</time>
					</trkpt>
					<trkpt lat="46.545360" lon="4.306230">
						<ele>423</ele>
						<time>2026-02-16T12:35:28Z</time>
					</trkpt>
					<trkpt lat="46.546050" lon="4.306490">
						<ele>421</ele>
						<time>2026-02-16T12:35:40Z</time>
					</trkpt>
					<trkpt lat="46.547350" lon="4.306940">
						<ele>421</ele>
						<time>2026-02-16T12:36:04Z</time>
					</trkpt>
					<trkpt lat="46.547820" lon="4.307120">
						<ele>422</ele>
						<time>2026-02-16T12:36:13Z</time>
					</trkpt>
					<trkpt lat="46.548410" lon="4.307430">
						<ele>422</ele>
						<time>2026-02-16T12:36:24Z</time>
					</trkpt>
					<trkpt lat="46.548770" lon="4.307680">
						<ele>421</ele>
						<time>2026-02-16T12:36:31Z</time>
					</trkpt>
					<trkpt lat="46.548980" lon="4.307840">
						<ele>421</ele>
						<time>2026-02-16T12:36:35Z</time>
					</trkpt>
					<trkpt lat="46.549000" lon="4.307890">
						<ele>421</ele>
						<time>2026-02-16T12:36:36Z</time>
					</trkpt>
					<trkpt lat="46.549060" lon="4.307810">
						<ele>421</ele>
						<time>2026-02-16T12:36:37Z</time>
					</trkpt>
					<trkpt lat="46.549210" lon="4.308010">
						<ele>421</ele>
						<time>2026-02-16T12:36:41Z</time>
					</trkpt>
					<trkpt lat="46.549340" lon="4.308230">
						<ele>421</ele>
						<time>2026-02-16T12:36:45Z</time>
					</trkpt>
					<trkpt lat="46.549540" lon="4.308910">
						<ele>419</ele>
						<time>2026-02-16T12:36:54Z</time>
					</trkpt>
					<trkpt lat="46.549620" lon="4.309380">
						<ele>418</ele>
						<time>2026-02-16T12:37:00Z</time>
					</trkpt>
					<trkpt lat="46.549700" lon="4.310030">
						<ele>414</ele>
						<time>2026-02-16T12:37:08Z</time>
					</trkpt>
					<trkpt lat="46.549720" lon="4.310210">
						<ele>413</ele>
						<time>2026-02-16T12:37:10Z</time>
					</trkpt>
					<trkpt lat="46.549730" lon="4.310410">
						<ele>411</ele>
						<time>2026-02-16T12:37:12Z</time>
					</trkpt>
					<trkpt lat="46.549730" lon="4.310980">
						<ele>406</ele>
						<time>2026-02-16T12:37:19Z</time>
					</trkpt>
					<trkpt lat="46.549750" lon="4.311640">
						<ele>401</ele>
						<time>2026-02-16T12:37:27Z</time>
					</trkpt>
					<trkpt lat="46.549770" lon="4.311790">
						<ele>400</ele>
						<time>2026-02-16T12:37:29Z</time>
					</trkpt>
					<trkpt lat="46.549810" lon="4.312170">
						<ele>398</ele>
						<time>2026-02-16T12:37:34Z</time>
					</trkpt>
					<trkpt lat="46.549940" lon="4.312860">
						<ele>392</ele>
						<time>2026-02-16T12:37:43Z</time>
					</trkpt>
					<trkpt lat="46.550060" lon="4.313260">
						<ele>389</ele>
						<time>2026-02-16T12:37:48Z</time>
					</trkpt>
					<trkpt lat="46.550160" lon="4.313540">
						<ele>388</ele>
						<time>2026-02-16T12:37:52Z</time>
					</trkpt>
					<trkpt lat="46.550260" lon="4.313680">
						<ele>387</ele>
						<time>2026-02-16T12:37:54Z</time>
					</trkpt>
					<trkpt lat="46.550610" lon="4.313890">
						<ele>385</ele>
						<time>2026-02-16T12:38:01Z</time>
					</trkpt>
					<trkpt lat="46.550710" lon="4.314020">
						<ele>385</ele>
						<time>2026-02-16T12:38:03Z</time>
					</trkpt>
					<trkpt lat="46.550770" lon="4.314110">
						<ele>384</ele>
						<time>2026-02-16T12:38:05Z</time>
					</trkpt>
					<trkpt lat="46.550800" lon="4.314170">
						<ele>384</ele>
						<time>2026-02-16T12:38:06Z</time>
					</trkpt>
					<trkpt lat="46.550910" lon="4.314560">
						<ele>382</ele>
						<time>2026-02-16T12:38:11Z</time>
					</trkpt>
					<trkpt lat="46.551160" lon="4.315810">
						<ele>378</ele>
						<time>2026-02-16T12:38:27Z</time>
					</trkpt>
					<trkpt lat="46.551260" lon="4.316390">
						<ele>377</ele>
						<time>2026-02-16T12:38:34Z</time>
					</trkpt>
					<trkpt lat="46.551290" lon="4.316680">
						<ele>376</ele>
						<time>2026-02-16T12:38:38Z</time>
					</trkpt>
					<trkpt lat="46.551390" lon="4.317150">
						<ele>377</ele>
						<time>2026-02-16T12:38:44Z</time>
					</trkpt>
					<trkpt lat="46.551800" lon="4.318490">
						<ele>377</ele>
						<time>2026-02-16T12:39:02Z</time>
					</trkpt>
					<trkpt lat="46.551970" lon="4.318980">
						<ele>376</ele>
						<time>2026-02-16T12:39:09Z</time>
					</trkpt>
					<trkpt lat="46.552100" lon="4.319250">
						<ele>376</ele>
						<time>2026-02-16T12:39:13Z</time>
					</trkpt>
					<trkpt lat="46.552260" lon="4.319490">
						<ele>376</ele>
						<time>2026-02-16T12:39:17Z</time>
					</trkpt>
					<trkpt lat="46.552420" lon="4.319780">
						<ele>376</ele>
						<time>2026-02-16T12:39:21Z</time>
					</trkpt>
					<trkpt lat="46.552520" lon="4.320010">
						<ele>377</ele>
						<time>2026-02-16T12:39:25Z</time>
					</trkpt>
					<trkpt lat="46.552570" lon="4.320200">
						<ele>376</ele>
						<time>2026-02-16T12:39:27Z</time>
					</trkpt>
					<trkpt lat="46.552570" lon="4.320290">
						<ele>376</ele>
						<time>2026-02-16T12:39:28Z</time>
					</trkpt>
					<trkpt lat="46.552610" lon="4.320890">
						<ele>376</ele>
						<time>2026-02-16T12:39:36Z</time>
					</trkpt>
					<trkpt lat="46.552650" lon="4.321300">
						<ele>376</ele>
						<time>2026-02-16T12:39:41Z</time>
					</trkpt>
					<trkpt lat="46.552670" lon="4.321690">
						<ele>376</ele>
						<time>2026-02-16T12:39:45Z</time>
					</trkpt>
					<trkpt lat="46.552680" lon="4.321940">
						<ele>376</ele>
						<time>2026-02-16T12:39:48Z</time>
					</trkpt>
					<trkpt lat="46.552720" lon="4.322170">
						<ele>376</ele>
						<time>2026-02-16T12:39:51Z</time>
					</trkpt>
					<trkpt lat="46.553000" lon="4.322950">
						<ele>377</ele>
						<time>2026-02-16T12:40:02Z</time>
					</trkpt>
					<trkpt lat="46.553300" lon="4.323750">
						<ele>378</ele>
						<time>2026-02-16T12:40:13Z</time>
					</trkpt>
					<trkpt lat="46.553400" lon="4.323970">
						<ele>378</ele>
						<time>2026-02-16T12:40:17Z</time>
					</trkpt>
					<trkpt lat="46.553540" lon="4.324170">
						<ele>378</ele>
						<time>2026-02-16T12:40:20Z</time>
					</trkpt>
					<trkpt lat="46.554060" lon="4.324890">
						<ele>378</ele>
						<time>2026-02-16T12:40:33Z</time>
					</trkpt>
					<trkpt lat="46.554630" lon="4.325860">
						<ele>378</ele>
						<time>2026-02-16T12:40:48Z</time>
					</trkpt>
					<trkpt lat="46.555090" lon="4.326730">
						<ele>377</ele>
						<time>2026-02-16T12:41:02Z</time>
					</trkpt>
					<trkpt lat="46.555220" lon="4.326950">
						<ele>377</ele>
						<time>2026-02-16T12:41:05Z</time>
					</trkpt>
					<trkpt lat="46.555290" lon="4.327110">
						<ele>377</ele>
						<time>2026-02-16T12:41:08Z</time>
					</trkpt>
					<trkpt lat="46.555340" lon="4.327260">
						<ele>377</ele>
						<time>2026-02-16T12:41:10Z</time>
					</trkpt>
					<trkpt lat="46.555470" lon="4.327920">
						<ele>376</ele>
						<time>2026-02-16T12:41:18Z</time>
					</trkpt>
					<trkpt lat="46.555540" lon="4.328510">
						<ele>376</ele>
						<time>2026-02-16T12:41:25Z</time>
					</trkpt>
					<trkpt lat="46.555660" lon="4.329630">
						<ele>375</ele>
						<time>2026-02-16T12:41:39Z</time>
					</trkpt>
					<trkpt lat="46.555660" lon="4.329810">
						<ele>375</ele>
						<time>2026-02-16T12:41:42Z</time>
					</trkpt>
					<trkpt lat="46.555610" lon="4.329810">
						<ele>375</ele>
						<time>2026-02-16T12:41:42Z</time>
					</trkpt>
					<trkpt lat="46.555660" lon="4.329810">
						<ele>375</ele>
						<time>2026-02-16T12:41:43Z</time>
					</trkpt>
					<trkpt lat="46.556260" lon="4.329880">
						<ele>375</ele>
						<time>2026-02-16T12:41:54Z</time>
					</trkpt>
					<trkpt lat="46.556510" lon="4.329940">
						<ele>375</ele>
						<time>2026-02-16T12:41:59Z</time>
					</trkpt>
					<trkpt lat="46.556760" lon="4.330030">
						<ele>375</ele>
						<time>2026-02-16T12:42:03Z</time>
					</trkpt>
					<trkpt lat="46.557120" lon="4.330250">
						<ele>373</ele>
						<time>2026-02-16T12:42:10Z</time>
					</trkpt>
					<trkpt lat="46.557360" lon="4.330370">
						<ele>372</ele>
						<time>2026-02-16T12:42:15Z</time>
					</trkpt>
					<trkpt lat="46.557820" lon="4.330510">
						<ele>372</ele>
						<time>2026-02-16T12:42:23Z</time>
					</trkpt>
					<trkpt lat="46.558450" lon="4.330730">
						<ele>371</ele>
						<time>2026-02-16T12:42:34Z</time>
					</trkpt>
					<trkpt lat="46.558830" lon="4.330820">
						<ele>370</ele>
						<time>2026-02-16T12:42:41Z</time>
					</trkpt>
					<trkpt lat="46.559270" lon="4.331020">
						<ele>370</ele>
						<time>2026-02-16T12:42:50Z</time>
					</trkpt>
					<trkpt lat="46.559480" lon="4.331150">
						<ele>370</ele>
						<time>2026-02-16T12:42:54Z</time>
					</trkpt>
					<trkpt lat="46.561220" lon="4.333000">
						<ele>373</ele>
						<time>2026-02-16T12:43:32Z</time>
					</trkpt>
					<trkpt lat="46.561900" lon="4.333740">
						<ele>374</ele>
						<time>2026-02-16T12:43:47Z</time>
					</trkpt>
					<trkpt lat="46.562190" lon="4.334040">
						<ele>374</ele>
						<time>2026-02-16T12:43:53Z</time>
					</trkpt>
					<trkpt lat="46.562430" lon="4.334250">
						<ele>374</ele>
						<time>2026-02-16T12:43:58Z</time>
					</trkpt>
					<trkpt lat="46.562560" lon="4.334350">
						<ele>374</ele>
						<time>2026-02-16T12:44:01Z</time>
					</trkpt>
					<trkpt lat="46.563770" lon="4.335230">
						<ele>374</ele>
						<time>2026-02-16T12:44:25Z</time>
					</trkpt>
					<trkpt lat="46.565750" lon="4.336650">
						<ele>374</ele>
						<time>2026-02-16T12:45:04Z</time>
					</trkpt>
					<trkpt lat="46.565950" lon="4.336790">
						<ele>374</ele>
						<time>2026-02-16T12:45:08Z</time>
					</trkpt>
					<trkpt lat="46.566020" lon="4.336820">
						<ele>374</ele>
						<time>2026-02-16T12:45:10Z</time>
					</trkpt>
					<trkpt lat="46.566090" lon="4.336840">
						<ele>374</ele>
						<time>2026-02-16T12:45:11Z</time>
					</trkpt>
					<trkpt lat="46.566120" lon="4.336900">
						<ele>374</ele>
						<time>2026-02-16T12:45:12Z</time>
					</trkpt>
					<trkpt lat="46.566090" lon="4.336840">
						<ele>374</ele>
						<time>2026-02-16T12:45:13Z</time>
					</trkpt>
					<trkpt lat="46.566180" lon="4.336840">
						<ele>373</ele>
						<time>2026-02-16T12:45:14Z</time>
					</trkpt>
					<trkpt lat="46.566330" lon="4.336830">
						<ele>373</ele>
						<time>2026-02-16T12:45:17Z</time>
					</trkpt>
					<trkpt lat="46.566800" lon="4.336700">
						<ele>372</ele>
						<time>2026-02-16T12:45:25Z</time>
					</trkpt>
					<trkpt lat="46.567200" lon="4.336490">
						<ele>370</ele>
						<time>2026-02-16T12:45:33Z</time>
					</trkpt>
					<trkpt lat="46.568200" lon="4.335710">
						<ele>367</ele>
						<time>2026-02-16T12:45:53Z</time>
					</trkpt>
					<trkpt lat="46.569130" lon="4.334940">
						<ele>362</ele>
						<time>2026-02-16T12:46:12Z</time>
					</trkpt>
					<trkpt lat="46.569510" lon="4.334640">
						<ele>363</ele>
						<time>2026-02-16T12:46:20Z</time>
					</trkpt>
					<trkpt lat="46.572590" lon="4.332190">
						<ele>345</ele>
						<time>2026-02-16T12:47:22Z</time>
					</trkpt>
					<trkpt lat="46.573900" lon="4.331160">
						<ele>342</ele>
						<time>2026-02-16T12:47:49Z</time>
					</trkpt>
					<trkpt lat="46.575970" lon="4.329530">
						<ele>333</ele>
						<time>2026-02-16T12:48:31Z</time>
					</trkpt>
					<trkpt lat="46.576060" lon="4.329450">
						<ele>333</ele>
						<time>2026-02-16T12:48:33Z</time>
					</trkpt>
					<trkpt lat="46.576210" lon="4.329290">
						<ele>333</ele>
						<time>2026-02-16T12:48:36Z</time>
					</trkpt>
					<trkpt lat="46.576300" lon="4.329160">
						<ele>333</ele>
						<time>2026-02-16T12:48:38Z</time>
					</trkpt>
					<trkpt lat="46.576470" lon="4.328880">
						<ele>333</ele>
						<time>2026-02-16T12:48:43Z</time>
					</trkpt>
					<trkpt lat="46.576550" lon="4.328680">
						<ele>333</ele>
						<time>2026-02-16T12:48:46Z</time>
					</trkpt>
					<trkpt lat="46.577590" lon="4.326280">
						<ele>320</ele>
						<time>2026-02-16T12:49:20Z</time>
					</trkpt>
					<trkpt lat="46.577670" lon="4.326140">
						<ele>319</ele>
						<time>2026-02-16T12:49:23Z</time>
					</trkpt>
					<trkpt lat="46.577760" lon="4.326000">
						<ele>318</ele>
						<time>2026-02-16T12:49:25Z</time>
					</trkpt>
					<trkpt lat="46.577860" lon="4.325870">
						<ele>317</ele>
						<time>2026-02-16T12:49:27Z</time>
					</trkpt>
					<trkpt lat="46.577960" lon="4.325780">
						<ele>317</ele>
						<time>2026-02-16T12:49:29Z</time>
					</trkpt>
					<trkpt lat="46.578880" lon="4.325020">
						<ele>314</ele>
						<time>2026-02-16T12:49:48Z</time>
					</trkpt>
					<trkpt lat="46.579000" lon="4.324940">
						<ele>314</ele>
						<time>2026-02-16T12:49:51Z</time>
					</trkpt>
					<trkpt lat="46.579090" lon="4.324920">
						<ele>314</ele>
						<time>2026-02-16T12:49:52Z</time>
					</trkpt>
					<trkpt lat="46.579200" lon="4.324910">
						<ele>313</ele>
						<time>2026-02-16T12:49:54Z</time>
					</trkpt>
					<trkpt lat="46.579280" lon="4.324920">
						<ele>313</ele>
						<time>2026-02-16T12:49:56Z</time>
					</trkpt>
					<trkpt lat="46.579410" lon="4.324970">
						<ele>313</ele>
						<time>2026-02-16T12:49:58Z</time>
					</trkpt>
					<trkpt lat="46.579530" lon="4.325050">
						<ele>313</ele>
						<time>2026-02-16T12:50:00Z</time>
					</trkpt>
					<trkpt lat="46.579620" lon="4.325140">
						<ele>312</ele>
						<time>2026-02-16T12:50:02Z</time>
					</trkpt>
					<trkpt lat="46.579710" lon="4.325250">
						<ele>312</ele>
						<time>2026-02-16T12:50:04Z</time>
					</trkpt>
					<trkpt lat="46.580150" lon="4.325980">
						<ele>308</ele>
						<time>2026-02-16T12:50:16Z</time>
					</trkpt>
					<trkpt lat="46.580320" lon="4.326280">
						<ele>307</ele>
						<time>2026-02-16T12:50:21Z</time>
					</trkpt>
					<trkpt lat="46.580420" lon="4.326380">
						<ele>306</ele>
						<time>2026-02-16T12:50:23Z</time>
					</trkpt>
					<trkpt lat="46.580520" lon="4.326420">
						<ele>306</ele>
						<time>2026-02-16T12:50:25Z</time>
					</trkpt>
					<trkpt lat="46.580570" lon="4.326410">
						<ele>305</ele>
						<time>2026-02-16T12:50:26Z</time>
					</trkpt>
					<trkpt lat="46.580830" lon="4.326210">
						<ele>305</ele>
						<time>2026-02-16T12:50:31Z</time>
					</trkpt>
					<trkpt lat="46.580980" lon="4.326160">
						<ele>304</ele>
						<time>2026-02-16T12:50:34Z</time>
					</trkpt>
					<trkpt lat="46.581370" lon="4.326100">
						<ele>300</ele>
						<time>2026-02-16T12:50:41Z</time>
					</trkpt>
					<trkpt lat="46.582140" lon="4.325970">
						<ele>294</ele>
						<time>2026-02-16T12:50:55Z</time>
					</trkpt>
					<trkpt lat="46.582240" lon="4.325980">
						<ele>294</ele>
						<time>2026-02-16T12:50:56Z</time>
					</trkpt>
					<trkpt lat="46.582300" lon="4.325990">
						<ele>293</ele>
						<time>2026-02-16T12:50:57Z</time>
					</trkpt>
					<trkpt lat="46.582520" lon="4.326090">
						<ele>293</ele>
						<time>2026-02-16T12:51:02Z</time>
					</trkpt>
					<trkpt lat="46.582650" lon="4.326190">
						<ele>292</ele>
						<time>2026-02-16T12:51:04Z</time>
					</trkpt>
					<trkpt lat="46.583400" lon="4.326900">
						<ele>290</ele>
						<time>2026-02-16T12:51:20Z</time>
					</trkpt>
					<trkpt lat="46.583830" lon="4.327340">
						<ele>287</ele>
						<time>2026-02-16T12:51:29Z</time>
					</trkpt>
					<trkpt lat="46.585040" lon="4.328530">
						<ele>281</ele>
						<time>2026-02-16T12:51:55Z</time>
					</trkpt>
					<trkpt lat="46.585600" lon="4.329060">
						<ele>280</ele>
						<time>2026-02-16T12:52:07Z</time>
					</trkpt>
					<trkpt lat="46.585710" lon="4.329130">
						<ele>279</ele>
						<time>2026-02-16T12:52:09Z</time>
					</trkpt>
					<trkpt lat="46.585800" lon="4.329180">
						<ele>279</ele>
						<time>2026-02-16T12:52:11Z</time>
					</trkpt>
					<trkpt lat="46.585980" lon="4.329260">
						<ele>279</ele>
						<time>2026-02-16T12:52:15Z</time>
					</trkpt>
					<trkpt lat="46.586170" lon="4.329240">
						<ele>278</ele>
						<time>2026-02-16T12:52:18Z</time>
					</trkpt>
					<trkpt lat="46.586500" lon="4.329080">
						<ele>276</ele>
						<time>2026-02-16T12:52:24Z</time>
					</trkpt>
					<trkpt lat="46.586820" lon="4.328810">
						<ele>276</ele>
						<time>2026-02-16T12:52:31Z</time>
					</trkpt>
					<trkpt lat="46.586910" lon="4.328700">
						<ele>276</ele>
						<time>2026-02-16T12:52:33Z</time>
					</trkpt>
					<trkpt lat="46.587450" lon="4.328070">
						<ele>278</ele>
						<time>2026-02-16T12:52:45Z</time>
					</trkpt>
					<trkpt lat="46.588040" lon="4.327580">
						<ele>281</ele>
						<time>2026-02-16T12:52:57Z</time>
					</trkpt>
					<trkpt lat="46.588920" lon="4.326830">
						<ele>287</ele>
						<time>2026-02-16T12:53:15Z</time>
					</trkpt>
					<trkpt lat="46.589740" lon="4.325940">
						<ele>289</ele>
						<time>2026-02-16T12:53:34Z</time>
					</trkpt>
					<trkpt lat="46.589870" lon="4.325760">
						<ele>289</ele>
						<time>2026-02-16T12:53:37Z</time>
					</trkpt>
					<trkpt lat="46.589970" lon="4.325530">
						<ele>290</ele>
						<time>2026-02-16T12:53:40Z</time>
					</trkpt>
					<trkpt lat="46.590040" lon="4.325330">
						<ele>289</ele>
						<time>2026-02-16T12:53:43Z</time>
					</trkpt>
					<trkpt lat="46.590080" lon="4.325150">
						<ele>289</ele>
						<time>2026-02-16T12:53:45Z</time>
					</trkpt>
					<trkpt lat="46.590210" lon="4.324480">
						<ele>287</ele>
						<time>2026-02-16T12:53:54Z</time>
					</trkpt>
					<trkpt lat="46.590270" lon="4.324240">
						<ele>286</ele>
						<time>2026-02-16T12:53:57Z</time>
					</trkpt>
					<trkpt lat="46.590340" lon="4.324040">
						<ele>286</ele>
						<time>2026-02-16T12:53:59Z</time>
					</trkpt>
					<trkpt lat="46.590470" lon="4.323850">
						<ele>285</ele>
						<time>2026-02-16T12:54:03Z</time>
					</trkpt>
					<trkpt lat="46.591450" lon="4.322770">
						<ele>280</ele>
						<time>2026-02-16T12:54:25Z</time>
					</trkpt>
					<trkpt lat="46.591590" lon="4.322660">
						<ele>279</ele>
						<time>2026-02-16T12:54:27Z</time>
					</trkpt>
					<trkpt lat="46.591750" lon="4.322580">
						<ele>280</ele>
						<time>2026-02-16T12:54:30Z</time>
					</trkpt>
					<trkpt lat="46.592950" lon="4.322190">
						<ele>285</ele>
						<time>2026-02-16T12:54:52Z</time>
					</trkpt>
					<trkpt lat="46.593080" lon="4.322110">
						<ele>285</ele>
						<time>2026-02-16T12:54:55Z</time>
					</trkpt>
					<trkpt lat="46.593620" lon="4.321780">
						<ele>286</ele>
						<time>2026-02-16T12:55:05Z</time>
					</trkpt>
					<trkpt lat="46.593750" lon="4.321670">
						<ele>286</ele>
						<time>2026-02-16T12:55:08Z</time>
					</trkpt>
					<trkpt lat="46.593880" lon="4.321520">
						<ele>285</ele>
						<time>2026-02-16T12:55:11Z</time>
					</trkpt>
					<trkpt lat="46.594090" lon="4.321260">
						<ele>285</ele>
						<time>2026-02-16T12:55:16Z</time>
					</trkpt>
					<trkpt lat="46.594360" lon="4.320830">
						<ele>284</ele>
						<time>2026-02-16T12:55:23Z</time>
					</trkpt>
					<trkpt lat="46.594470" lon="4.320610">
						<ele>284</ele>
						<time>2026-02-16T12:55:26Z</time>
					</trkpt>
					<trkpt lat="46.594610" lon="4.320200">
						<ele>284</ele>
						<time>2026-02-16T12:55:32Z</time>
					</trkpt>
					<trkpt lat="46.594710" lon="4.319770">
						<ele>284</ele>
						<time>2026-02-16T12:55:37Z</time>
					</trkpt>
					<trkpt lat="46.594760" lon="4.319420">
						<ele>285</ele>
						<time>2026-02-16T12:55:42Z</time>
					</trkpt>
					<trkpt lat="46.594850" lon="4.319010">
						<ele>286</ele>
						<time>2026-02-16T12:55:47Z</time>
					</trkpt>
					<trkpt lat="46.595280" lon="4.317420">
						<ele>290</ele>
						<time>2026-02-16T12:56:08Z</time>
					</trkpt>
					<trkpt lat="46.595610" lon="4.316180">
						<ele>289</ele>
						<time>2026-02-16T12:56:24Z</time>
					</trkpt>
					<trkpt lat="46.595950" lon="4.315150">
						<ele>289</ele>
						<time>2026-02-16T12:56:38Z</time>
					</trkpt>
					<trkpt lat="46.596270" lon="4.314270">
						<ele>287</ele>
						<time>2026-02-16T12:56:50Z</time>
					</trkpt>
					<trkpt lat="46.596860" lon="4.312670">
						<ele>281</ele>
						<time>2026-02-16T12:57:13Z</time>
					</trkpt>
					<trkpt lat="46.597170" lon="4.311820">
						<ele>278</ele>
						<time>2026-02-16T12:57:24Z</time>
					</trkpt>
					<trkpt lat="46.597230" lon="4.311670">
						<ele>278</ele>
						<time>2026-02-16T12:57:26Z</time>
					</trkpt>
					<trkpt lat="46.598090" lon="4.309800">
						<ele>271</ele>
						<time>2026-02-16T12:57:54Z</time>
					</trkpt>
					<trkpt lat="46.598280" lon="4.309440">
						<ele>269</ele>
						<time>2026-02-16T12:57:59Z</time>
					</trkpt>
					<trkpt lat="46.599150" lon="4.308300">
						<ele>273</ele>
						<time>2026-02-16T12:58:20Z</time>
					</trkpt>
					<trkpt lat="46.599310" lon="4.308140">
						<ele>273</ele>
						<time>2026-02-16T12:58:24Z</time>
					</trkpt>
					<trkpt lat="46.599790" lon="4.307790">
						<ele>275</ele>
						<time>2026-02-16T12:58:33Z</time>
					</trkpt>
					<trkpt lat="46.599910" lon="4.307650">
						<ele>275</ele>
						<time>2026-02-16T12:58:36Z</time>
					</trkpt>
					<trkpt lat="46.600090" lon="4.307350">
						<ele>275</ele>
						<time>2026-02-16T12:58:41Z</time>
					</trkpt>
					<trkpt lat="46.600190" lon="4.307100">
						<ele>275</ele>
						<time>2026-02-16T12:58:44Z</time>
					</trkpt>
					<trkpt lat="46.600350" lon="4.306690">
						<ele>276</ele>
						<time>2026-02-16T12:58:50Z</time>
					</trkpt>
					<trkpt lat="46.600420" lon="4.306550">
						<ele>276</ele>
						<time>2026-02-16T12:58:52Z</time>
					</trkpt>
					<trkpt lat="46.600490" lon="4.306490">
						<ele>277</ele>
						<time>2026-02-16T12:58:54Z</time>
					</trkpt>
					<trkpt lat="46.600540" lon="4.309650">
						<ele>282</ele>
						<time>2026-02-16T12:59:32Z</time>
					</trkpt>
					<trkpt lat="46.600560" lon="4.311180">
						<ele>284</ele>
						<time>2026-02-16T12:59:51Z</time>
					</trkpt>
					<trkpt lat="46.600700" lon="4.317620">
						<ele>284</ele>
						<time>2026-02-16T13:01:10Z</time>
					</trkpt>
					<trkpt lat="46.600830" lon="4.322510">
						<ele>290</ele>
						<time>2026-02-16T13:02:10Z</time>
					</trkpt>
					<trkpt lat="46.600940" lon="4.326270">
						<ele>296</ele>
						<time>2026-02-16T13:02:56Z</time>
					</trkpt>
					<trkpt lat="46.601020" lon="4.329460">
						<ele>295</ele>
						<time>2026-02-16T13:03:35Z</time>
					</trkpt>
					<trkpt lat="46.601040" lon="4.330280">
						<ele>295</ele>
						<time>2026-02-16T13:03:45Z</time>
					</trkpt>
					<trkpt lat="46.601170" lon="4.334800">
						<ele>300</ele>
						<time>2026-02-16T13:04:40Z</time>
					</trkpt>
					<trkpt lat="46.601250" lon="4.337810">
						<ele>307</ele>
						<time>2026-02-16T13:05:17Z</time>
					</trkpt>
					<trkpt lat="46.601510" lon="4.346980">
						<ele>303</ele>
						<time>2026-02-16T13:07:09Z</time>
					</trkpt>
					<trkpt lat="46.601580" lon="4.349670">
						<ele>304</ele>
						<time>2026-02-16T13:07:42Z</time>
					</trkpt>
					<trkpt lat="46.601730" lon="4.354080">
						<ele>299</ele>
						<time>2026-02-16T13:08:36Z</time>
					</trkpt>
					<trkpt lat="46.601770" lon="4.354480">
						<ele>299</ele>
						<time>2026-02-16T13:08:41Z</time>
					</trkpt>
					<trkpt lat="46.601790" lon="4.354620">
						<ele>299</ele>
						<time>2026-02-16T13:08:43Z</time>
					</trkpt>
					<trkpt lat="46.601830" lon="4.354850">
						<ele>299</ele>
						<time>2026-02-16T13:08:46Z</time>
					</trkpt>
					<trkpt lat="46.602020" lon="4.355490">
						<ele>297</ele>
						<time>2026-02-16T13:08:54Z</time>
					</trkpt>
					<trkpt lat="46.602240" lon="4.356080">
						<ele>296</ele>
						<time>2026-02-16T13:09:02Z</time>
					</trkpt>
					<trkpt lat="46.602840" lon="4.357730">
						<ele>298</ele>
						<time>2026-02-16T13:09:25Z</time>
					</trkpt>
					<trkpt lat="46.603170" lon="4.358610">
						<ele>298</ele>
						<time>2026-02-16T13:09:37Z</time>
					</trkpt>
					<trkpt lat="46.603340" lon="4.358990">
						<ele>298</ele>
						<time>2026-02-16T13:09:43Z</time>
					</trkpt>
					<trkpt lat="46.604180" lon="4.360660">
						<ele>296</ele>
						<time>2026-02-16T13:10:08Z</time>
					</trkpt>
					<trkpt lat="46.604200" lon="4.360690">
						<ele>296</ele>
						<time>2026-02-16T13:10:09Z</time>
					</trkpt>
					<trkpt lat="46.604170" lon="4.360710">
						<ele>296</ele>
						<time>2026-02-16T13:10:09Z</time>
					</trkpt>
					<trkpt lat="46.604090" lon="4.360740">
						<ele>295</ele>
						<time>2026-02-16T13:10:11Z</time>
					</trkpt>
					<trkpt lat="46.604060" lon="4.360750">
						<ele>295</ele>
						<time>2026-02-16T13:10:11Z</time>
					</trkpt>
					<trkpt lat="46.604090" lon="4.360740">
						<ele>295</ele>
						<time>2026-02-16T13:10:12Z</time>
					</trkpt>
					<trkpt lat="46.604170" lon="4.360710">
						<ele>296</ele>
						<time>2026-02-16T13:10:13Z</time>
					</trkpt>
					<trkpt lat="46.604200" lon="4.360690">
						<ele>296</ele>
						<time>2026-02-16T13:10:14Z</time>
					</trkpt>
					<trkpt lat="46.604560" lon="4.360530">
						<ele>299</ele>
						<time>2026-02-16T13:10:21Z</time>
					</trkpt>
					<trkpt lat="46.604770" lon="4.360530">
						<ele>300</ele>
						<time>2026-02-16T13:10:24Z</time>
					</trkpt>
					<trkpt lat="46.604900" lon="4.360630">
						<ele>300</ele>
						<time>2026-02-16T13:10:27Z</time>
					</trkpt>
					<trkpt lat="46.605130" lon="4.360890">
						<ele>301</ele>
						<time>2026-02-16T13:10:32Z</time>
					</trkpt>
					<trkpt lat="46.605260" lon="4.361000">
						<ele>303</ele>
						<time>2026-02-16T13:10:35Z</time>
					</trkpt>
					<trkpt lat="46.605380" lon="4.360990">
						<ele>304</ele>
						<time>2026-02-16T13:10:37Z</time>
					</trkpt>
					<trkpt lat="46.605440" lon="4.360910">
						<ele>305</ele>
						<time>2026-02-16T13:10:38Z</time>
					</trkpt>
					<trkpt lat="46.605470" lon="4.360840">
						<ele>305</ele>
						<time>2026-02-16T13:10:39Z</time>
					</trkpt>
					<trkpt lat="46.605510" lon="4.360700">
						<ele>306</ele>
						<time>2026-02-16T13:10:41Z</time>
					</trkpt>
					<trkpt lat="46.605820" lon="4.359650">
						<ele>311</ele>
						<time>2026-02-16T13:10:55Z</time>
					</trkpt>
					<trkpt lat="46.605930" lon="4.359280">
						<ele>314</ele>
						<time>2026-02-16T13:11:00Z</time>
					</trkpt>
					<trkpt lat="46.605970" lon="4.359190">
						<ele>314</ele>
						<time>2026-02-16T13:11:02Z</time>
					</trkpt>
					<trkpt lat="46.606000" lon="4.359130">
						<ele>315</ele>
						<time>2026-02-16T13:11:02Z</time>
					</trkpt>
					<trkpt lat="46.606030" lon="4.359100">
						<ele>315</ele>
						<time>2026-02-16T13:11:03Z</time>
					</trkpt>
					<trkpt lat="46.606080" lon="4.359080">
						<ele>316</ele>
						<time>2026-02-16T13:11:04Z</time>
					</trkpt>
					<trkpt lat="46.606140" lon="4.359090">
						<ele>316</ele>
						<time>2026-02-16T13:11:05Z</time>
					</trkpt>
					<trkpt lat="46.606200" lon="4.359130">
						<ele>317</ele>
						<time>2026-02-16T13:11:06Z</time>
					</trkpt>
					<trkpt lat="46.606230" lon="4.359200">
						<ele>317</ele>
						<time>2026-02-16T13:11:07Z</time>
					</trkpt>
					<trkpt lat="46.606430" lon="4.359920">
						<ele>321</ele>
						<time>2026-02-16T13:11:17Z</time>
					</trkpt>
					<trkpt lat="46.606510" lon="4.360170">
						<ele>322</ele>
						<time>2026-02-16T13:11:20Z</time>
					</trkpt>
					<trkpt lat="46.606570" lon="4.360380">
						<ele>322</ele>
						<time>2026-02-16T13:11:23Z</time>
					</trkpt>
					<trkpt lat="46.606650" lon="4.360560">
						<ele>323</ele>
						<time>2026-02-16T13:11:26Z</time>
					</trkpt>
					<trkpt lat="46.606800" lon="4.360660">
						<ele>324</ele>
						<time>2026-02-16T13:11:28Z</time>
					</trkpt>
					<trkpt lat="46.606850" lon="4.360660">
						<ele>324</ele>
						<time>2026-02-16T13:11:29Z</time>
					</trkpt>
					<trkpt lat="46.606930" lon="4.360660">
						<ele>325</ele>
						<time>2026-02-16T13:11:31Z</time>
					</trkpt>
					<trkpt lat="46.606990" lon="4.360610">
						<ele>325</ele>
						<time>2026-02-16T13:11:32Z</time>
					</trkpt>
					<trkpt lat="46.607020" lon="4.360580">
						<ele>326</ele>
						<time>2026-02-16T13:11:33Z</time>
					</trkpt>
					<trkpt lat="46.607270" lon="4.360240">
						<ele>328</ele>
						<time>2026-02-16T13:11:39Z</time>
					</trkpt>
					<trkpt lat="46.607310" lon="4.360190">
						<ele>329</ele>
						<time>2026-02-16T13:11:40Z</time>
					</trkpt>
					<trkpt lat="46.607420" lon="4.360190">
						<ele>329</ele>
						<time>2026-02-16T13:11:42Z</time>
					</trkpt>
					<trkpt lat="46.607620" lon="4.360280">
						<ele>330</ele>
						<time>2026-02-16T13:11:45Z</time>
					</trkpt>
					<trkpt lat="46.607710" lon="4.360300">
						<ele>330</ele>
						<time>2026-02-16T13:11:47Z</time>
					</trkpt>
					<trkpt lat="46.607800" lon="4.360280">
						<ele>330</ele>
						<time>2026-02-16T13:11:49Z</time>
					</trkpt>
					<trkpt lat="46.607880" lon="4.360190">
						<ele>331</ele>
						<time>2026-02-16T13:11:50Z</time>
					</trkpt>
					<trkpt lat="46.608110" lon="4.359860">
						<ele>331</ele>
						<time>2026-02-16T13:11:56Z</time>
					</trkpt>
					<trkpt lat="46.608260" lon="4.359690">
						<ele>331</ele>
						<time>2026-02-16T13:12:00Z</time>
					</trkpt>
					<trkpt lat="46.608310" lon="4.359670">
						<ele>332</ele>
						<time>2026-02-16T13:12:00Z</time>
					</trkpt>
					<trkpt lat="46.608370" lon="4.359630">
						<ele>332</ele>
						<time>2026-02-16T13:12:02Z</time>
					</trkpt>
					<trkpt lat="46.608490" lon="4.359630">
						<ele>332</ele>
						<time>2026-02-16T13:12:04Z</time>
					</trkpt>
					<trkpt lat="46.608700" lon="4.359640">
						<ele>333</ele>
						<time>2026-02-16T13:12:07Z</time>
					</trkpt>
					<trkpt lat="46.608780" lon="4.359650">
						<ele>333</ele>
						<time>2026-02-16T13:12:09Z</time>
					</trkpt>
					<trkpt lat="46.608900" lon="4.359640">
						<ele>334</ele>
						<time>2026-02-16T13:12:11Z</time>
					</trkpt>
					<trkpt lat="46.609000" lon="4.359630">
						<ele>334</ele>
						<time>2026-02-16T13:12:13Z</time>
					</trkpt>
					<trkpt lat="46.609370" lon="4.359570">
						<ele>335</ele>
						<time>2026-02-16T13:12:19Z</time>
					</trkpt>
					<trkpt lat="46.609500" lon="4.359540">
						<ele>335</ele>
						<time>2026-02-16T13:12:22Z</time>
					</trkpt>
					<trkpt lat="46.609660" lon="4.359520">
						<ele>335</ele>
						<time>2026-02-16T13:12:25Z</time>
					</trkpt>
					<trkpt lat="46.609800" lon="4.359500">
						<ele>336</ele>
						<time>2026-02-16T13:12:27Z</time>
					</trkpt>
					<trkpt lat="46.610020" lon="4.359470">
						<ele>336</ele>
						<time>2026-02-16T13:12:31Z</time>
					</trkpt>
					<trkpt lat="46.610090" lon="4.359460">
						<ele>336</ele>
						<time>2026-02-16T13:12:32Z</time>
					</trkpt>
					<trkpt lat="46.610520" lon="4.359450">
						<ele>337</ele>
						<time>2026-02-16T13:12:40Z</time>
					</trkpt>
					<trkpt lat="46.610710" lon="4.359500">
						<ele>337</ele>
						<time>2026-02-16T13:12:43Z</time>
					</trkpt>
					<trkpt lat="46.611350" lon="4.359670">
						<ele>336</ele>
						<time>2026-02-16T13:12:55Z</time>
					</trkpt>
					<trkpt lat="46.611580" lon="4.359760">
						<ele>335</ele>
						<time>2026-02-16T13:12:59Z</time>
					</trkpt>
					<trkpt lat="46.611650" lon="4.359780">
						<ele>335</ele>
						<time>2026-02-16T13:13:01Z</time>
					</trkpt>
					<trkpt lat="46.612000" lon="4.359930">
						<ele>335</ele>
						<time>2026-02-16T13:13:07Z</time>
					</trkpt>
					<trkpt lat="46.613340" lon="4.360470">
						<ele>334</ele>
						<time>2026-02-16T13:13:32Z</time>
					</trkpt>
					<trkpt lat="46.613690" lon="4.360610">
						<ele>334</ele>
						<time>2026-02-16T13:13:38Z</time>
					</trkpt>
					<trkpt lat="46.614000" lon="4.360740">
						<ele>333</ele>
						<time>2026-02-16T13:13:44Z</time>
					</trkpt>
					<trkpt lat="46.614150" lon="4.360820">
						<ele>333</ele>
						<time>2026-02-16T13:13:47Z</time>
					</trkpt>
					<trkpt lat="46.614640" lon="4.361080">
						<ele>334</ele>
						<time>2026-02-16T13:13:56Z</time>
					</trkpt>
					<trkpt lat="46.614960" lon="4.361270">
						<ele>336</ele>
						<time>2026-02-16T13:14:02Z</time>
					</trkpt>
					<trkpt lat="46.616460" lon="4.362340">
						<ele>346</ele>
						<time>2026-02-16T13:14:32Z</time>
					</trkpt>
					<trkpt lat="46.616600" lon="4.362390">
						<ele>347</ele>
						<time>2026-02-16T13:14:35Z</time>
					</trkpt>
					<trkpt lat="46.616740" lon="4.362430">
						<ele>348</ele>
						<time>2026-02-16T13:14:37Z</time>
					</trkpt>
					<trkpt lat="46.616860" lon="4.362490">
						<ele>349</ele>
						<time>2026-02-16T13:14:39Z</time>
					</trkpt>
					<trkpt lat="46.616970" lon="4.362570">
						<ele>349</ele>
						<time>2026-02-16T13:14:41Z</time>
					</trkpt>
					<trkpt lat="46.617110" lon="4.362690">
						<ele>350</ele>
						<time>2026-02-16T13:14:44Z</time>
					</trkpt>
					<trkpt lat="46.617700" lon="4.363360">
						<ele>352</ele>
						<time>2026-02-16T13:14:58Z</time>
					</trkpt>
					<trkpt lat="46.617840" lon="4.363460">
						<ele>352</ele>
						<time>2026-02-16T13:15:00Z</time>
					</trkpt>
					<trkpt lat="46.617960" lon="4.363500">
						<ele>353</ele>
						<time>2026-02-16T13:15:03Z</time>
					</trkpt>
					<trkpt lat="46.618090" lon="4.363510">
						<ele>353</ele>
						<time>2026-02-16T13:15:05Z</time>
					</trkpt>
					<trkpt lat="46.619230" lon="4.363300">
						<ele>352</ele>
						<time>2026-02-16T13:15:25Z</time>
					</trkpt>
					<trkpt lat="46.619420" lon="4.363290">
						<ele>352</ele>
						<time>2026-02-16T13:15:29Z</time>
					</trkpt>
					<trkpt lat="46.619600" lon="4.363310">
						<ele>352</ele>
						<time>2026-02-16T13:15:32Z</time>
					</trkpt>
					<trkpt lat="46.620790" lon="4.363470">
						<ele>352</ele>
						<time>2026-02-16T13:15:53Z</time>
					</trkpt>
					<trkpt lat="46.621270" lon="4.363550">
						<ele>350</ele>
						<time>2026-02-16T13:16:02Z</time>
					</trkpt>
					<trkpt lat="46.621440" lon="4.363580">
						<ele>350</ele>
						<time>2026-02-16T13:16:05Z</time>
					</trkpt>
					<trkpt lat="46.621760" lon="4.363590">
						<ele>349</ele>
						<time>2026-02-16T13:16:11Z</time>
					</trkpt>
					<trkpt lat="46.621900" lon="4.363620">
						<ele>349</ele>
						<time>2026-02-16T13:16:13Z</time>
					</trkpt>
					<trkpt lat="46.622040" lon="4.363690">
						<ele>349</ele>
						<time>2026-02-16T13:16:16Z</time>
					</trkpt>
					<trkpt lat="46.622210" lon="4.363820">
						<ele>349</ele>
						<time>2026-02-16T13:16:19Z</time>
					</trkpt>
					<trkpt lat="46.622630" lon="4.364220">
						<ele>348</ele>
						<time>2026-02-16T13:16:28Z</time>
					</trkpt>
					<trkpt lat="46.622710" lon="4.364270">
						<ele>348</ele>
						<time>2026-02-16T13:16:30Z</time>
					</trkpt>
					<trkpt lat="46.622840" lon="4.364360">
						<ele>348</ele>
						<time>2026-02-16T13:16:32Z</time>
					</trkpt>
					<trkpt lat="46.623240" lon="4.364580">
						<ele>348</ele>
						<time>2026-02-16T13:16:40Z</time>
					</trkpt>
					<trkpt lat="46.624260" lon="4.365060">
						<ele>344</ele>
						<time>2026-02-16T13:16:59Z</time>
					</trkpt>
					<trkpt lat="46.625390" lon="4.365530">
						<ele>341</ele>
						<time>2026-02-16T13:17:20Z</time>
					</trkpt>
					<trkpt lat="46.626320" lon="4.365750">
						<ele>340</ele>
						<time>2026-02-16T13:17:37Z</time>
					</trkpt>
					<trkpt lat="46.626480" lon="4.365800">
						<ele>340</ele>
						<time>2026-02-16T13:17:40Z</time>
					</trkpt>
					<trkpt lat="46.626760" lon="4.365950">
						<ele>341</ele>
						<time>2026-02-16T13:17:45Z</time>
					</trkpt>
					<trkpt lat="46.626830" lon="4.366010">
						<ele>341</ele>
						<time>2026-02-16T13:17:46Z</time>
					</trkpt>
					<trkpt lat="46.626880" lon="4.366070">
						<ele>341</ele>
						<time>2026-02-16T13:17:47Z</time>
					</trkpt>
					<trkpt lat="46.627010" lon="4.366270">
						<ele>342</ele>
						<time>2026-02-16T13:17:51Z</time>
					</trkpt>
					<trkpt lat="46.627060" lon="4.366460">
						<ele>343</ele>
						<time>2026-02-16T13:17:53Z</time>
					</trkpt>
					<trkpt lat="46.627070" lon="4.366610">
						<ele>343</ele>
						<time>2026-02-16T13:17:55Z</time>
					</trkpt>
					<trkpt lat="46.627040" lon="4.367030">
						<ele>342</ele>
						<time>2026-02-16T13:18:00Z</time>
					</trkpt>
					<trkpt lat="46.627060" lon="4.367210">
						<ele>341</ele>
						<time>2026-02-16T13:18:02Z</time>
					</trkpt>
					<trkpt lat="46.627110" lon="4.367370">
						<ele>341</ele>
						<time>2026-02-16T13:18:05Z</time>
					</trkpt>
					<trkpt lat="46.627230" lon="4.367610">
						<ele>339</ele>
						<time>2026-02-16T13:18:08Z</time>
					</trkpt>
					<trkpt lat="46.627280" lon="4.367770">
						<ele>338</ele>
						<time>2026-02-16T13:18:10Z</time>
					</trkpt>
					<trkpt lat="46.627310" lon="4.367970">
						<ele>337</ele>
						<time>2026-02-16T13:18:13Z</time>
					</trkpt>
					<trkpt lat="46.627310" lon="4.368080">
						<ele>337</ele>
						<time>2026-02-16T13:18:14Z</time>
					</trkpt>
					<trkpt lat="46.627280" lon="4.368360">
						<ele>336</ele>
						<time>2026-02-16T13:18:18Z</time>
					</trkpt>
					<trkpt lat="46.627240" lon="4.368620">
						<ele>336</ele>
						<time>2026-02-16T13:18:21Z</time>
					</trkpt>
					<trkpt lat="46.627110" lon="4.369020">
						<ele>337</ele>
						<time>2026-02-16T13:18:26Z</time>
					</trkpt>
					<trkpt lat="46.627080" lon="4.369180">
						<ele>337</ele>
						<time>2026-02-16T13:18:28Z</time>
					</trkpt>
					<trkpt lat="46.627080" lon="4.369320">
						<ele>337</ele>
						<time>2026-02-16T13:18:30Z</time>
					</trkpt>
					<trkpt lat="46.627120" lon="4.369510">
						<ele>336</ele>
						<time>2026-02-16T13:18:33Z</time>
					</trkpt>
					<trkpt lat="46.627220" lon="4.369710">
						<ele>335</ele>
						<time>2026-02-16T13:18:36Z</time>
					</trkpt>
					<trkpt lat="46.627340" lon="4.369860">
						<ele>333</ele>
						<time>2026-02-16T13:18:38Z</time>
					</trkpt>
					<trkpt lat="46.627410" lon="4.369910">
						<ele>332</ele>
						<time>2026-02-16T13:18:40Z</time>
					</trkpt>
					<trkpt lat="46.627490" lon="4.369950">
						<ele>331</ele>
						<time>2026-02-16T13:18:41Z</time>
					</trkpt>
					<trkpt lat="46.627670" lon="4.369990">
						<ele>329</ele>
						<time>2026-02-16T13:18:45Z</time>
					</trkpt>
					<trkpt lat="46.628290" lon="4.370090">
						<ele>324</ele>
						<time>2026-02-16T13:18:56Z</time>
					</trkpt>
					<trkpt lat="46.628530" lon="4.370080">
						<ele>323</ele>
						<time>2026-02-16T13:19:00Z</time>
					</trkpt>
					<trkpt lat="46.628670" lon="4.370030">
						<ele>323</ele>
						<time>2026-02-16T13:19:02Z</time>
					</trkpt>
					<trkpt lat="46.629120" lon="4.369790">
						<ele>321</ele>
						<time>2026-02-16T13:19:11Z</time>
					</trkpt>
					<trkpt lat="46.629270" lon="4.369750">
						<ele>319</ele>
						<time>2026-02-16T13:19:14Z</time>
					</trkpt>
					<trkpt lat="46.629380" lon="4.369760">
						<ele>318</ele>
						<time>2026-02-16T13:19:16Z</time>
					</trkpt>
					<trkpt lat="46.629500" lon="4.369780">
						<ele>316</ele>
						<time>2026-02-16T13:19:18Z</time>
					</trkpt>
					<trkpt lat="46.629980" lon="4.369990">
						<ele>309</ele>
						<time>2026-02-16T13:19:27Z</time>
					</trkpt>
					<trkpt lat="46.630300" lon="4.370130">
						<ele>306</ele>
						<time>2026-02-16T13:19:33Z</time>
					</trkpt>
					<trkpt lat="46.630790" lon="4.370270">
						<ele>300</ele>
						<time>2026-02-16T13:19:42Z</time>
					</trkpt>
					<trkpt lat="46.631360" lon="4.370390">
						<ele>297</ele>
						<time>2026-02-16T13:19:52Z</time>
					</trkpt>
					<trkpt lat="46.631990" lon="4.370590">
						<ele>294</ele>
						<time>2026-02-16T13:20:03Z</time>
					</trkpt>
					<trkpt lat="46.632140" lon="4.370600">
						<ele>293</ele>
						<time>2026-02-16T13:20:06Z</time>
					</trkpt>
					<trkpt lat="46.632460" lon="4.370640">
						<ele>291</ele>
						<time>2026-02-16T13:20:12Z</time>
					</trkpt>
					<trkpt lat="46.633030" lon="4.370680">
						<ele>291</ele>
						<time>2026-02-16T13:20:22Z</time>
					</trkpt>
					<trkpt lat="46.633330" lon="4.370640">
						<ele>292</ele>
						<time>2026-02-16T13:20:27Z</time>
					</trkpt>
					<trkpt lat="46.633570" lon="4.370560">
						<ele>293</ele>
						<time>2026-02-16T13:20:32Z</time>
					</trkpt>
					<trkpt lat="46.633980" lon="4.370380">
						<ele>295</ele>
						<time>2026-02-16T13:20:39Z</time>
					</trkpt>
					<trkpt lat="46.634430" lon="4.370140">
						<ele>296</ele>
						<time>2026-02-16T13:20:48Z</time>
					</trkpt>
					<trkpt lat="46.635310" lon="4.369620">
						<ele>296</ele>
						<time>2026-02-16T13:21:05Z</time>
					</trkpt>
					<trkpt lat="46.635620" lon="4.369560">
						<ele>296</ele>
						<time>2026-02-16T13:21:10Z</time>
					</trkpt>
					<trkpt lat="46.635700" lon="4.369540">
						<ele>296</ele>
						<time>2026-02-16T13:21:12Z</time>
					</trkpt>
					<trkpt lat="46.636680" lon="4.369530">
						<ele>299</ele>
						<time>2026-02-16T13:21:29Z</time>
					</trkpt>
					<trkpt lat="46.637170" lon="4.369470">
						<ele>300</ele>
						<time>2026-02-16T13:21:38Z</time>
					</trkpt>
					<trkpt lat="46.637320" lon="4.369430">
						<ele>301</ele>
						<time>2026-02-16T13:21:41Z</time>
					</trkpt>
					<trkpt lat="46.637400" lon="4.369360">
						<ele>301</ele>
						<time>2026-02-16T13:21:42Z</time>
					</trkpt>
					<trkpt lat="46.637500" lon="4.369220">
						<ele>301</ele>
						<time>2026-02-16T13:21:45Z</time>
					</trkpt>
					<trkpt lat="46.637640" lon="4.368980">
						<ele>301</ele>
						<time>2026-02-16T13:21:48Z</time>
					</trkpt>
					<trkpt lat="46.637660" lon="4.368950">
						<ele>301</ele>
						<time>2026-02-16T13:21:49Z</time>
					</trkpt>
					<trkpt lat="46.637920" lon="4.368610">
						<ele>302</ele>
						<time>2026-02-16T13:21:55Z</time>
					</trkpt>
					<trkpt lat="46.638100" lon="4.368440">
						<ele>302</ele>
						<time>2026-02-16T13:21:59Z</time>
					</trkpt>
					<trkpt lat="46.638260" lon="4.368290">
						<ele>303</ele>
						<time>2026-02-16T13:22:02Z</time>
					</trkpt>
					<trkpt lat="46.638510" lon="4.368150">
						<ele>304</ele>
						<time>2026-02-16T13:22:07Z</time>
					</trkpt>
					<trkpt lat="46.638660" lon="4.368100">
						<ele>305</ele>
						<time>2026-02-16T13:22:10Z</time>
					</trkpt>
					<trkpt lat="46.638690" lon="4.368090">
						<ele>305</ele>
						<time>2026-02-16T13:22:10Z</time>
					</trkpt>
					<trkpt lat="46.638830" lon="4.368120">
						<ele>307</ele>
						<time>2026-02-16T13:22:13Z</time>
					</trkpt>
					<trkpt lat="46.638950" lon="4.368220">
						<ele>308</ele>
						<time>2026-02-16T13:22:15Z</time>
					</trkpt>
					<trkpt lat="46.639270" lon="4.368470">
						<ele>311</ele>
						<time>2026-02-16T13:22:22Z</time>
					</trkpt>
					<trkpt lat="46.639320" lon="4.368510">
						<ele>311</ele>
						<time>2026-02-16T13:22:23Z</time>
					</trkpt>
					<trkpt lat="46.639430" lon="4.368590">
						<ele>312</ele>
						<time>2026-02-16T13:22:25Z</time>
					</trkpt>
					<trkpt lat="46.639660" lon="4.368770">
						<ele>315</ele>
						<time>2026-02-16T13:22:30Z</time>
					</trkpt>
					<trkpt lat="46.640030" lon="4.369060">
						<ele>321</ele>
						<time>2026-02-16T13:22:37Z</time>
					</trkpt>
					<trkpt lat="46.640420" lon="4.369370">
						<ele>323</ele>
						<time>2026-02-16T13:22:45Z</time>
					</trkpt>
					<trkpt lat="46.640450" lon="4.369420">
						<ele>324</ele>
						<time>2026-02-16T13:22:46Z</time>
					</trkpt>
					<trkpt lat="46.640460" lon="4.369460">
						<ele>324</ele>
						<time>2026-02-16T13:22:46Z</time>
					</trkpt>
					<trkpt lat="46.640420" lon="4.369760">
						<ele>326</ele>
						<time>2026-02-16T13:22:50Z</time>
					</trkpt>
					<trkpt lat="46.640350" lon="4.370100">
						<ele>328</ele>
						<time>2026-02-16T13:22:55Z</time>
					</trkpt>
					<trkpt lat="46.640340" lon="4.370260">
						<ele>328</ele>
						<time>2026-02-16T13:22:56Z</time>
					</trkpt>
					<trkpt lat="46.640360" lon="4.370490">
						<ele>329</ele>
						<time>2026-02-16T13:22:59Z</time>
					</trkpt>
					<trkpt lat="46.640400" lon="4.370680">
						<ele>329</ele>
						<time>2026-02-16T13:23:02Z</time>
					</trkpt>
					<trkpt lat="46.640460" lon="4.370760">
						<ele>330</ele>
						<time>2026-02-16T13:23:03Z</time>
					</trkpt>
					<trkpt lat="46.640460" lon="4.370770">
						<ele>330</ele>
						<time>2026-02-16T13:23:03Z</time>
					</trkpt>
					<trkpt lat="46.640630" lon="4.370700">
						<ele>330</ele>
						<time>2026-02-16T13:23:06Z</time>
					</trkpt>
					<trkpt lat="46.640690" lon="4.370700">
						<ele>331</ele>
						<time>2026-02-16T13:23:08Z</time>
					</trkpt>
					<trkpt lat="46.640760" lon="4.370720">
						<ele>331</ele>
						<time>2026-02-16T13:23:09Z</time>
					</trkpt>
					<trkpt lat="46.640790" lon="4.370740">
						<ele>331</ele>
						<time>2026-02-16T13:23:09Z</time>
					</trkpt>
					<trkpt lat="46.640860" lon="4.370820">
						<ele>332</ele>
						<time>2026-02-16T13:23:11Z</time>
					</trkpt>
					<trkpt lat="46.641010" lon="4.371110">
						<ele>332</ele>
						<time>2026-02-16T13:23:15Z</time>
					</trkpt>
					<trkpt lat="46.641240" lon="4.371570">
						<ele>334</ele>
						<time>2026-02-16T13:23:22Z</time>
					</trkpt>
					<trkpt lat="46.641340" lon="4.371760">
						<ele>334</ele>
						<time>2026-02-16T13:23:25Z</time>
					</trkpt>
					<trkpt lat="46.641410" lon="4.371980">
						<ele>335</ele>
						<time>2026-02-16T13:23:28Z</time>
					</trkpt>
					<trkpt lat="46.641410" lon="4.372000">
						<ele>335</ele>
						<time>2026-02-16T13:23:28Z</time>
					</trkpt>
					<trkpt lat="46.641580" lon="4.372620">
						<ele>337</ele>
						<time>2026-02-16T13:23:37Z</time>
					</trkpt>
					<trkpt lat="46.641680" lon="4.372950">
						<ele>338</ele>
						<time>2026-02-16T13:23:41Z</time>
					</trkpt>
					<trkpt lat="46.641780" lon="4.373180">
						<ele>338</ele>
						<time>2026-02-16T13:23:44Z</time>
					</trkpt>
					<trkpt lat="46.642220" lon="4.373880">
						<ele>340</ele>
						<time>2026-02-16T13:23:56Z</time>
					</trkpt>
					<trkpt lat="46.642390" lon="4.374110">
						<ele>341</ele>
						<time>2026-02-16T13:24:00Z</time>
					</trkpt>
					<trkpt lat="46.642500" lon="4.374200">
						<ele>342</ele>
						<time>2026-02-16T13:24:02Z</time>
					</trkpt>
					<trkpt lat="46.642580" lon="4.374260">
						<ele>343</ele>
						<time>2026-02-16T13:24:04Z</time>
					</trkpt>
					<trkpt lat="46.642580" lon="4.374520">
						<ele>344</ele>
						<time>2026-02-16T13:24:07Z</time>
					</trkpt>
					<trkpt lat="46.642590" lon="4.374610">
						<ele>344</ele>
						<time>2026-02-16T13:24:08Z</time>
					</trkpt>
					<trkpt lat="46.642670" lon="4.374840">
						<ele>345</ele>
						<time>2026-02-16T13:24:11Z</time>
					</trkpt>
					<trkpt lat="46.643610" lon="4.377650">
						<ele>353</ele>
						<time>2026-02-16T13:24:50Z</time>
					</trkpt>
					<trkpt lat="46.643880" lon="4.378360">
						<ele>354</ele>
						<time>2026-02-16T13:24:59Z</time>
					</trkpt>
					<trkpt lat="46.644470" lon="4.379820">
						<ele>356</ele>
						<time>2026-02-16T13:25:20Z</time>
					</trkpt>
					<trkpt lat="46.644690" lon="4.380400">
						<ele>357</ele>
						<time>2026-02-16T13:25:28Z</time>
					</trkpt>
					<trkpt lat="46.644920" lon="4.380870">
						<ele>357</ele>
						<time>2026-02-16T13:25:35Z</time>
					</trkpt>
					<trkpt lat="46.645180" lon="4.381360">
						<ele>357</ele>
						<time>2026-02-16T13:25:43Z</time>
					</trkpt>
					<trkpt lat="46.645450" lon="4.381850">
						<ele>358</ele>
						<time>2026-02-16T13:25:51Z</time>
					</trkpt>
					<trkpt lat="46.645500" lon="4.381960">
						<ele>358</ele>
						<time>2026-02-16T13:25:52Z</time>
					</trkpt>
					<trkpt lat="46.645530" lon="4.382060">
						<ele>358</ele>
						<time>2026-02-16T13:25:54Z</time>
					</trkpt>
					<trkpt lat="46.645560" lon="4.382170">
						<ele>358</ele>
						<time>2026-02-16T13:25:55Z</time>
					</trkpt>
					<trkpt lat="46.645580" lon="4.382400">
						<ele>357</ele>
						<time>2026-02-16T13:25:58Z</time>
					</trkpt>
					<trkpt lat="46.645580" lon="4.382750">
						<ele>356</ele>
						<time>2026-02-16T13:26:02Z</time>
					</trkpt>
					<trkpt lat="46.645570" lon="4.383400">
						<ele>354</ele>
						<time>2026-02-16T13:26:10Z</time>
					</trkpt>
					<trkpt lat="46.645480" lon="4.385060">
						<ele>348</ele>
						<time>2026-02-16T13:26:30Z</time>
					</trkpt>
					<trkpt lat="46.645440" lon="4.386190">
						<ele>349</ele>
						<time>2026-02-16T13:26:44Z</time>
					</trkpt>
					<trkpt lat="46.645440" lon="4.386510">
						<ele>349</ele>
						<time>2026-02-16T13:26:48Z</time>
					</trkpt>
					<trkpt lat="46.645450" lon="4.386720">
						<ele>350</ele>
						<time>2026-02-16T13:26:51Z</time>
					</trkpt>
					<trkpt lat="46.645550" lon="4.387390">
						<ele>350</ele>
						<time>2026-02-16T13:26:59Z</time>
					</trkpt>
					<trkpt lat="46.645680" lon="4.388550">
						<ele>352</ele>
						<time>2026-02-16T13:27:13Z</time>
					</trkpt>
					<trkpt lat="46.645810" lon="4.389470">
						<ele>353</ele>
						<time>2026-02-16T13:27:25Z</time>
					</trkpt>
					<trkpt lat="46.646080" lon="4.390920">
						<ele>359</ele>
						<time>2026-02-16T13:27:43Z</time>
					</trkpt>
					<trkpt lat="46.646160" lon="4.391230">
						<ele>360</ele>
						<time>2026-02-16T13:27:47Z</time>
					</trkpt>
					<trkpt lat="46.646300" lon="4.391720">
						<ele>361</ele>
						<time>2026-02-16T13:27:54Z</time>
					</trkpt>
					<trkpt lat="46.646330" lon="4.391850">
						<ele>361</ele>
						<time>2026-02-16T13:27:55Z</time>
					</trkpt>
					<trkpt lat="46.646720" lon="4.393840">
						<ele>366</ele>
						<time>2026-02-16T13:28:21Z</time>
					</trkpt>
					<trkpt lat="46.646830" lon="4.394320">
						<ele>365</ele>
						<time>2026-02-16T13:28:27Z</time>
					</trkpt>
					<trkpt lat="46.646930" lon="4.394690">
						<ele>364</ele>
						<time>2026-02-16T13:28:32Z</time>
					</trkpt>
					<trkpt lat="46.647250" lon="4.395750">
						<ele>364</ele>
						<time>2026-02-16T13:28:46Z</time>
					</trkpt>
					<trkpt lat="46.647910" lon="4.397790">
						<ele>361</ele>
						<time>2026-02-16T13:29:13Z</time>
					</trkpt>
					<trkpt lat="46.648100" lon="4.398320">
						<ele>360</ele>
						<time>2026-02-16T13:29:21Z</time>
					</trkpt>
					<trkpt lat="46.648080" lon="4.398340">
						<ele>360</ele>
						<time>2026-02-16T13:29:21Z</time>
					</trkpt>
					<trkpt lat="46.647980" lon="4.398470">
						<ele>360</ele>
						<time>2026-02-16T13:29:24Z</time>
					</trkpt>
					<trkpt lat="46.647870" lon="4.398940">
						<ele>361</ele>
						<time>2026-02-16T13:29:30Z</time>
					</trkpt>
					<trkpt lat="46.647780" lon="4.399170">
						<ele>362</ele>
						<time>2026-02-16T13:29:33Z</time>
					</trkpt>
					<trkpt lat="46.647570" lon="4.399570">
						<ele>364</ele>
						<time>2026-02-16T13:29:39Z</time>
					</trkpt>
					<trkpt lat="46.647230" lon="4.400220">
						<ele>366</ele>
						<time>2026-02-16T13:29:49Z</time>
					</trkpt>
					<trkpt lat="46.646890" lon="4.400950">
						<ele>368</ele>
						<time>2026-02-16T13:30:00Z</time>
					</trkpt>
					<trkpt lat="46.646800" lon="4.401180">
						<ele>368</ele>
						<time>2026-02-16T13:30:03Z</time>
					</trkpt>
					<trkpt lat="46.646750" lon="4.401570">
						<ele>368</ele>
						<time>2026-02-16T13:30:08Z</time>
					</trkpt>
					<trkpt lat="46.646740" lon="4.401710">
						<ele>368</ele>
						<time>2026-02-16T13:30:10Z</time>
					</trkpt>
					<trkpt lat="46.646710" lon="4.402060">
						<ele>368</ele>
						<time>2026-02-16T13:30:14Z</time>
					</trkpt>
					<trkpt lat="46.646660" lon="4.402460">
						<ele>368</ele>
						<time>2026-02-16T13:30:19Z</time>
					</trkpt>
					<trkpt lat="46.646580" lon="4.402910">
						<ele>368</ele>
						<time>2026-02-16T13:30:24Z</time>
					</trkpt>
					<trkpt lat="46.646520" lon="4.403130">
						<ele>367</ele>
						<time>2026-02-16T13:30:27Z</time>
					</trkpt>
					<trkpt lat="46.646430" lon="4.403240">
						<ele>366</ele>
						<time>2026-02-16T13:30:29Z</time>
					</trkpt>
					<trkpt lat="46.646300" lon="4.403310">
						<ele>365</ele>
						<time>2026-02-16T13:30:32Z</time>
					</trkpt>
					<trkpt lat="46.645550" lon="4.403540">
						<ele>357</ele>
						<time>2026-02-16T13:30:46Z</time>
					</trkpt>
					<trkpt lat="46.645370" lon="4.403590">
						<ele>355</ele>
						<time>2026-02-16T13:30:49Z</time>
					</trkpt>
					<trkpt lat="46.644940" lon="4.403730">
						<ele>349</ele>
						<time>2026-02-16T13:30:57Z</time>
					</trkpt>
					<trkpt lat="46.643750" lon="4.404050">
						<ele>338</ele>
						<time>2026-02-16T13:31:18Z</time>
					</trkpt>
					<trkpt lat="46.642840" lon="4.404340">
						<ele>329</ele>
						<time>2026-02-16T13:31:35Z</time>
					</trkpt>
					<trkpt lat="46.642660" lon="4.404430">
						<ele>327</ele>
						<time>2026-02-16T13:31:38Z</time>
					</trkpt>
					<trkpt lat="46.642520" lon="4.404560">
						<ele>326</ele>
						<time>2026-02-16T13:31:41Z</time>
					</trkpt>
					<trkpt lat="46.642230" lon="4.404840">
						<ele>326</ele>
						<time>2026-02-16T13:31:47Z</time>
					</trkpt>
					<trkpt lat="46.642030" lon="4.404950">
						<ele>328</ele>
						<time>2026-02-16T13:31:51Z</time>
					</trkpt>
					<trkpt lat="46.641840" lon="4.404950">
						<ele>329</ele>
						<time>2026-02-16T13:31:54Z</time>
					</trkpt>
					<trkpt lat="46.641610" lon="4.404880">
						<ele>329</ele>
						<time>2026-02-16T13:31:59Z</time>
					</trkpt>
					<trkpt lat="46.641390" lon="4.404780">
						<ele>331</ele>
						<time>2026-02-16T13:32:03Z</time>
					</trkpt>
					<trkpt lat="46.640970" lon="4.404550">
						<ele>332</ele>
						<time>2026-02-16T13:32:11Z</time>
					</trkpt>
					<trkpt lat="46.640670" lon="4.404420">
						<ele>332</ele>
						<time>2026-02-16T13:32:16Z</time>
					</trkpt>
					<trkpt lat="46.640460" lon="4.404390">
						<ele>332</ele>
						<time>2026-02-16T13:32:20Z</time>
					</trkpt>
					<trkpt lat="46.640230" lon="4.404410">
						<ele>333</ele>
						<time>2026-02-16T13:32:24Z</time>
					</trkpt>
					<trkpt lat="46.639840" lon="4.404510">
						<ele>335</ele>
						<time>2026-02-16T13:32:31Z</time>
					</trkpt>
					<trkpt lat="46.639520" lon="4.404610">
						<ele>334</ele>
						<time>2026-02-16T13:32:37Z</time>
					</trkpt>
					<trkpt lat="46.639290" lon="4.404760">
						<ele>333</ele>
						<time>2026-02-16T13:32:42Z</time>
					</trkpt>
					<trkpt lat="46.639010" lon="4.405010">
						<ele>333</ele>
						<time>2026-02-16T13:32:47Z</time>
					</trkpt>
					<trkpt lat="46.638590" lon="4.405410">
						<ele>330</ele>
						<time>2026-02-16T13:32:56Z</time>
					</trkpt>
					<trkpt lat="46.638450" lon="4.405610">
						<ele>330</ele>
						<time>2026-02-16T13:33:00Z</time>
					</trkpt>
					<trkpt lat="46.638310" lon="4.405980">
						<ele>330</ele>
						<time>2026-02-16T13:33:05Z</time>
					</trkpt>
					<trkpt lat="46.637940" lon="4.407270">
						<ele>329</ele>
						<time>2026-02-16T13:33:22Z</time>
					</trkpt>
					<trkpt lat="46.637800" lon="4.407800">
						<ele>329</ele>
						<time>2026-02-16T13:33:29Z</time>
					</trkpt>
					<trkpt lat="46.637720" lon="4.408050">
						<ele>328</ele>
						<time>2026-02-16T13:33:32Z</time>
					</trkpt>
					<trkpt lat="46.637630" lon="4.408220">
						<ele>328</ele>
						<time>2026-02-16T13:33:35Z</time>
					</trkpt>
					<trkpt lat="46.637460" lon="4.408390">
						<ele>328</ele>
						<time>2026-02-16T13:33:39Z</time>
					</trkpt>
					<trkpt lat="46.637270" lon="4.408490">
						<ele>329</ele>
						<time>2026-02-16T13:33:42Z</time>
					</trkpt>
					<trkpt lat="46.636940" lon="4.408590">
						<ele>330</ele>
						<time>2026-02-16T13:33:48Z</time>
					</trkpt>
					<trkpt lat="46.636540" lon="4.408660">
						<ele>332</ele>
						<time>2026-02-16T13:33:55Z</time>
					</trkpt>
					<trkpt lat="46.636290" lon="4.408690">
						<ele>335</ele>
						<time>2026-02-16T13:34:00Z</time>
					</trkpt>
					<trkpt lat="46.636020" lon="4.408690">
						<ele>338</ele>
						<time>2026-02-16T13:34:05Z</time>
					</trkpt>
					<trkpt lat="46.635380" lon="4.408560">
						<ele>345</ele>
						<time>2026-02-16T13:34:16Z</time>
					</trkpt>
					<trkpt lat="46.634700" lon="4.408440">
						<ele>351</ele>
						<time>2026-02-16T13:34:28Z</time>
					</trkpt>
					<trkpt lat="46.634350" lon="4.408410">
						<ele>352</ele>
						<time>2026-02-16T13:34:35Z</time>
					</trkpt>
					<trkpt lat="46.633930" lon="4.408490">
						<ele>351</ele>
						<time>2026-02-16T13:34:42Z</time>
					</trkpt>
					<trkpt lat="46.633720" lon="4.408530">
						<ele>350</ele>
						<time>2026-02-16T13:34:46Z</time>
					</trkpt>
					<trkpt lat="46.633380" lon="4.408610">
						<ele>348</ele>
						<time>2026-02-16T13:34:52Z</time>
					</trkpt>
					<trkpt lat="46.633070" lon="4.408650">
						<ele>345</ele>
						<time>2026-02-16T13:34:58Z</time>
					</trkpt>
					<trkpt lat="46.632800" lon="4.408630">
						<ele>343</ele>
						<time>2026-02-16T13:35:02Z</time>
					</trkpt>
					<trkpt lat="46.632710" lon="4.408600">
						<ele>342</ele>
						<time>2026-02-16T13:35:04Z</time>
					</trkpt>
					<trkpt lat="46.632510" lon="4.408530">
						<ele>341</ele>
						<time>2026-02-16T13:35:08Z</time>
					</trkpt>
					<trkpt lat="46.631410" lon="4.408090">
						<ele>333</ele>
						<time>2026-02-16T13:35:28Z</time>
					</trkpt>
					<trkpt lat="46.630930" lon="4.407810">
						<ele>329</ele>
						<time>2026-02-16T13:35:37Z</time>
					</trkpt>
					<trkpt lat="46.630270" lon="4.407350">
						<ele>325</ele>
						<time>2026-02-16T13:35:50Z</time>
					</trkpt>
					<trkpt lat="46.629750" lon="4.406900">
						<ele>322</ele>
						<time>2026-02-16T13:36:01Z</time>
					</trkpt>
					<trkpt lat="46.629670" lon="4.406830">
						<ele>321</ele>
						<time>2026-02-16T13:36:03Z</time>
					</trkpt>
					<trkpt lat="46.628710" lon="4.406100">
						<ele>316</ele>
						<time>2026-02-16T13:36:22Z</time>
					</trkpt>
					<trkpt lat="46.628290" lon="4.405750">
						<ele>315</ele>
						<time>2026-02-16T13:36:30Z</time>
					</trkpt>
					<trkpt lat="46.628080" lon="4.405700">
						<ele>314</ele>
						<time>2026-02-16T13:36:34Z</time>
					</trkpt>
					<trkpt lat="46.627940" lon="4.405580">
						<ele>312</ele>
						<time>2026-02-16T13:36:37Z</time>
					</trkpt>
					<trkpt lat="46.627790" lon="4.405350">
						<ele>311</ele>
						<time>2026-02-16T13:36:41Z</time>
					</trkpt>
					<trkpt lat="46.627630" lon="4.405160">
						<ele>310</ele>
						<time>2026-02-16T13:36:45Z</time>
					</trkpt>
					<trkpt lat="46.627510" lon="4.405060">
						<ele>310</ele>
						<time>2026-02-16T13:36:47Z</time>
					</trkpt>
					<trkpt lat="46.627460" lon="4.405040">
						<ele>310</ele>
						<time>2026-02-16T13:36:48Z</time>
					</trkpt>
					<trkpt lat="46.627340" lon="4.405000">
						<ele>310</ele>
						<time>2026-02-16T13:36:50Z</time>
					</trkpt>
					<trkpt lat="46.627240" lon="4.404960">
						<ele>310</ele>
						<time>2026-02-16T13:36:52Z</time>
					</trkpt>
					<trkpt lat="46.627180" lon="4.404970">
						<ele>310</ele>
						<time>2026-02-16T13:36:53Z</time>
					</trkpt>
					<trkpt lat="46.626870" lon="4.405100">
						<ele>310</ele>
						<time>2026-02-16T13:36:59Z</time>
					</trkpt>
					<trkpt lat="46.626590" lon="4.405190">
						<ele>310</ele>
						<time>2026-02-16T13:37:04Z</time>
					</trkpt>
					<trkpt lat="46.626230" lon="4.405260">
						<ele>313</ele>
						<time>2026-02-16T13:37:11Z</time>
					</trkpt>
					<trkpt lat="46.626050" lon="4.405250">
						<ele>315</ele>
						<time>2026-02-16T13:37:14Z</time>
					</trkpt>
					<trkpt lat="46.625900" lon="4.405200">
						<ele>317</ele>
						<time>2026-02-16T13:37:16Z</time>
					</trkpt>
					<trkpt lat="46.625740" lon="4.405090">
						<ele>319</ele>
						<time>2026-02-16T13:37:20Z</time>
					</trkpt>
					<trkpt lat="46.625580" lon="4.404900">
						<ele>321</ele>
						<time>2026-02-16T13:37:23Z</time>
					</trkpt>
					<trkpt lat="46.625500" lon="4.404760">
						<ele>322</ele>
						<time>2026-02-16T13:37:26Z</time>
					</trkpt>
					<trkpt lat="46.625210" lon="4.404250">
						<ele>327</ele>
						<time>2026-02-16T13:37:34Z</time>
					</trkpt>
					<trkpt lat="46.625100" lon="4.404080">
						<ele>328</ele>
						<time>2026-02-16T13:37:36Z</time>
					</trkpt>
					<trkpt lat="46.624950" lon="4.403960">
						<ele>328</ele>
						<time>2026-02-16T13:37:39Z</time>
					</trkpt>
					<trkpt lat="46.624520" lon="4.403730">
						<ele>329</ele>
						<time>2026-02-16T13:37:48Z</time>
					</trkpt>
					<trkpt lat="46.623020" lon="4.403280">
						<ele>336</ele>
						<time>2026-02-16T13:38:15Z</time>
					</trkpt>
					<trkpt lat="46.622880" lon="4.403280">
						<ele>336</ele>
						<time>2026-02-16T13:38:17Z</time>
					</trkpt>
					<trkpt lat="46.622700" lon="4.403310">
						<ele>337</ele>
						<time>2026-02-16T13:38:21Z</time>
					</trkpt>
					<trkpt lat="46.622330" lon="4.403410">
						<ele>338</ele>
						<time>2026-02-16T13:38:27Z</time>
					</trkpt>
					<trkpt lat="46.622140" lon="4.403470">
						<ele>338</ele>
						<time>2026-02-16T13:38:31Z</time>
					</trkpt>
					<trkpt lat="46.621910" lon="4.403590">
						<ele>338</ele>
						<time>2026-02-16T13:38:35Z</time>
					</trkpt>
					<trkpt lat="46.621430" lon="4.403920">
						<ele>339</ele>
						<time>2026-02-16T13:38:45Z</time>
					</trkpt>
					<trkpt lat="46.621280" lon="4.404080">
						<ele>340</ele>
						<time>2026-02-16T13:38:48Z</time>
					</trkpt>
					<trkpt lat="46.621140" lon="4.404320">
						<ele>341</ele>
						<time>2026-02-16T13:38:52Z</time>
					</trkpt>
					<trkpt lat="46.620940" lon="4.404900">
						<ele>341</ele>
						<time>2026-02-16T13:39:00Z</time>
					</trkpt>
					<trkpt lat="46.620740" lon="4.405360">
						<ele>342</ele>
						<time>2026-02-16T13:39:06Z</time>
					</trkpt>
					<trkpt lat="46.620610" lon="4.405720">
						<ele>343</ele>
						<time>2026-02-16T13:39:11Z</time>
					</trkpt>
					<trkpt lat="46.620560" lon="4.405820">
						<ele>343</ele>
						<time>2026-02-16T13:39:13Z</time>
					</trkpt>
					<trkpt lat="46.620270" lon="4.406000">
						<ele>345</ele>
						<time>2026-02-16T13:39:18Z</time>
					</trkpt>
					<trkpt lat="46.620050" lon="4.406060">
						<ele>346</ele>
						<time>2026-02-16T13:39:22Z</time>
					</trkpt>
					<trkpt lat="46.619800" lon="4.406030">
						<ele>347</ele>
						<time>2026-02-16T13:39:27Z</time>
					</trkpt>
					<trkpt lat="46.619680" lon="4.405950">
						<ele>347</ele>
						<time>2026-02-16T13:39:29Z</time>
					</trkpt>
					<trkpt lat="46.619140" lon="4.405570">
						<ele>348</ele>
						<time>2026-02-16T13:39:40Z</time>
					</trkpt>
					<trkpt lat="46.618940" lon="4.405450">
						<ele>348</ele>
						<time>2026-02-16T13:39:44Z</time>
					</trkpt>
					<trkpt lat="46.618890" lon="4.405440">
						<ele>349</ele>
						<time>2026-02-16T13:39:45Z</time>
					</trkpt>
					<trkpt lat="46.618840" lon="4.405440">
						<ele>349</ele>
						<time>2026-02-16T13:39:45Z</time>
					</trkpt>
					<trkpt lat="46.618770" lon="4.405440">
						<ele>349</ele>
						<time>2026-02-16T13:39:47Z</time>
					</trkpt>
					<trkpt lat="46.618310" lon="4.405600">
						<ele>353</ele>
						<time>2026-02-16T13:39:55Z</time>
					</trkpt>
					<trkpt lat="46.618150" lon="4.405590">
						<ele>355</ele>
						<time>2026-02-16T13:39:58Z</time>
					</trkpt>
					<trkpt lat="46.618020" lon="4.405550">
						<ele>356</ele>
						<time>2026-02-16T13:40:00Z</time>
					</trkpt>
					<trkpt lat="46.617860" lon="4.405480">
						<ele>357</ele>
						<time>2026-02-16T13:40:03Z</time>
					</trkpt>
					<trkpt lat="46.617590" lon="4.405290">
						<ele>359</ele>
						<time>2026-02-16T13:40:09Z</time>
					</trkpt>
					<trkpt lat="46.617470" lon="4.405180">
						<ele>360</ele>
						<time>2026-02-16T13:40:11Z</time>
					</trkpt>
					<trkpt lat="46.617300" lon="4.405010">
						<ele>361</ele>
						<time>2026-02-16T13:40:15Z</time>
					</trkpt>
					<trkpt lat="46.616900" lon="4.404540">
						<ele>363</ele>
						<time>2026-02-16T13:40:24Z</time>
					</trkpt>
					<trkpt lat="46.616780" lon="4.404350">
						<ele>363</ele>
						<time>2026-02-16T13:40:27Z</time>
					</trkpt>
					<trkpt lat="46.616560" lon="4.403810">
						<ele>365</ele>
						<time>2026-02-16T13:40:35Z</time>
					</trkpt>
					<trkpt lat="46.616330" lon="4.403400">
						<ele>370</ele>
						<time>2026-02-16T13:40:41Z</time>
					</trkpt>
					<trkpt lat="46.616250" lon="4.403260">
						<ele>371</ele>
						<time>2026-02-16T13:40:44Z</time>
					</trkpt>
					<trkpt lat="46.616140" lon="4.402940">
						<ele>372</ele>
						<time>2026-02-16T13:40:48Z</time>
					</trkpt>
					<trkpt lat="46.615990" lon="4.402180">
						<ele>373</ele>
						<time>2026-02-16T13:40:58Z</time>
					</trkpt>
					<trkpt lat="46.615870" lon="4.401850">
						<ele>374</ele>
						<time>2026-02-16T13:41:02Z</time>
					</trkpt>
					<trkpt lat="46.615750" lon="4.401580">
						<ele>376</ele>
						<time>2026-02-16T13:41:06Z</time>
					</trkpt>
					<trkpt lat="46.615550" lon="4.401300">
						<ele>380</ele>
						<time>2026-02-16T13:41:11Z</time>
					</trkpt>
					<trkpt lat="46.615360" lon="4.401010">
						<ele>383</ele>
						<time>2026-02-16T13:41:16Z</time>
					</trkpt>
					<trkpt lat="46.615270" lon="4.400780">
						<ele>383</ele>
						<time>2026-02-16T13:41:19Z</time>
					</trkpt>
					<trkpt lat="46.615070" lon="4.400190">
						<ele>379</ele>
						<time>2026-02-16T13:41:27Z</time>
					</trkpt>
					<trkpt lat="46.614960" lon="4.399970">
						<ele>379</ele>
						<time>2026-02-16T13:41:31Z</time>
					</trkpt>
					<trkpt lat="46.614900" lon="4.399870">
						<ele>379</ele>
						<time>2026-02-16T13:41:32Z</time>
					</trkpt>
					<trkpt lat="46.614570" lon="4.399380">
						<ele>381</ele>
						<time>2026-02-16T13:41:41Z</time>
					</trkpt>
					<trkpt lat="46.614430" lon="4.399110">
						<ele>380</ele>
						<time>2026-02-16T13:41:45Z</time>
					</trkpt>
					<trkpt lat="46.614330" lon="4.398880">
						<ele>381</ele>
						<time>2026-02-16T13:41:48Z</time>
					</trkpt>
					<trkpt lat="46.614270" lon="4.398620">
						<ele>380</ele>
						<time>2026-02-16T13:41:51Z</time>
					</trkpt>
					<trkpt lat="46.614250" lon="4.398320">
						<ele>379</ele>
						<time>2026-02-16T13:41:55Z</time>
					</trkpt>
					<trkpt lat="46.614250" lon="4.397620">
						<ele>380</ele>
						<time>2026-02-16T13:42:04Z</time>
					</trkpt>
					<trkpt lat="46.614210" lon="4.397390">
						<ele>380</ele>
						<time>2026-02-16T13:42:06Z</time>
					</trkpt>
					<trkpt lat="46.614190" lon="4.397320">
						<ele>381</ele>
						<time>2026-02-16T13:42:07Z</time>
					</trkpt>
					<trkpt lat="46.614140" lon="4.397130">
						<ele>381</ele>
						<time>2026-02-16T13:42:10Z</time>
					</trkpt>
					<trkpt lat="46.614030" lon="4.396890">
						<ele>380</ele>
						<time>2026-02-16T13:42:13Z</time>
					</trkpt>
					<trkpt lat="46.613910" lon="4.396730">
						<ele>380</ele>
						<time>2026-02-16T13:42:16Z</time>
					</trkpt>
					<trkpt lat="46.613800" lon="4.396640">
						<ele>380</ele>
						<time>2026-02-16T13:42:19Z</time>
					</trkpt>
					<trkpt lat="46.613740" lon="4.396610">
						<ele>380</ele>
						<time>2026-02-16T13:42:20Z</time>
					</trkpt>
					<trkpt lat="46.613620" lon="4.396590">
						<ele>380</ele>
						<time>2026-02-16T13:42:22Z</time>
					</trkpt>
					<trkpt lat="46.613510" lon="4.396600">
						<ele>380</ele>
						<time>2026-02-16T13:42:24Z</time>
					</trkpt>
					<trkpt lat="46.613160" lon="4.396720">
						<ele>380</ele>
						<time>2026-02-16T13:42:30Z</time>
					</trkpt>
					<trkpt lat="46.612990" lon="4.396750">
						<ele>380</ele>
						<time>2026-02-16T13:42:33Z</time>
					</trkpt>
					<trkpt lat="46.612870" lon="4.396730">
						<ele>380</ele>
						<time>2026-02-16T13:42:35Z</time>
					</trkpt>
					<trkpt lat="46.612670" lon="4.396640">
						<ele>379</ele>
						<time>2026-02-16T13:42:39Z</time>
					</trkpt>
					<trkpt lat="46.612450" lon="4.396510">
						<ele>378</ele>
						<time>2026-02-16T13:42:43Z</time>
					</trkpt>
					<trkpt lat="46.612220" lon="4.396330">
						<ele>377</ele>
						<time>2026-02-16T13:42:48Z</time>
					</trkpt>
					<trkpt lat="46.611760" lon="4.395920">
						<ele>375</ele>
						<time>2026-02-16T13:42:58Z</time>
					</trkpt>
					<trkpt lat="46.611570" lon="4.395790">
						<ele>374</ele>
						<time>2026-02-16T13:43:01Z</time>
					</trkpt>
					<trkpt lat="46.611320" lon="4.395700">
						<ele>372</ele>
						<time>2026-02-16T13:43:06Z</time>
					</trkpt>
					<trkpt lat="46.611160" lon="4.395640">
						<ele>371</ele>
						<time>2026-02-16T13:43:09Z</time>
					</trkpt>
					<trkpt lat="46.610970" lon="4.395600">
						<ele>370</ele>
						<time>2026-02-16T13:43:12Z</time>
					</trkpt>
					<trkpt lat="46.610790" lon="4.395600">
						<ele>370</ele>
						<time>2026-02-16T13:43:15Z</time>
					</trkpt>
					<trkpt lat="46.610550" lon="4.395670">
						<ele>367</ele>
						<time>2026-02-16T13:43:20Z</time>
					</trkpt>
					<trkpt lat="46.610280" lon="4.395800">
						<ele>364</ele>
						<time>2026-02-16T13:43:25Z</time>
					</trkpt>
					<trkpt lat="46.610020" lon="4.395990">
						<ele>361</ele>
						<time>2026-02-16T13:43:30Z</time>
					</trkpt>
					<trkpt lat="46.609820" lon="4.396190">
						<ele>360</ele>
						<time>2026-02-16T13:43:34Z</time>
					</trkpt>
					<trkpt lat="46.609690" lon="4.396380">
						<ele>360</ele>
						<time>2026-02-16T13:43:38Z</time>
					</trkpt>
					<trkpt lat="46.609610" lon="4.396530">
						<ele>360</ele>
						<time>2026-02-16T13:43:40Z</time>
					</trkpt>
					<trkpt lat="46.609510" lon="4.396740">
						<ele>359</ele>
						<time>2026-02-16T13:43:43Z</time>
					</trkpt>
					<trkpt lat="46.609330" lon="4.397340">
						<ele>357</ele>
						<time>2026-02-16T13:43:51Z</time>
					</trkpt>
					<trkpt lat="46.609260" lon="4.397550">
						<ele>356</ele>
						<time>2026-02-16T13:43:54Z</time>
					</trkpt>
					<trkpt lat="46.609200" lon="4.397670">
						<ele>356</ele>
						<time>2026-02-16T13:43:56Z</time>
					</trkpt>
					<trkpt lat="46.609060" lon="4.397840">
						<ele>355</ele>
						<time>2026-02-16T13:43:59Z</time>
					</trkpt>
					<trkpt lat="46.608920" lon="4.397880">
						<ele>355</ele>
						<time>2026-02-16T13:44:02Z</time>
					</trkpt>
					<trkpt lat="46.608720" lon="4.397860">
						<ele>353</ele>
						<time>2026-02-16T13:44:05Z</time>
					</trkpt>
					<trkpt lat="46.608610" lon="4.397840">
						<ele>352</ele>
						<time>2026-02-16T13:44:07Z</time>
					</trkpt>
					<trkpt lat="46.608120" lon="4.397650">
						<ele>351</ele>
						<time>2026-02-16T13:44:16Z</time>
					</trkpt>
					<trkpt lat="46.607900" lon="4.397480">
						<ele>351</ele>
						<time>2026-02-16T13:44:21Z</time>
					</trkpt>
					<trkpt lat="46.607820" lon="4.397380">
						<ele>351</ele>
						<time>2026-02-16T13:44:22Z</time>
					</trkpt>
					<trkpt lat="46.607770" lon="4.397240">
						<ele>351</ele>
						<time>2026-02-16T13:44:24Z</time>
					</trkpt>
					<trkpt lat="46.607690" lon="4.396880">
						<ele>348</ele>
						<time>2026-02-16T13:44:29Z</time>
					</trkpt>
					<trkpt lat="46.607610" lon="4.396430">
						<ele>345</ele>
						<time>2026-02-16T13:44:35Z</time>
					</trkpt>
					<trkpt lat="46.607550" lon="4.396220">
						<ele>344</ele>
						<time>2026-02-16T13:44:37Z</time>
					</trkpt>
					<trkpt lat="46.607500" lon="4.396080">
						<ele>343</ele>
						<time>2026-02-16T13:44:39Z</time>
					</trkpt>
					<trkpt lat="46.607340" lon="4.395810">
						<ele>341</ele>
						<time>2026-02-16T13:44:44Z</time>
					</trkpt>
					<trkpt lat="46.607220" lon="4.395660">
						<ele>341</ele>
						<time>2026-02-16T13:44:47Z</time>
					</trkpt>
					<trkpt lat="46.607100" lon="4.395560">
						<ele>340</ele>
						<time>2026-02-16T13:44:49Z</time>
					</trkpt>
					<trkpt lat="46.606920" lon="4.395500">
						<ele>340</ele>
						<time>2026-02-16T13:44:52Z</time>
					</trkpt>
					<trkpt lat="46.606820" lon="4.395500">
						<ele>341</ele>
						<time>2026-02-16T13:44:54Z</time>
					</trkpt>
					<trkpt lat="46.606690" lon="4.395580">
						<ele>342</ele>
						<time>2026-02-16T13:44:57Z</time>
					</trkpt>
					<trkpt lat="46.606640" lon="4.395630">
						<ele>342</ele>
						<time>2026-02-16T13:44:58Z</time>
					</trkpt>
					<trkpt lat="46.606110" lon="4.396130">
						<ele>343</ele>
						<time>2026-02-16T13:45:09Z</time>
					</trkpt>
					<trkpt lat="46.605920" lon="4.396300">
						<ele>343</ele>
						<time>2026-02-16T13:45:13Z</time>
					</trkpt>
					<trkpt lat="46.605810" lon="4.396360">
						<ele>343</ele>
						<time>2026-02-16T13:45:15Z</time>
					</trkpt>
					<trkpt lat="46.605230" lon="4.396460">
						<ele>342</ele>
						<time>2026-02-16T13:45:25Z</time>
					</trkpt>
					<trkpt lat="46.605020" lon="4.396510">
						<ele>341</ele>
						<time>2026-02-16T13:45:29Z</time>
					</trkpt>
					<trkpt lat="46.604930" lon="4.396530">
						<ele>341</ele>
						<time>2026-02-16T13:45:31Z</time>
					</trkpt>
					<trkpt lat="46.604770" lon="4.396610">
						<ele>341</ele>
						<time>2026-02-16T13:45:34Z</time>
					</trkpt>
					<trkpt lat="46.604610" lon="4.396720">
						<ele>342</ele>
						<time>2026-02-16T13:45:37Z</time>
					</trkpt>
					<trkpt lat="46.604510" lon="4.396730">
						<ele>341</ele>
						<time>2026-02-16T13:45:39Z</time>
					</trkpt>
					<trkpt lat="46.604500" lon="4.396730">
						<ele>341</ele>
						<time>2026-02-16T13:45:39Z</time>
					</trkpt>
					<trkpt lat="46.604920" lon="4.395810">
						<ele>333</ele>
						<time>2026-02-16T13:45:52Z</time>
					</trkpt>
					<trkpt lat="46.606150" lon="4.393160">
						<ele>325</ele>
						<time>2026-02-16T13:46:31Z</time>
					</trkpt>
					<trkpt lat="46.606570" lon="4.392270">
						<ele>323</ele>
						<time>2026-02-16T13:46:45Z</time>
					</trkpt>
					<trkpt lat="46.606820" lon="4.391720">
						<ele>323</ele>
						<time>2026-02-16T13:46:53Z</time>
					</trkpt>
					<trkpt lat="46.607890" lon="4.389370">
						<ele>325</ele>
						<time>2026-02-16T13:47:27Z</time>
					</trkpt>
					<trkpt lat="46.607970" lon="4.389200">
						<ele>325</ele>
						<time>2026-02-16T13:47:30Z</time>
					</trkpt>
					<trkpt lat="46.608440" lon="4.388070">
						<ele>322</ele>
						<time>2026-02-16T13:47:46Z</time>
					</trkpt>
					<trkpt lat="46.608710" lon="4.387410">
						<ele>323</ele>
						<time>2026-02-16T13:47:55Z</time>
					</trkpt>
					<trkpt lat="46.608890" lon="4.386990">
						<ele>321</ele>
						<time>2026-02-16T13:48:01Z</time>
					</trkpt>
					<trkpt lat="46.609140" lon="4.386430">
						<ele>319</ele>
						<time>2026-02-16T13:48:09Z</time>
					</trkpt>
					<trkpt lat="46.609250" lon="4.386130">
						<ele>318</ele>
						<time>2026-02-16T13:48:14Z</time>
					</trkpt>
					<trkpt lat="46.609300" lon="4.385910">
						<ele>317</ele>
						<time>2026-02-16T13:48:16Z</time>
					</trkpt>
					<trkpt lat="46.609330" lon="4.385660">
						<ele>317</ele>
						<time>2026-02-16T13:48:20Z</time>
					</trkpt>
					<trkpt lat="46.609640" lon="4.377760">
						<ele>307</ele>
						<time>2026-02-16T13:49:56Z</time>
					</trkpt>
					<trkpt lat="46.609670" lon="4.377090">
						<ele>307</ele>
						<time>2026-02-16T13:50:04Z</time>
					</trkpt>
					<trkpt lat="46.609770" lon="4.374750">
						<ele>305</ele>
						<time>2026-02-16T13:50:33Z</time>
					</trkpt>
					<trkpt lat="46.609770" lon="4.374370">
						<ele>304</ele>
						<time>2026-02-16T13:50:38Z</time>
					</trkpt>
					<trkpt lat="46.609760" lon="4.374050">
						<ele>303</ele>
						<time>2026-02-16T13:50:42Z</time>
					</trkpt>
					<trkpt lat="46.609680" lon="4.372880">
						<ele>303</ele>
						<time>2026-02-16T13:50:56Z</time>
					</trkpt>
					<trkpt lat="46.609630" lon="4.372460">
						<ele>303</ele>
						<time>2026-02-16T13:51:01Z</time>
					</trkpt>
					<trkpt lat="46.609570" lon="4.372230">
						<ele>303</ele>
						<time>2026-02-16T13:51:04Z</time>
					</trkpt>
					<trkpt lat="46.609120" lon="4.371120">
						<ele>301</ele>
						<time>2026-02-16T13:51:20Z</time>
					</trkpt>
					<trkpt lat="46.609040" lon="4.370940">
						<ele>301</ele>
						<time>2026-02-16T13:51:23Z</time>
					</trkpt>
					<trkpt lat="46.609000" lon="4.370850">
						<ele>301</ele>
						<time>2026-02-16T13:51:24Z</time>
					</trkpt>
					<trkpt lat="46.608970" lon="4.370760">
						<ele>301</ele>
						<time>2026-02-16T13:51:25Z</time>
					</trkpt>
					<trkpt lat="46.608440" lon="4.369490">
						<ele>303</ele>
						<time>2026-02-16T13:51:43Z</time>
					</trkpt>
					<trkpt lat="46.608080" lon="4.368610">
						<ele>305</ele>
						<time>2026-02-16T13:51:56Z</time>
					</trkpt>
					<trkpt lat="46.607790" lon="4.368010">
						<ele>305</ele>
						<time>2026-02-16T13:52:05Z</time>
					</trkpt>
					<trkpt lat="46.606900" lon="4.366170">
						<ele>299</ele>
						<time>2026-02-16T13:52:32Z</time>
					</trkpt>
					<trkpt lat="46.606810" lon="4.366010">
						<ele>299</ele>
						<time>2026-02-16T13:52:35Z</time>
					</trkpt>
					<trkpt lat="46.605070" lon="4.362470">
						<ele>298</ele>
						<time>2026-02-16T13:53:28Z</time>
					</trkpt>
					<trkpt lat="46.604370" lon="4.361030">
						<ele>296</ele>
						<time>2026-02-16T13:53:50Z</time>
					</trkpt>
					<trkpt lat="46.604200" lon="4.360690">
						<ele>296</ele>
						<time>2026-02-16T13:53:55Z</time>
					</trkpt>
					<trkpt lat="46.604180" lon="4.360660">
						<ele>296</ele>
						<time>2026-02-16T13:53:55Z</time>
					</trkpt>
					<trkpt lat="46.604200" lon="4.360690">
						<ele>296</ele>
						<time>2026-02-16T13:53:56Z</time>
					</trkpt>
					<trkpt lat="46.604560" lon="4.360530">
						<ele>299</ele>
						<time>2026-02-16T13:54:02Z</time>
					</trkpt>
					<trkpt lat="46.604770" lon="4.360530">
						<ele>300</ele>
						<time>2026-02-16T13:54:06Z</time>
					</trkpt>
					<trkpt lat="46.604900" lon="4.360630">
						<ele>300</ele>
						<time>2026-02-16T13:54:09Z</time>
					</trkpt>
					<trkpt lat="46.605130" lon="4.360890">
						<ele>301</ele>
						<time>2026-02-16T13:54:14Z</time>
					</trkpt>
					<trkpt lat="46.605260" lon="4.361000">
						<ele>303</ele>
						<time>2026-02-16T13:54:17Z</time>
					</trkpt>
					<trkpt lat="46.605380" lon="4.360990">
						<ele>304</ele>
						<time>2026-02-16T13:54:19Z</time>
					</trkpt>
					<trkpt lat="46.605440" lon="4.360910">
						<ele>305</ele>
						<time>2026-02-16T13:54:20Z</time>
					</trkpt>
					<trkpt lat="46.605470" lon="4.360840">
						<ele>305</ele>
						<time>2026-02-16T13:54:21Z</time>
					</trkpt>
					<trkpt lat="46.605510" lon="4.360700">
						<ele>306</ele>
						<time>2026-02-16T13:54:23Z</time>
					</trkpt>
					<trkpt lat="46.605820" lon="4.359650">
						<ele>311</ele>
						<time>2026-02-16T13:54:37Z</time>
					</trkpt>
					<trkpt lat="46.605930" lon="4.359280">
						<ele>314</ele>
						<time>2026-02-16T13:54:42Z</time>
					</trkpt>
					<trkpt lat="46.605970" lon="4.359190">
						<ele>314</ele>
						<time>2026-02-16T13:54:43Z</time>
					</trkpt>
					<trkpt lat="46.606000" lon="4.359130">
						<ele>315</ele>
						<time>2026-02-16T13:54:44Z</time>
					</trkpt>
					<trkpt lat="46.606030" lon="4.359100">
						<ele>315</ele>
						<time>2026-02-16T13:54:45Z</time>
					</trkpt>
					<trkpt lat="46.606080" lon="4.359080">
						<ele>316</ele>
						<time>2026-02-16T13:54:46Z</time>
					</trkpt>
					<trkpt lat="46.606140" lon="4.359090">
						<ele>316</ele>
						<time>2026-02-16T13:54:47Z</time>
					</trkpt>
					<trkpt lat="46.606200" lon="4.359130">
						<ele>317</ele>
						<time>2026-02-16T13:54:48Z</time>
					</trkpt>
					<trkpt lat="46.606230" lon="4.359200">
						<ele>317</ele>
						<time>2026-02-16T13:54:49Z</time>
					</trkpt>
					<trkpt lat="46.606430" lon="4.359920">
						<ele>321</ele>
						<time>2026-02-16T13:54:59Z</time>
					</trkpt>
					<trkpt lat="46.606510" lon="4.360170">
						<ele>322</ele>
						<time>2026-02-16T13:55:02Z</time>
					</trkpt>
					<trkpt lat="46.606570" lon="4.360380">
						<ele>322</ele>
						<time>2026-02-16T13:55:05Z</time>
					</trkpt>
					<trkpt lat="46.606650" lon="4.360560">
						<ele>323</ele>
						<time>2026-02-16T13:55:07Z</time>
					</trkpt>
					<trkpt lat="46.606800" lon="4.360660">
						<ele>324</ele>
						<time>2026-02-16T13:55:10Z</time>
					</trkpt>
					<trkpt lat="46.606850" lon="4.360660">
						<ele>324</ele>
						<time>2026-02-16T13:55:11Z</time>
					</trkpt>
					<trkpt lat="46.606930" lon="4.360660">
						<ele>325</ele>
						<time>2026-02-16T13:55:13Z</time>
					</trkpt>
					<trkpt lat="46.606990" lon="4.360610">
						<ele>325</ele>
						<time>2026-02-16T13:55:14Z</time>
					</trkpt>
					<trkpt lat="46.607270" lon="4.360240">
						<ele>328</ele>
						<time>2026-02-16T13:55:21Z</time>
					</trkpt>
					<trkpt lat="46.607310" lon="4.360190">
						<ele>329</ele>
						<time>2026-02-16T13:55:22Z</time>
					</trkpt>
					<trkpt lat="46.607420" lon="4.360190">
						<ele>329</ele>
						<time>2026-02-16T13:55:23Z</time>
					</trkpt>
					<trkpt lat="46.607620" lon="4.360280">
						<ele>330</ele>
						<time>2026-02-16T13:55:27Z</time>
					</trkpt>
					<trkpt lat="46.607710" lon="4.360300">
						<ele>330</ele>
						<time>2026-02-16T13:55:29Z</time>
					</trkpt>
					<trkpt lat="46.607800" lon="4.360280">
						<ele>330</ele>
						<time>2026-02-16T13:55:30Z</time>
					</trkpt>
					<trkpt lat="46.607880" lon="4.360190">
						<ele>331</ele>
						<time>2026-02-16T13:55:32Z</time>
					</trkpt>
					<trkpt lat="46.608110" lon="4.359860">
						<ele>331</ele>
						<time>2026-02-16T13:55:38Z</time>
					</trkpt>
					<trkpt lat="46.608260" lon="4.359690">
						<ele>331</ele>
						<time>2026-02-16T13:55:41Z</time>
					</trkpt>
					<trkpt lat="46.608310" lon="4.359670">
						<ele>332</ele>
						<time>2026-02-16T13:55:42Z</time>
					</trkpt>
					<trkpt lat="46.608370" lon="4.359630">
						<ele>332</ele>
						<time>2026-02-16T13:55:43Z</time>
					</trkpt>
					<trkpt lat="46.608490" lon="4.359630">
						<ele>332</ele>
						<time>2026-02-16T13:55:46Z</time>
					</trkpt>
					<trkpt lat="46.608700" lon="4.359640">
						<ele>333</ele>
						<time>2026-02-16T13:55:49Z</time>
					</trkpt>
					<trkpt lat="46.608790" lon="4.359650">
						<ele>333</ele>
						<time>2026-02-16T13:55:51Z</time>
					</trkpt>
					<trkpt lat="46.608900" lon="4.359640">
						<ele>334</ele>
						<time>2026-02-16T13:55:53Z</time>
					</trkpt>
					<trkpt lat="46.609000" lon="4.359630">
						<ele>334</ele>
						<time>2026-02-16T13:55:55Z</time>
					</trkpt>
					<trkpt lat="46.609370" lon="4.359570">
						<ele>335</ele>
						<time>2026-02-16T13:56:01Z</time>
					</trkpt>
					<trkpt lat="46.609660" lon="4.359520">
						<ele>335</ele>
						<time>2026-02-16T13:56:06Z</time>
					</trkpt>
					<trkpt lat="46.609800" lon="4.359500">
						<ele>336</ele>
						<time>2026-02-16T13:56:09Z</time>
					</trkpt>
					<trkpt lat="46.610090" lon="4.359460">
						<ele>336</ele>
						<time>2026-02-16T13:56:14Z</time>
					</trkpt>
					<trkpt lat="46.610520" lon="4.359450">
						<ele>337</ele>
						<time>2026-02-16T13:56:22Z</time>
					</trkpt>
					<trkpt lat="46.610710" lon="4.359500">
						<ele>337</ele>
						<time>2026-02-16T13:56:25Z</time>
					</trkpt>
					<trkpt lat="46.611350" lon="4.359670">
						<ele>336</ele>
						<time>2026-02-16T13:56:37Z</time>
					</trkpt>
					<trkpt lat="46.611580" lon="4.359760">
						<ele>335</ele>
						<time>2026-02-16T13:56:41Z</time>
					</trkpt>
					<trkpt lat="46.611650" lon="4.359780">
						<ele>335</ele>
						<time>2026-02-16T13:56:42Z</time>
					</trkpt>
					<trkpt lat="46.612000" lon="4.359930">
						<ele>335</ele>
						<time>2026-02-16T13:56:49Z</time>
					</trkpt>
					<trkpt lat="46.613340" lon="4.360470">
						<ele>334</ele>
						<time>2026-02-16T13:57:14Z</time>
					</trkpt>
					<trkpt lat="46.613690" lon="4.360610">
						<ele>334</ele>
						<time>2026-02-16T13:57:20Z</time>
					</trkpt>
					<trkpt lat="46.614000" lon="4.360740">
						<ele>333</ele>
						<time>2026-02-16T13:57:26Z</time>
					</trkpt>
					<trkpt lat="46.614150" lon="4.360820">
						<ele>333</ele>
						<time>2026-02-16T13:57:29Z</time>
					</trkpt>
					<trkpt lat="46.614640" lon="4.361080">
						<ele>334</ele>
						<time>2026-02-16T13:57:38Z</time>
					</trkpt>
					<trkpt lat="46.614960" lon="4.361270">
						<ele>336</ele>
						<time>2026-02-16T13:57:44Z</time>
					</trkpt>
					<trkpt lat="46.616460" lon="4.362340">
						<ele>346</ele>
						<time>2026-02-16T13:58:14Z</time>
					</trkpt>
					<trkpt lat="46.616600" lon="4.362390">
						<ele>347</ele>
						<time>2026-02-16T13:58:16Z</time>
					</trkpt>
					<trkpt lat="46.616740" lon="4.362430">
						<ele>348</ele>
						<time>2026-02-16T13:58:19Z</time>
					</trkpt>
					<trkpt lat="46.616860" lon="4.362490">
						<ele>349</ele>
						<time>2026-02-16T13:58:21Z</time>
					</trkpt>
					<trkpt lat="46.616970" lon="4.362570">
						<ele>349</ele>
						<time>2026-02-16T13:58:23Z</time>
					</trkpt>
					<trkpt lat="46.617110" lon="4.362690">
						<ele>350</ele>
						<time>2026-02-16T13:58:26Z</time>
					</trkpt>
					<trkpt lat="46.617700" lon="4.363360">
						<ele>352</ele>
						<time>2026-02-16T13:58:40Z</time>
					</trkpt>
					<trkpt lat="46.617840" lon="4.363460">
						<ele>352</ele>
						<time>2026-02-16T13:58:42Z</time>
					</trkpt>
					<trkpt lat="46.617960" lon="4.363500">
						<ele>353</ele>
						<time>2026-02-16T13:58:44Z</time>
					</trkpt>
					<trkpt lat="46.618090" lon="4.363510">
						<ele>353</ele>
						<time>2026-02-16T13:58:47Z</time>
					</trkpt>
					<trkpt lat="46.618290" lon="4.363470">
						<ele>354</ele>
						<time>2026-02-16T13:58:50Z</time>
					</trkpt>
					<trkpt lat="46.619230" lon="4.363300">
						<ele>352</ele>
						<time>2026-02-16T13:59:07Z</time>
					</trkpt>
					<trkpt lat="46.619420" lon="4.363290">
						<ele>352</ele>
						<time>2026-02-16T13:59:11Z</time>
					</trkpt>
					<trkpt lat="46.619600" lon="4.363310">
						<ele>352</ele>
						<time>2026-02-16T13:59:14Z</time>
					</trkpt>
					<trkpt lat="46.620740" lon="4.363460">
						<ele>352</ele>
						<time>2026-02-16T13:59:34Z</time>
					</trkpt>
					<trkpt lat="46.620790" lon="4.363470">
						<ele>352</ele>
						<time>2026-02-16T13:59:35Z</time>
					</trkpt>
					<trkpt lat="46.621270" lon="4.363550">
						<ele>350</ele>
						<time>2026-02-16T13:59:44Z</time>
					</trkpt>
					<trkpt lat="46.621440" lon="4.363580">
						<ele>350</ele>
						<time>2026-02-16T13:59:47Z</time>
					</trkpt>
					<trkpt lat="46.621760" lon="4.363590">
						<ele>349</ele>
						<time>2026-02-16T13:59:52Z</time>
					</trkpt>
					<trkpt lat="46.621900" lon="4.363620">
						<ele>349</ele>
						<time>2026-02-16T13:59:55Z</time>
					</trkpt>
					<trkpt lat="46.622040" lon="4.363690">
						<ele>349</ele>
						<time>2026-02-16T13:59:58Z</time>
					</trkpt>
					<trkpt lat="46.622210" lon="4.363820">
						<ele>349</ele>
						<time>2026-02-16T14:00:01Z</time>
					</trkpt>
					<trkpt lat="46.622630" lon="4.364220">
						<ele>348</ele>
						<time>2026-02-16T14:00:10Z</time>
					</trkpt>
					<trkpt lat="46.622710" lon="4.364270">
						<ele>348</ele>
						<time>2026-02-16T14:00:11Z</time>
					</trkpt>
					<trkpt lat="46.622840" lon="4.364360">
						<ele>348</ele>
						<time>2026-02-16T14:00:14Z</time>
					</trkpt>
					<trkpt lat="46.623240" lon="4.364580">
						<ele>348</ele>
						<time>2026-02-16T14:00:22Z</time>
					</trkpt>
					<trkpt lat="46.624260" lon="4.365060">
						<ele>344</ele>
						<time>2026-02-16T14:00:41Z</time>
					</trkpt>
					<trkpt lat="46.625390" lon="4.365530">
						<ele>341</ele>
						<time>2026-02-16T14:01:02Z</time>
					</trkpt>
					<trkpt lat="46.626320" lon="4.365750">
						<ele>340</ele>
						<time>2026-02-16T14:01:18Z</time>
					</trkpt>
					<trkpt lat="46.626480" lon="4.365800">
						<ele>340</ele>
						<time>2026-02-16T14:01:21Z</time>
					</trkpt>
					<trkpt lat="46.626760" lon="4.365950">
						<ele>341</ele>
						<time>2026-02-16T14:01:27Z</time>
					</trkpt>
					<trkpt lat="46.626830" lon="4.366010">
						<ele>341</ele>
						<time>2026-02-16T14:01:28Z</time>
					</trkpt>
					<trkpt lat="46.626880" lon="4.366070">
						<ele>341</ele>
						<time>2026-02-16T14:01:29Z</time>
					</trkpt>
					<trkpt lat="46.627010" lon="4.366270">
						<ele>342</ele>
						<time>2026-02-16T14:01:33Z</time>
					</trkpt>
					<trkpt lat="46.627060" lon="4.366460">
						<ele>343</ele>
						<time>2026-02-16T14:01:35Z</time>
					</trkpt>
					<trkpt lat="46.627070" lon="4.366610">
						<ele>343</ele>
						<time>2026-02-16T14:01:37Z</time>
					</trkpt>
					<trkpt lat="46.627040" lon="4.367030">
						<ele>342</ele>
						<time>2026-02-16T14:01:42Z</time>
					</trkpt>
					<trkpt lat="46.627060" lon="4.367210">
						<ele>341</ele>
						<time>2026-02-16T14:01:44Z</time>
					</trkpt>
					<trkpt lat="46.627110" lon="4.367370">
						<ele>341</ele>
						<time>2026-02-16T14:01:46Z</time>
					</trkpt>
					<trkpt lat="46.627230" lon="4.367610">
						<ele>339</ele>
						<time>2026-02-16T14:01:50Z</time>
					</trkpt>
					<trkpt lat="46.627280" lon="4.367770">
						<ele>338</ele>
						<time>2026-02-16T14:01:52Z</time>
					</trkpt>
					<trkpt lat="46.627310" lon="4.367970">
						<ele>337</ele>
						<time>2026-02-16T14:01:55Z</time>
					</trkpt>
					<trkpt lat="46.627310" lon="4.368080">
						<ele>337</ele>
						<time>2026-02-16T14:01:56Z</time>
					</trkpt>
					<trkpt lat="46.627280" lon="4.368360">
						<ele>336</ele>
						<time>2026-02-16T14:02:00Z</time>
					</trkpt>
					<trkpt lat="46.627240" lon="4.368620">
						<ele>336</ele>
						<time>2026-02-16T14:02:03Z</time>
					</trkpt>
					<trkpt lat="46.627110" lon="4.369020">
						<ele>337</ele>
						<time>2026-02-16T14:02:08Z</time>
					</trkpt>
					<trkpt lat="46.627080" lon="4.369180">
						<ele>337</ele>
						<time>2026-02-16T14:02:10Z</time>
					</trkpt>
					<trkpt lat="46.627080" lon="4.369320">
						<ele>337</ele>
						<time>2026-02-16T14:02:12Z</time>
					</trkpt>
					<trkpt lat="46.627120" lon="4.369510">
						<ele>336</ele>
						<time>2026-02-16T14:02:14Z</time>
					</trkpt>
					<trkpt lat="46.627220" lon="4.369710">
						<ele>335</ele>
						<time>2026-02-16T14:02:17Z</time>
					</trkpt>
					<trkpt lat="46.627340" lon="4.369860">
						<ele>333</ele>
						<time>2026-02-16T14:02:20Z</time>
					</trkpt>
					<trkpt lat="46.627410" lon="4.369910">
						<ele>332</ele>
						<time>2026-02-16T14:02:22Z</time>
					</trkpt>
					<trkpt lat="46.627490" lon="4.369950">
						<ele>331</ele>
						<time>2026-02-16T14:02:23Z</time>
					</trkpt>
					<trkpt lat="46.627670" lon="4.369990">
						<ele>329</ele>
						<time>2026-02-16T14:02:26Z</time>
					</trkpt>
					<trkpt lat="46.628290" lon="4.370090">
						<ele>324</ele>
						<time>2026-02-16T14:02:37Z</time>
					</trkpt>
					<trkpt lat="46.628340" lon="4.370090">
						<ele>324</ele>
						<time>2026-02-16T14:02:38Z</time>
					</trkpt>
					<trkpt lat="46.628530" lon="4.370080">
						<ele>323</ele>
						<time>2026-02-16T14:02:42Z</time>
					</trkpt>
					<trkpt lat="46.628670" lon="4.370030">
						<ele>323</ele>
						<time>2026-02-16T14:02:44Z</time>
					</trkpt>
					<trkpt lat="46.628790" lon="4.369970">
						<ele>322</ele>
						<time>2026-02-16T14:02:47Z</time>
					</trkpt>
					<trkpt lat="46.629120" lon="4.369790">
						<ele>321</ele>
						<time>2026-02-16T14:02:53Z</time>
					</trkpt>
					<trkpt lat="46.629270" lon="4.369750">
						<ele>319</ele>
						<time>2026-02-16T14:02:56Z</time>
					</trkpt>
					<trkpt lat="46.629430" lon="4.369770">
						<ele>317</ele>
						<time>2026-02-16T14:02:58Z</time>
					</trkpt>
					<trkpt lat="46.629500" lon="4.369780">
						<ele>316</ele>
						<time>2026-02-16T14:03:00Z</time>
					</trkpt>
					<trkpt lat="46.629980" lon="4.369990">
						<ele>309</ele>
						<time>2026-02-16T14:03:09Z</time>
					</trkpt>
					<trkpt lat="46.630300" lon="4.370130">
						<ele>306</ele>
						<time>2026-02-16T14:03:14Z</time>
					</trkpt>
					<trkpt lat="46.630790" lon="4.370270">
						<ele>300</ele>
						<time>2026-02-16T14:03:23Z</time>
					</trkpt>
					<trkpt lat="46.631360" lon="4.370390">
						<ele>297</ele>
						<time>2026-02-16T14:03:34Z</time>
					</trkpt>
					<trkpt lat="46.631990" lon="4.370590">
						<ele>294</ele>
						<time>2026-02-16T14:03:45Z</time>
					</trkpt>
					<trkpt lat="46.632140" lon="4.370600">
						<ele>293</ele>
						<time>2026-02-16T14:03:48Z</time>
					</trkpt>
					<trkpt lat="46.632460" lon="4.370640">
						<ele>291</ele>
						<time>2026-02-16T14:03:53Z</time>
					</trkpt>
					<trkpt lat="46.633030" lon="4.370680">
						<ele>291</ele>
						<time>2026-02-16T14:04:04Z</time>
					</trkpt>
					<trkpt lat="46.633330" lon="4.370640">
						<ele>292</ele>
						<time>2026-02-16T14:04:09Z</time>
					</trkpt>
					<trkpt lat="46.633570" lon="4.370560">
						<ele>293</ele>
						<time>2026-02-16T14:04:13Z</time>
					</trkpt>
					<trkpt lat="46.633980" lon="4.370380">
						<ele>295</ele>
						<time>2026-02-16T14:04:21Z</time>
					</trkpt>
					<trkpt lat="46.634430" lon="4.370140">
						<ele>296</ele>
						<time>2026-02-16T14:04:30Z</time>
					</trkpt>
					<trkpt lat="46.635310" lon="4.369620">
						<ele>296</ele>
						<time>2026-02-16T14:04:46Z</time>
					</trkpt>
					<trkpt lat="46.635620" lon="4.369560">
						<ele>296</ele>
						<time>2026-02-16T14:04:52Z</time>
					</trkpt>
					<trkpt lat="46.635700" lon="4.369540">
						<ele>296</ele>
						<time>2026-02-16T14:04:53Z</time>
					</trkpt>
					<trkpt lat="46.636680" lon="4.369530">
						<ele>299</ele>
						<time>2026-02-16T14:05:11Z</time>
					</trkpt>
					<trkpt lat="46.637170" lon="4.369470">
						<ele>300</ele>
						<time>2026-02-16T14:05:20Z</time>
					</trkpt>
					<trkpt lat="46.637320" lon="4.369430">
						<ele>301</ele>
						<time>2026-02-16T14:05:22Z</time>
					</trkpt>
					<trkpt lat="46.637400" lon="4.369360">
						<ele>301</ele>
						<time>2026-02-16T14:05:24Z</time>
					</trkpt>
					<trkpt lat="46.637500" lon="4.369220">
						<ele>301</ele>
						<time>2026-02-16T14:05:26Z</time>
					</trkpt>
					<trkpt lat="46.637640" lon="4.368980">
						<ele>301</ele>
						<time>2026-02-16T14:05:30Z</time>
					</trkpt>
					<trkpt lat="46.637660" lon="4.368950">
						<ele>301</ele>
						<time>2026-02-16T14:05:31Z</time>
					</trkpt>
					<trkpt lat="46.637920" lon="4.368610">
						<ele>302</ele>
						<time>2026-02-16T14:05:37Z</time>
					</trkpt>
					<trkpt lat="46.638100" lon="4.368440">
						<ele>302</ele>
						<time>2026-02-16T14:05:41Z</time>
					</trkpt>
					<trkpt lat="46.638260" lon="4.368290">
						<ele>303</ele>
						<time>2026-02-16T14:05:44Z</time>
					</trkpt>
					<trkpt lat="46.638510" lon="4.368150">
						<ele>304</ele>
						<time>2026-02-16T14:05:49Z</time>
					</trkpt>
					<trkpt lat="46.638660" lon="4.368100">
						<ele>305</ele>
						<time>2026-02-16T14:05:52Z</time>
					</trkpt>
					<trkpt lat="46.638690" lon="4.368090">
						<ele>305</ele>
						<time>2026-02-16T14:05:52Z</time>
					</trkpt>
					<trkpt lat="46.638830" lon="4.368120">
						<ele>307</ele>
						<time>2026-02-16T14:05:55Z</time>
					</trkpt>
					<trkpt lat="46.638950" lon="4.368220">
						<ele>308</ele>
						<time>2026-02-16T14:05:57Z</time>
					</trkpt>
					<trkpt lat="46.639270" lon="4.368470">
						<ele>311</ele>
						<time>2026-02-16T14:06:04Z</time>
					</trkpt>
					<trkpt lat="46.639320" lon="4.368510">
						<ele>311</ele>
						<time>2026-02-16T14:06:05Z</time>
					</trkpt>
					<trkpt lat="46.639430" lon="4.368590">
						<ele>312</ele>
						<time>2026-02-16T14:06:07Z</time>
					</trkpt>
					<trkpt lat="46.640420" lon="4.369370">
						<ele>323</ele>
						<time>2026-02-16T14:06:27Z</time>
					</trkpt>
					<trkpt lat="46.640460" lon="4.369460">
						<ele>324</ele>
						<time>2026-02-16T14:06:28Z</time>
					</trkpt>
					<trkpt lat="46.640420" lon="4.369760">
						<ele>326</ele>
						<time>2026-02-16T14:06:32Z</time>
					</trkpt>
					<trkpt lat="46.640350" lon="4.370100">
						<ele>328</ele>
						<time>2026-02-16T14:06:36Z</time>
					</trkpt>
					<trkpt lat="46.640390" lon="4.370110">
						<ele>328</ele>
						<time>2026-02-16T14:06:37Z</time>
					</trkpt>
					<trkpt lat="46.640350" lon="4.370100">
						<ele>328</ele>
						<time>2026-02-16T14:06:38Z</time>
					</trkpt>
					<trkpt lat="46.640340" lon="4.370260">
						<ele>328</ele>
						<time>2026-02-16T14:06:40Z</time>
					</trkpt>
					<trkpt lat="46.640360" lon="4.370490">
						<ele>329</ele>
						<time>2026-02-16T14:06:43Z</time>
					</trkpt>
					<trkpt lat="46.640400" lon="4.370680">
						<ele>329</ele>
						<time>2026-02-16T14:06:45Z</time>
					</trkpt>
					<trkpt lat="46.640460" lon="4.370770">
						<ele>330</ele>
						<time>2026-02-16T14:06:47Z</time>
					</trkpt>
					<trkpt lat="46.640630" lon="4.370700">
						<ele>330</ele>
						<time>2026-02-16T14:06:50Z</time>
					</trkpt>
					<trkpt lat="46.640690" lon="4.370700">
						<ele>331</ele>
						<time>2026-02-16T14:06:51Z</time>
					</trkpt>
					<trkpt lat="46.640760" lon="4.370720">
						<ele>331</ele>
						<time>2026-02-16T14:06:52Z</time>
					</trkpt>
					<trkpt lat="46.640790" lon="4.370740">
						<ele>331</ele>
						<time>2026-02-16T14:06:53Z</time>
					</trkpt>
					<trkpt lat="46.640860" lon="4.370820">
						<ele>332</ele>
						<time>2026-02-16T14:06:54Z</time>
					</trkpt>
					<trkpt lat="46.641010" lon="4.371110">
						<ele>332</ele>
						<time>2026-02-16T14:06:59Z</time>
					</trkpt>
					<trkpt lat="46.641240" lon="4.371570">
						<ele>334</ele>
						<time>2026-02-16T14:07:06Z</time>
					</trkpt>
					<trkpt lat="46.641340" lon="4.371760">
						<ele>334</ele>
						<time>2026-02-16T14:07:08Z</time>
					</trkpt>
					<trkpt lat="46.641410" lon="4.371980">
						<ele>335</ele>
						<time>2026-02-16T14:07:11Z</time>
					</trkpt>
					<trkpt lat="46.641410" lon="4.372000">
						<ele>335</ele>
						<time>2026-02-16T14:07:12Z</time>
					</trkpt>
					<trkpt lat="46.641580" lon="4.372620">
						<ele>337</ele>
						<time>2026-02-16T14:07:20Z</time>
					</trkpt>
					<trkpt lat="46.641680" lon="4.372950">
						<ele>338</ele>
						<time>2026-02-16T14:07:24Z</time>
					</trkpt>
					<trkpt lat="46.641780" lon="4.373180">
						<ele>338</ele>
						<time>2026-02-16T14:07:28Z</time>
					</trkpt>
					<trkpt lat="46.642220" lon="4.373880">
						<ele>340</ele>
						<time>2026-02-16T14:07:39Z</time>
					</trkpt>
					<trkpt lat="46.642390" lon="4.374110">
						<ele>341</ele>
						<time>2026-02-16T14:07:43Z</time>
					</trkpt>
					<trkpt lat="46.642500" lon="4.374200">
						<ele>342</ele>
						<time>2026-02-16T14:07:46Z</time>
					</trkpt>
					<trkpt lat="46.642580" lon="4.374260">
						<ele>343</ele>
						<time>2026-02-16T14:07:47Z</time>
					</trkpt>
					<trkpt lat="46.642580" lon="4.374520">
						<ele>344</ele>
						<time>2026-02-16T14:07:50Z</time>
					</trkpt>
					<trkpt lat="46.642590" lon="4.374610">
						<ele>344</ele>
						<time>2026-02-16T14:07:51Z</time>
					</trkpt>
					<trkpt lat="46.642670" lon="4.374840">
						<ele>345</ele>
						<time>2026-02-16T14:07:55Z</time>
					</trkpt>
					<trkpt lat="46.643610" lon="4.377650">
						<ele>353</ele>
						<time>2026-02-16T14:08:33Z</time>
					</trkpt>
					<trkpt lat="46.643880" lon="4.378360">
						<ele>354</ele>
						<time>2026-02-16T14:08:43Z</time>
					</trkpt>
					<trkpt lat="46.644470" lon="4.379820">
						<ele>356</ele>
						<time>2026-02-16T14:09:03Z</time>
					</trkpt>
					<trkpt lat="46.644690" lon="4.380400">
						<ele>357</ele>
						<time>2026-02-16T14:09:11Z</time>
					</trkpt>
					<trkpt lat="46.644920" lon="4.380870">
						<ele>357</ele>
						<time>2026-02-16T14:09:19Z</time>
					</trkpt>
					<trkpt lat="46.645180" lon="4.381360">
						<ele>357</ele>
						<time>2026-02-16T14:09:26Z</time>
					</trkpt>
					<trkpt lat="46.645450" lon="4.381850">
						<ele>358</ele>
						<time>2026-02-16T14:09:34Z</time>
					</trkpt>
					<trkpt lat="46.645500" lon="4.381960">
						<ele>358</ele>
						<time>2026-02-16T14:09:35Z</time>
					</trkpt>
					<trkpt lat="46.645530" lon="4.382060">
						<ele>358</ele>
						<time>2026-02-16T14:09:37Z</time>
					</trkpt>
					<trkpt lat="46.645560" lon="4.382170">
						<ele>358</ele>
						<time>2026-02-16T14:09:38Z</time>
					</trkpt>
					<trkpt lat="46.645580" lon="4.382400">
						<ele>357</ele>
						<time>2026-02-16T14:09:41Z</time>
					</trkpt>
					<trkpt lat="46.645580" lon="4.382750">
						<ele>356</ele>
						<time>2026-02-16T14:09:45Z</time>
					</trkpt>
					<trkpt lat="46.645570" lon="4.383400">
						<ele>354</ele>
						<time>2026-02-16T14:09:53Z</time>
					</trkpt>
					<trkpt lat="46.645490" lon="4.384730">
						<ele>349</ele>
						<time>2026-02-16T14:10:10Z</time>
					</trkpt>
					<trkpt lat="46.645480" lon="4.385060">
						<ele>348</ele>
						<time>2026-02-16T14:10:14Z</time>
					</trkpt>
					<trkpt lat="46.645440" lon="4.386190">
						<ele>349</ele>
						<time>2026-02-16T14:10:27Z</time>
					</trkpt>
					<trkpt lat="46.645440" lon="4.386510">
						<ele>349</ele>
						<time>2026-02-16T14:10:31Z</time>
					</trkpt>
					<trkpt lat="46.645450" lon="4.386720">
						<ele>350</ele>
						<time>2026-02-16T14:10:34Z</time>
					</trkpt>
					<trkpt lat="46.645550" lon="4.387390">
						<ele>350</ele>
						<time>2026-02-16T14:10:42Z</time>
					</trkpt>
					<trkpt lat="46.645680" lon="4.388550">
						<ele>352</ele>
						<time>2026-02-16T14:10:57Z</time>
					</trkpt>
					<trkpt lat="46.645810" lon="4.389470">
						<ele>353</ele>
						<time>2026-02-16T14:11:08Z</time>
					</trkpt>
					<trkpt lat="46.646080" lon="4.390920">
						<ele>359</ele>
						<time>2026-02-16T14:11:26Z</time>
					</trkpt>
					<trkpt lat="46.646160" lon="4.391230">
						<ele>360</ele>
						<time>2026-02-16T14:11:30Z</time>
					</trkpt>
					<trkpt lat="46.646300" lon="4.391720">
						<ele>361</ele>
						<time>2026-02-16T14:11:37Z</time>
					</trkpt>
					<trkpt lat="46.646330" lon="4.391850">
						<ele>361</ele>
						<time>2026-02-16T14:11:39Z</time>
					</trkpt>
					<trkpt lat="46.646720" lon="4.393840">
						<ele>366</ele>
						<time>2026-02-16T14:12:04Z</time>
					</trkpt>
					<trkpt lat="46.646830" lon="4.394320">
						<ele>365</ele>
						<time>2026-02-16T14:12:10Z</time>
					</trkpt>
					<trkpt lat="46.646930" lon="4.394690">
						<ele>364</ele>
						<time>2026-02-16T14:12:15Z</time>
					</trkpt>
					<trkpt lat="46.647450" lon="4.396370">
						<ele>364</ele>
						<time>2026-02-16T14:12:37Z</time>
					</trkpt>
					<trkpt lat="46.647790" lon="4.397400">
						<ele>361</ele>
						<time>2026-02-16T14:12:51Z</time>
					</trkpt>
					<trkpt lat="46.647910" lon="4.397790">
						<ele>361</ele>
						<time>2026-02-16T14:12:57Z</time>
					</trkpt>
					<trkpt lat="46.648100" lon="4.398320">
						<ele>360</ele>
						<time>2026-02-16T14:13:04Z</time>
					</trkpt>
					<trkpt lat="46.647980" lon="4.398470">
						<ele>360</ele>
						<time>2026-02-16T14:13:07Z</time>
					</trkpt>
					<trkpt lat="46.647870" lon="4.398940">
						<ele>361</ele>
						<time>2026-02-16T14:13:13Z</time>
					</trkpt>
					<trkpt lat="46.647780" lon="4.399170">
						<ele>362</ele>
						<time>2026-02-16T14:13:16Z</time>
					</trkpt>
					<trkpt lat="46.647570" lon="4.399570">
						<ele>364</ele>
						<time>2026-02-16T14:13:22Z</time>
					</trkpt>
					<trkpt lat="46.647230" lon="4.400220">
						<ele>366</ele>
						<time>2026-02-16T14:13:32Z</time>
					</trkpt>
					<trkpt lat="46.646890" lon="4.400950">
						<ele>368</ele>
						<time>2026-02-16T14:13:43Z</time>
					</trkpt>
					<trkpt lat="46.646800" lon="4.401180">
						<ele>368</ele>
						<time>2026-02-16T14:13:46Z</time>
					</trkpt>
					<trkpt lat="46.646750" lon="4.401570">
						<ele>368</ele>
						<time>2026-02-16T14:13:51Z</time>
					</trkpt>
					<trkpt lat="46.646740" lon="4.401710">
						<ele>368</ele>
						<time>2026-02-16T14:13:53Z</time>
					</trkpt>
					<trkpt lat="46.646710" lon="4.402060">
						<ele>368</ele>
						<time>2026-02-16T14:13:57Z</time>
					</trkpt>
					<trkpt lat="46.646660" lon="4.402460">
						<ele>368</ele>
						<time>2026-02-16T14:14:02Z</time>
					</trkpt>
					<trkpt lat="46.646580" lon="4.402910">
						<ele>368</ele>
						<time>2026-02-16T14:14:08Z</time>
					</trkpt>
					<trkpt lat="46.646520" lon="4.403130">
						<ele>367</ele>
						<time>2026-02-16T14:14:11Z</time>
					</trkpt>
					<trkpt lat="46.646430" lon="4.403240">
						<ele>366</ele>
						<time>2026-02-16T14:14:13Z</time>
					</trkpt>
					<trkpt lat="46.646300" lon="4.403310">
						<ele>365</ele>
						<time>2026-02-16T14:14:15Z</time>
					</trkpt>
					<trkpt lat="46.645550" lon="4.403540">
						<ele>357</ele>
						<time>2026-02-16T14:14:29Z</time>
					</trkpt>
					<trkpt lat="46.645370" lon="4.403590">
						<ele>355</ele>
						<time>2026-02-16T14:14:32Z</time>
					</trkpt>
					<trkpt lat="46.644940" lon="4.403730">
						<ele>349</ele>
						<time>2026-02-16T14:14:40Z</time>
					</trkpt>
					<trkpt lat="46.643750" lon="4.404050">
						<ele>338</ele>
						<time>2026-02-16T14:15:01Z</time>
					</trkpt>
					<trkpt lat="46.642840" lon="4.404340">
						<ele>329</ele>
						<time>2026-02-16T14:15:18Z</time>
					</trkpt>
					<trkpt lat="46.642660" lon="4.404430">
						<ele>327</ele>
						<time>2026-02-16T14:15:21Z</time>
					</trkpt>
					<trkpt lat="46.642520" lon="4.404560">
						<ele>326</ele>
						<time>2026-02-16T14:15:24Z</time>
					</trkpt>
					<trkpt lat="46.642230" lon="4.404840">
						<ele>326</ele>
						<time>2026-02-16T14:15:31Z</time>
					</trkpt>
					<trkpt lat="46.642030" lon="4.404950">
						<ele>328</ele>
						<time>2026-02-16T14:15:34Z</time>
					</trkpt>
					<trkpt lat="46.641840" lon="4.404950">
						<ele>329</ele>
						<time>2026-02-16T14:15:38Z</time>
					</trkpt>
					<trkpt lat="46.641610" lon="4.404880">
						<ele>329</ele>
						<time>2026-02-16T14:15:42Z</time>
					</trkpt>
					<trkpt lat="46.641390" lon="4.404780">
						<ele>331</ele>
						<time>2026-02-16T14:15:46Z</time>
					</trkpt>
					<trkpt lat="46.640970" lon="4.404550">
						<ele>332</ele>
						<time>2026-02-16T14:15:54Z</time>
					</trkpt>
					<trkpt lat="46.640670" lon="4.404420">
						<ele>332</ele>
						<time>2026-02-16T14:16:00Z</time>
					</trkpt>
					<trkpt lat="46.640460" lon="4.404390">
						<ele>332</ele>
						<time>2026-02-16T14:16:03Z</time>
					</trkpt>
					<trkpt lat="46.640230" lon="4.404410">
						<ele>333</ele>
						<time>2026-02-16T14:16:07Z</time>
					</trkpt>
					<trkpt lat="46.639840" lon="4.404510">
						<ele>335</ele>
						<time>2026-02-16T14:16:14Z</time>
					</trkpt>
					<trkpt lat="46.639520" lon="4.404610">
						<ele>334</ele>
						<time>2026-02-16T14:16:20Z</time>
					</trkpt>
					<trkpt lat="46.639290" lon="4.404760">
						<ele>333</ele>
						<time>2026-02-16T14:16:25Z</time>
					</trkpt>
					<trkpt lat="46.639010" lon="4.405010">
						<ele>333</ele>
						<time>2026-02-16T14:16:31Z</time>
					</trkpt>
					<trkpt lat="46.638590" lon="4.405410">
						<ele>330</ele>
						<time>2026-02-16T14:16:40Z</time>
					</trkpt>
					<trkpt lat="46.638450" lon="4.405610">
						<ele>330</ele>
						<time>2026-02-16T14:16:43Z</time>
					</trkpt>
					<trkpt lat="46.638310" lon="4.405980">
						<ele>330</ele>
						<time>2026-02-16T14:16:48Z</time>
					</trkpt>
					<trkpt lat="46.637940" lon="4.407270">
						<ele>329</ele>
						<time>2026-02-16T14:17:05Z</time>
					</trkpt>
					<trkpt lat="46.637800" lon="4.407800">
						<ele>329</ele>
						<time>2026-02-16T14:17:12Z</time>
					</trkpt>
					<trkpt lat="46.637720" lon="4.408050">
						<ele>328</ele>
						<time>2026-02-16T14:17:16Z</time>
					</trkpt>
					<trkpt lat="46.637630" lon="4.408220">
						<ele>328</ele>
						<time>2026-02-16T14:17:18Z</time>
					</trkpt>
					<trkpt lat="46.637460" lon="4.408390">
						<ele>328</ele>
						<time>2026-02-16T14:17:22Z</time>
					</trkpt>
					<trkpt lat="46.637270" lon="4.408490">
						<ele>329</ele>
						<time>2026-02-16T14:17:25Z</time>
					</trkpt>
					<trkpt lat="46.636940" lon="4.408590">
						<ele>330</ele>
						<time>2026-02-16T14:17:31Z</time>
					</trkpt>
					<trkpt lat="46.636540" lon="4.408660">
						<ele>332</ele>
						<time>2026-02-16T14:17:39Z</time>
					</trkpt>
					<trkpt lat="46.636290" lon="4.408690">
						<ele>335</ele>
						<time>2026-02-16T14:17:43Z</time>
					</trkpt>
					<trkpt lat="46.636020" lon="4.408690">
						<ele>338</ele>
						<time>2026-02-16T14:17:48Z</time>
					</trkpt>
					<trkpt lat="46.635380" lon="4.408560">
						<ele>345</ele>
						<time>2026-02-16T14:17:59Z</time>
					</trkpt>
					<trkpt lat="46.634700" lon="4.408440">
						<ele>351</ele>
						<time>2026-02-16T14:18:12Z</time>
					</trkpt>
					<trkpt lat="46.634350" lon="4.408410">
						<ele>352</ele>
						<time>2026-02-16T14:18:18Z</time>
					</trkpt>
					<trkpt lat="46.633930" lon="4.408490">
						<ele>351</ele>
						<time>2026-02-16T14:18:25Z</time>
					</trkpt>
					<trkpt lat="46.633720" lon="4.408530">
						<ele>350</ele>
						<time>2026-02-16T14:18:29Z</time>
					</trkpt>
					<trkpt lat="46.633380" lon="4.408610">
						<ele>348</ele>
						<time>2026-02-16T14:18:35Z</time>
					</trkpt>
					<trkpt lat="46.633070" lon="4.408650">
						<ele>345</ele>
						<time>2026-02-16T14:18:41Z</time>
					</trkpt>
					<trkpt lat="46.632800" lon="4.408630">
						<ele>343</ele>
						<time>2026-02-16T14:18:46Z</time>
					</trkpt>
					<trkpt lat="46.632710" lon="4.408600">
						<ele>342</ele>
						<time>2026-02-16T14:18:47Z</time>
					</trkpt>
					<trkpt lat="46.632510" lon="4.408530">
						<ele>341</ele>
						<time>2026-02-16T14:18:51Z</time>
					</trkpt>
					<trkpt lat="46.631410" lon="4.408090">
						<ele>333</ele>
						<time>2026-02-16T14:19:11Z</time>
					</trkpt>
					<trkpt lat="46.630930" lon="4.407810">
						<ele>329</ele>
						<time>2026-02-16T14:19:20Z</time>
					</trkpt>
					<trkpt lat="46.630270" lon="4.407350">
						<ele>325</ele>
						<time>2026-02-16T14:19:33Z</time>
					</trkpt>
					<trkpt lat="46.629750" lon="4.406900">
						<ele>322</ele>
						<time>2026-02-16T14:19:44Z</time>
					</trkpt>
					<trkpt lat="46.629670" lon="4.406830">
						<ele>321</ele>
						<time>2026-02-16T14:19:46Z</time>
					</trkpt>
					<trkpt lat="46.628710" lon="4.406100">
						<ele>316</ele>
						<time>2026-02-16T14:20:05Z</time>
					</trkpt>
					<trkpt lat="46.628290" lon="4.405750">
						<ele>315</ele>
						<time>2026-02-16T14:20:14Z</time>
					</trkpt>
					<trkpt lat="46.628080" lon="4.405700">
						<ele>314</ele>
						<time>2026-02-16T14:20:17Z</time>
					</trkpt>
					<trkpt lat="46.627940" lon="4.405580">
						<ele>312</ele>
						<time>2026-02-16T14:20:20Z</time>
					</trkpt>
					<trkpt lat="46.627790" lon="4.405350">
						<ele>311</ele>
						<time>2026-02-16T14:20:24Z</time>
					</trkpt>
					<trkpt lat="46.627630" lon="4.405160">
						<ele>310</ele>
						<time>2026-02-16T14:20:28Z</time>
					</trkpt>
					<trkpt lat="46.627510" lon="4.405060">
						<ele>310</ele>
						<time>2026-02-16T14:20:30Z</time>
					</trkpt>
					<trkpt lat="46.627460" lon="4.405040">
						<ele>310</ele>
						<time>2026-02-16T14:20:31Z</time>
					</trkpt>
					<trkpt lat="46.627340" lon="4.405000">
						<ele>310</ele>
						<time>2026-02-16T14:20:33Z</time>
					</trkpt>
					<trkpt lat="46.627240" lon="4.404960">
						<ele>310</ele>
						<time>2026-02-16T14:20:35Z</time>
					</trkpt>
					<trkpt lat="46.627180" lon="4.404970">
						<ele>310</ele>
						<time>2026-02-16T14:20:36Z</time>
					</trkpt>
					<trkpt lat="46.626870" lon="4.405100">
						<ele>310</ele>
						<time>2026-02-16T14:20:42Z</time>
					</trkpt>
					<trkpt lat="46.626590" lon="4.405190">
						<ele>310</ele>
						<time>2026-02-16T14:20:47Z</time>
					</trkpt>
					<trkpt lat="46.626230" lon="4.405260">
						<ele>313</ele>
						<time>2026-02-16T14:20:54Z</time>
					</trkpt>
					<trkpt lat="46.626050" lon="4.405250">
						<ele>315</ele>
						<time>2026-02-16T14:20:57Z</time>
					</trkpt>
					<trkpt lat="46.625900" lon="4.405200">
						<ele>317</ele>
						<time>2026-02-16T14:21:00Z</time>
					</trkpt>
					<trkpt lat="46.625740" lon="4.405090">
						<ele>319</ele>
						<time>2026-02-16T14:21:03Z</time>
					</trkpt>
					<trkpt lat="46.625580" lon="4.404900">
						<ele>321</ele>
						<time>2026-02-16T14:21:06Z</time>
					</trkpt>
					<trkpt lat="46.625500" lon="4.404760">
						<ele>322</ele>
						<time>2026-02-16T14:21:09Z</time>
					</trkpt>
					<trkpt lat="46.625210" lon="4.404250">
						<ele>327</ele>
						<time>2026-02-16T14:21:17Z</time>
					</trkpt>
					<trkpt lat="46.625100" lon="4.404080">
						<ele>328</ele>
						<time>2026-02-16T14:21:20Z</time>
					</trkpt>
					<trkpt lat="46.624950" lon="4.403960">
						<ele>328</ele>
						<time>2026-02-16T14:21:23Z</time>
					</trkpt>
					<trkpt lat="46.624520" lon="4.403730">
						<ele>329</ele>
						<time>2026-02-16T14:21:31Z</time>
					</trkpt>
					<trkpt lat="46.623020" lon="4.403280">
						<ele>336</ele>
						<time>2026-02-16T14:21:58Z</time>
					</trkpt>
					<trkpt lat="46.622880" lon="4.403280">
						<ele>336</ele>
						<time>2026-02-16T14:22:01Z</time>
					</trkpt>
					<trkpt lat="46.622700" lon="4.403310">
						<ele>337</ele>
						<time>2026-02-16T14:22:04Z</time>
					</trkpt>
					<trkpt lat="46.622330" lon="4.403410">
						<ele>338</ele>
						<time>2026-02-16T14:22:11Z</time>
					</trkpt>
					<trkpt lat="46.622140" lon="4.403470">
						<ele>338</ele>
						<time>2026-02-16T14:22:14Z</time>
					</trkpt>
					<trkpt lat="46.621910" lon="4.403590">
						<ele>338</ele>
						<time>2026-02-16T14:22:18Z</time>
					</trkpt>
					<trkpt lat="46.621430" lon="4.403920">
						<ele>339</ele>
						<time>2026-02-16T14:22:28Z</time>
					</trkpt>
					<trkpt lat="46.621280" lon="4.404080">
						<ele>340</ele>
						<time>2026-02-16T14:22:31Z</time>
					</trkpt>
					<trkpt lat="46.621140" lon="4.404320">
						<ele>341</ele>
						<time>2026-02-16T14:22:35Z</time>
					</trkpt>
					<trkpt lat="46.620940" lon="4.404900">
						<ele>341</ele>
						<time>2026-02-16T14:22:43Z</time>
					</trkpt>
					<trkpt lat="46.620740" lon="4.405360">
						<ele>342</ele>
						<time>2026-02-16T14:22:50Z</time>
					</trkpt>
					<trkpt lat="46.620610" lon="4.405720">
						<ele>343</ele>
						<time>2026-02-16T14:22:54Z</time>
					</trkpt>
					<trkpt lat="46.620560" lon="4.405820">
						<ele>343</ele>
						<time>2026-02-16T14:22:56Z</time>
					</trkpt>
					<trkpt lat="46.620270" lon="4.406000">
						<ele>345</ele>
						<time>2026-02-16T14:23:02Z</time>
					</trkpt>
					<trkpt lat="46.620050" lon="4.406060">
						<ele>346</ele>
						<time>2026-02-16T14:23:06Z</time>
					</trkpt>
					<trkpt lat="46.619800" lon="4.406030">
						<ele>347</ele>
						<time>2026-02-16T14:23:10Z</time>
					</trkpt>
					<trkpt lat="46.619680" lon="4.405950">
						<ele>347</ele>
						<time>2026-02-16T14:23:12Z</time>
					</trkpt>
					<trkpt lat="46.619380" lon="4.405740">
						<ele>348</ele>
						<time>2026-02-16T14:23:18Z</time>
					</trkpt>
					<trkpt lat="46.619140" lon="4.405570">
						<ele>348</ele>
						<time>2026-02-16T14:23:23Z</time>
					</trkpt>
					<trkpt lat="46.618940" lon="4.405450">
						<ele>348</ele>
						<time>2026-02-16T14:23:27Z</time>
					</trkpt>
					<trkpt lat="46.618890" lon="4.405440">
						<ele>349</ele>
						<time>2026-02-16T14:23:28Z</time>
					</trkpt>
					<trkpt lat="46.618840" lon="4.405440">
						<ele>349</ele>
						<time>2026-02-16T14:23:29Z</time>
					</trkpt>
					<trkpt lat="46.618770" lon="4.405440">
						<ele>349</ele>
						<time>2026-02-16T14:23:30Z</time>
					</trkpt>
					<trkpt lat="46.618310" lon="4.405600">
						<ele>353</ele>
						<time>2026-02-16T14:23:38Z</time>
					</trkpt>
					<trkpt lat="46.618150" lon="4.405590">
						<ele>355</ele>
						<time>2026-02-16T14:23:41Z</time>
					</trkpt>
					<trkpt lat="46.618020" lon="4.405550">
						<ele>356</ele>
						<time>2026-02-16T14:23:44Z</time>
					</trkpt>
					<trkpt lat="46.617860" lon="4.405480">
						<ele>357</ele>
						<time>2026-02-16T14:23:47Z</time>
					</trkpt>
					<trkpt lat="46.617590" lon="4.405290">
						<ele>359</ele>
						<time>2026-02-16T14:23:52Z</time>
					</trkpt>
					<trkpt lat="46.617470" lon="4.405180">
						<ele>360</ele>
						<time>2026-02-16T14:23:54Z</time>
					</trkpt>
					<trkpt lat="46.617300" lon="4.405010">
						<ele>361</ele>
						<time>2026-02-16T14:23:58Z</time>
					</trkpt>
					<trkpt lat="46.616900" lon="4.404540">
						<ele>363</ele>
						<time>2026-02-16T14:24:07Z</time>
					</trkpt>
					<trkpt lat="46.616780" lon="4.404350">
						<ele>363</ele>
						<time>2026-02-16T14:24:10Z</time>
					</trkpt>
					<trkpt lat="46.616560" lon="4.403810">
						<ele>365</ele>
						<time>2026-02-16T14:24:18Z</time>
					</trkpt>
					<trkpt lat="46.616330" lon="4.403400">
						<ele>370</ele>
						<time>2026-02-16T14:24:25Z</time>
					</trkpt>
					<trkpt lat="46.616250" lon="4.403260">
						<ele>371</ele>
						<time>2026-02-16T14:24:27Z</time>
					</trkpt>
					<trkpt lat="46.616140" lon="4.402940">
						<ele>372</ele>
						<time>2026-02-16T14:24:31Z</time>
					</trkpt>
					<trkpt lat="46.615990" lon="4.402180">
						<ele>373</ele>
						<time>2026-02-16T14:24:41Z</time>
					</trkpt>
					<trkpt lat="46.615870" lon="4.401850">
						<ele>374</ele>
						<time>2026-02-16T14:24:45Z</time>
					</trkpt>
					<trkpt lat="46.615750" lon="4.401580">
						<ele>376</ele>
						<time>2026-02-16T14:24:49Z</time>
					</trkpt>
					<trkpt lat="46.615550" lon="4.401300">
						<ele>380</ele>
						<time>2026-02-16T14:24:54Z</time>
					</trkpt>
					<trkpt lat="46.615360" lon="4.401010">
						<ele>383</ele>
						<time>2026-02-16T14:24:59Z</time>
					</trkpt>
					<trkpt lat="46.615270" lon="4.400780">
						<ele>383</ele>
						<time>2026-02-16T14:25:02Z</time>
					</trkpt>
					<trkpt lat="46.615070" lon="4.400190">
						<ele>379</ele>
						<time>2026-02-16T14:25:10Z</time>
					</trkpt>
					<trkpt lat="46.614960" lon="4.399970">
						<ele>379</ele>
						<time>2026-02-16T14:25:14Z</time>
					</trkpt>
					<trkpt lat="46.614900" lon="4.399870">
						<ele>379</ele>
						<time>2026-02-16T14:25:15Z</time>
					</trkpt>
					<trkpt lat="46.614570" lon="4.399380">
						<ele>381</ele>
						<time>2026-02-16T14:25:24Z</time>
					</trkpt>
					<trkpt lat="46.614430" lon="4.399110">
						<ele>380</ele>
						<time>2026-02-16T14:25:28Z</time>
					</trkpt>
					<trkpt lat="46.614330" lon="4.398880">
						<ele>381</ele>
						<time>2026-02-16T14:25:31Z</time>
					</trkpt>
					<trkpt lat="46.614270" lon="4.398620">
						<ele>380</ele>
						<time>2026-02-16T14:25:35Z</time>
					</trkpt>
					<trkpt lat="46.614250" lon="4.398320">
						<ele>379</ele>
						<time>2026-02-16T14:25:38Z</time>
					</trkpt>
					<trkpt lat="46.614250" lon="4.397620">
						<ele>380</ele>
						<time>2026-02-16T14:25:47Z</time>
					</trkpt>
					<trkpt lat="46.614210" lon="4.397390">
						<ele>380</ele>
						<time>2026-02-16T14:25:50Z</time>
					</trkpt>
					<trkpt lat="46.614190" lon="4.397320">
						<ele>381</ele>
						<time>2026-02-16T14:25:51Z</time>
					</trkpt>
					<trkpt lat="46.614140" lon="4.397130">
						<ele>381</ele>
						<time>2026-02-16T14:25:53Z</time>
					</trkpt>
					<trkpt lat="46.614030" lon="4.396890">
						<ele>380</ele>
						<time>2026-02-16T14:25:57Z</time>
					</trkpt>
					<trkpt lat="46.613910" lon="4.396730">
						<ele>380</ele>
						<time>2026-02-16T14:26:00Z</time>
					</trkpt>
					<trkpt lat="46.613800" lon="4.396640">
						<ele>380</ele>
						<time>2026-02-16T14:26:02Z</time>
					</trkpt>
					<trkpt lat="46.613790" lon="4.396680">
						<ele>380</ele>
						<time>2026-02-16T14:26:02Z</time>
					</trkpt>
					<trkpt lat="46.613800" lon="4.396640">
						<ele>380</ele>
						<time>2026-02-16T14:26:03Z</time>
					</trkpt>
					<trkpt lat="46.613740" lon="4.396610">
						<ele>380</ele>
						<time>2026-02-16T14:26:04Z</time>
					</trkpt>
					<trkpt lat="46.613620" lon="4.396590">
						<ele>380</ele>
						<time>2026-02-16T14:26:06Z</time>
					</trkpt>
					<trkpt lat="46.613510" lon="4.396600">
						<ele>380</ele>
						<time>2026-02-16T14:26:08Z</time>
					</trkpt>
					<trkpt lat="46.613160" lon="4.396720">
						<ele>380</ele>
						<time>2026-02-16T14:26:14Z</time>
					</trkpt>
					<trkpt lat="46.612990" lon="4.396750">
						<ele>380</ele>
						<time>2026-02-16T14:26:17Z</time>
					</trkpt>
					<trkpt lat="46.612870" lon="4.396730">
						<ele>380</ele>
						<time>2026-02-16T14:26:20Z</time>
					</trkpt>
					<trkpt lat="46.612670" lon="4.396640">
						<ele>379</ele>
						<time>2026-02-16T14:26:23Z</time>
					</trkpt>
					<trkpt lat="46.612450" lon="4.396510">
						<ele>378</ele>
						<time>2026-02-16T14:26:28Z</time>
					</trkpt>
					<trkpt lat="46.612220" lon="4.396330">
						<ele>377</ele>
						<time>2026-02-16T14:26:32Z</time>
					</trkpt>
					<trkpt lat="46.611760" lon="4.395920">
						<ele>375</ele>
						<time>2026-02-16T14:26:42Z</time>
					</trkpt>
					<trkpt lat="46.611570" lon="4.395790">
						<ele>374</ele>
						<time>2026-02-16T14:26:46Z</time>
					</trkpt>
					<trkpt lat="46.611320" lon="4.395700">
						<ele>372</ele>
						<time>2026-02-16T14:26:50Z</time>
					</trkpt>
					<trkpt lat="46.611160" lon="4.395640">
						<ele>371</ele>
						<time>2026-02-16T14:26:53Z</time>
					</trkpt>
					<trkpt lat="46.610970" lon="4.395600">
						<ele>370</ele>
						<time>2026-02-16T14:26:56Z</time>
					</trkpt>
					<trkpt lat="46.610790" lon="4.395600">
						<ele>370</ele>
						<time>2026-02-16T14:27:00Z</time>
					</trkpt>
					<trkpt lat="46.610550" lon="4.395670">
						<ele>367</ele>
						<time>2026-02-16T14:27:04Z</time>
					</trkpt>
					<trkpt lat="46.610280" lon="4.395800">
						<ele>364</ele>
						<time>2026-02-16T14:27:09Z</time>
					</trkpt>
					<trkpt lat="46.610020" lon="4.395990">
						<ele>361</ele>
						<time>2026-02-16T14:27:14Z</time>
					</trkpt>
					<trkpt lat="46.609820" lon="4.396190">
						<ele>360</ele>
						<time>2026-02-16T14:27:19Z</time>
					</trkpt>
					<trkpt lat="46.609690" lon="4.396380">
						<ele>360</ele>
						<time>2026-02-16T14:27:22Z</time>
					</trkpt>
					<trkpt lat="46.609610" lon="4.396530">
						<ele>360</ele>
						<time>2026-02-16T14:27:24Z</time>
					</trkpt>
					<trkpt lat="46.609510" lon="4.396740">
						<ele>359</ele>
						<time>2026-02-16T14:27:27Z</time>
					</trkpt>
					<trkpt lat="46.609330" lon="4.397340">
						<ele>357</ele>
						<time>2026-02-16T14:27:35Z</time>
					</trkpt>
					<trkpt lat="46.609260" lon="4.397550">
						<ele>356</ele>
						<time>2026-02-16T14:27:38Z</time>
					</trkpt>
					<trkpt lat="46.609200" lon="4.397670">
						<ele>356</ele>
						<time>2026-02-16T14:27:40Z</time>
					</trkpt>
					<trkpt lat="46.609060" lon="4.397840">
						<ele>355</ele>
						<time>2026-02-16T14:27:43Z</time>
					</trkpt>
					<trkpt lat="46.608920" lon="4.397880">
						<ele>355</ele>
						<time>2026-02-16T14:27:46Z</time>
					</trkpt>
					<trkpt lat="46.608720" lon="4.397860">
						<ele>353</ele>
						<time>2026-02-16T14:27:49Z</time>
					</trkpt>
					<trkpt lat="46.608610" lon="4.397840">
						<ele>352</ele>
						<time>2026-02-16T14:27:51Z</time>
					</trkpt>
					<trkpt lat="46.608120" lon="4.397650">
						<ele>351</ele>
						<time>2026-02-16T14:28:00Z</time>
					</trkpt>
					<trkpt lat="46.607900" lon="4.397480">
						<ele>351</ele>
						<time>2026-02-16T14:28:05Z</time>
					</trkpt>
					<trkpt lat="46.607820" lon="4.397380">
						<ele>351</ele>
						<time>2026-02-16T14:28:07Z</time>
					</trkpt>
					<trkpt lat="46.607770" lon="4.397240">
						<ele>351</ele>
						<time>2026-02-16T14:28:09Z</time>
					</trkpt>
					<trkpt lat="46.607690" lon="4.396880">
						<ele>348</ele>
						<time>2026-02-16T14:28:13Z</time>
					</trkpt>
					<trkpt lat="46.607610" lon="4.396430">
						<ele>345</ele>
						<time>2026-02-16T14:28:19Z</time>
					</trkpt>
					<trkpt lat="46.607550" lon="4.396220">
						<ele>344</ele>
						<time>2026-02-16T14:28:22Z</time>
					</trkpt>
					<trkpt lat="46.607500" lon="4.396080">
						<ele>343</ele>
						<time>2026-02-16T14:28:24Z</time>
					</trkpt>
					<trkpt lat="46.607340" lon="4.395810">
						<ele>341</ele>
						<time>2026-02-16T14:28:28Z</time>
					</trkpt>
					<trkpt lat="46.607220" lon="4.395660">
						<ele>341</ele>
						<time>2026-02-16T14:28:31Z</time>
					</trkpt>
					<trkpt lat="46.607100" lon="4.395560">
						<ele>340</ele>
						<time>2026-02-16T14:28:33Z</time>
					</trkpt>
					<trkpt lat="46.606920" lon="4.395500">
						<ele>340</ele>
						<time>2026-02-16T14:28:37Z</time>
					</trkpt>
					<trkpt lat="46.606820" lon="4.395500">
						<ele>341</ele>
						<time>2026-02-16T14:28:38Z</time>
					</trkpt>
					<trkpt lat="46.606690" lon="4.395580">
						<ele>342</ele>
						<time>2026-02-16T14:28:41Z</time>
					</trkpt>
					<trkpt lat="46.606640" lon="4.395630">
						<ele>342</ele>
						<time>2026-02-16T14:28:42Z</time>
					</trkpt>
					<trkpt lat="46.606110" lon="4.396130">
						<ele>343</ele>
						<time>2026-02-16T14:28:53Z</time>
					</trkpt>
					<trkpt lat="46.605920" lon="4.396300">
						<ele>343</ele>
						<time>2026-02-16T14:28:57Z</time>
					</trkpt>
					<trkpt lat="46.605810" lon="4.396360">
						<ele>343</ele>
						<time>2026-02-16T14:28:59Z</time>
					</trkpt>
					<trkpt lat="46.605230" lon="4.396460">
						<ele>342</ele>
						<time>2026-02-16T14:29:10Z</time>
					</trkpt>
					<trkpt lat="46.605020" lon="4.396510">
						<ele>341</ele>
						<time>2026-02-16T14:29:13Z</time>
					</trkpt>
					<trkpt lat="46.604930" lon="4.396530">
						<ele>341</ele>
						<time>2026-02-16T14:29:15Z</time>
					</trkpt>
					<trkpt lat="46.604770" lon="4.396610">
						<ele>341</ele>
						<time>2026-02-16T14:29:18Z</time>
					</trkpt>
					<trkpt lat="46.604610" lon="4.396720">
						<ele>342</ele>
						<time>2026-02-16T14:29:21Z</time>
					</trkpt>
					<trkpt lat="46.604510" lon="4.396730">
						<ele>341</ele>
						<time>2026-02-16T14:29:23Z</time>
					</trkpt>
					<trkpt lat="46.604500" lon="4.396730">
						<ele>341</ele>
						<time>2026-02-16T14:29:23Z</time>
					</trkpt>
					<trkpt lat="46.604920" lon="4.395810">
						<ele>333</ele>
						<time>2026-02-16T14:29:37Z</time>
					</trkpt>
					<trkpt lat="46.606150" lon="4.393160">
						<ele>325</ele>
						<time>2026-02-16T14:30:16Z</time>
					</trkpt>
					<trkpt lat="46.606570" lon="4.392270">
						<ele>323</ele>
						<time>2026-02-16T14:30:29Z</time>
					</trkpt>
					<trkpt lat="46.606820" lon="4.391720">
						<ele>323</ele>
						<time>2026-02-16T14:30:37Z</time>
					</trkpt>
					<trkpt lat="46.607890" lon="4.389370">
						<ele>325</ele>
						<time>2026-02-16T14:31:11Z</time>
					</trkpt>
					<trkpt lat="46.607970" lon="4.389200">
						<ele>325</ele>
						<time>2026-02-16T14:31:14Z</time>
					</trkpt>
					<trkpt lat="46.608440" lon="4.388070">
						<ele>322</ele>
						<time>2026-02-16T14:31:30Z</time>
					</trkpt>
					<trkpt lat="46.608710" lon="4.387410">
						<ele>323</ele>
						<time>2026-02-16T14:31:39Z</time>
					</trkpt>
					<trkpt lat="46.608890" lon="4.386990">
						<ele>321</ele>
						<time>2026-02-16T14:31:46Z</time>
					</trkpt>
					<trkpt lat="46.609140" lon="4.386430">
						<ele>319</ele>
						<time>2026-02-16T14:31:54Z</time>
					</trkpt>
					<trkpt lat="46.609250" lon="4.386130">
						<ele>318</ele>
						<time>2026-02-16T14:31:58Z</time>
					</trkpt>
					<trkpt lat="46.609300" lon="4.385910">
						<ele>317</ele>
						<time>2026-02-16T14:32:01Z</time>
					</trkpt>
					<trkpt lat="46.609330" lon="4.385660">
						<ele>317</ele>
						<time>2026-02-16T14:32:04Z</time>
					</trkpt>
					<trkpt lat="46.609640" lon="4.377760">
						<ele>307</ele>
						<time>2026-02-16T14:33:40Z</time>
					</trkpt>
					<trkpt lat="46.609670" lon="4.377090">
						<ele>307</ele>
						<time>2026-02-16T14:33:49Z</time>
					</trkpt>
					<trkpt lat="46.609770" lon="4.374750">
						<ele>305</ele>
						<time>2026-02-16T14:34:17Z</time>
					</trkpt>
					<trkpt lat="46.609770" lon="4.374370">
						<ele>304</ele>
						<time>2026-02-16T14:34:22Z</time>
					</trkpt>
					<trkpt lat="46.609760" lon="4.374050">
						<ele>303</ele>
						<time>2026-02-16T14:34:26Z</time>
					</trkpt>
					<trkpt lat="46.609680" lon="4.372880">
						<ele>303</ele>
						<time>2026-02-16T14:34:40Z</time>
					</trkpt>
					<trkpt lat="46.609630" lon="4.372460">
						<ele>303</ele>
						<time>2026-02-16T14:34:46Z</time>
					</trkpt>
					<trkpt lat="46.609570" lon="4.372230">
						<ele>303</ele>
						<time>2026-02-16T14:34:49Z</time>
					</trkpt>
					<trkpt lat="46.609120" lon="4.371120">
						<ele>301</ele>
						<time>2026-02-16T14:35:04Z</time>
					</trkpt>
					<trkpt lat="46.609040" lon="4.370940">
						<ele>301</ele>
						<time>2026-02-16T14:35:07Z</time>
					</trkpt>
					<trkpt lat="46.609000" lon="4.370850">
						<ele>301</ele>
						<time>2026-02-16T14:35:08Z</time>
					</trkpt>
					<trkpt lat="46.608970" lon="4.370760">
						<ele>301</ele>
						<time>2026-02-16T14:35:09Z</time>
					</trkpt>
					<trkpt lat="46.608440" lon="4.369490">
						<ele>303</ele>
						<time>2026-02-16T14:35:28Z</time>
					</trkpt>
					<trkpt lat="46.608080" lon="4.368610">
						<ele>305</ele>
						<time>2026-02-16T14:35:40Z</time>
					</trkpt>
					<trkpt lat="46.607790" lon="4.368010">
						<ele>305</ele>
						<time>2026-02-16T14:35:49Z</time>
					</trkpt>
					<trkpt lat="46.606900" lon="4.366170">
						<ele>299</ele>
						<time>2026-02-16T14:36:17Z</time>
					</trkpt>
					<trkpt lat="46.606810" lon="4.366010">
						<ele>299</ele>
						<time>2026-02-16T14:36:19Z</time>
					</trkpt>
					<trkpt lat="46.605070" lon="4.362470">
						<ele>298</ele>
						<time>2026-02-16T14:37:12Z</time>
					</trkpt>
					<trkpt lat="46.604370" lon="4.361030">
						<ele>296</ele>
						<time>2026-02-16T14:37:34Z</time>
					</trkpt>
					<trkpt lat="46.604200" lon="4.360690">
						<ele>296</ele>
						<time>2026-02-16T14:37:39Z</time>
					</trkpt>
					<trkpt lat="46.604560" lon="4.360530">
						<ele>299</ele>
						<time>2026-02-16T14:37:46Z</time>
					</trkpt>
					<trkpt lat="46.604770" lon="4.360530">
						<ele>300</ele>
						<time>2026-02-16T14:37:49Z</time>
					</trkpt>
					<trkpt lat="46.604900" lon="4.360630">
						<ele>300</ele>
						<time>2026-02-16T14:37:52Z</time>
					</trkpt>
					<trkpt lat="46.605100" lon="4.360850">
						<ele>301</ele>
						<time>2026-02-16T14:37:57Z</time>
					</trkpt>
					<trkpt lat="46.605260" lon="4.361000">
						<ele>303</ele>
						<time>2026-02-16T14:38:00Z</time>
					</trkpt>
					<trkpt lat="46.605380" lon="4.360990">
						<ele>304</ele>
						<time>2026-02-16T14:38:02Z</time>
					</trkpt>
					<trkpt lat="46.605440" lon="4.360910">
						<ele>305</ele>
						<time>2026-02-16T14:38:03Z</time>
					</trkpt>
					<trkpt lat="46.605470" lon="4.360840">
						<ele>305</ele>
						<time>2026-02-16T14:38:05Z</time>
					</trkpt>
					<trkpt lat="46.605510" lon="4.360700">
						<ele>306</ele>
						<time>2026-02-16T14:38:06Z</time>
					</trkpt>
					<trkpt lat="46.605930" lon="4.359280">
						<ele>314</ele>
						<time>2026-02-16T14:38:25Z</time>
					</trkpt>
					<trkpt lat="46.605970" lon="4.359190">
						<ele>314</ele>
						<time>2026-02-16T14:38:27Z</time>
					</trkpt>
					<trkpt lat="46.606000" lon="4.359140">
						<ele>315</ele>
						<time>2026-02-16T14:38:27Z</time>
					</trkpt>
					<trkpt lat="46.606030" lon="4.359100">
						<ele>315</ele>
						<time>2026-02-16T14:38:28Z</time>
					</trkpt>
					<trkpt lat="46.606080" lon="4.359080">
						<ele>316</ele>
						<time>2026-02-16T14:38:29Z</time>
					</trkpt>
					<trkpt lat="46.606140" lon="4.359090">
						<ele>316</ele>
						<time>2026-02-16T14:38:30Z</time>
					</trkpt>
					<trkpt lat="46.606200" lon="4.359130">
						<ele>317</ele>
						<time>2026-02-16T14:38:31Z</time>
					</trkpt>
					<trkpt lat="46.606230" lon="4.359200">
						<ele>317</ele>
						<time>2026-02-16T14:38:32Z</time>
					</trkpt>
					<trkpt lat="46.606430" lon="4.359920">
						<ele>321</ele>
						<time>2026-02-16T14:38:42Z</time>
					</trkpt>
					<trkpt lat="46.606510" lon="4.360170">
						<ele>322</ele>
						<time>2026-02-16T14:38:45Z</time>
					</trkpt>
					<trkpt lat="46.606570" lon="4.360380">
						<ele>322</ele>
						<time>2026-02-16T14:38:48Z</time>
					</trkpt>
					<trkpt lat="46.606650" lon="4.360560">
						<ele>323</ele>
						<time>2026-02-16T14:38:51Z</time>
					</trkpt>
					<trkpt lat="46.606800" lon="4.360660">
						<ele>324</ele>
						<time>2026-02-16T14:38:53Z</time>
					</trkpt>
					<trkpt lat="46.606850" lon="4.360660">
						<ele>324</ele>
						<time>2026-02-16T14:38:54Z</time>
					</trkpt>
					<trkpt lat="46.606930" lon="4.360660">
						<ele>325</ele>
						<time>2026-02-16T14:38:56Z</time>
					</trkpt>
					<trkpt lat="46.606990" lon="4.360610">
						<ele>325</ele>
						<time>2026-02-16T14:38:57Z</time>
					</trkpt>
					<trkpt lat="46.607270" lon="4.360240">
						<ele>328</ele>
						<time>2026-02-16T14:39:04Z</time>
					</trkpt>
					<trkpt lat="46.607310" lon="4.360190">
						<ele>329</ele>
						<time>2026-02-16T14:39:05Z</time>
					</trkpt>
					<trkpt lat="46.607420" lon="4.360190">
						<ele>329</ele>
						<time>2026-02-16T14:39:07Z</time>
					</trkpt>
					<trkpt lat="46.607620" lon="4.360280">
						<ele>330</ele>
						<time>2026-02-16T14:39:10Z</time>
					</trkpt>
					<trkpt lat="46.607710" lon="4.360300">
						<ele>330</ele>
						<time>2026-02-16T14:39:12Z</time>
					</trkpt>
					<trkpt lat="46.607800" lon="4.360280">
						<ele>330</ele>
						<time>2026-02-16T14:39:14Z</time>
					</trkpt>
					<trkpt lat="46.607880" lon="4.360190">
						<ele>331</ele>
						<time>2026-02-16T14:39:15Z</time>
					</trkpt>
					<trkpt lat="46.608110" lon="4.359860">
						<ele>331</ele>
						<time>2026-02-16T14:39:21Z</time>
					</trkpt>
					<trkpt lat="46.608260" lon="4.359690">
						<ele>331</ele>
						<time>2026-02-16T14:39:25Z</time>
					</trkpt>
					<trkpt lat="46.608310" lon="4.359670">
						<ele>332</ele>
						<time>2026-02-16T14:39:25Z</time>
					</trkpt>
					<trkpt lat="46.608370" lon="4.359630">
						<ele>332</ele>
						<time>2026-02-16T14:39:27Z</time>
					</trkpt>
					<trkpt lat="46.608490" lon="4.359630">
						<ele>332</ele>
						<time>2026-02-16T14:39:29Z</time>
					</trkpt>
					<trkpt lat="46.608700" lon="4.359640">
						<ele>333</ele>
						<time>2026-02-16T14:39:33Z</time>
					</trkpt>
					<trkpt lat="46.608780" lon="4.359650">
						<ele>333</ele>
						<time>2026-02-16T14:39:34Z</time>
					</trkpt>
					<trkpt lat="46.608900" lon="4.359640">
						<ele>334</ele>
						<time>2026-02-16T14:39:36Z</time>
					</trkpt>
					<trkpt lat="46.609000" lon="4.359630">
						<ele>334</ele>
						<time>2026-02-16T14:39:38Z</time>
					</trkpt>
					<trkpt lat="46.609370" lon="4.359570">
						<ele>335</ele>
						<time>2026-02-16T14:39:44Z</time>
					</trkpt>
					<trkpt lat="46.609660" lon="4.359520">
						<ele>335</ele>
						<time>2026-02-16T14:39:50Z</time>
					</trkpt>
					<trkpt lat="46.609800" lon="4.359500">
						<ele>336</ele>
						<time>2026-02-16T14:39:52Z</time>
					</trkpt>
					<trkpt lat="46.610090" lon="4.359460">
						<ele>336</ele>
						<time>2026-02-16T14:39:57Z</time>
					</trkpt>
					<trkpt lat="46.610520" lon="4.359450">
						<ele>337</ele>
						<time>2026-02-16T14:40:05Z</time>
					</trkpt>
					<trkpt lat="46.610710" lon="4.359500">
						<ele>337</ele>
						<time>2026-02-16T14:40:08Z</time>
					</trkpt>
					<trkpt lat="46.611350" lon="4.359670">
						<ele>336</ele>
						<time>2026-02-16T14:40:20Z</time>
					</trkpt>
					<trkpt lat="46.611580" lon="4.359760">
						<ele>335</ele>
						<time>2026-02-16T14:40:24Z</time>
					</trkpt>
					<trkpt lat="46.611650" lon="4.359780">
						<ele>335</ele>
						<time>2026-02-16T14:40:26Z</time>
					</trkpt>
					<trkpt lat="46.612000" lon="4.359930">
						<ele>335</ele>
						<time>2026-02-16T14:40:32Z</time>
					</trkpt>
					<trkpt lat="46.613340" lon="4.360470">
						<ele>334</ele>
						<time>2026-02-16T14:40:57Z</time>
					</trkpt>
					<trkpt lat="46.613690" lon="4.360610">
						<ele>334</ele>
						<time>2026-02-16T14:41:03Z</time>
					</trkpt>
					<trkpt lat="46.614000" lon="4.360740">
						<ele>333</ele>
						<time>2026-02-16T14:41:09Z</time>
					</trkpt>
					<trkpt lat="46.614150" lon="4.360820">
						<ele>333</ele>
						<time>2026-02-16T14:41:12Z</time>
					</trkpt>
					<trkpt lat="46.614640" lon="4.361080">
						<ele>334</ele>
						<time>2026-02-16T14:41:21Z</time>
					</trkpt>
					<trkpt lat="46.614960" lon="4.361270">
						<ele>336</ele>
						<time>2026-02-16T14:41:27Z</time>
					</trkpt>
					<trkpt lat="46.616460" lon="4.362340">
						<ele>346</ele>
						<time>2026-02-16T14:41:57Z</time>
					</trkpt>
					<trkpt lat="46.616600" lon="4.362390">
						<ele>347</ele>
						<time>2026-02-16T14:42:00Z</time>
					</trkpt>
					<trkpt lat="46.616740" lon="4.362430">
						<ele>348</ele>
						<time>2026-02-16T14:42:02Z</time>
					</trkpt>
					<trkpt lat="46.616860" lon="4.362490">
						<ele>349</ele>
						<time>2026-02-16T14:42:04Z</time>
					</trkpt>
					<trkpt lat="46.616970" lon="4.362570">
						<ele>349</ele>
						<time>2026-02-16T14:42:07Z</time>
					</trkpt>
					<trkpt lat="46.617110" lon="4.362690">
						<ele>350</ele>
						<time>2026-02-16T14:42:09Z</time>
					</trkpt>
					<trkpt lat="46.617700" lon="4.363360">
						<ele>352</ele>
						<time>2026-02-16T14:42:23Z</time>
					</trkpt>
					<trkpt lat="46.617840" lon="4.363460">
						<ele>352</ele>
						<time>2026-02-16T14:42:25Z</time>
					</trkpt>
					<trkpt lat="46.617960" lon="4.363500">
						<ele>353</ele>
						<time>2026-02-16T14:42:28Z</time>
					</trkpt>
					<trkpt lat="46.618090" lon="4.363510">
						<ele>353</ele>
						<time>2026-02-16T14:42:30Z</time>
					</trkpt>
					<trkpt lat="46.619230" lon="4.363300">
						<ele>352</ele>
						<time>2026-02-16T14:42:50Z</time>
					</trkpt>
					<trkpt lat="46.619420" lon="4.363290">
						<ele>352</ele>
						<time>2026-02-16T14:42:54Z</time>
					</trkpt>
					<trkpt lat="46.619600" lon="4.363310">
						<ele>352</ele>
						<time>2026-02-16T14:42:57Z</time>
					</trkpt>
					<trkpt lat="46.620790" lon="4.363470">
						<ele>352</ele>
						<time>2026-02-16T14:43:18Z</time>
					</trkpt>
					<trkpt lat="46.621270" lon="4.363550">
						<ele>350</ele>
						<time>2026-02-16T14:43:27Z</time>
					</trkpt>
					<trkpt lat="46.621440" lon="4.363580">
						<ele>350</ele>
						<time>2026-02-16T14:43:30Z</time>
					</trkpt>
					<trkpt lat="46.621760" lon="4.363590">
						<ele>349</ele>
						<time>2026-02-16T14:43:36Z</time>
					</trkpt>
					<trkpt lat="46.621900" lon="4.363620">
						<ele>349</ele>
						<time>2026-02-16T14:43:38Z</time>
					</trkpt>
					<trkpt lat="46.622040" lon="4.363690">
						<ele>349</ele>
						<time>2026-02-16T14:43:41Z</time>
					</trkpt>
					<trkpt lat="46.622210" lon="4.363820">
						<ele>349</ele>
						<time>2026-02-16T14:43:44Z</time>
					</trkpt>
					<trkpt lat="46.622630" lon="4.364220">
						<ele>348</ele>
						<time>2026-02-16T14:43:53Z</time>
					</trkpt>
					<trkpt lat="46.622710" lon="4.364270">
						<ele>348</ele>
						<time>2026-02-16T14:43:55Z</time>
					</trkpt>
					<trkpt lat="46.622840" lon="4.364360">
						<ele>348</ele>
						<time>2026-02-16T14:43:57Z</time>
					</trkpt>
					<trkpt lat="46.623240" lon="4.364580">
						<ele>348</ele>
						<time>2026-02-16T14:44:05Z</time>
					</trkpt>
					<trkpt lat="46.624260" lon="4.365060">
						<ele>344</ele>
						<time>2026-02-16T14:44:24Z</time>
					</trkpt>
					<trkpt lat="46.625390" lon="4.365530">
						<ele>341</ele>
						<time>2026-02-16T14:44:45Z</time>
					</trkpt>
					<trkpt lat="46.626320" lon="4.365750">
						<ele>340</ele>
						<time>2026-02-16T14:45:02Z</time>
					</trkpt>
					<trkpt lat="46.626480" lon="4.365800">
						<ele>340</ele>
						<time>2026-02-16T14:45:05Z</time>
					</trkpt>
					<trkpt lat="46.626760" lon="4.365950">
						<ele>341</ele>
						<time>2026-02-16T14:45:10Z</time>
					</trkpt>
					<trkpt lat="46.626830" lon="4.366010">
						<ele>341</ele>
						<time>2026-02-16T14:45:11Z</time>
					</trkpt>
					<trkpt lat="46.626880" lon="4.366070">
						<ele>341</ele>
						<time>2026-02-16T14:45:12Z</time>
					</trkpt>
					<trkpt lat="46.627010" lon="4.366270">
						<ele>342</ele>
						<time>2026-02-16T14:45:16Z</time>
					</trkpt>
					<trkpt lat="46.627060" lon="4.366460">
						<ele>343</ele>
						<time>2026-02-16T14:45:18Z</time>
					</trkpt>
					<trkpt lat="46.627070" lon="4.366610">
						<ele>343</ele>
						<time>2026-02-16T14:45:20Z</time>
					</trkpt>
					<trkpt lat="46.627040" lon="4.367030">
						<ele>342</ele>
						<time>2026-02-16T14:45:25Z</time>
					</trkpt>
					<trkpt lat="46.627060" lon="4.367210">
						<ele>341</ele>
						<time>2026-02-16T14:45:27Z</time>
					</trkpt>
					<trkpt lat="46.627110" lon="4.367370">
						<ele>341</ele>
						<time>2026-02-16T14:45:30Z</time>
					</trkpt>
					<trkpt lat="46.627230" lon="4.367610">
						<ele>339</ele>
						<time>2026-02-16T14:45:33Z</time>
					</trkpt>
					<trkpt lat="46.627280" lon="4.367770">
						<ele>338</ele>
						<time>2026-02-16T14:45:35Z</time>
					</trkpt>
					<trkpt lat="46.627310" lon="4.367970">
						<ele>337</ele>
						<time>2026-02-16T14:45:38Z</time>
					</trkpt>
					<trkpt lat="46.627310" lon="4.368080">
						<ele>337</ele>
						<time>2026-02-16T14:45:39Z</time>
					</trkpt>
					<trkpt lat="46.627280" lon="4.368360">
						<ele>336</ele>
						<time>2026-02-16T14:45:43Z</time>
					</trkpt>
					<trkpt lat="46.627240" lon="4.368620">
						<ele>336</ele>
						<time>2026-02-16T14:45:46Z</time>
					</trkpt>
					<trkpt lat="46.627110" lon="4.369020">
						<ele>337</ele>
						<time>2026-02-16T14:45:51Z</time>
					</trkpt>
					<trkpt lat="46.627080" lon="4.369180">
						<ele>337</ele>
						<time>2026-02-16T14:45:53Z</time>
					</trkpt>
					<trkpt lat="46.627080" lon="4.369320">
						<ele>337</ele>
						<time>2026-02-16T14:45:55Z</time>
					</trkpt>
					<trkpt lat="46.627120" lon="4.369510">
						<ele>336</ele>
						<time>2026-02-16T14:45:58Z</time>
					</trkpt>
					<trkpt lat="46.627220" lon="4.369710">
						<ele>335</ele>
						<time>2026-02-16T14:46:01Z</time>
					</trkpt>
					<trkpt lat="46.627340" lon="4.369860">
						<ele>333</ele>
						<time>2026-02-16T14:46:03Z</time>
					</trkpt>
					<trkpt lat="46.627410" lon="4.369910">
						<ele>332</ele>
						<time>2026-02-16T14:46:05Z</time>
					</trkpt>
					<trkpt lat="46.627490" lon="4.369950">
						<ele>331</ele>
						<time>2026-02-16T14:46:06Z</time>
					</trkpt>
					<trkpt lat="46.627670" lon="4.369990">
						<ele>329</ele>
						<time>2026-02-16T14:46:10Z</time>
					</trkpt>
					<trkpt lat="46.628290" lon="4.370090">
						<ele>324</ele>
						<time>2026-02-16T14:46:21Z</time>
					</trkpt>
					<trkpt lat="46.628340" lon="4.370090">
						<ele>324</ele>
						<time>2026-02-16T14:46:22Z</time>
					</trkpt>
					<trkpt lat="46.628530" lon="4.370080">
						<ele>323</ele>
						<time>2026-02-16T14:46:25Z</time>
					</trkpt>
					<trkpt lat="46.628670" lon="4.370030">
						<ele>323</ele>
						<time>2026-02-16T14:46:27Z</time>
					</trkpt>
					<trkpt lat="46.628790" lon="4.369970">
						<ele>322</ele>
						<time>2026-02-16T14:46:30Z</time>
					</trkpt>
					<trkpt lat="46.629120" lon="4.369790">
						<ele>321</ele>
						<time>2026-02-16T14:46:36Z</time>
					</trkpt>
					<trkpt lat="46.629270" lon="4.369750">
						<ele>319</ele>
						<time>2026-02-16T14:46:39Z</time>
					</trkpt>
					<trkpt lat="46.629430" lon="4.369770">
						<ele>317</ele>
						<time>2026-02-16T14:46:42Z</time>
					</trkpt>
					<trkpt lat="46.629500" lon="4.369780">
						<ele>316</ele>
						<time>2026-02-16T14:46:43Z</time>
					</trkpt>
					<trkpt lat="46.629980" lon="4.369990">
						<ele>309</ele>
						<time>2026-02-16T14:46:52Z</time>
					</trkpt>
					<trkpt lat="46.630300" lon="4.370130">
						<ele>306</ele>
						<time>2026-02-16T14:46:58Z</time>
					</trkpt>
					<trkpt lat="46.630790" lon="4.370270">
						<ele>300</ele>
						<time>2026-02-16T14:47:07Z</time>
					</trkpt>
					<trkpt lat="46.631360" lon="4.370390">
						<ele>297</ele>
						<time>2026-02-16T14:47:17Z</time>
					</trkpt>
					<trkpt lat="46.631990" lon="4.370590">
						<ele>294</ele>
						<time>2026-02-16T14:47:28Z</time>
					</trkpt>
					<trkpt lat="46.632140" lon="4.370600">
						<ele>293</ele>
						<time>2026-02-16T14:47:31Z</time>
					</trkpt>
					<trkpt lat="46.632460" lon="4.370640">
						<ele>291</ele>
						<time>2026-02-16T14:47:37Z</time>
					</trkpt>
					<trkpt lat="46.633030" lon="4.370680">
						<ele>291</ele>
						<time>2026-02-16T14:47:47Z</time>
					</trkpt>
					<trkpt lat="46.633330" lon="4.370640">
						<ele>292</ele>
						<time>2026-02-16T14:47:52Z</time>
					</trkpt>
					<trkpt lat="46.633570" lon="4.370560">
						<ele>293</ele>
						<time>2026-02-16T14:47:57Z</time>
					</trkpt>
					<trkpt lat="46.633980" lon="4.370380">
						<ele>295</ele>
						<time>2026-02-16T14:48:04Z</time>
					</trkpt>
					<trkpt lat="46.634430" lon="4.370140">
						<ele>296</ele>
						<time>2026-02-16T14:48:13Z</time>
					</trkpt>
					<trkpt lat="46.635310" lon="4.369620">
						<ele>296</ele>
						<time>2026-02-16T14:48:30Z</time>
					</trkpt>
					<trkpt lat="46.635620" lon="4.369560">
						<ele>296</ele>
						<time>2026-02-16T14:48:35Z</time>
					</trkpt>
					<trkpt lat="46.635700" lon="4.369540">
						<ele>296</ele>
						<time>2026-02-16T14:48:37Z</time>
					</trkpt>
					<trkpt lat="46.636680" lon="4.369530">
						<ele>299</ele>
						<time>2026-02-16T14:48:54Z</time>
					</trkpt>
					<trkpt lat="46.637170" lon="4.369470">
						<ele>300</ele>
						<time>2026-02-16T14:49:03Z</time>
					</trkpt>
					<trkpt lat="46.637320" lon="4.369430">
						<ele>301</ele>
						<time>2026-02-16T14:49:06Z</time>
					</trkpt>
					<trkpt lat="46.637400" lon="4.369360">
						<ele>301</ele>
						<time>2026-02-16T14:49:07Z</time>
					</trkpt>
					<trkpt lat="46.637500" lon="4.369220">
						<ele>301</ele>
						<time>2026-02-16T14:49:10Z</time>
					</trkpt>
					<trkpt lat="46.637640" lon="4.368980">
						<ele>301</ele>
						<time>2026-02-16T14:49:13Z</time>
					</trkpt>
					<trkpt lat="46.637660" lon="4.368950">
						<ele>301</ele>
						<time>2026-02-16T14:49:14Z</time>
					</trkpt>
					<trkpt lat="46.637920" lon="4.368610">
						<ele>302</ele>
						<time>2026-02-16T14:49:20Z</time>
					</trkpt>
					<trkpt lat="46.638100" lon="4.368440">
						<ele>302</ele>
						<time>2026-02-16T14:49:24Z</time>
					</trkpt>
					<trkpt lat="46.638260" lon="4.368290">
						<ele>303</ele>
						<time>2026-02-16T14:49:27Z</time>
					</trkpt>
					<trkpt lat="46.638510" lon="4.368150">
						<ele>304</ele>
						<time>2026-02-16T14:49:32Z</time>
					</trkpt>
					<trkpt lat="46.638660" lon="4.368100">
						<ele>305</ele>
						<time>2026-02-16T14:49:35Z</time>
					</trkpt>
					<trkpt lat="46.638690" lon="4.368090">
						<ele>305</ele>
						<time>2026-02-16T14:49:35Z</time>
					</trkpt>
					<trkpt lat="46.638830" lon="4.368120">
						<ele>307</ele>
						<time>2026-02-16T14:49:38Z</time>
					</trkpt>
					<trkpt lat="46.638950" lon="4.368220">
						<ele>308</ele>
						<time>2026-02-16T14:49:40Z</time>
					</trkpt>
					<trkpt lat="46.639270" lon="4.368470">
						<ele>311</ele>
						<time>2026-02-16T14:49:47Z</time>
					</trkpt>
					<trkpt lat="46.639320" lon="4.368510">
						<ele>311</ele>
						<time>2026-02-16T14:49:48Z</time>
					</trkpt>
					<trkpt lat="46.639430" lon="4.368590">
						<ele>312</ele>
						<time>2026-02-16T14:49:50Z</time>
					</trkpt>
					<trkpt lat="46.639660" lon="4.368770">
						<ele>315</ele>
						<time>2026-02-16T14:49:55Z</time>
					</trkpt>
					<trkpt lat="46.640030" lon="4.369060">
						<ele>321</ele>
						<time>2026-02-16T14:50:02Z</time>
					</trkpt>
					<trkpt lat="46.640420" lon="4.369370">
						<ele>323</ele>
						<time>2026-02-16T14:50:10Z</time>
					</trkpt>
					<trkpt lat="46.640450" lon="4.369420">
						<ele>324</ele>
						<time>2026-02-16T14:50:11Z</time>
					</trkpt>
					<trkpt lat="46.640460" lon="4.369460">
						<ele>324</ele>
						<time>2026-02-16T14:50:11Z</time>
					</trkpt>
					<trkpt lat="46.640420" lon="4.369760">
						<ele>326</ele>
						<time>2026-02-16T14:50:15Z</time>
					</trkpt>
					<trkpt lat="46.640350" lon="4.370100">
						<ele>328</ele>
						<time>2026-02-16T14:50:20Z</time>
					</trkpt>
					<trkpt lat="46.640340" lon="4.370260">
						<ele>328</ele>
						<time>2026-02-16T14:50:22Z</time>
					</trkpt>
					<trkpt lat="46.640360" lon="4.370490">
						<ele>329</ele>
						<time>2026-02-16T14:50:24Z</time>
					</trkpt>
					<trkpt lat="46.640400" lon="4.370680">
						<ele>329</ele>
						<time>2026-02-16T14:50:27Z</time>
					</trkpt>
					<trkpt lat="46.640460" lon="4.370770">
						<ele>330</ele>
						<time>2026-02-16T14:50:28Z</time>
					</trkpt>
					<trkpt lat="46.640630" lon="4.370700">
						<ele>330</ele>
						<time>2026-02-16T14:50:31Z</time>
					</trkpt>
					<trkpt lat="46.640690" lon="4.370700">
						<ele>331</ele>
						<time>2026-02-16T14:50:33Z</time>
					</trkpt>
					<trkpt lat="46.640760" lon="4.370720">
						<ele>331</ele>
						<time>2026-02-16T14:50:34Z</time>
					</trkpt>
					<trkpt lat="46.640790" lon="4.370740">
						<ele>331</ele>
						<time>2026-02-16T14:50:34Z</time>
					</trkpt>
					<trkpt lat="46.640850" lon="4.370810">
						<ele>332</ele>
						<time>2026-02-16T14:50:36Z</time>
					</trkpt>
					<trkpt lat="46.641010" lon="4.371110">
						<ele>332</ele>
						<time>2026-02-16T14:50:40Z</time>
					</trkpt>
					<trkpt lat="46.641230" lon="4.371550">
						<ele>334</ele>
						<time>2026-02-16T14:50:47Z</time>
					</trkpt>
					<trkpt lat="46.641240" lon="4.371570">
						<ele>334</ele>
						<time>2026-02-16T14:50:47Z</time>
					</trkpt>
					<trkpt lat="46.641340" lon="4.371760">
						<ele>334</ele>
						<time>2026-02-16T14:50:50Z</time>
					</trkpt>
					<trkpt lat="46.641410" lon="4.371980">
						<ele>335</ele>
						<time>2026-02-16T14:50:53Z</time>
					</trkpt>
					<trkpt lat="46.641580" lon="4.372620">
						<ele>337</ele>
						<time>2026-02-16T14:51:02Z</time>
					</trkpt>
					<trkpt lat="46.641670" lon="4.372930">
						<ele>338</ele>
						<time>2026-02-16T14:51:06Z</time>
					</trkpt>
					<trkpt lat="46.641780" lon="4.373180">
						<ele>338</ele>
						<time>2026-02-16T14:51:09Z</time>
					</trkpt>
					<trkpt lat="46.642220" lon="4.373880">
						<ele>340</ele>
						<time>2026-02-16T14:51:21Z</time>
					</trkpt>
					<trkpt lat="46.642390" lon="4.374110">
						<ele>341</ele>
						<time>2026-02-16T14:51:25Z</time>
					</trkpt>
					<trkpt lat="46.642500" lon="4.374200">
						<ele>342</ele>
						<time>2026-02-16T14:51:27Z</time>
					</trkpt>
					<trkpt lat="46.642580" lon="4.374260">
						<ele>343</ele>
						<time>2026-02-16T14:51:29Z</time>
					</trkpt>
					<trkpt lat="46.642580" lon="4.374520">
						<ele>344</ele>
						<time>2026-02-16T14:51:32Z</time>
					</trkpt>
					<trkpt lat="46.642590" lon="4.374610">
						<ele>344</ele>
						<time>2026-02-16T14:51:33Z</time>
					</trkpt>
					<trkpt lat="46.642970" lon="4.375750">
						<ele>348</ele>
						<time>2026-02-16T14:51:49Z</time>
					</trkpt>
					<trkpt lat="46.643430" lon="4.377120">
						<ele>353</ele>
						<time>2026-02-16T14:52:07Z</time>
					</trkpt>
					<trkpt lat="46.643610" lon="4.377650">
						<ele>353</ele>
						<time>2026-02-16T14:52:15Z</time>
					</trkpt>
					<trkpt lat="46.643880" lon="4.378360">
						<ele>354</ele>
						<time>2026-02-16T14:52:24Z</time>
					</trkpt>
					<trkpt lat="46.644470" lon="4.379820">
						<ele>356</ele>
						<time>2026-02-16T14:52:45Z</time>
					</trkpt>
					<trkpt lat="46.644690" lon="4.380400">
						<ele>357</ele>
						<time>2026-02-16T14:52:53Z</time>
					</trkpt>
					<trkpt lat="46.644920" lon="4.380870">
						<ele>357</ele>
						<time>2026-02-16T14:53:00Z</time>
					</trkpt>
					<trkpt lat="46.645180" lon="4.381360">
						<ele>357</ele>
						<time>2026-02-16T14:53:08Z</time>
					</trkpt>
					<trkpt lat="46.645450" lon="4.381850">
						<ele>358</ele>
						<time>2026-02-16T14:53:16Z</time>
					</trkpt>
					<trkpt lat="46.645500" lon="4.381960">
						<ele>358</ele>
						<time>2026-02-16T14:53:17Z</time>
					</trkpt>
					<trkpt lat="46.645530" lon="4.382060">
						<ele>358</ele>
						<time>2026-02-16T14:53:18Z</time>
					</trkpt>
					<trkpt lat="46.645560" lon="4.382170">
						<ele>358</ele>
						<time>2026-02-16T14:53:20Z</time>
					</trkpt>
					<trkpt lat="46.645580" lon="4.382400">
						<ele>357</ele>
						<time>2026-02-16T14:53:23Z</time>
					</trkpt>
					<trkpt lat="46.645580" lon="4.382750">
						<ele>356</ele>
						<time>2026-02-16T14:53:27Z</time>
					</trkpt>
					<trkpt lat="46.645570" lon="4.383400">
						<ele>354</ele>
						<time>2026-02-16T14:53:35Z</time>
					</trkpt>
					<trkpt lat="46.645490" lon="4.384730">
						<ele>349</ele>
						<time>2026-02-16T14:53:51Z</time>
					</trkpt>
					<trkpt lat="46.645480" lon="4.385060">
						<ele>348</ele>
						<time>2026-02-16T14:53:55Z</time>
					</trkpt>
					<trkpt lat="46.645440" lon="4.386190">
						<ele>349</ele>
						<time>2026-02-16T14:54:09Z</time>
					</trkpt>
					<trkpt lat="46.645440" lon="4.386510">
						<ele>349</ele>
						<time>2026-02-16T14:54:13Z</time>
					</trkpt>
					<trkpt lat="46.645450" lon="4.386720">
						<ele>350</ele>
						<time>2026-02-16T14:54:16Z</time>
					</trkpt>
					<trkpt lat="46.645550" lon="4.387390">
						<ele>350</ele>
						<time>2026-02-16T14:54:24Z</time>
					</trkpt>
					<trkpt lat="46.645680" lon="4.388550">
						<ele>352</ele>
						<time>2026-02-16T14:54:38Z</time>
					</trkpt>
					<trkpt lat="46.645810" lon="4.389470">
						<ele>353</ele>
						<time>2026-02-16T14:54:50Z</time>
					</trkpt>
					<trkpt lat="46.646080" lon="4.390920">
						<ele>359</ele>
						<time>2026-02-16T14:55:08Z</time>
					</trkpt>
					<trkpt lat="46.646160" lon="4.391230">
						<ele>360</ele>
						<time>2026-02-16T14:55:12Z</time>
					</trkpt>
					<trkpt lat="46.646300" lon="4.391720">
						<ele>361</ele>
						<time>2026-02-16T14:55:19Z</time>
					</trkpt>
					<trkpt lat="46.646330" lon="4.391850">
						<ele>361</ele>
						<time>2026-02-16T14:55:20Z</time>
					</trkpt>
					<trkpt lat="46.646720" lon="4.393840">
						<ele>366</ele>
						<time>2026-02-16T14:55:46Z</time>
					</trkpt>
					<trkpt lat="46.646830" lon="4.394320">
						<ele>365</ele>
						<time>2026-02-16T14:55:52Z</time>
					</trkpt>
					<trkpt lat="46.646930" lon="4.394690">
						<ele>364</ele>
						<time>2026-02-16T14:55:57Z</time>
					</trkpt>
					<trkpt lat="46.647250" lon="4.395750">
						<ele>364</ele>
						<time>2026-02-16T14:56:11Z</time>
					</trkpt>
					<trkpt lat="46.647910" lon="4.397790">
						<ele>361</ele>
						<time>2026-02-16T14:56:38Z</time>
					</trkpt>
					<trkpt lat="46.647940" lon="4.397760">
						<ele>361</ele>
						<time>2026-02-16T14:56:39Z</time>
					</trkpt>
					<trkpt lat="46.647910" lon="4.397790">
						<ele>361</ele>
						<time>2026-02-16T14:56:40Z</time>
					</trkpt>
					<trkpt lat="46.648100" lon="4.398320">
						<ele>360</ele>
						<time>2026-02-16T14:56:47Z</time>
					</trkpt>
					<trkpt lat="46.647980" lon="4.398470">
						<ele>360</ele>
						<time>2026-02-16T14:56:50Z</time>
					</trkpt>
					<trkpt lat="46.647870" lon="4.398940">
						<ele>361</ele>
						<time>2026-02-16T14:56:56Z</time>
					</trkpt>
					<trkpt lat="46.647780" lon="4.399170">
						<ele>362</ele>
						<time>2026-02-16T14:56:59Z</time>
					</trkpt>
					<trkpt lat="46.647570" lon="4.399570">
						<ele>364</ele>
						<time>2026-02-16T14:57:05Z</time>
					</trkpt>
					<trkpt lat="46.647230" lon="4.400220">
						<ele>366</ele>
						<time>2026-02-16T14:57:15Z</time>
					</trkpt>
					<trkpt lat="46.646890" lon="4.400950">
						<ele>368</ele>
						<time>2026-02-16T14:57:26Z</time>
					</trkpt>
					<trkpt lat="46.646800" lon="4.401180">
						<ele>368</ele>
						<time>2026-02-16T14:57:29Z</time>
					</trkpt>
					<trkpt lat="46.646750" lon="4.401570">
						<ele>368</ele>
						<time>2026-02-16T14:57:34Z</time>
					</trkpt>
					<trkpt lat="46.646740" lon="4.401710">
						<ele>368</ele>
						<time>2026-02-16T14:57:36Z</time>
					</trkpt>
					<trkpt lat="46.646710" lon="4.402060">
						<ele>368</ele>
						<time>2026-02-16T14:57:40Z</time>
					</trkpt>
					<trkpt lat="46.646660" lon="4.402460">
						<ele>368</ele>
						<time>2026-02-16T14:57:45Z</time>
					</trkpt>
					<trkpt lat="46.646580" lon="4.402910">
						<ele>368</ele>
						<time>2026-02-16T14:57:51Z</time>
					</trkpt>
					<trkpt lat="46.646520" lon="4.403130">
						<ele>367</ele>
						<time>2026-02-16T14:57:54Z</time>
					</trkpt>
					<trkpt lat="46.646430" lon="4.403240">
						<ele>366</ele>
						<time>2026-02-16T14:57:56Z</time>
					</trkpt>
					<trkpt lat="46.646300" lon="4.403310">
						<ele>365</ele>
						<time>2026-02-16T14:57:58Z</time>
					</trkpt>
					<trkpt lat="46.645550" lon="4.403540">
						<ele>357</ele>
						<time>2026-02-16T14:58:12Z</time>
					</trkpt>
					<trkpt lat="46.645370" lon="4.403590">
						<ele>355</ele>
						<time>2026-02-16T14:58:15Z</time>
					</trkpt>
					<trkpt lat="46.644940" lon="4.403730">
						<ele>349</ele>
						<time>2026-02-16T14:58:23Z</time>
					</trkpt>
					<trkpt lat="46.643750" lon="4.404050">
						<ele>338</ele>
						<time>2026-02-16T14:58:44Z</time>
					</trkpt>
					<trkpt lat="46.642840" lon="4.404340">
						<ele>329</ele>
						<time>2026-02-16T14:59:01Z</time>
					</trkpt>
					<trkpt lat="46.642660" lon="4.404430">
						<ele>327</ele>
						<time>2026-02-16T14:59:04Z</time>
					</trkpt>
					<trkpt lat="46.642520" lon="4.404560">
						<ele>326</ele>
						<time>2026-02-16T14:59:07Z</time>
					</trkpt>
					<trkpt lat="46.642230" lon="4.404840">
						<ele>326</ele>
						<time>2026-02-16T14:59:14Z</time>
					</trkpt>
					<trkpt lat="46.642030" lon="4.404950">
						<ele>328</ele>
						<time>2026-02-16T14:59:17Z</time>
					</trkpt>
					<trkpt lat="46.641840" lon="4.404950">
						<ele>329</ele>
						<time>2026-02-16T14:59:21Z</time>
					</trkpt>
					<trkpt lat="46.641610" lon="4.404880">
						<ele>329</ele>
						<time>2026-02-16T14:59:25Z</time>
					</trkpt>
					<trkpt lat="46.641390" lon="4.404780">
						<ele>331</ele>
						<time>2026-02-16T14:59:29Z</time>
					</trkpt>
					<trkpt lat="46.640970" lon="4.404550">
						<ele>332</ele>
						<time>2026-02-16T14:59:37Z</time>
					</trkpt>
					<trkpt lat="46.640670" lon="4.404420">
						<ele>332</ele>
						<time>2026-02-16T14:59:43Z</time>
					</trkpt>
					<trkpt lat="46.640460" lon="4.404390">
						<ele>332</ele>
						<time>2026-02-16T14:59:46Z</time>
					</trkpt>
					<trkpt lat="46.640230" lon="4.404410">
						<ele>333</ele>
						<time>2026-02-16T14:59:50Z</time>
					</trkpt>
					<trkpt lat="46.639840" lon="4.404510">
						<ele>335</ele>
						<time>2026-02-16T14:59:57Z</time>
					</trkpt>
					<trkpt lat="46.639520" lon="4.404610">
						<ele>334</ele>
						<time>2026-02-16T15:00:03Z</time>
					</trkpt>
					<trkpt lat="46.639290" lon="4.404760">
						<ele>333</ele>
						<time>2026-02-16T15:00:08Z</time>
					</trkpt>
					<trkpt lat="46.639010" lon="4.405010">
						<ele>333</ele>
						<time>2026-02-16T15:00:14Z</time>
					</trkpt>
					<trkpt lat="46.638590" lon="4.405410">
						<ele>330</ele>
						<time>2026-02-16T15:00:23Z</time>
					</trkpt>
					<trkpt lat="46.638450" lon="4.405610">
						<ele>330</ele>
						<time>2026-02-16T15:00:26Z</time>
					</trkpt>
					<trkpt lat="46.638310" lon="4.405980">
						<ele>330</ele>
						<time>2026-02-16T15:00:31Z</time>
					</trkpt>
					<trkpt lat="46.637940" lon="4.407270">
						<ele>329</ele>
						<time>2026-02-16T15:00:48Z</time>
					</trkpt>
					<trkpt lat="46.637800" lon="4.407800">
						<ele>329</ele>
						<time>2026-02-16T15:00:55Z</time>
					</trkpt>
					<trkpt lat="46.637720" lon="4.408050">
						<ele>328</ele>
						<time>2026-02-16T15:00:59Z</time>
					</trkpt>
					<trkpt lat="46.637630" lon="4.408220">
						<ele>328</ele>
						<time>2026-02-16T15:01:01Z</time>
					</trkpt>
					<trkpt lat="46.637460" lon="4.408390">
						<ele>328</ele>
						<time>2026-02-16T15:01:05Z</time>
					</trkpt>
					<trkpt lat="46.637270" lon="4.408490">
						<ele>329</ele>
						<time>2026-02-16T15:01:08Z</time>
					</trkpt>
					<trkpt lat="46.636940" lon="4.408590">
						<ele>330</ele>
						<time>2026-02-16T15:01:14Z</time>
					</trkpt>
					<trkpt lat="46.636540" lon="4.408660">
						<ele>332</ele>
						<time>2026-02-16T15:01:22Z</time>
					</trkpt>
					<trkpt lat="46.636290" lon="4.408690">
						<ele>335</ele>
						<time>2026-02-16T15:01:26Z</time>
					</trkpt>
					<trkpt lat="46.636020" lon="4.408690">
						<ele>338</ele>
						<time>2026-02-16T15:01:31Z</time>
					</trkpt>
					<trkpt lat="46.635380" lon="4.408560">
						<ele>345</ele>
						<time>2026-02-16T15:01:42Z</time>
					</trkpt>
					<trkpt lat="46.634700" lon="4.408440">
						<ele>351</ele>
						<time>2026-02-16T15:01:55Z</time>
					</trkpt>
					<trkpt lat="46.634350" lon="4.408410">
						<ele>352</ele>
						<time>2026-02-16T15:02:01Z</time>
					</trkpt>
					<trkpt lat="46.633930" lon="4.408490">
						<ele>351</ele>
						<time>2026-02-16T15:02:08Z</time>
					</trkpt>
					<trkpt lat="46.633720" lon="4.408530">
						<ele>350</ele>
						<time>2026-02-16T15:02:12Z</time>
					</trkpt>
					<trkpt lat="46.633380" lon="4.408610">
						<ele>348</ele>
						<time>2026-02-16T15:02:18Z</time>
					</trkpt>
					<trkpt lat="46.633070" lon="4.408650">
						<ele>345</ele>
						<time>2026-02-16T15:02:24Z</time>
					</trkpt>
					<trkpt lat="46.632800" lon="4.408630">
						<ele>343</ele>
						<time>2026-02-16T15:02:29Z</time>
					</trkpt>
					<trkpt lat="46.632710" lon="4.408600">
						<ele>342</ele>
						<time>2026-02-16T15:02:30Z</time>
					</trkpt>
					<trkpt lat="46.632510" lon="4.408530">
						<ele>341</ele>
						<time>2026-02-16T15:02:34Z</time>
					</trkpt>
					<trkpt lat="46.631410" lon="4.408090">
						<ele>333</ele>
						<time>2026-02-16T15:02:54Z</time>
					</trkpt>
					<trkpt lat="46.630930" lon="4.407810">
						<ele>329</ele>
						<time>2026-02-16T15:03:03Z</time>
					</trkpt>
					<trkpt lat="46.630270" lon="4.407350">
						<ele>325</ele>
						<time>2026-02-16T15:03:16Z</time>
					</trkpt>
					<trkpt lat="46.629750" lon="4.406900">
						<ele>322</ele>
						<time>2026-02-16T15:03:27Z</time>
					</trkpt>
					<trkpt lat="46.629670" lon="4.406830">
						<ele>321</ele>
						<time>2026-02-16T15:03:29Z</time>
					</trkpt>
					<trkpt lat="46.628710" lon="4.406100">
						<ele>316</ele>
						<time>2026-02-16T15:03:48Z</time>
					</trkpt>
					<trkpt lat="46.628290" lon="4.405750">
						<ele>315</ele>
						<time>2026-02-16T15:03:57Z</time>
					</trkpt>
					<trkpt lat="46.628080" lon="4.405700">
						<ele>314</ele>
						<time>2026-02-16T15:04:01Z</time>
					</trkpt>
					<trkpt lat="46.627940" lon="4.405580">
						<ele>312</ele>
						<time>2026-02-16T15:04:03Z</time>
					</trkpt>
					<trkpt lat="46.627790" lon="4.405350">
						<ele>311</ele>
						<time>2026-02-16T15:04:07Z</time>
					</trkpt>
					<trkpt lat="46.627630" lon="4.405160">
						<ele>310</ele>
						<time>2026-02-16T15:04:11Z</time>
					</trkpt>
					<trkpt lat="46.627510" lon="4.405060">
						<ele>310</ele>
						<time>2026-02-16T15:04:13Z</time>
					</trkpt>
					<trkpt lat="46.627460" lon="4.405040">
						<ele>310</ele>
						<time>2026-02-16T15:04:14Z</time>
					</trkpt>
					<trkpt lat="46.627340" lon="4.405000">
						<ele>310</ele>
						<time>2026-02-16T15:04:17Z</time>
					</trkpt>
					<trkpt lat="46.627240" lon="4.404960">
						<ele>310</ele>
						<time>2026-02-16T15:04:18Z</time>
					</trkpt>
					<trkpt lat="46.627180" lon="4.404970">
						<ele>310</ele>
						<time>2026-02-16T15:04:19Z</time>
					</trkpt>
					<trkpt lat="46.626870" lon="4.405100">
						<ele>310</ele>
						<time>2026-02-16T15:04:25Z</time>
					</trkpt>
					<trkpt lat="46.626590" lon="4.405190">
						<ele>310</ele>
						<time>2026-02-16T15:04:30Z</time>
					</trkpt>
					<trkpt lat="46.626230" lon="4.405260">
						<ele>313</ele>
						<time>2026-02-16T15:04:37Z</time>
					</trkpt>
					<trkpt lat="46.626050" lon="4.405250">
						<ele>315</ele>
						<time>2026-02-16T15:04:40Z</time>
					</trkpt>
					<trkpt lat="46.625900" lon="4.405200">
						<ele>317</ele>
						<time>2026-02-16T15:04:43Z</time>
					</trkpt>
					<trkpt lat="46.625740" lon="4.405090">
						<ele>319</ele>
						<time>2026-02-16T15:04:46Z</time>
					</trkpt>
					<trkpt lat="46.625580" lon="4.404900">
						<ele>321</ele>
						<time>2026-02-16T15:04:50Z</time>
					</trkpt>
					<trkpt lat="46.625210" lon="4.404250">
						<ele>327</ele>
						<time>2026-02-16T15:05:00Z</time>
					</trkpt>
					<trkpt lat="46.625100" lon="4.404080">
						<ele>328</ele>
						<time>2026-02-16T15:05:03Z</time>
					</trkpt>
					<trkpt lat="46.624970" lon="4.403970">
						<ele>328</ele>
						<time>2026-02-16T15:05:05Z</time>
					</trkpt>
					<trkpt lat="46.624520" lon="4.403730">
						<ele>329</ele>
						<time>2026-02-16T15:05:14Z</time>
					</trkpt>
					<trkpt lat="46.623020" lon="4.403280">
						<ele>336</ele>
						<time>2026-02-16T15:05:41Z</time>
					</trkpt>
					<trkpt lat="46.622880" lon="4.403280">
						<ele>336</ele>
						<time>2026-02-16T15:05:44Z</time>
					</trkpt>
					<trkpt lat="46.622700" lon="4.403310">
						<ele>337</ele>
						<time>2026-02-16T15:05:47Z</time>
					</trkpt>
					<trkpt lat="46.622330" lon="4.403410">
						<ele>338</ele>
						<time>2026-02-16T15:05:54Z</time>
					</trkpt>
					<trkpt lat="46.622140" lon="4.403470">
						<ele>338</ele>
						<time>2026-02-16T15:05:57Z</time>
					</trkpt>
					<trkpt lat="46.621910" lon="4.403590">
						<ele>338</ele>
						<time>2026-02-16T15:06:01Z</time>
					</trkpt>
					<trkpt lat="46.621430" lon="4.403920">
						<ele>339</ele>
						<time>2026-02-16T15:06:11Z</time>
					</trkpt>
					<trkpt lat="46.621280" lon="4.404080">
						<ele>340</ele>
						<time>2026-02-16T15:06:14Z</time>
					</trkpt>
					<trkpt lat="46.621140" lon="4.404320">
						<ele>341</ele>
						<time>2026-02-16T15:06:18Z</time>
					</trkpt>
					<trkpt lat="46.620940" lon="4.404900">
						<ele>341</ele>
						<time>2026-02-16T15:06:26Z</time>
					</trkpt>
					<trkpt lat="46.620740" lon="4.405360">
						<ele>342</ele>
						<time>2026-02-16T15:06:33Z</time>
					</trkpt>
					<trkpt lat="46.620610" lon="4.405720">
						<ele>343</ele>
						<time>2026-02-16T15:06:38Z</time>
					</trkpt>
					<trkpt lat="46.620560" lon="4.405820">
						<ele>343</ele>
						<time>2026-02-16T15:06:39Z</time>
					</trkpt>
					<trkpt lat="46.620270" lon="4.406000">
						<ele>345</ele>
						<time>2026-02-16T15:06:45Z</time>
					</trkpt>
					<trkpt lat="46.620050" lon="4.406060">
						<ele>346</ele>
						<time>2026-02-16T15:06:49Z</time>
					</trkpt>
					<trkpt lat="46.619800" lon="4.406030">
						<ele>347</ele>
						<time>2026-02-16T15:06:53Z</time>
					</trkpt>
					<trkpt lat="46.619680" lon="4.405950">
						<ele>347</ele>
						<time>2026-02-16T15:06:55Z</time>
					</trkpt>
					<trkpt lat="46.619140" lon="4.405570">
						<ele>348</ele>
						<time>2026-02-16T15:07:06Z</time>
					</trkpt>
					<trkpt lat="46.618940" lon="4.405450">
						<ele>348</ele>
						<time>2026-02-16T15:07:10Z</time>
					</trkpt>
					<trkpt lat="46.618890" lon="4.405440">
						<ele>349</ele>
						<time>2026-02-16T15:07:11Z</time>
					</trkpt>
					<trkpt lat="46.618840" lon="4.405440">
						<ele>349</ele>
						<time>2026-02-16T15:07:12Z</time>
					</trkpt>
					<trkpt lat="46.618770" lon="4.405440">
						<ele>349</ele>
						<time>2026-02-16T15:07:13Z</time>
					</trkpt>
					<trkpt lat="46.618310" lon="4.405600">
						<ele>353</ele>
						<time>2026-02-16T15:07:21Z</time>
					</trkpt>
					<trkpt lat="46.618150" lon="4.405590">
						<ele>355</ele>
						<time>2026-02-16T15:07:24Z</time>
					</trkpt>
					<trkpt lat="46.618020" lon="4.405550">
						<ele>356</ele>
						<time>2026-02-16T15:07:27Z</time>
					</trkpt>
					<trkpt lat="46.617860" lon="4.405480">
						<ele>357</ele>
						<time>2026-02-16T15:07:30Z</time>
					</trkpt>
					<trkpt lat="46.617590" lon="4.405290">
						<ele>359</ele>
						<time>2026-02-16T15:07:35Z</time>
					</trkpt>
					<trkpt lat="46.617470" lon="4.405180">
						<ele>360</ele>
						<time>2026-02-16T15:07:37Z</time>
					</trkpt>
					<trkpt lat="46.617300" lon="4.405010">
						<ele>361</ele>
						<time>2026-02-16T15:07:41Z</time>
					</trkpt>
					<trkpt lat="46.616900" lon="4.404540">
						<ele>363</ele>
						<time>2026-02-16T15:07:50Z</time>
					</trkpt>
					<trkpt lat="46.616780" lon="4.404350">
						<ele>363</ele>
						<time>2026-02-16T15:07:53Z</time>
					</trkpt>
					<trkpt lat="46.616560" lon="4.403810">
						<ele>365</ele>
						<time>2026-02-16T15:08:01Z</time>
					</trkpt>
					<trkpt lat="46.616330" lon="4.403400">
						<ele>370</ele>
						<time>2026-02-16T15:08:08Z</time>
					</trkpt>
					<trkpt lat="46.616250" lon="4.403260">
						<ele>371</ele>
						<time>2026-02-16T15:08:10Z</time>
					</trkpt>
					<trkpt lat="46.616140" lon="4.402940">
						<ele>372</ele>
						<time>2026-02-16T15:08:14Z</time>
					</trkpt>
					<trkpt lat="46.615990" lon="4.402180">
						<ele>373</ele>
						<time>2026-02-16T15:08:24Z</time>
					</trkpt>
					<trkpt lat="46.615870" lon="4.401850">
						<ele>374</ele>
						<time>2026-02-16T15:08:28Z</time>
					</trkpt>
					<trkpt lat="46.615750" lon="4.401580">
						<ele>376</ele>
						<time>2026-02-16T15:08:32Z</time>
					</trkpt>
					<trkpt lat="46.615550" lon="4.401300">
						<ele>380</ele>
						<time>2026-02-16T15:08:37Z</time>
					</trkpt>
					<trkpt lat="46.615360" lon="4.401010">
						<ele>383</ele>
						<time>2026-02-16T15:08:42Z</time>
					</trkpt>
					<trkpt lat="46.615270" lon="4.400780">
						<ele>383</ele>
						<time>2026-02-16T15:08:45Z</time>
					</trkpt>
					<trkpt lat="46.615070" lon="4.400190">
						<ele>379</ele>
						<time>2026-02-16T15:08:53Z</time>
					</trkpt>
					<trkpt lat="46.614960" lon="4.399970">
						<ele>379</ele>
						<time>2026-02-16T15:08:57Z</time>
					</trkpt>
					<trkpt lat="46.614900" lon="4.399870">
						<ele>379</ele>
						<time>2026-02-16T15:08:58Z</time>
					</trkpt>
					<trkpt lat="46.614570" lon="4.399380">
						<ele>381</ele>
						<time>2026-02-16T15:09:07Z</time>
					</trkpt>
					<trkpt lat="46.614430" lon="4.399110">
						<ele>380</ele>
						<time>2026-02-16T15:09:11Z</time>
					</trkpt>
					<trkpt lat="46.614330" lon="4.398880">
						<ele>381</ele>
						<time>2026-02-16T15:09:14Z</time>
					</trkpt>
					<trkpt lat="46.614270" lon="4.398620">
						<ele>380</ele>
						<time>2026-02-16T15:09:18Z</time>
					</trkpt>
					<trkpt lat="46.614250" lon="4.398320">
						<ele>379</ele>
						<time>2026-02-16T15:09:21Z</time>
					</trkpt>
					<trkpt lat="46.614250" lon="4.397620">
						<ele>380</ele>
						<time>2026-02-16T15:09:30Z</time>
					</trkpt>
					<trkpt lat="46.614210" lon="4.397390">
						<ele>380</ele>
						<time>2026-02-16T15:09:33Z</time>
					</trkpt>
					<trkpt lat="46.614190" lon="4.397320">
						<ele>381</ele>
						<time>2026-02-16T15:09:34Z</time>
					</trkpt>
					<trkpt lat="46.614140" lon="4.397130">
						<ele>381</ele>
						<time>2026-02-16T15:09:36Z</time>
					</trkpt>
					<trkpt lat="46.614030" lon="4.396890">
						<ele>380</ele>
						<time>2026-02-16T15:09:40Z</time>
					</trkpt>
					<trkpt lat="46.613910" lon="4.396730">
						<ele>380</ele>
						<time>2026-02-16T15:09:43Z</time>
					</trkpt>
					<trkpt lat="46.613800" lon="4.396640">
						<ele>380</ele>
						<time>2026-02-16T15:09:45Z</time>
					</trkpt>
					<trkpt lat="46.613740" lon="4.396610">
						<ele>380</ele>
						<time>2026-02-16T15:09:46Z</time>
					</trkpt>
					<trkpt lat="46.613620" lon="4.396590">
						<ele>380</ele>
						<time>2026-02-16T15:09:48Z</time>
					</trkpt>
					<trkpt lat="46.613510" lon="4.396600">
						<ele>380</ele>
						<time>2026-02-16T15:09:50Z</time>
					</trkpt>
					<trkpt lat="46.613160" lon="4.396720">
						<ele>380</ele>
						<time>2026-02-16T15:09:56Z</time>
					</trkpt>
					<trkpt lat="46.612990" lon="4.396750">
						<ele>380</ele>
						<time>2026-02-16T15:09:59Z</time>
					</trkpt>
					<trkpt lat="46.612870" lon="4.396730">
						<ele>380</ele>
						<time>2026-02-16T15:10:02Z</time>
					</trkpt>
					<trkpt lat="46.612670" lon="4.396640">
						<ele>379</ele>
						<time>2026-02-16T15:10:05Z</time>
					</trkpt>
					<trkpt lat="46.612450" lon="4.396510">
						<ele>378</ele>
						<time>2026-02-16T15:10:10Z</time>
					</trkpt>
					<trkpt lat="46.612220" lon="4.396330">
						<ele>377</ele>
						<time>2026-02-16T15:10:14Z</time>
					</trkpt>
					<trkpt lat="46.611760" lon="4.395920">
						<ele>375</ele>
						<time>2026-02-16T15:10:24Z</time>
					</trkpt>
					<trkpt lat="46.611570" lon="4.395790">
						<ele>374</ele>
						<time>2026-02-16T15:10:28Z</time>
					</trkpt>
					<trkpt lat="46.611320" lon="4.395700">
						<ele>372</ele>
						<time>2026-02-16T15:10:32Z</time>
					</trkpt>
					<trkpt lat="46.611160" lon="4.395640">
						<ele>371</ele>
						<time>2026-02-16T15:10:35Z</time>
					</trkpt>
					<trkpt lat="46.610970" lon="4.395600">
						<ele>370</ele>
						<time>2026-02-16T15:10:38Z</time>
					</trkpt>
					<trkpt lat="46.610790" lon="4.395600">
						<ele>370</ele>
						<time>2026-02-16T15:10:42Z</time>
					</trkpt>
					<trkpt lat="46.610550" lon="4.395670">
						<ele>367</ele>
						<time>2026-02-16T15:10:46Z</time>
					</trkpt>
					<trkpt lat="46.610280" lon="4.395800">
						<ele>364</ele>
						<time>2026-02-16T15:10:51Z</time>
					</trkpt>
					<trkpt lat="46.610020" lon="4.395990">
						<ele>361</ele>
						<time>2026-02-16T15:10:56Z</time>
					</trkpt>
					<trkpt lat="46.609820" lon="4.396190">
						<ele>360</ele>
						<time>2026-02-16T15:11:01Z</time>
					</trkpt>
					<trkpt lat="46.609690" lon="4.396380">
						<ele>360</ele>
						<time>2026-02-16T15:11:04Z</time>
					</trkpt>
					<trkpt lat="46.609610" lon="4.396530">
						<ele>360</ele>
						<time>2026-02-16T15:11:06Z</time>
					</trkpt>
					<trkpt lat="46.609510" lon="4.396740">
						<ele>359</ele>
						<time>2026-02-16T15:11:09Z</time>
					</trkpt>
					<trkpt lat="46.609330" lon="4.397340">
						<ele>357</ele>
						<time>2026-02-16T15:11:17Z</time>
					</trkpt>
					<trkpt lat="46.609260" lon="4.397550">
						<ele>356</ele>
						<time>2026-02-16T15:11:20Z</time>
					</trkpt>
					<trkpt lat="46.609200" lon="4.397670">
						<ele>356</ele>
						<time>2026-02-16T15:11:22Z</time>
					</trkpt>
					<trkpt lat="46.609060" lon="4.397840">
						<ele>355</ele>
						<time>2026-02-16T15:11:25Z</time>
					</trkpt>
					<trkpt lat="46.608920" lon="4.397880">
						<ele>355</ele>
						<time>2026-02-16T15:11:28Z</time>
					</trkpt>
					<trkpt lat="46.608720" lon="4.397860">
						<ele>353</ele>
						<time>2026-02-16T15:11:31Z</time>
					</trkpt>
					<trkpt lat="46.608610" lon="4.397840">
						<ele>352</ele>
						<time>2026-02-16T15:11:33Z</time>
					</trkpt>
					<trkpt lat="46.608120" lon="4.397650">
						<ele>351</ele>
						<time>2026-02-16T15:11:42Z</time>
					</trkpt>
					<trkpt lat="46.607900" lon="4.397480">
						<ele>351</ele>
						<time>2026-02-16T15:11:47Z</time>
					</trkpt>
					<trkpt lat="46.607820" lon="4.397380">
						<ele>351</ele>
						<time>2026-02-16T15:11:49Z</time>
					</trkpt>
					<trkpt lat="46.607770" lon="4.397240">
						<ele>351</ele>
						<time>2026-02-16T15:11:51Z</time>
					</trkpt>
					<trkpt lat="46.607690" lon="4.396880">
						<ele>348</ele>
						<time>2026-02-16T15:11:55Z</time>
					</trkpt>
					<trkpt lat="46.607610" lon="4.396430">
						<ele>345</ele>
						<time>2026-02-16T15:12:01Z</time>
					</trkpt>
					<trkpt lat="46.607550" lon="4.396220">
						<ele>344</ele>
						<time>2026-02-16T15:12:04Z</time>
					</trkpt>
					<trkpt lat="46.607500" lon="4.396080">
						<ele>343</ele>
						<time>2026-02-16T15:12:06Z</time>
					</trkpt>
					<trkpt lat="46.607340" lon="4.395810">
						<ele>341</ele>
						<time>2026-02-16T15:12:10Z</time>
					</trkpt>
					<trkpt lat="46.607220" lon="4.395660">
						<ele>341</ele>
						<time>2026-02-16T15:12:13Z</time>
					</trkpt>
					<trkpt lat="46.607100" lon="4.395560">
						<ele>340</ele>
						<time>2026-02-16T15:12:15Z</time>
					</trkpt>
					<trkpt lat="46.606920" lon="4.395500">
						<ele>340</ele>
						<time>2026-02-16T15:12:19Z</time>
					</trkpt>
					<trkpt lat="46.606820" lon="4.395500">
						<ele>341</ele>
						<time>2026-02-16T15:12:20Z</time>
					</trkpt>
					<trkpt lat="46.606690" lon="4.395580">
						<ele>342</ele>
						<time>2026-02-16T15:12:23Z</time>
					</trkpt>
					<trkpt lat="46.606640" lon="4.395630">
						<ele>342</ele>
						<time>2026-02-16T15:12:24Z</time>
					</trkpt>
					<trkpt lat="46.606110" lon="4.396130">
						<ele>343</ele>
						<time>2026-02-16T15:12:35Z</time>
					</trkpt>
					<trkpt lat="46.605920" lon="4.396300">
						<ele>343</ele>
						<time>2026-02-16T15:12:39Z</time>
					</trkpt>
					<trkpt lat="46.605810" lon="4.396360">
						<ele>343</ele>
						<time>2026-02-16T15:12:41Z</time>
					</trkpt>
					<trkpt lat="46.605230" lon="4.396460">
						<ele>342</ele>
						<time>2026-02-16T15:12:52Z</time>
					</trkpt>
					<trkpt lat="46.605020" lon="4.396510">
						<ele>341</ele>
						<time>2026-02-16T15:12:55Z</time>
					</trkpt>
					<trkpt lat="46.604930" lon="4.396530">
						<ele>341</ele>
						<time>2026-02-16T15:12:57Z</time>
					</trkpt>
					<trkpt lat="46.604770" lon="4.396610">
						<ele>341</ele>
						<time>2026-02-16T15:13:00Z</time>
					</trkpt>
					<trkpt lat="46.604610" lon="4.396720">
						<ele>342</ele>
						<time>2026-02-16T15:13:03Z</time>
					</trkpt>
					<trkpt lat="46.604510" lon="4.396730">
						<ele>341</ele>
						<time>2026-02-16T15:13:05Z</time>
					</trkpt>
					<trkpt lat="46.604500" lon="4.396730">
						<ele>341</ele>
						<time>2026-02-16T15:13:05Z</time>
					</trkpt>
					<trkpt lat="46.604920" lon="4.395810">
						<ele>333</ele>
						<time>2026-02-16T15:13:19Z</time>
					</trkpt>
					<trkpt lat="46.606150" lon="4.393160">
						<ele>325</ele>
						<time>2026-02-16T15:13:58Z</time>
					</trkpt>
					<trkpt lat="46.606570" lon="4.392270">
						<ele>323</ele>
						<time>2026-02-16T15:14:11Z</time>
					</trkpt>
					<trkpt lat="46.606820" lon="4.391720">
						<ele>323</ele>
						<time>2026-02-16T15:14:19Z</time>
					</trkpt>
					<trkpt lat="46.607890" lon="4.389370">
						<ele>325</ele>
						<time>2026-02-16T15:14:53Z</time>
					</trkpt>
					<trkpt lat="46.607970" lon="4.389200">
						<ele>325</ele>
						<time>2026-02-16T15:14:56Z</time>
					</trkpt>
					<trkpt lat="46.608440" lon="4.388070">
						<ele>322</ele>
						<time>2026-02-16T15:15:12Z</time>
					</trkpt>
					<trkpt lat="46.608710" lon="4.387410">
						<ele>323</ele>
						<time>2026-02-16T15:15:21Z</time>
					</trkpt>
					<trkpt lat="46.608890" lon="4.386990">
						<ele>321</ele>
						<time>2026-02-16T15:15:28Z</time>
					</trkpt>
					<trkpt lat="46.609140" lon="4.386430">
						<ele>319</ele>
						<time>2026-02-16T15:15:36Z</time>
					</trkpt>
					<trkpt lat="46.609250" lon="4.386130">
						<ele>318</ele>
						<time>2026-02-16T15:15:40Z</time>
					</trkpt>
					<trkpt lat="46.609300" lon="4.385910">
						<ele>317</ele>
						<time>2026-02-16T15:15:43Z</time>
					</trkpt>
					<trkpt lat="46.609330" lon="4.385660">
						<ele>317</ele>
						<time>2026-02-16T15:15:46Z</time>
					</trkpt>
					<trkpt lat="46.609640" lon="4.377760">
						<ele>307</ele>
						<time>2026-02-16T15:17:23Z</time>
					</trkpt>
					<trkpt lat="46.609670" lon="4.377090">
						<ele>307</ele>
						<time>2026-02-16T15:17:31Z</time>
					</trkpt>
					<trkpt lat="46.609770" lon="4.374750">
						<ele>305</ele>
						<time>2026-02-16T15:17:59Z</time>
					</trkpt>
					<trkpt lat="46.609770" lon="4.374370">
						<ele>304</ele>
						<time>2026-02-16T15:18:04Z</time>
					</trkpt>
					<trkpt lat="46.609760" lon="4.374050">
						<ele>303</ele>
						<time>2026-02-16T15:18:08Z</time>
					</trkpt>
					<trkpt lat="46.609680" lon="4.372880">
						<ele>303</ele>
						<time>2026-02-16T15:18:22Z</time>
					</trkpt>
					<trkpt lat="46.609630" lon="4.372460">
						<ele>303</ele>
						<time>2026-02-16T15:18:28Z</time>
					</trkpt>
					<trkpt lat="46.609570" lon="4.372230">
						<ele>303</ele>
						<time>2026-02-16T15:18:31Z</time>
					</trkpt>
					<trkpt lat="46.609120" lon="4.371120">
						<ele>301</ele>
						<time>2026-02-16T15:18:46Z</time>
					</trkpt>
					<trkpt lat="46.609040" lon="4.370940">
						<ele>301</ele>
						<time>2026-02-16T15:18:49Z</time>
					</trkpt>
					<trkpt lat="46.609000" lon="4.370850">
						<ele>301</ele>
						<time>2026-02-16T15:18:50Z</time>
					</trkpt>
					<trkpt lat="46.608970" lon="4.370760">
						<ele>301</ele>
						<time>2026-02-16T15:18:51Z</time>
					</trkpt>
					<trkpt lat="46.608440" lon="4.369490">
						<ele>303</ele>
						<time>2026-02-16T15:19:10Z</time>
					</trkpt>
					<trkpt lat="46.608080" lon="4.368610">
						<ele>305</ele>
						<time>2026-02-16T15:19:22Z</time>
					</trkpt>
					<trkpt lat="46.607790" lon="4.368010">
						<ele>305</ele>
						<time>2026-02-16T15:19:31Z</time>
					</trkpt>
					<trkpt lat="46.606900" lon="4.366170">
						<ele>299</ele>
						<time>2026-02-16T15:19:59Z</time>
					</trkpt>
					<trkpt lat="46.606810" lon="4.366010">
						<ele>299</ele>
						<time>2026-02-16T15:20:01Z</time>
					</trkpt>
					<trkpt lat="46.605070" lon="4.362470">
						<ele>298</ele>
						<time>2026-02-16T15:20:54Z</time>
					</trkpt>
					<trkpt lat="46.604370" lon="4.361030">
						<ele>296</ele>
						<time>2026-02-16T15:21:16Z</time>
					</trkpt>
					<trkpt lat="46.604200" lon="4.360690">
						<ele>296</ele>
						<time>2026-02-16T15:21:21Z</time>
					</trkpt>
					<trkpt lat="46.604560" lon="4.360530">
						<ele>299</ele>
						<time>2026-02-16T15:21:28Z</time>
					</trkpt>
					<trkpt lat="46.604770" lon="4.360530">
						<ele>300</ele>
						<time>2026-02-16T15:21:31Z</time>
					</trkpt>
					<trkpt lat="46.604900" lon="4.360630">
						<ele>300</ele>
						<time>2026-02-16T15:21:34Z</time>
					</trkpt>
					<trkpt lat="46.605100" lon="4.360850">
						<ele>301</ele>
						<time>2026-02-16T15:21:39Z</time>
					</trkpt>
					<trkpt lat="46.605260" lon="4.361000">
						<ele>303</ele>
						<time>2026-02-16T15:21:42Z</time>
					</trkpt>
					<trkpt lat="46.605380" lon="4.360990">
						<ele>304</ele>
						<time>2026-02-16T15:21:44Z</time>
					</trkpt>
					<trkpt lat="46.605440" lon="4.360910">
						<ele>305</ele>
						<time>2026-02-16T15:21:46Z</time>
					</trkpt>
					<trkpt lat="46.605470" lon="4.360840">
						<ele>305</ele>
						<time>2026-02-16T15:21:47Z</time>
					</trkpt>
					<trkpt lat="46.605510" lon="4.360700">
						<ele>306</ele>
						<time>2026-02-16T15:21:48Z</time>
					</trkpt>
					<trkpt lat="46.605930" lon="4.359280">
						<ele>314</ele>
						<time>2026-02-16T15:22:07Z</time>
					</trkpt>
					<trkpt lat="46.605970" lon="4.359190">
						<ele>314</ele>
						<time>2026-02-16T15:22:09Z</time>
					</trkpt>
					<trkpt lat="46.606000" lon="4.359140">
						<ele>315</ele>
						<time>2026-02-16T15:22:09Z</time>
					</trkpt>
					<trkpt lat="46.606030" lon="4.359100">
						<ele>315</ele>
						<time>2026-02-16T15:22:10Z</time>
					</trkpt>
					<trkpt lat="46.606080" lon="4.359080">
						<ele>316</ele>
						<time>2026-02-16T15:22:11Z</time>
					</trkpt>
					<trkpt lat="46.606140" lon="4.359090">
						<ele>316</ele>
						<time>2026-02-16T15:22:12Z</time>
					</trkpt>
					<trkpt lat="46.606200" lon="4.359130">
						<ele>317</ele>
						<time>2026-02-16T15:22:13Z</time>
					</trkpt>
					<trkpt lat="46.606230" lon="4.359200">
						<ele>317</ele>
						<time>2026-02-16T15:22:14Z</time>
					</trkpt>
					<trkpt lat="46.606430" lon="4.359920">
						<ele>321</ele>
						<time>2026-02-16T15:22:24Z</time>
					</trkpt>
					<trkpt lat="46.606510" lon="4.360170">
						<ele>322</ele>
						<time>2026-02-16T15:22:27Z</time>
					</trkpt>
					<trkpt lat="46.606570" lon="4.360380">
						<ele>322</ele>
						<time>2026-02-16T15:22:30Z</time>
					</trkpt>
					<trkpt lat="46.606650" lon="4.360560">
						<ele>323</ele>
						<time>2026-02-16T15:22:33Z</time>
					</trkpt>
					<trkpt lat="46.606800" lon="4.360660">
						<ele>324</ele>
						<time>2026-02-16T15:22:35Z</time>
					</trkpt>
					<trkpt lat="46.606850" lon="4.360660">
						<ele>324</ele>
						<time>2026-02-16T15:22:36Z</time>
					</trkpt>
					<trkpt lat="46.606930" lon="4.360660">
						<ele>325</ele>
						<time>2026-02-16T15:22:38Z</time>
					</trkpt>
					<trkpt lat="46.606990" lon="4.360610">
						<ele>325</ele>
						<time>2026-02-16T15:22:39Z</time>
					</trkpt>
					<trkpt lat="46.607270" lon="4.360240">
						<ele>328</ele>
						<time>2026-02-16T15:22:46Z</time>
					</trkpt>
					<trkpt lat="46.607310" lon="4.360190">
						<ele>329</ele>
						<time>2026-02-16T15:22:47Z</time>
					</trkpt>
					<trkpt lat="46.607420" lon="4.360190">
						<ele>329</ele>
						<time>2026-02-16T15:22:49Z</time>
					</trkpt>
					<trkpt lat="46.607620" lon="4.360280">
						<ele>330</ele>
						<time>2026-02-16T15:22:52Z</time>
					</trkpt>
					<trkpt lat="46.607710" lon="4.360300">
						<ele>330</ele>
						<time>2026-02-16T15:22:54Z</time>
					</trkpt>
					<trkpt lat="46.607800" lon="4.360280">
						<ele>330</ele>
						<time>2026-02-16T15:22:56Z</time>
					</trkpt>
					<trkpt lat="46.607880" lon="4.360190">
						<ele>331</ele>
						<time>2026-02-16T15:22:57Z</time>
					</trkpt>
					<trkpt lat="46.608110" lon="4.359860">
						<ele>331</ele>
						<time>2026-02-16T15:23:03Z</time>
					</trkpt>
					<trkpt lat="46.608260" lon="4.359690">
						<ele>331</ele>
						<time>2026-02-16T15:23:07Z</time>
					</trkpt>
					<trkpt lat="46.608310" lon="4.359670">
						<ele>332</ele>
						<time>2026-02-16T15:23:07Z</time>
					</trkpt>
					<trkpt lat="46.608370" lon="4.359630">
						<ele>332</ele>
						<time>2026-02-16T15:23:09Z</time>
					</trkpt>
					<trkpt lat="46.608490" lon="4.359630">
						<ele>332</ele>
						<time>2026-02-16T15:23:11Z</time>
					</trkpt>
					<trkpt lat="46.608700" lon="4.359640">
						<ele>333</ele>
						<time>2026-02-16T15:23:15Z</time>
					</trkpt>
					<trkpt lat="46.608790" lon="4.359650">
						<ele>333</ele>
						<time>2026-02-16T15:23:16Z</time>
					</trkpt>
					<trkpt lat="46.608900" lon="4.359640">
						<ele>334</ele>
						<time>2026-02-16T15:23:18Z</time>
					</trkpt>
					<trkpt lat="46.609000" lon="4.359630">
						<ele>334</ele>
						<time>2026-02-16T15:23:20Z</time>
					</trkpt>
					<trkpt lat="46.609370" lon="4.359570">
						<ele>335</ele>
						<time>2026-02-16T15:23:26Z</time>
					</trkpt>
					<trkpt lat="46.609660" lon="4.359520">
						<ele>335</ele>
						<time>2026-02-16T15:23:32Z</time>
					</trkpt>
					<trkpt lat="46.609800" lon="4.359500">
						<ele>336</ele>
						<time>2026-02-16T15:23:34Z</time>
					</trkpt>
					<trkpt lat="46.610090" lon="4.359460">
						<ele>336</ele>
						<time>2026-02-16T15:23:39Z</time>
					</trkpt>
					<trkpt lat="46.610520" lon="4.359450">
						<ele>337</ele>
						<time>2026-02-16T15:23:47Z</time>
					</trkpt>
					<trkpt lat="46.610710" lon="4.359500">
						<ele>337</ele>
						<time>2026-02-16T15:23:50Z</time>
					</trkpt>
					<trkpt lat="46.611350" lon="4.359670">
						<ele>336</ele>
						<time>2026-02-16T15:24:02Z</time>
					</trkpt>
					<trkpt lat="46.611580" lon="4.359760">
						<ele>335</ele>
						<time>2026-02-16T15:24:06Z</time>
					</trkpt>
					<trkpt lat="46.611650" lon="4.359780">
						<ele>335</ele>
						<time>2026-02-16T15:24:08Z</time>
					</trkpt>
					<trkpt lat="46.612000" lon="4.359930">
						<ele>335</ele>
						<time>2026-02-16T15:24:14Z</time>
					</trkpt>
					<trkpt lat="46.613340" lon="4.360470">
						<ele>334</ele>
						<time>2026-02-16T15:24:39Z</time>
					</trkpt>
					<trkpt lat="46.613690" lon="4.360610">
						<ele>334</ele>
						<time>2026-02-16T15:24:45Z</time>
					</trkpt>
					<trkpt lat="46.614000" lon="4.360740">
						<ele>333</ele>
						<time>2026-02-16T15:24:51Z</time>
					</trkpt>
					<trkpt lat="46.614150" lon="4.360820">
						<ele>333</ele>
						<time>2026-02-16T15:24:54Z</time>
					</trkpt>
					<trkpt lat="46.614640" lon="4.361080">
						<ele>334</ele>
						<time>2026-02-16T15:25:03Z</time>
					</trkpt>
					<trkpt lat="46.614960" lon="4.361270">
						<ele>336</ele>
						<time>2026-02-16T15:25:09Z</time>
					</trkpt>
					<trkpt lat="46.616460" lon="4.362340">
						<ele>346</ele>
						<time>2026-02-16T15:25:39Z</time>
					</trkpt>
					<trkpt lat="46.616600" lon="4.362390">
						<ele>347</ele>
						<time>2026-02-16T15:25:42Z</time>
					</trkpt>
					<trkpt lat="46.616740" lon="4.362430">
						<ele>348</ele>
						<time>2026-02-16T15:25:44Z</time>
					</trkpt>
					<trkpt lat="46.616860" lon="4.362490">
						<ele>349</ele>
						<time>2026-02-16T15:25:46Z</time>
					</trkpt>
					<trkpt lat="46.616970" lon="4.362570">
						<ele>349</ele>
						<time>2026-02-16T15:25:49Z</time>
					</trkpt>
					<trkpt lat="46.617110" lon="4.362690">
						<ele>350</ele>
						<time>2026-02-16T15:25:51Z</time>
					</trkpt>
					<trkpt lat="46.617700" lon="4.363360">
						<ele>352</ele>
						<time>2026-02-16T15:26:05Z</time>
					</trkpt>
					<trkpt lat="46.617840" lon="4.363460">
						<ele>352</ele>
						<time>2026-02-16T15:26:07Z</time>
					</trkpt>
					<trkpt lat="46.617960" lon="4.363500">
						<ele>353</ele>
						<time>2026-02-16T15:26:10Z</time>
					</trkpt>
					<trkpt lat="46.618090" lon="4.363510">
						<ele>353</ele>
						<time>2026-02-16T15:26:12Z</time>
					</trkpt>
					<trkpt lat="46.619230" lon="4.363300">
						<ele>352</ele>
						<time>2026-02-16T15:26:32Z</time>
					</trkpt>
					<trkpt lat="46.619420" lon="4.363290">
						<ele>352</ele>
						<time>2026-02-16T15:26:36Z</time>
					</trkpt>
					<trkpt lat="46.619600" lon="4.363310">
						<ele>352</ele>
						<time>2026-02-16T15:26:39Z</time>
					</trkpt>
					<trkpt lat="46.620790" lon="4.363470">
						<ele>352</ele>
						<time>2026-02-16T15:27:00Z</time>
					</trkpt>
					<trkpt lat="46.621270" lon="4.363550">
						<ele>350</ele>
						<time>2026-02-16T15:27:09Z</time>
					</trkpt>
					<trkpt lat="46.621440" lon="4.363580">
						<ele>350</ele>
						<time>2026-02-16T15:27:12Z</time>
					</trkpt>
					<trkpt lat="46.621760" lon="4.363590">
						<ele>349</ele>
						<time>2026-02-16T15:27:18Z</time>
					</trkpt>
					<trkpt lat="46.621900" lon="4.363620">
						<ele>349</ele>
						<time>2026-02-16T15:27:20Z</time>
					</trkpt>
					<trkpt lat="46.622040" lon="4.363690">
						<ele>349</ele>
						<time>2026-02-16T15:27:23Z</time>
					</trkpt>
					<trkpt lat="46.622210" lon="4.363820">
						<ele>349</ele>
						<time>2026-02-16T15:27:26Z</time>
					</trkpt>
					<trkpt lat="46.622630" lon="4.364220">
						<ele>348</ele>
						<time>2026-02-16T15:27:35Z</time>
					</trkpt>
					<trkpt lat="46.622710" lon="4.364270">
						<ele>348</ele>
						<time>2026-02-16T15:27:37Z</time>
					</trkpt>
					<trkpt lat="46.622840" lon="4.364360">
						<ele>348</ele>
						<time>2026-02-16T15:27:39Z</time>
					</trkpt>
					<trkpt lat="46.623240" lon="4.364580">
						<ele>348</ele>
						<time>2026-02-16T15:27:47Z</time>
					</trkpt>
					<trkpt lat="46.624260" lon="4.365060">
						<ele>344</ele>
						<time>2026-02-16T15:28:06Z</time>
					</trkpt>
					<trkpt lat="46.625390" lon="4.365530">
						<ele>341</ele>
						<time>2026-02-16T15:28:27Z</time>
					</trkpt>
					<trkpt lat="46.626320" lon="4.365750">
						<ele>340</ele>
						<time>2026-02-16T15:28:44Z</time>
					</trkpt>
					<trkpt lat="46.626480" lon="4.365800">
						<ele>340</ele>
						<time>2026-02-16T15:28:47Z</time>
					</trkpt>
					<trkpt lat="46.626760" lon="4.365950">
						<ele>341</ele>
						<time>2026-02-16T15:28:52Z</time>
					</trkpt>
					<trkpt lat="46.626830" lon="4.366010">
						<ele>341</ele>
						<time>2026-02-16T15:28:53Z</time>
					</trkpt>
					<trkpt lat="46.626880" lon="4.366070">
						<ele>341</ele>
						<time>2026-02-16T15:28:54Z</time>
					</trkpt>
					<trkpt lat="46.627010" lon="4.366270">
						<ele>342</ele>
						<time>2026-02-16T15:28:58Z</time>
					</trkpt>
					<trkpt lat="46.627060" lon="4.366460">
						<ele>343</ele>
						<time>2026-02-16T15:29:00Z</time>
					</trkpt>
					<trkpt lat="46.627070" lon="4.366610">
						<ele>343</ele>
						<time>2026-02-16T15:29:02Z</time>
					</trkpt>
					<trkpt lat="46.627040" lon="4.367030">
						<ele>342</ele>
						<time>2026-02-16T15:29:07Z</time>
					</trkpt>
					<trkpt lat="46.627060" lon="4.367210">
						<ele>341</ele>
						<time>2026-02-16T15:29:10Z</time>
					</trkpt>
					<trkpt lat="46.627110" lon="4.367370">
						<ele>341</ele>
						<time>2026-02-16T15:29:12Z</time>
					</trkpt>
					<trkpt lat="46.627230" lon="4.367610">
						<ele>339</ele>
						<time>2026-02-16T15:29:15Z</time>
					</trkpt>
					<trkpt lat="46.627280" lon="4.367770">
						<ele>338</ele>
						<time>2026-02-16T15:29:17Z</time>
					</trkpt>
					<trkpt lat="46.627310" lon="4.367970">
						<ele>337</ele>
						<time>2026-02-16T15:29:20Z</time>
					</trkpt>
					<trkpt lat="46.627310" lon="4.368080">
						<ele>337</ele>
						<time>2026-02-16T15:29:21Z</time>
					</trkpt>
					<trkpt lat="46.627280" lon="4.368360">
						<ele>336</ele>
						<time>2026-02-16T15:29:25Z</time>
					</trkpt>
					<trkpt lat="46.627240" lon="4.368620">
						<ele>336</ele>
						<time>2026-02-16T15:29:28Z</time>
					</trkpt>
					<trkpt lat="46.627110" lon="4.369020">
						<ele>337</ele>
						<time>2026-02-16T15:29:33Z</time>
					</trkpt>
					<trkpt lat="46.627080" lon="4.369180">
						<ele>337</ele>
						<time>2026-02-16T15:29:35Z</time>
					</trkpt>
					<trkpt lat="46.627080" lon="4.369320">
						<ele>337</ele>
						<time>2026-02-16T15:29:37Z</time>
					</trkpt>
					<trkpt lat="46.627120" lon="4.369510">
						<ele>336</ele>
						<time>2026-02-16T15:29:40Z</time>
					</trkpt>
					<trkpt lat="46.627220" lon="4.369710">
						<ele>335</ele>
						<time>2026-02-16T15:29:43Z</time>
					</trkpt>
					<trkpt lat="46.627340" lon="4.369860">
						<ele>333</ele>
						<time>2026-02-16T15:29:45Z</time>
					</trkpt>
					<trkpt lat="46.627410" lon="4.369910">
						<ele>332</ele>
						<time>2026-02-16T15:29:47Z</time>
					</trkpt>
					<trkpt lat="46.627490" lon="4.369950">
						<ele>331</ele>
						<time>2026-02-16T15:29:48Z</time>
					</trkpt>
					<trkpt lat="46.627670" lon="4.369990">
						<ele>329</ele>
						<time>2026-02-16T15:29:52Z</time>
					</trkpt>
					<trkpt lat="46.628290" lon="4.370090">
						<ele>324</ele>
						<time>2026-02-16T15:30:03Z</time>
					</trkpt>
					<trkpt lat="46.628340" lon="4.370090">
						<ele>324</ele>
						<time>2026-02-16T15:30:04Z</time>
					</trkpt>
					<trkpt lat="46.628530" lon="4.370080">
						<ele>323</ele>
						<time>2026-02-16T15:30:07Z</time>
					</trkpt>
					<trkpt lat="46.628670" lon="4.370030">
						<ele>323</ele>
						<time>2026-02-16T15:30:09Z</time>
					</trkpt>
					<trkpt lat="46.628790" lon="4.369970">
						<ele>322</ele>
						<time>2026-02-16T15:30:12Z</time>
					</trkpt>
					<trkpt lat="46.629120" lon="4.369790">
						<ele>321</ele>
						<time>2026-02-16T15:30:18Z</time>
					</trkpt>
					<trkpt lat="46.629270" lon="4.369750">
						<ele>319</ele>
						<time>2026-02-16T15:30:21Z</time>
					</trkpt>
					<trkpt lat="46.629430" lon="4.369770">
						<ele>317</ele>
						<time>2026-02-16T15:30:24Z</time>
					</trkpt>
					<trkpt lat="46.629500" lon="4.369780">
						<ele>316</ele>
						<time>2026-02-16T15:30:25Z</time>
					</trkpt>
					<trkpt lat="46.629980" lon="4.369990">
						<ele>309</ele>
						<time>2026-02-16T15:30:34Z</time>
					</trkpt>
					<trkpt lat="46.630300" lon="4.370130">
						<ele>306</ele>
						<time>2026-02-16T15:30:40Z</time>
					</trkpt>
					<trkpt lat="46.630790" lon="4.370270">
						<ele>300</ele>
						<time>2026-02-16T15:30:49Z</time>
					</trkpt>
					<trkpt lat="46.631360" lon="4.370390">
						<ele>297</ele>
						<time>2026-02-16T15:30:59Z</time>
					</trkpt>
					<trkpt lat="46.631990" lon="4.370590">
						<ele>294</ele>
						<time>2026-02-16T15:31:10Z</time>
					</trkpt>
					<trkpt lat="46.632140" lon="4.370600">
						<ele>293</ele>
						<time>2026-02-16T15:31:13Z</time>
					</trkpt>
					<trkpt lat="46.632460" lon="4.370640">
						<ele>291</ele>
						<time>2026-02-16T15:31:19Z</time>
					</trkpt>
					<trkpt lat="46.633030" lon="4.370680">
						<ele>291</ele>
						<time>2026-02-16T15:31:29Z</time>
					</trkpt>
					<trkpt lat="46.633330" lon="4.370640">
						<ele>292</ele>
						<time>2026-02-16T15:31:34Z</time>
					</trkpt>
					<trkpt lat="46.633570" lon="4.370560">
						<ele>293</ele>
						<time>2026-02-16T15:31:39Z</time>
					</trkpt>
					<trkpt lat="46.633980" lon="4.370380">
						<ele>295</ele>
						<time>2026-02-16T15:31:46Z</time>
					</trkpt>
					<trkpt lat="46.634430" lon="4.370140">
						<ele>296</ele>
						<time>2026-02-16T15:31:55Z</time>
					</trkpt>
					<trkpt lat="46.635310" lon="4.369620">
						<ele>296</ele>
						<time>2026-02-16T15:32:12Z</time>
					</trkpt>
					<trkpt lat="46.635700" lon="4.369540">
						<ele>296</ele>
						<time>2026-02-16T15:32:19Z</time>
					</trkpt>
					<trkpt lat="46.636680" lon="4.369530">
						<ele>299</ele>
						<time>2026-02-16T15:32:36Z</time>
					</trkpt>
					<trkpt lat="46.637170" lon="4.369470">
						<ele>300</ele>
						<time>2026-02-16T15:32:45Z</time>
					</trkpt>
					<trkpt lat="46.637320" lon="4.369430">
						<ele>301</ele>
						<time>2026-02-16T15:32:48Z</time>
					</trkpt>
					<trkpt lat="46.637400" lon="4.369360">
						<ele>301</ele>
						<time>2026-02-16T15:32:49Z</time>
					</trkpt>
					<trkpt lat="46.637500" lon="4.369220">
						<ele>301</ele>
						<time>2026-02-16T15:32:52Z</time>
					</trkpt>
					<trkpt lat="46.637640" lon="4.368980">
						<ele>301</ele>
						<time>2026-02-16T15:32:55Z</time>
					</trkpt>
					<trkpt lat="46.637920" lon="4.368610">
						<ele>302</ele>
						<time>2026-02-16T15:33:02Z</time>
					</trkpt>
					<trkpt lat="46.638260" lon="4.368290">
						<ele>303</ele>
						<time>2026-02-16T15:33:09Z</time>
					</trkpt>
					<trkpt lat="46.638510" lon="4.368150">
						<ele>304</ele>
						<time>2026-02-16T15:33:14Z</time>
					</trkpt>
					<trkpt lat="46.638690" lon="4.368090">
						<ele>305</ele>
						<time>2026-02-16T15:33:17Z</time>
					</trkpt>
					<trkpt lat="46.638830" lon="4.368120">
						<ele>307</ele>
						<time>2026-02-16T15:33:20Z</time>
					</trkpt>
					<trkpt lat="46.638950" lon="4.368220">
						<ele>308</ele>
						<time>2026-02-16T15:33:22Z</time>
					</trkpt>
					<trkpt lat="46.639270" lon="4.368470">
						<ele>311</ele>
						<time>2026-02-16T15:33:29Z</time>
					</trkpt>
					<trkpt lat="46.639320" lon="4.368510">
						<ele>311</ele>
						<time>2026-02-16T15:33:30Z</time>
					</trkpt>
					<trkpt lat="46.639430" lon="4.368590">
						<ele>312</ele>
						<time>2026-02-16T15:33:32Z</time>
					</trkpt>
					<trkpt lat="46.639660" lon="4.368770">
						<ele>315</ele>
						<time>2026-02-16T15:33:37Z</time>
					</trkpt>
					<trkpt lat="46.640030" lon="4.369060">
						<ele>321</ele>
						<time>2026-02-16T15:33:44Z</time>
					</trkpt>
					<trkpt lat="46.640420" lon="4.369370">
						<ele>323</ele>
						<time>2026-02-16T15:33:52Z</time>
					</trkpt>
					<trkpt lat="46.640450" lon="4.369420">
						<ele>324</ele>
						<time>2026-02-16T15:33:53Z</time>
					</trkpt>
					<trkpt lat="46.640460" lon="4.369460">
						<ele>324</ele>
						<time>2026-02-16T15:33:53Z</time>
					</trkpt>
					<trkpt lat="46.640420" lon="4.369760">
						<ele>326</ele>
						<time>2026-02-16T15:33:57Z</time>
					</trkpt>
					<trkpt lat="46.640350" lon="4.370100">
						<ele>328</ele>
						<time>2026-02-16T15:34:02Z</time>
					</trkpt>
					<trkpt lat="46.640340" lon="4.370260">
						<ele>328</ele>
						<time>2026-02-16T15:34:04Z</time>
					</trkpt>
					<trkpt lat="46.640360" lon="4.370490">
						<ele>329</ele>
						<time>2026-02-16T15:34:06Z</time>
					</trkpt>
					<trkpt lat="46.640400" lon="4.370680">
						<ele>329</ele>
						<time>2026-02-16T15:34:09Z</time>
					</trkpt>
					<trkpt lat="46.640460" lon="4.370770">
						<ele>330</ele>
						<time>2026-02-16T15:34:10Z</time>
					</trkpt>
					<trkpt lat="46.640630" lon="4.370700">
						<ele>330</ele>
						<time>2026-02-16T15:34:13Z</time>
					</trkpt>
					<trkpt lat="46.640690" lon="4.370700">
						<ele>331</ele>
						<time>2026-02-16T15:34:15Z</time>
					</trkpt>
					<trkpt lat="46.640760" lon="4.370720">
						<ele>331</ele>
						<time>2026-02-16T15:34:16Z</time>
					</trkpt>
					<trkpt lat="46.640790" lon="4.370740">
						<ele>331</ele>
						<time>2026-02-16T15:34:16Z</time>
					</trkpt>
					<trkpt lat="46.640860" lon="4.370820">
						<ele>332</ele>
						<time>2026-02-16T15:34:18Z</time>
					</trkpt>
					<trkpt lat="46.641010" lon="4.371110">
						<ele>332</ele>
						<time>2026-02-16T15:34:22Z</time>
					</trkpt>
					<trkpt lat="46.641240" lon="4.371570">
						<ele>334</ele>
						<time>2026-02-16T15:34:29Z</time>
					</trkpt>
					<trkpt lat="46.641340" lon="4.371760">
						<ele>334</ele>
						<time>2026-02-16T15:34:32Z</time>
					</trkpt>
					<trkpt lat="46.641410" lon="4.371980">
						<ele>335</ele>
						<time>2026-02-16T15:34:35Z</time>
					</trkpt>
					<trkpt lat="46.641580" lon="4.372620">
						<ele>337</ele>
						<time>2026-02-16T15:34:44Z</time>
					</trkpt>
					<trkpt lat="46.641670" lon="4.372930">
						<ele>338</ele>
						<time>2026-02-16T15:34:48Z</time>
					</trkpt>
					<trkpt lat="46.641780" lon="4.373180">
						<ele>338</ele>
						<time>2026-02-16T15:34:51Z</time>
					</trkpt>
					<trkpt lat="46.642220" lon="4.373880">
						<ele>340</ele>
						<time>2026-02-16T15:35:03Z</time>
					</trkpt>
					<trkpt lat="46.642390" lon="4.374110">
						<ele>341</ele>
						<time>2026-02-16T15:35:07Z</time>
					</trkpt>
					<trkpt lat="46.642500" lon="4.374200">
						<ele>342</ele>
						<time>2026-02-16T15:35:09Z</time>
					</trkpt>
					<trkpt lat="46.642580" lon="4.374260">
						<ele>343</ele>
						<time>2026-02-16T15:35:11Z</time>
					</trkpt>
					<trkpt lat="46.642580" lon="4.374520">
						<ele>344</ele>
						<time>2026-02-16T15:35:14Z</time>
					</trkpt>
					<trkpt lat="46.642590" lon="4.374610">
						<ele>344</ele>
						<time>2026-02-16T15:35:15Z</time>
					</trkpt>
					<trkpt lat="46.642970" lon="4.375750">
						<ele>348</ele>
						<time>2026-02-16T15:35:31Z</time>
					</trkpt>
					<trkpt lat="46.643430" lon="4.377120">
						<ele>353</ele>
						<time>2026-02-16T15:35:49Z</time>
					</trkpt>
					<trkpt lat="46.643610" lon="4.377650">
						<ele>353</ele>
						<time>2026-02-16T15:35:57Z</time>
					</trkpt>
					<trkpt lat="46.643880" lon="4.378360">
						<ele>354</ele>
						<time>2026-02-16T15:36:06Z</time>
					</trkpt>
					<trkpt lat="46.644470" lon="4.379820">
						<ele>356</ele>
						<time>2026-02-16T15:36:27Z</time>
					</trkpt>
					<trkpt lat="46.644690" lon="4.380400">
						<ele>357</ele>
						<time>2026-02-16T15:36:35Z</time>
					</trkpt>
					<trkpt lat="46.644920" lon="4.380870">
						<ele>357</ele>
						<time>2026-02-16T15:36:42Z</time>
					</trkpt>
					<trkpt lat="46.645180" lon="4.381360">
						<ele>357</ele>
						<time>2026-02-16T15:36:50Z</time>
					</trkpt>
					<trkpt lat="46.645450" lon="4.381850">
						<ele>358</ele>
						<time>2026-02-16T15:36:58Z</time>
					</trkpt>
					<trkpt lat="46.645500" lon="4.381960">
						<ele>358</ele>
						<time>2026-02-16T15:36:59Z</time>
					</trkpt>
					<trkpt lat="46.645530" lon="4.382060">
						<ele>358</ele>
						<time>2026-02-16T15:37:00Z</time>
					</trkpt>
					<trkpt lat="46.645560" lon="4.382170">
						<ele>358</ele>
						<time>2026-02-16T15:37:02Z</time>
					</trkpt>
					<trkpt lat="46.645580" lon="4.382400">
						<ele>357</ele>
						<time>2026-02-16T15:37:05Z</time>
					</trkpt>
					<trkpt lat="46.645580" lon="4.382750">
						<ele>356</ele>
						<time>2026-02-16T15:37:09Z</time>
					</trkpt>
					<trkpt lat="46.645570" lon="4.383400">
						<ele>354</ele>
						<time>2026-02-16T15:37:17Z</time>
					</trkpt>
					<trkpt lat="46.645490" lon="4.384730">
						<ele>349</ele>
						<time>2026-02-16T15:37:33Z</time>
					</trkpt>
					<trkpt lat="46.645480" lon="4.385060">
						<ele>348</ele>
						<time>2026-02-16T15:37:37Z</time>
					</trkpt>
					<trkpt lat="46.645440" lon="4.386190">
						<ele>349</ele>
						<time>2026-02-16T15:37:51Z</time>
					</trkpt>
					<trkpt lat="46.645440" lon="4.386510">
						<ele>349</ele>
						<time>2026-02-16T15:37:55Z</time>
					</trkpt>
					<trkpt lat="46.645450" lon="4.386720">
						<ele>350</ele>
						<time>2026-02-16T15:37:58Z</time>
					</trkpt>
					<trkpt lat="46.645550" lon="4.387390">
						<ele>350</ele>
						<time>2026-02-16T15:38:06Z</time>
					</trkpt>
					<trkpt lat="46.645680" lon="4.388550">
						<ele>352</ele>
						<time>2026-02-16T15:38:20Z</time>
					</trkpt>
					<trkpt lat="46.645810" lon="4.389470">
						<ele>353</ele>
						<time>2026-02-16T15:38:32Z</time>
					</trkpt>
					<trkpt lat="46.646080" lon="4.390920">
						<ele>359</ele>
						<time>2026-02-16T15:38:50Z</time>
					</trkpt>
					<trkpt lat="46.646160" lon="4.391230">
						<ele>360</ele>
						<time>2026-02-16T15:38:54Z</time>
					</trkpt>
					<trkpt lat="46.646300" lon="4.391720">
						<ele>361</ele>
						<time>2026-02-16T15:39:01Z</time>
					</trkpt>
					<trkpt lat="46.646330" lon="4.391850">
						<ele>361</ele>
						<time>2026-02-16T15:39:02Z</time>
					</trkpt>
					<trkpt lat="46.646720" lon="4.393840">
						<ele>366</ele>
						<time>2026-02-16T15:39:28Z</time>
					</trkpt>
					<trkpt lat="46.646830" lon="4.394320">
						<ele>365</ele>
						<time>2026-02-16T15:39:34Z</time>
					</trkpt>
					<trkpt lat="46.646930" lon="4.394690">
						<ele>364</ele>
						<time>2026-02-16T15:39:39Z</time>
					</trkpt>
					<trkpt lat="46.647450" lon="4.396370">
						<ele>364</ele>
						<time>2026-02-16T15:40:01Z</time>
					</trkpt>
					<trkpt lat="46.647790" lon="4.397400">
						<ele>361</ele>
						<time>2026-02-16T15:40:15Z</time>
					</trkpt>
					<trkpt lat="46.647910" lon="4.397790">
						<ele>361</ele>
						<time>2026-02-16T15:40:20Z</time>
					</trkpt>
					<trkpt lat="46.648100" lon="4.398320">
						<ele>360</ele>
						<time>2026-02-16T15:40:28Z</time>
					</trkpt>
					<trkpt lat="46.647980" lon="4.398470">
						<ele>360</ele>
						<time>2026-02-16T15:40:30Z</time>
					</trkpt>
					<trkpt lat="46.647870" lon="4.398940">
						<ele>361</ele>
						<time>2026-02-16T15:40:37Z</time>
					</trkpt>
					<trkpt lat="46.647780" lon="4.399170">
						<ele>362</ele>
						<time>2026-02-16T15:40:40Z</time>
					</trkpt>
					<trkpt lat="46.647570" lon="4.399570">
						<ele>364</ele>
						<time>2026-02-16T15:40:46Z</time>
					</trkpt>
					<trkpt lat="46.647230" lon="4.400220">
						<ele>366</ele>
						<time>2026-02-16T15:40:56Z</time>
					</trkpt>
					<trkpt lat="46.646890" lon="4.400950">
						<ele>368</ele>
						<time>2026-02-16T15:41:07Z</time>
					</trkpt>
					<trkpt lat="46.646800" lon="4.401180">
						<ele>368</ele>
						<time>2026-02-16T15:41:10Z</time>
					</trkpt>
					<trkpt lat="46.646750" lon="4.401570">
						<ele>368</ele>
						<time>2026-02-16T15:41:15Z</time>
					</trkpt>
					<trkpt lat="46.646740" lon="4.401710">
						<ele>368</ele>
						<time>2026-02-16T15:41:17Z</time>
					</trkpt>
					<trkpt lat="46.646710" lon="4.402060">
						<ele>368</ele>
						<time>2026-02-16T15:41:21Z</time>
					</trkpt>
					<trkpt lat="46.646660" lon="4.402460">
						<ele>368</ele>
						<time>2026-02-16T15:41:26Z</time>
					</trkpt>
					<trkpt lat="46.646580" lon="4.402910">
						<ele>368</ele>
						<time>2026-02-16T15:41:31Z</time>
					</trkpt>
					<trkpt lat="46.646520" lon="4.403130">
						<ele>367</ele>
						<time>2026-02-16T15:41:34Z</time>
					</trkpt>
					<trkpt lat="46.646430" lon="4.403240">
						<ele>366</ele>
						<time>2026-02-16T15:41:36Z</time>
					</trkpt>
					<trkpt lat="46.646300" lon="4.403310">
						<ele>365</ele>
						<time>2026-02-16T15:41:39Z</time>
					</trkpt>
					<trkpt lat="46.645550" lon="4.403540">
						<ele>357</ele>
						<time>2026-02-16T15:41:53Z</time>
					</trkpt>
					<trkpt lat="46.645370" lon="4.403590">
						<ele>355</ele>
						<time>2026-02-16T15:41:56Z</time>
					</trkpt>
					<trkpt lat="46.644940" lon="4.403730">
						<ele>349</ele>
						<time>2026-02-16T15:42:04Z</time>
					</trkpt>
					<trkpt lat="46.643750" lon="4.404050">
						<ele>338</ele>
						<time>2026-02-16T15:42:25Z</time>
					</trkpt>
					<trkpt lat="46.642840" lon="4.404340">
						<ele>329</ele>
						<time>2026-02-16T15:42:42Z</time>
					</trkpt>
					<trkpt lat="46.642660" lon="4.404430">
						<ele>327</ele>
						<time>2026-02-16T15:42:45Z</time>
					</trkpt>
					<trkpt lat="46.642520" lon="4.404560">
						<ele>326</ele>
						<time>2026-02-16T15:42:48Z</time>
					</trkpt>
					<trkpt lat="46.642230" lon="4.404840">
						<ele>326</ele>
						<time>2026-02-16T15:42:54Z</time>
					</trkpt>
					<trkpt lat="46.642030" lon="4.404950">
						<ele>328</ele>
						<time>2026-02-16T15:42:58Z</time>
					</trkpt>
					<trkpt lat="46.641840" lon="4.404950">
						<ele>329</ele>
						<time>2026-02-16T15:43:01Z</time>
					</trkpt>
					<trkpt lat="46.641610" lon="4.404880">
						<ele>329</ele>
						<time>2026-02-16T15:43:06Z</time>
					</trkpt>
					<trkpt lat="46.641390" lon="4.404780">
						<ele>331</ele>
						<time>2026-02-16T15:43:10Z</time>
					</trkpt>
					<trkpt lat="46.640970" lon="4.404550">
						<ele>332</ele>
						<time>2026-02-16T15:43:18Z</time>
					</trkpt>
					<trkpt lat="46.640670" lon="4.404420">
						<ele>332</ele>
						<time>2026-02-16T15:43:23Z</time>
					</trkpt>
					<trkpt lat="46.640460" lon="4.404390">
						<ele>332</ele>
						<time>2026-02-16T15:43:27Z</time>
					</trkpt>
					<trkpt lat="46.640230" lon="4.404410">
						<ele>333</ele>
						<time>2026-02-16T15:43:31Z</time>
					</trkpt>
					<trkpt lat="46.639840" lon="4.404510">
						<ele>335</ele>
						<time>2026-02-16T15:43:38Z</time>
					</trkpt>
					<trkpt lat="46.639520" lon="4.404610">
						<ele>334</ele>
						<time>2026-02-16T15:43:44Z</time>
					</trkpt>
					<trkpt lat="46.639290" lon="4.404760">
						<ele>333</ele>
						<time>2026-02-16T15:43:49Z</time>
					</trkpt>
					<trkpt lat="46.639010" lon="4.405010">
						<ele>333</ele>
						<time>2026-02-16T15:43:54Z</time>
					</trkpt>
					<trkpt lat="46.638590" lon="4.405410">
						<ele>330</ele>
						<time>2026-02-16T15:44:03Z</time>
					</trkpt>
					<trkpt lat="46.638450" lon="4.405610">
						<ele>330</ele>
						<time>2026-02-16T15:44:07Z</time>
					</trkpt>
					<trkpt lat="46.638310" lon="4.405980">
						<ele>330</ele>
						<time>2026-02-16T15:44:12Z</time>
					</trkpt>
					<trkpt lat="46.637940" lon="4.407270">
						<ele>329</ele>
						<time>2026-02-16T15:44:29Z</time>
					</trkpt>
					<trkpt lat="46.637800" lon="4.407800">
						<ele>329</ele>
						<time>2026-02-16T15:44:36Z</time>
					</trkpt>
					<trkpt lat="46.637720" lon="4.408050">
						<ele>328</ele>
						<time>2026-02-16T15:44:39Z</time>
					</trkpt>
					<trkpt lat="46.637630" lon="4.408220">
						<ele>328</ele>
						<time>2026-02-16T15:44:42Z</time>
					</trkpt>
					<trkpt lat="46.637460" lon="4.408390">
						<ele>328</ele>
						<time>2026-02-16T15:44:46Z</time>
					</trkpt>
					<trkpt lat="46.637270" lon="4.408490">
						<ele>329</ele>
						<time>2026-02-16T15:44:49Z</time>
					</trkpt>
					<trkpt lat="46.636940" lon="4.408590">
						<ele>330</ele>
						<time>2026-02-16T15:44:55Z</time>
					</trkpt>
					<trkpt lat="46.636540" lon="4.408660">
						<ele>332</ele>
						<time>2026-02-16T15:45:02Z</time>
					</trkpt>
					<trkpt lat="46.636290" lon="4.408690">
						<ele>335</ele>
						<time>2026-02-16T15:45:07Z</time>
					</trkpt>
					<trkpt lat="46.636020" lon="4.408690">
						<ele>338</ele>
						<time>2026-02-16T15:45:12Z</time>
					</trkpt>
					<trkpt lat="46.635380" lon="4.408560">
						<ele>345</ele>
						<time>2026-02-16T15:45:23Z</time>
					</trkpt>
					<trkpt lat="46.634700" lon="4.408440">
						<ele>351</ele>
						<time>2026-02-16T15:45:35Z</time>
					</trkpt>
					<trkpt lat="46.634350" lon="4.408410">
						<ele>352</ele>
						<time>2026-02-16T15:45:42Z</time>
					</trkpt>
					<trkpt lat="46.633930" lon="4.408490">
						<ele>351</ele>
						<time>2026-02-16T15:45:49Z</time>
					</trkpt>
					<trkpt lat="46.633720" lon="4.408530">
						<ele>350</ele>
						<time>2026-02-16T15:45:53Z</time>
					</trkpt>
					<trkpt lat="46.633380" lon="4.408610">
						<ele>348</ele>
						<time>2026-02-16T15:45:59Z</time>
					</trkpt>
					<trkpt lat="46.633070" lon="4.408650">
						<ele>345</ele>
						<time>2026-02-16T15:46:05Z</time>
					</trkpt>
					<trkpt lat="46.632800" lon="4.408630">
						<ele>343</ele>
						<time>2026-02-16T15:46:09Z</time>
					</trkpt>
					<trkpt lat="46.632710" lon="4.408600">
						<ele>342</ele>
						<time>2026-02-16T15:46:11Z</time>
					</trkpt>
					<trkpt lat="46.632510" lon="4.408530">
						<ele>341</ele>
						<time>2026-02-16T15:46:15Z</time>
					</trkpt>
					<trkpt lat="46.631410" lon="4.408090">
						<ele>333</ele>
						<time>2026-02-16T15:46:35Z</time>
					</trkpt>
					<trkpt lat="46.630930" lon="4.407810">
						<ele>329</ele>
						<time>2026-02-16T15:46:44Z</time>
					</trkpt>
					<trkpt lat="46.630270" lon="4.407350">
						<ele>325</ele>
						<time>2026-02-16T15:46:57Z</time>
					</trkpt>
					<trkpt lat="46.629750" lon="4.406900">
						<ele>322</ele>
						<time>2026-02-16T15:47:08Z</time>
					</trkpt>
					<trkpt lat="46.629670" lon="4.406830">
						<ele>321</ele>
						<time>2026-02-16T15:47:10Z</time>
					</trkpt>
					<trkpt lat="46.628710" lon="4.406100">
						<ele>316</ele>
						<time>2026-02-16T15:47:29Z</time>
					</trkpt>
					<trkpt lat="46.628290" lon="4.405750">
						<ele>315</ele>
						<time>2026-02-16T15:47:37Z</time>
					</trkpt>
					<trkpt lat="46.628080" lon="4.405700">
						<ele>314</ele>
						<time>2026-02-16T15:47:41Z</time>
					</trkpt>
					<trkpt lat="46.627940" lon="4.405580">
						<ele>312</ele>
						<time>2026-02-16T15:47:44Z</time>
					</trkpt>
					<trkpt lat="46.627790" lon="4.405350">
						<ele>311</ele>
						<time>2026-02-16T15:47:48Z</time>
					</trkpt>
					<trkpt lat="46.627630" lon="4.405160">
						<ele>310</ele>
						<time>2026-02-16T15:47:52Z</time>
					</trkpt>
					<trkpt lat="46.627510" lon="4.405060">
						<ele>310</ele>
						<time>2026-02-16T15:47:54Z</time>
					</trkpt>
					<trkpt lat="46.627460" lon="4.405040">
						<ele>310</ele>
						<time>2026-02-16T15:47:55Z</time>
					</trkpt>
					<trkpt lat="46.627340" lon="4.405000">
						<ele>310</ele>
						<time>2026-02-16T15:47:57Z</time>
					</trkpt>
					<trkpt lat="46.627240" lon="4.404960">
						<ele>310</ele>
						<time>2026-02-16T15:47:59Z</time>
					</trkpt>
					<trkpt lat="46.627180" lon="4.404970">
						<ele>310</ele>
						<time>2026-02-16T15:48:00Z</time>
					</trkpt>
					<trkpt lat="46.626870" lon="4.405100">
						<ele>310</ele>
						<time>2026-02-16T15:48:06Z</time>
					</trkpt>
					<trkpt lat="46.626590" lon="4.405190">
						<ele>310</ele>
						<time>2026-02-16T15:48:11Z</time>
					</trkpt>
					<trkpt lat="46.626230" lon="4.405260">
						<ele>313</ele>
						<time>2026-02-16T15:48:17Z</time>
					</trkpt>
					<trkpt lat="46.626050" lon="4.405250">
						<ele>315</ele>
						<time>2026-02-16T15:48:21Z</time>
					</trkpt>
					<trkpt lat="46.625900" lon="4.405200">
						<ele>317</ele>
						<time>2026-02-16T15:48:23Z</time>
					</trkpt>
					<trkpt lat="46.625740" lon="4.405090">
						<ele>319</ele>
						<time>2026-02-16T15:48:27Z</time>
					</trkpt>
					<trkpt lat="46.625580" lon="4.404900">
						<ele>321</ele>
						<time>2026-02-16T15:48:30Z</time>
					</trkpt>
					<trkpt lat="46.625210" lon="4.404250">
						<ele>327</ele>
						<time>2026-02-16T15:48:41Z</time>
					</trkpt>
					<trkpt lat="46.625100" lon="4.404080">
						<ele>328</ele>
						<time>2026-02-16T15:48:43Z</time>
					</trkpt>
					<trkpt lat="46.624970" lon="4.403970">
						<ele>328</ele>
						<time>2026-02-16T15:48:46Z</time>
					</trkpt>
					<trkpt lat="46.624520" lon="4.403730">
						<ele>329</ele>
						<time>2026-02-16T15:48:55Z</time>
					</trkpt>
					<trkpt lat="46.623020" lon="4.403280">
						<ele>336</ele>
						<time>2026-02-16T15:49:22Z</time>
					</trkpt>
					<trkpt lat="46.622880" lon="4.403280">
						<ele>336</ele>
						<time>2026-02-16T15:49:24Z</time>
					</trkpt>
					<trkpt lat="46.622700" lon="4.403310">
						<ele>337</ele>
						<time>2026-02-16T15:49:28Z</time>
					</trkpt>
					<trkpt lat="46.622330" lon="4.403410">
						<ele>338</ele>
						<time>2026-02-16T15:49:34Z</time>
					</trkpt>
					<trkpt lat="46.622140" lon="4.403470">
						<ele>338</ele>
						<time>2026-02-16T15:49:38Z</time>
					</trkpt>
					<trkpt lat="46.621910" lon="4.403590">
						<ele>338</ele>
						<time>2026-02-16T15:49:42Z</time>
					</trkpt>
					<trkpt lat="46.621430" lon="4.403920">
						<ele>339</ele>
						<time>2026-02-16T15:49:52Z</time>
					</trkpt>
					<trkpt lat="46.621280" lon="4.404080">
						<ele>340</ele>
						<time>2026-02-16T15:49:55Z</time>
					</trkpt>
					<trkpt lat="46.621140" lon="4.404320">
						<ele>341</ele>
						<time>2026-02-16T15:49:59Z</time>
					</trkpt>
					<trkpt lat="46.621080" lon="4.404470">
						<ele>341</ele>
						<time>2026-02-16T15:50:01Z</time>
					</trkpt>
					<trkpt lat="46.620940" lon="4.404900">
						<ele>341</ele>
						<time>2026-02-16T15:50:07Z</time>
					</trkpt>
					<trkpt lat="46.620740" lon="4.405360">
						<ele>342</ele>
						<time>2026-02-16T15:50:13Z</time>
					</trkpt>
					<trkpt lat="46.620610" lon="4.405720">
						<ele>343</ele>
						<time>2026-02-16T15:50:18Z</time>
					</trkpt>
					<trkpt lat="46.620560" lon="4.405820">
						<ele>343</ele>
						<time>2026-02-16T15:50:20Z</time>
					</trkpt>
					<trkpt lat="46.620270" lon="4.406000">
						<ele>345</ele>
						<time>2026-02-16T15:50:25Z</time>
					</trkpt>
					<trkpt lat="46.620050" lon="4.406060">
						<ele>346</ele>
						<time>2026-02-16T15:50:29Z</time>
					</trkpt>
					<trkpt lat="46.619800" lon="4.406030">
						<ele>347</ele>
						<time>2026-02-16T15:50:34Z</time>
					</trkpt>
					<trkpt lat="46.619680" lon="4.405950">
						<ele>347</ele>
						<time>2026-02-16T15:50:36Z</time>
					</trkpt>
					<trkpt lat="46.619140" lon="4.405570">
						<ele>348</ele>
						<time>2026-02-16T15:50:47Z</time>
					</trkpt>
					<trkpt lat="46.618940" lon="4.405450">
						<ele>348</ele>
						<time>2026-02-16T15:50:51Z</time>
					</trkpt>
					<trkpt lat="46.618890" lon="4.405440">
						<ele>349</ele>
						<time>2026-02-16T15:50:52Z</time>
					</trkpt>
					<trkpt lat="46.618840" lon="4.405440">
						<ele>349</ele>
						<time>2026-02-16T15:50:52Z</time>
					</trkpt>
					<trkpt lat="46.618770" lon="4.405440">
						<ele>349</ele>
						<time>2026-02-16T15:50:54Z</time>
					</trkpt>
					<trkpt lat="46.618310" lon="4.405600">
						<ele>353</ele>
						<time>2026-02-16T15:51:02Z</time>
					</trkpt>
					<trkpt lat="46.618150" lon="4.405590">
						<ele>355</ele>
						<time>2026-02-16T15:51:05Z</time>
					</trkpt>
					<trkpt lat="46.618020" lon="4.405550">
						<ele>356</ele>
						<time>2026-02-16T15:51:07Z</time>
					</trkpt>
					<trkpt lat="46.617860" lon="4.405480">
						<ele>357</ele>
						<time>2026-02-16T15:51:10Z</time>
					</trkpt>
					<trkpt lat="46.617590" lon="4.405290">
						<ele>359</ele>
						<time>2026-02-16T15:51:16Z</time>
					</trkpt>
					<trkpt lat="46.617470" lon="4.405180">
						<ele>360</ele>
						<time>2026-02-16T15:51:18Z</time>
					</trkpt>
					<trkpt lat="46.617300" lon="4.405010">
						<ele>361</ele>
						<time>2026-02-16T15:51:22Z</time>
					</trkpt>
					<trkpt lat="46.616900" lon="4.404540">
						<ele>363</ele>
						<time>2026-02-16T15:51:31Z</time>
					</trkpt>
					<trkpt lat="46.616780" lon="4.404350">
						<ele>363</ele>
						<time>2026-02-16T15:51:34Z</time>
					</trkpt>
					<trkpt lat="46.616560" lon="4.403810">
						<ele>365</ele>
						<time>2026-02-16T15:51:42Z</time>
					</trkpt>
					<trkpt lat="46.616330" lon="4.403400">
						<ele>370</ele>
						<time>2026-02-16T15:51:48Z</time>
					</trkpt>
					<trkpt lat="46.616250" lon="4.403260">
						<ele>371</ele>
						<time>2026-02-16T15:51:51Z</time>
					</trkpt>
					<trkpt lat="46.616140" lon="4.402940">
						<ele>372</ele>
						<time>2026-02-16T15:51:55Z</time>
					</trkpt>
					<trkpt lat="46.615990" lon="4.402180">
						<ele>373</ele>
						<time>2026-02-16T15:52:05Z</time>
					</trkpt>
					<trkpt lat="46.615870" lon="4.401850">
						<ele>374</ele>
						<time>2026-02-16T15:52:09Z</time>
					</trkpt>
					<trkpt lat="46.615750" lon="4.401580">
						<ele>376</ele>
						<time>2026-02-16T15:52:13Z</time>
					</trkpt>
					<trkpt lat="46.615550" lon="4.401300">
						<ele>380</ele>
						<time>2026-02-16T15:52:18Z</time>
					</trkpt>
					<trkpt lat="46.615360" lon="4.401010">
						<ele>383</ele>
						<time>2026-02-16T15:52:23Z</time>
					</trkpt>
					<trkpt lat="46.615270" lon="4.400780">
						<ele>383</ele>
						<time>2026-02-16T15:52:26Z</time>
					</trkpt>
					<trkpt lat="46.615070" lon="4.400190">
						<ele>379</ele>
						<time>2026-02-16T15:52:34Z</time>
					</trkpt>
					<trkpt lat="46.614960" lon="4.399970">
						<ele>379</ele>
						<time>2026-02-16T15:52:37Z</time>
					</trkpt>
					<trkpt lat="46.614900" lon="4.399870">
						<ele>379</ele>
						<time>2026-02-16T15:52:39Z</time>
					</trkpt>
					<trkpt lat="46.614570" lon="4.399380">
						<ele>381</ele>
						<time>2026-02-16T15:52:47Z</time>
					</trkpt>
					<trkpt lat="46.614430" lon="4.399110">
						<ele>380</ele>
						<time>2026-02-16T15:52:52Z</time>
					</trkpt>
					<trkpt lat="46.614330" lon="4.398880">
						<ele>381</ele>
						<time>2026-02-16T15:52:55Z</time>
					</trkpt>
					<trkpt lat="46.614270" lon="4.398620">
						<ele>380</ele>
						<time>2026-02-16T15:52:58Z</time>
					</trkpt>
					<trkpt lat="46.614250" lon="4.398320">
						<ele>379</ele>
						<time>2026-02-16T15:53:02Z</time>
					</trkpt>
					<trkpt lat="46.614250" lon="4.397620">
						<ele>380</ele>
						<time>2026-02-16T15:53:11Z</time>
					</trkpt>
					<trkpt lat="46.614210" lon="4.397390">
						<ele>380</ele>
						<time>2026-02-16T15:53:13Z</time>
					</trkpt>
					<trkpt lat="46.614190" lon="4.397320">
						<ele>381</ele>
						<time>2026-02-16T15:53:14Z</time>
					</trkpt>
					<trkpt lat="46.614140" lon="4.397130">
						<ele>381</ele>
						<time>2026-02-16T15:53:17Z</time>
					</trkpt>
					<trkpt lat="46.614030" lon="4.396890">
						<ele>380</ele>
						<time>2026-02-16T15:53:20Z</time>
					</trkpt>
					<trkpt lat="46.613910" lon="4.396730">
						<ele>380</ele>
						<time>2026-02-16T15:53:23Z</time>
					</trkpt>
					<trkpt lat="46.613800" lon="4.396640">
						<ele>380</ele>
						<time>2026-02-16T15:53:26Z</time>
					</trkpt>
					<trkpt lat="46.613740" lon="4.396610">
						<ele>380</ele>
						<time>2026-02-16T15:53:27Z</time>
					</trkpt>
					<trkpt lat="46.613620" lon="4.396590">
						<ele>380</ele>
						<time>2026-02-16T15:53:29Z</time>
					</trkpt>
					<trkpt lat="46.613510" lon="4.396600">
						<ele>380</ele>
						<time>2026-02-16T15:53:31Z</time>
					</trkpt>
					<trkpt lat="46.613160" lon="4.396720">
						<ele>380</ele>
						<time>2026-02-16T15:53:37Z</time>
					</trkpt>
					<trkpt lat="46.612990" lon="4.396750">
						<ele>380</ele>
						<time>2026-02-16T15:53:40Z</time>
					</trkpt>
					<trkpt lat="46.612870" lon="4.396730">
						<ele>380</ele>
						<time>2026-02-16T15:53:42Z</time>
					</trkpt>
					<trkpt lat="46.612670" lon="4.396640">
						<ele>379</ele>
						<time>2026-02-16T15:53:46Z</time>
					</trkpt>
					<trkpt lat="46.612450" lon="4.396510">
						<ele>378</ele>
						<time>2026-02-16T15:53:50Z</time>
					</trkpt>
					<trkpt lat="46.612220" lon="4.396330">
						<ele>377</ele>
						<time>2026-02-16T15:53:55Z</time>
					</trkpt>
					<trkpt lat="46.611760" lon="4.395920">
						<ele>375</ele>
						<time>2026-02-16T15:54:05Z</time>
					</trkpt>
					<trkpt lat="46.611570" lon="4.395790">
						<ele>374</ele>
						<time>2026-02-16T15:54:08Z</time>
					</trkpt>
					<trkpt lat="46.611320" lon="4.395700">
						<ele>372</ele>
						<time>2026-02-16T15:54:13Z</time>
					</trkpt>
					<trkpt lat="46.611160" lon="4.395640">
						<ele>371</ele>
						<time>2026-02-16T15:54:16Z</time>
					</trkpt>
					<trkpt lat="46.610970" lon="4.395600">
						<ele>370</ele>
						<time>2026-02-16T15:54:19Z</time>
					</trkpt>
					<trkpt lat="46.610790" lon="4.395600">
						<ele>370</ele>
						<time>2026-02-16T15:54:22Z</time>
					</trkpt>
					<trkpt lat="46.610550" lon="4.395670">
						<ele>367</ele>
						<time>2026-02-16T15:54:27Z</time>
					</trkpt>
					<trkpt lat="46.610280" lon="4.395800">
						<ele>364</ele>
						<time>2026-02-16T15:54:32Z</time>
					</trkpt>
					<trkpt lat="46.610020" lon="4.395990">
						<ele>361</ele>
						<time>2026-02-16T15:54:37Z</time>
					</trkpt>
					<trkpt lat="46.609820" lon="4.396190">
						<ele>360</ele>
						<time>2026-02-16T15:54:41Z</time>
					</trkpt>
					<trkpt lat="46.609690" lon="4.396380">
						<ele>360</ele>
						<time>2026-02-16T15:54:45Z</time>
					</trkpt>
					<trkpt lat="46.609610" lon="4.396530">
						<ele>360</ele>
						<time>2026-02-16T15:54:47Z</time>
					</trkpt>
					<trkpt lat="46.609510" lon="4.396740">
						<ele>359</ele>
						<time>2026-02-16T15:54:50Z</time>
					</trkpt>
					<trkpt lat="46.609330" lon="4.397340">
						<ele>357</ele>
						<time>2026-02-16T15:54:58Z</time>
					</trkpt>
					<trkpt lat="46.609260" lon="4.397550">
						<ele>356</ele>
						<time>2026-02-16T15:55:01Z</time>
					</trkpt>
					<trkpt lat="46.609200" lon="4.397670">
						<ele>356</ele>
						<time>2026-02-16T15:55:03Z</time>
					</trkpt>
					<trkpt lat="46.609060" lon="4.397840">
						<ele>355</ele>
						<time>2026-02-16T15:55:06Z</time>
					</trkpt>
					<trkpt lat="46.608920" lon="4.397880">
						<ele>355</ele>
						<time>2026-02-16T15:55:09Z</time>
					</trkpt>
					<trkpt lat="46.608720" lon="4.397860">
						<ele>353</ele>
						<time>2026-02-16T15:55:12Z</time>
					</trkpt>
					<trkpt lat="46.608610" lon="4.397840">
						<ele>352</ele>
						<time>2026-02-16T15:55:14Z</time>
					</trkpt>
					<trkpt lat="46.608120" lon="4.397650">
						<ele>351</ele>
						<time>2026-02-16T15:55:23Z</time>
					</trkpt>
					<trkpt lat="46.607900" lon="4.397480">
						<ele>351</ele>
						<time>2026-02-16T15:55:28Z</time>
					</trkpt>
					<trkpt lat="46.607820" lon="4.397380">
						<ele>351</ele>
						<time>2026-02-16T15:55:29Z</time>
					</trkpt>
					<trkpt lat="46.607770" lon="4.397240">
						<ele>351</ele>
						<time>2026-02-16T15:55:31Z</time>
					</trkpt>
					<trkpt lat="46.607690" lon="4.396880">
						<ele>348</ele>
						<time>2026-02-16T15:55:36Z</time>
					</trkpt>
					<trkpt lat="46.607610" lon="4.396430">
						<ele>345</ele>
						<time>2026-02-16T15:55:42Z</time>
					</trkpt>
					<trkpt lat="46.607550" lon="4.396220">
						<ele>344</ele>
						<time>2026-02-16T15:55:44Z</time>
					</trkpt>
					<trkpt lat="46.607500" lon="4.396080">
						<ele>343</ele>
						<time>2026-02-16T15:55:46Z</time>
					</trkpt>
					<trkpt lat="46.607340" lon="4.395810">
						<ele>341</ele>
						<time>2026-02-16T15:55:51Z</time>
					</trkpt>
					<trkpt lat="46.607220" lon="4.395660">
						<ele>341</ele>
						<time>2026-02-16T15:55:53Z</time>
					</trkpt>
					<trkpt lat="46.607100" lon="4.395560">
						<ele>340</ele>
						<time>2026-02-16T15:55:56Z</time>
					</trkpt>
					<trkpt lat="46.606920" lon="4.395500">
						<ele>340</ele>
						<time>2026-02-16T15:55:59Z</time>
					</trkpt>
					<trkpt lat="46.606820" lon="4.395500">
						<ele>341</ele>
						<time>2026-02-16T15:56:01Z</time>
					</trkpt>
					<trkpt lat="46.606690" lon="4.395580">
						<ele>342</ele>
						<time>2026-02-16T15:56:04Z</time>
					</trkpt>
					<trkpt lat="46.606640" lon="4.395630">
						<ele>342</ele>
						<time>2026-02-16T15:56:05Z</time>
					</trkpt>
					<trkpt lat="46.606110" lon="4.396130">
						<ele>343</ele>
						<time>2026-02-16T15:56:16Z</time>
					</trkpt>
					<trkpt lat="46.605920" lon="4.396300">
						<ele>343</ele>
						<time>2026-02-16T15:56:20Z</time>
					</trkpt>
					<trkpt lat="46.605810" lon="4.396360">
						<ele>343</ele>
						<time>2026-02-16T15:56:22Z</time>
					</trkpt>
					<trkpt lat="46.605230" lon="4.396460">
						<ele>342</ele>
						<time>2026-02-16T15:56:32Z</time>
					</trkpt>
					<trkpt lat="46.605020" lon="4.396510">
						<ele>341</ele>
						<time>2026-02-16T15:56:36Z</time>
					</trkpt>
					<trkpt lat="46.604930" lon="4.396530">
						<ele>341</ele>
						<time>2026-02-16T15:56:38Z</time>
					</trkpt>
					<trkpt lat="46.604770" lon="4.396610">
						<ele>341</ele>
						<time>2026-02-16T15:56:41Z</time>
					</trkpt>
					<trkpt lat="46.604610" lon="4.396720">
						<ele>342</ele>
						<time>2026-02-16T15:56:44Z</time>
					</trkpt>
					<trkpt lat="46.604510" lon="4.396730">
						<ele>341</ele>
						<time>2026-02-16T15:56:46Z</time>
					</trkpt>
					<trkpt lat="46.604500" lon="4.396730">
						<ele>341</ele>
						<time>2026-02-16T15:56:46Z</time>
					</trkpt>
					<trkpt lat="46.604920" lon="4.395810">
						<ele>333</ele>
						<time>2026-02-16T15:56:59Z</time>
					</trkpt>
					<trkpt lat="46.606380" lon="4.392670">
						<ele>324</ele>
						<time>2026-02-16T15:57:46Z</time>
					</trkpt>
					<trkpt lat="46.606570" lon="4.392270">
						<ele>323</ele>
						<time>2026-02-16T15:57:52Z</time>
					</trkpt>
					<trkpt lat="46.606820" lon="4.391720">
						<ele>323</ele>
						<time>2026-02-16T15:58:00Z</time>
					</trkpt>
					<trkpt lat="46.607890" lon="4.389370">
						<ele>325</ele>
						<time>2026-02-16T15:58:34Z</time>
					</trkpt>
					<trkpt lat="46.608440" lon="4.388070">
						<ele>322</ele>
						<time>2026-02-16T15:58:53Z</time>
					</trkpt>
					<trkpt lat="46.608710" lon="4.387410">
						<ele>323</ele>
						<time>2026-02-16T15:59:02Z</time>
					</trkpt>
					<trkpt lat="46.609140" lon="4.386430">
						<ele>319</ele>
						<time>2026-02-16T15:59:16Z</time>
					</trkpt>
					<trkpt lat="46.609250" lon="4.386130">
						<ele>318</ele>
						<time>2026-02-16T15:59:21Z</time>
					</trkpt>
					<trkpt lat="46.609300" lon="4.385910">
						<ele>317</ele>
						<time>2026-02-16T15:59:23Z</time>
					</trkpt>
					<trkpt lat="46.609330" lon="4.385660">
						<ele>317</ele>
						<time>2026-02-16T15:59:27Z</time>
					</trkpt>
					<trkpt lat="46.609670" lon="4.377090">
						<ele>307</ele>
						<time>2026-02-16T16:01:11Z</time>
					</trkpt>
					<trkpt lat="46.609770" lon="4.374750">
						<ele>305</ele>
						<time>2026-02-16T16:01:40Z</time>
					</trkpt>
					<trkpt lat="46.609770" lon="4.374370">
						<ele>304</ele>
						<time>2026-02-16T16:01:45Z</time>
					</trkpt>
					<trkpt lat="46.609760" lon="4.374050">
						<ele>303</ele>
						<time>2026-02-16T16:01:49Z</time>
					</trkpt>
					<trkpt lat="46.609740" lon="4.373750">
						<ele>303</ele>
						<time>2026-02-16T16:01:52Z</time>
					</trkpt>
					<trkpt lat="46.609680" lon="4.372880">
						<ele>303</ele>
						<time>2026-02-16T16:02:03Z</time>
					</trkpt>
					<trkpt lat="46.609630" lon="4.372460">
						<ele>303</ele>
						<time>2026-02-16T16:02:08Z</time>
					</trkpt>
					<trkpt lat="46.609570" lon="4.372230">
						<ele>303</ele>
						<time>2026-02-16T16:02:11Z</time>
					</trkpt>
					<trkpt lat="46.609120" lon="4.371120">
						<ele>301</ele>
						<time>2026-02-16T16:02:27Z</time>
					</trkpt>
					<trkpt lat="46.609040" lon="4.370940">
						<ele>301</ele>
						<time>2026-02-16T16:02:30Z</time>
					</trkpt>
					<trkpt lat="46.609000" lon="4.370850">
						<ele>301</ele>
						<time>2026-02-16T16:02:31Z</time>
					</trkpt>
					<trkpt lat="46.608970" lon="4.370760">
						<ele>301</ele>
						<time>2026-02-16T16:02:32Z</time>
					</trkpt>
					<trkpt lat="46.608440" lon="4.369490">
						<ele>303</ele>
						<time>2026-02-16T16:02:50Z</time>
					</trkpt>
					<trkpt lat="46.608080" lon="4.368610">
						<ele>305</ele>
						<time>2026-02-16T16:03:03Z</time>
					</trkpt>
					<trkpt lat="46.607790" lon="4.368010">
						<ele>305</ele>
						<time>2026-02-16T16:03:12Z</time>
					</trkpt>
					<trkpt lat="46.606900" lon="4.366170">
						<ele>299</ele>
						<time>2026-02-16T16:03:39Z</time>
					</trkpt>
					<trkpt lat="46.606810" lon="4.366010">
						<ele>299</ele>
						<time>2026-02-16T16:03:42Z</time>
					</trkpt>
					<trkpt lat="46.605070" lon="4.362470">
						<ele>298</ele>
						<time>2026-02-16T16:04:35Z</time>
					</trkpt>
					<trkpt lat="46.604370" lon="4.361030">
						<ele>296</ele>
						<time>2026-02-16T16:04:57Z</time>
					</trkpt>
					<trkpt lat="46.604200" lon="4.360690">
						<ele>296</ele>
						<time>2026-02-16T16:05:02Z</time>
					</trkpt>
					<trkpt lat="46.604560" lon="4.360530">
						<ele>299</ele>
						<time>2026-02-16T16:05:08Z</time>
					</trkpt>
					<trkpt lat="46.604770" lon="4.360530">
						<ele>300</ele>
						<time>2026-02-16T16:05:12Z</time>
					</trkpt>
					<trkpt lat="46.604900" lon="4.360630">
						<ele>300</ele>
						<time>2026-02-16T16:05:15Z</time>
					</trkpt>
					<trkpt lat="46.605130" lon="4.360890">
						<ele>301</ele>
						<time>2026-02-16T16:05:20Z</time>
					</trkpt>
					<trkpt lat="46.605260" lon="4.361000">
						<ele>303</ele>
						<time>2026-02-16T16:05:23Z</time>
					</trkpt>
					<trkpt lat="46.605380" lon="4.360990">
						<ele>304</ele>
						<time>2026-02-16T16:05:25Z</time>
					</trkpt>
					<trkpt lat="46.605440" lon="4.360910">
						<ele>305</ele>
						<time>2026-02-16T16:05:26Z</time>
					</trkpt>
					<trkpt lat="46.605470" lon="4.360840">
						<ele>305</ele>
						<time>2026-02-16T16:05:27Z</time>
					</trkpt>
					<trkpt lat="46.605510" lon="4.360700">
						<ele>306</ele>
						<time>2026-02-16T16:05:29Z</time>
					</trkpt>
					<trkpt lat="46.605820" lon="4.359650">
						<ele>311</ele>
						<time>2026-02-16T16:05:43Z</time>
					</trkpt>
					<trkpt lat="46.605930" lon="4.359280">
						<ele>314</ele>
						<time>2026-02-16T16:05:48Z</time>
					</trkpt>
					<trkpt lat="46.605970" lon="4.359190">
						<ele>314</ele>
						<time>2026-02-16T16:05:49Z</time>
					</trkpt>
					<trkpt lat="46.606000" lon="4.359130">
						<ele>315</ele>
						<time>2026-02-16T16:05:50Z</time>
					</trkpt>
					<trkpt lat="46.606030" lon="4.359100">
						<ele>315</ele>
						<time>2026-02-16T16:05:51Z</time>
					</trkpt>
					<trkpt lat="46.606080" lon="4.359080">
						<ele>316</ele>
						<time>2026-02-16T16:05:52Z</time>
					</trkpt>
					<trkpt lat="46.606140" lon="4.359090">
						<ele>316</ele>
						<time>2026-02-16T16:05:53Z</time>
					</trkpt>
					<trkpt lat="46.606200" lon="4.359130">
						<ele>317</ele>
						<time>2026-02-16T16:05:54Z</time>
					</trkpt>
					<trkpt lat="46.606230" lon="4.359200">
						<ele>317</ele>
						<time>2026-02-16T16:05:55Z</time>
					</trkpt>
					<trkpt lat="46.606430" lon="4.359920">
						<ele>321</ele>
						<time>2026-02-16T16:06:05Z</time>
					</trkpt>
					<trkpt lat="46.606510" lon="4.360170">
						<ele>322</ele>
						<time>2026-02-16T16:06:08Z</time>
					</trkpt>
					<trkpt lat="46.606570" lon="4.360380">
						<ele>322</ele>
						<time>2026-02-16T16:06:11Z</time>
					</trkpt>
					<trkpt lat="46.606650" lon="4.360560">
						<ele>323</ele>
						<time>2026-02-16T16:06:13Z</time>
					</trkpt>
					<trkpt lat="46.606800" lon="4.360660">
						<ele>324</ele>
						<time>2026-02-16T16:06:16Z</time>
					</trkpt>
					<trkpt lat="46.606850" lon="4.360660">
						<ele>324</ele>
						<time>2026-02-16T16:06:17Z</time>
					</trkpt>
					<trkpt lat="46.606930" lon="4.360660">
						<ele>325</ele>
						<time>2026-02-16T16:06:19Z</time>
					</trkpt>
					<trkpt lat="46.606990" lon="4.360610">
						<ele>325</ele>
						<time>2026-02-16T16:06:20Z</time>
					</trkpt>
					<trkpt lat="46.607270" lon="4.360240">
						<ele>328</ele>
						<time>2026-02-16T16:06:27Z</time>
					</trkpt>
					<trkpt lat="46.607310" lon="4.360190">
						<ele>329</ele>
						<time>2026-02-16T16:06:27Z</time>
					</trkpt>
					<trkpt lat="46.607420" lon="4.360190">
						<ele>329</ele>
						<time>2026-02-16T16:06:29Z</time>
					</trkpt>
					<trkpt lat="46.607620" lon="4.360280">
						<ele>330</ele>
						<time>2026-02-16T16:06:33Z</time>
					</trkpt>
					<trkpt lat="46.607710" lon="4.360300">
						<ele>330</ele>
						<time>2026-02-16T16:06:35Z</time>
					</trkpt>
					<trkpt lat="46.607800" lon="4.360280">
						<ele>330</ele>
						<time>2026-02-16T16:06:36Z</time>
					</trkpt>
					<trkpt lat="46.607880" lon="4.360190">
						<ele>331</ele>
						<time>2026-02-16T16:06:38Z</time>
					</trkpt>
					<trkpt lat="46.608110" lon="4.359860">
						<ele>331</ele>
						<time>2026-02-16T16:06:44Z</time>
					</trkpt>
					<trkpt lat="46.608260" lon="4.359690">
						<ele>331</ele>
						<time>2026-02-16T16:06:47Z</time>
					</trkpt>
					<trkpt lat="46.608310" lon="4.359670">
						<ele>332</ele>
						<time>2026-02-16T16:06:48Z</time>
					</trkpt>
					<trkpt lat="46.608370" lon="4.359630">
						<ele>332</ele>
						<time>2026-02-16T16:06:49Z</time>
					</trkpt>
					<trkpt lat="46.608490" lon="4.359630">
						<ele>332</ele>
						<time>2026-02-16T16:06:52Z</time>
					</trkpt>
					<trkpt lat="46.608700" lon="4.359640">
						<ele>333</ele>
						<time>2026-02-16T16:06:55Z</time>
					</trkpt>
					<trkpt lat="46.608780" lon="4.359650">
						<ele>333</ele>
						<time>2026-02-16T16:06:57Z</time>
					</trkpt>
					<trkpt lat="46.608900" lon="4.359640">
						<ele>334</ele>
						<time>2026-02-16T16:06:59Z</time>
					</trkpt>
					<trkpt lat="46.609000" lon="4.359630">
						<ele>334</ele>
						<time>2026-02-16T16:07:01Z</time>
					</trkpt>
					<trkpt lat="46.609370" lon="4.359570">
						<ele>335</ele>
						<time>2026-02-16T16:07:07Z</time>
					</trkpt>
					<trkpt lat="46.609500" lon="4.359540">
						<ele>335</ele>
						<time>2026-02-16T16:07:10Z</time>
					</trkpt>
					<trkpt lat="46.609660" lon="4.359520">
						<ele>335</ele>
						<time>2026-02-16T16:07:12Z</time>
					</trkpt>
					<trkpt lat="46.609800" lon="4.359500">
						<ele>336</ele>
						<time>2026-02-16T16:07:15Z</time>
					</trkpt>
					<trkpt lat="46.610090" lon="4.359460">
						<ele>336</ele>
						<time>2026-02-16T16:07:20Z</time>
					</trkpt>
					<trkpt lat="46.610520" lon="4.359450">
						<ele>337</ele>
						<time>2026-02-16T16:07:28Z</time>
					</trkpt>
					<trkpt lat="46.610710" lon="4.359500">
						<ele>337</ele>
						<time>2026-02-16T16:07:31Z</time>
					</trkpt>
					<trkpt lat="46.611350" lon="4.359670">
						<ele>336</ele>
						<time>2026-02-16T16:07:43Z</time>
					</trkpt>
					<trkpt lat="46.611580" lon="4.359760">
						<ele>335</ele>
						<time>2026-02-16T16:07:47Z</time>
					</trkpt>
					<trkpt lat="46.611650" lon="4.359780">
						<ele>335</ele>
						<time>2026-02-16T16:07:48Z</time>
					</trkpt>
					<trkpt lat="46.612000" lon="4.359930">
						<ele>335</ele>
						<time>2026-02-16T16:07:55Z</time>
					</trkpt>
					<trkpt lat="46.613340" lon="4.360470">
						<ele>334</ele>
						<time>2026-02-16T16:08:20Z</time>
					</trkpt>
					<trkpt lat="46.613690" lon="4.360610">
						<ele>334</ele>
						<time>2026-02-16T16:08:26Z</time>
					</trkpt>
					<trkpt lat="46.614000" lon="4.360740">
						<ele>333</ele>
						<time>2026-02-16T16:08:32Z</time>
					</trkpt>
					<trkpt lat="46.614150" lon="4.360820">
						<ele>333</ele>
						<time>2026-02-16T16:08:35Z</time>
					</trkpt>
					<trkpt lat="46.614640" lon="4.361080">
						<ele>334</ele>
						<time>2026-02-16T16:08:44Z</time>
					</trkpt>
					<trkpt lat="46.614960" lon="4.361270">
						<ele>336</ele>
						<time>2026-02-16T16:08:50Z</time>
					</trkpt>
					<trkpt lat="46.616460" lon="4.362340">
						<ele>346</ele>
						<time>2026-02-16T16:09:20Z</time>
					</trkpt>
					<trkpt lat="46.616600" lon="4.362390">
						<ele>347</ele>
						<time>2026-02-16T16:09:22Z</time>
					</trkpt>
					<trkpt lat="46.616740" lon="4.362430">
						<ele>348</ele>
						<time>2026-02-16T16:09:25Z</time>
					</trkpt>
					<trkpt lat="46.616860" lon="4.362490">
						<ele>349</ele>
						<time>2026-02-16T16:09:27Z</time>
					</trkpt>
					<trkpt lat="46.616970" lon="4.362570">
						<ele>349</ele>
						<time>2026-02-16T16:09:29Z</time>
					</trkpt>
					<trkpt lat="46.617110" lon="4.362690">
						<ele>350</ele>
						<time>2026-02-16T16:09:32Z</time>
					</trkpt>
					<trkpt lat="46.617700" lon="4.363360">
						<ele>352</ele>
						<time>2026-02-16T16:09:45Z</time>
					</trkpt>
					<trkpt lat="46.617840" lon="4.363460">
						<ele>352</ele>
						<time>2026-02-16T16:09:48Z</time>
					</trkpt>
					<trkpt lat="46.617960" lon="4.363500">
						<ele>353</ele>
						<time>2026-02-16T16:09:50Z</time>
					</trkpt>
					<trkpt lat="46.618090" lon="4.363510">
						<ele>353</ele>
						<time>2026-02-16T16:09:53Z</time>
					</trkpt>
					<trkpt lat="46.618290" lon="4.363470">
						<ele>354</ele>
						<time>2026-02-16T16:09:56Z</time>
					</trkpt>
					<trkpt lat="46.619230" lon="4.363300">
						<ele>352</ele>
						<time>2026-02-16T16:10:13Z</time>
					</trkpt>
					<trkpt lat="46.619420" lon="4.363290">
						<ele>352</ele>
						<time>2026-02-16T16:10:17Z</time>
					</trkpt>
					<trkpt lat="46.619600" lon="4.363310">
						<ele>352</ele>
						<time>2026-02-16T16:10:20Z</time>
					</trkpt>
					<trkpt lat="46.620740" lon="4.363460">
						<ele>352</ele>
						<time>2026-02-16T16:10:40Z</time>
					</trkpt>
					<trkpt lat="46.620790" lon="4.363470">
						<ele>352</ele>
						<time>2026-02-16T16:10:41Z</time>
					</trkpt>
					<trkpt lat="46.621270" lon="4.363550">
						<ele>350</ele>
						<time>2026-02-16T16:10:50Z</time>
					</trkpt>
					<trkpt lat="46.621440" lon="4.363580">
						<ele>350</ele>
						<time>2026-02-16T16:10:53Z</time>
					</trkpt>
					<trkpt lat="46.621760" lon="4.363590">
						<ele>349</ele>
						<time>2026-02-16T16:10:58Z</time>
					</trkpt>
					<trkpt lat="46.621900" lon="4.363620">
						<ele>349</ele>
						<time>2026-02-16T16:11:01Z</time>
					</trkpt>
					<trkpt lat="46.622040" lon="4.363690">
						<ele>349</ele>
						<time>2026-02-16T16:11:04Z</time>
					</trkpt>
					<trkpt lat="46.622210" lon="4.363820">
						<ele>349</ele>
						<time>2026-02-16T16:11:07Z</time>
					</trkpt>
					<trkpt lat="46.622630" lon="4.364220">
						<ele>348</ele>
						<time>2026-02-16T16:11:16Z</time>
					</trkpt>
					<trkpt lat="46.622840" lon="4.364360">
						<ele>348</ele>
						<time>2026-02-16T16:11:20Z</time>
					</trkpt>
					<trkpt lat="46.623190" lon="4.364550">
						<ele>348</ele>
						<time>2026-02-16T16:11:27Z</time>
					</trkpt>
					<trkpt lat="46.624260" lon="4.365060">
						<ele>344</ele>
						<time>2026-02-16T16:11:47Z</time>
					</trkpt>
					<trkpt lat="46.625390" lon="4.365530">
						<ele>341</ele>
						<time>2026-02-16T16:12:08Z</time>
					</trkpt>
					<trkpt lat="46.626320" lon="4.365750">
						<ele>340</ele>
						<time>2026-02-16T16:12:24Z</time>
					</trkpt>
					<trkpt lat="46.626480" lon="4.365800">
						<ele>340</ele>
						<time>2026-02-16T16:12:27Z</time>
					</trkpt>
					<trkpt lat="46.626760" lon="4.365950">
						<ele>341</ele>
						<time>2026-02-16T16:12:33Z</time>
					</trkpt>
					<trkpt lat="46.626830" lon="4.366010">
						<ele>341</ele>
						<time>2026-02-16T16:12:34Z</time>
					</trkpt>
					<trkpt lat="46.626880" lon="4.366070">
						<ele>341</ele>
						<time>2026-02-16T16:12:35Z</time>
					</trkpt>
					<trkpt lat="46.627010" lon="4.366270">
						<ele>342</ele>
						<time>2026-02-16T16:12:39Z</time>
					</trkpt>
					<trkpt lat="46.627060" lon="4.366460">
						<ele>343</ele>
						<time>2026-02-16T16:12:41Z</time>
					</trkpt>
					<trkpt lat="46.627070" lon="4.366610">
						<ele>343</ele>
						<time>2026-02-16T16:12:43Z</time>
					</trkpt>
					<trkpt lat="46.627040" lon="4.367030">
						<ele>342</ele>
						<time>2026-02-16T16:12:48Z</time>
					</trkpt>
					<trkpt lat="46.627060" lon="4.367210">
						<ele>341</ele>
						<time>2026-02-16T16:12:50Z</time>
					</trkpt>
					<trkpt lat="46.627110" lon="4.367370">
						<ele>341</ele>
						<time>2026-02-16T16:12:52Z</time>
					</trkpt>
					<trkpt lat="46.627230" lon="4.367610">
						<ele>339</ele>
						<time>2026-02-16T16:12:56Z</time>
					</trkpt>
					<trkpt lat="46.627280" lon="4.367770">
						<ele>338</ele>
						<time>2026-02-16T16:12:58Z</time>
					</trkpt>
					<trkpt lat="46.627310" lon="4.367970">
						<ele>337</ele>
						<time>2026-02-16T16:13:01Z</time>
					</trkpt>
					<trkpt lat="46.627310" lon="4.368080">
						<ele>337</ele>
						<time>2026-02-16T16:13:02Z</time>
					</trkpt>
					<trkpt lat="46.627280" lon="4.368360">
						<ele>336</ele>
						<time>2026-02-16T16:13:05Z</time>
					</trkpt>
					<trkpt lat="46.627240" lon="4.368620">
						<ele>336</ele>
						<time>2026-02-16T16:13:09Z</time>
					</trkpt>
					<trkpt lat="46.627110" lon="4.369020">
						<ele>337</ele>
						<time>2026-02-16T16:13:14Z</time>
					</trkpt>
					<trkpt lat="46.627080" lon="4.369180">
						<ele>337</ele>
						<time>2026-02-16T16:13:16Z</time>
					</trkpt>
					<trkpt lat="46.627080" lon="4.369320">
						<ele>337</ele>
						<time>2026-02-16T16:13:18Z</time>
					</trkpt>
					<trkpt lat="46.627120" lon="4.369510">
						<ele>336</ele>
						<time>2026-02-16T16:13:20Z</time>
					</trkpt>
					<trkpt lat="46.627220" lon="4.369710">
						<ele>335</ele>
						<time>2026-02-16T16:13:23Z</time>
					</trkpt>
					<trkpt lat="46.627340" lon="4.369860">
						<ele>333</ele>
						<time>2026-02-16T16:13:26Z</time>
					</trkpt>
					<trkpt lat="46.627410" lon="4.369910">
						<ele>332</ele>
						<time>2026-02-16T16:13:28Z</time>
					</trkpt>
					<trkpt lat="46.627490" lon="4.369950">
						<ele>331</ele>
						<time>2026-02-16T16:13:29Z</time>
					</trkpt>
					<trkpt lat="46.627670" lon="4.369990">
						<ele>329</ele>
						<time>2026-02-16T16:13:32Z</time>
					</trkpt>
					<trkpt lat="46.628290" lon="4.370090">
						<ele>324</ele>
						<time>2026-02-16T16:13:43Z</time>
					</trkpt>
					<trkpt lat="46.628530" lon="4.370080">
						<ele>323</ele>
						<time>2026-02-16T16:13:48Z</time>
					</trkpt>
					<trkpt lat="46.628670" lon="4.370030">
						<ele>323</ele>
						<time>2026-02-16T16:13:50Z</time>
					</trkpt>
					<trkpt lat="46.629120" lon="4.369790">
						<ele>321</ele>
						<time>2026-02-16T16:13:59Z</time>
					</trkpt>
					<trkpt lat="46.629270" lon="4.369750">
						<ele>319</ele>
						<time>2026-02-16T16:14:01Z</time>
					</trkpt>
					<trkpt lat="46.629380" lon="4.369760">
						<ele>318</ele>
						<time>2026-02-16T16:14:03Z</time>
					</trkpt>
					<trkpt lat="46.629500" lon="4.369780">
						<ele>316</ele>
						<time>2026-02-16T16:14:06Z</time>
					</trkpt>
					<trkpt lat="46.629980" lon="4.369990">
						<ele>309</ele>
						<time>2026-02-16T16:14:14Z</time>
					</trkpt>
					<trkpt lat="46.630300" lon="4.370130">
						<ele>306</ele>
						<time>2026-02-16T16:14:20Z</time>
					</trkpt>
					<trkpt lat="46.630790" lon="4.370270">
						<ele>300</ele>
						<time>2026-02-16T16:14:29Z</time>
					</trkpt>
					<trkpt lat="46.631360" lon="4.370390">
						<ele>297</ele>
						<time>2026-02-16T16:14:40Z</time>
					</trkpt>
					<trkpt lat="46.631990" lon="4.370590">
						<ele>294</ele>
						<time>2026-02-16T16:14:51Z</time>
					</trkpt>
					<trkpt lat="46.632140" lon="4.370600">
						<ele>293</ele>
						<time>2026-02-16T16:14:54Z</time>
					</trkpt>
					<trkpt lat="46.632460" lon="4.370640">
						<ele>291</ele>
						<time>2026-02-16T16:14:59Z</time>
					</trkpt>
					<trkpt lat="46.633030" lon="4.370680">
						<ele>291</ele>
						<time>2026-02-16T16:15:10Z</time>
					</trkpt>
					<trkpt lat="46.633330" lon="4.370640">
						<ele>292</ele>
						<time>2026-02-16T16:15:15Z</time>
					</trkpt>
					<trkpt lat="46.633570" lon="4.370560">
						<ele>293</ele>
						<time>2026-02-16T16:15:19Z</time>
					</trkpt>
					<trkpt lat="46.633980" lon="4.370380">
						<ele>295</ele>
						<time>2026-02-16T16:15:27Z</time>
					</trkpt>
					<trkpt lat="46.634430" lon="4.370140">
						<ele>296</ele>
						<time>2026-02-16T16:15:35Z</time>
					</trkpt>
					<trkpt lat="46.635310" lon="4.369620">
						<ele>296</ele>
						<time>2026-02-16T16:15:52Z</time>
					</trkpt>
					<trkpt lat="46.635620" lon="4.369560">
						<ele>296</ele>
						<time>2026-02-16T16:15:58Z</time>
					</trkpt>
					<trkpt lat="46.635700" lon="4.369540">
						<ele>296</ele>
						<time>2026-02-16T16:15:59Z</time>
					</trkpt>
					<trkpt lat="46.636680" lon="4.369530">
						<ele>299</ele>
						<time>2026-02-16T16:16:17Z</time>
					</trkpt>
					<trkpt lat="46.637170" lon="4.369470">
						<ele>300</ele>
						<time>2026-02-16T16:16:26Z</time>
					</trkpt>
					<trkpt lat="46.637320" lon="4.369430">
						<ele>301</ele>
						<time>2026-02-16T16:16:28Z</time>
					</trkpt>
					<trkpt lat="46.637400" lon="4.369360">
						<ele>301</ele>
						<time>2026-02-16T16:16:30Z</time>
					</trkpt>
					<trkpt lat="46.637500" lon="4.369220">
						<ele>301</ele>
						<time>2026-02-16T16:16:32Z</time>
					</trkpt>
					<trkpt lat="46.637640" lon="4.368980">
						<ele>301</ele>
						<time>2026-02-16T16:16:36Z</time>
					</trkpt>
					<trkpt lat="46.637660" lon="4.368950">
						<ele>301</ele>
						<time>2026-02-16T16:16:37Z</time>
					</trkpt>
					<trkpt lat="46.637920" lon="4.368610">
						<ele>302</ele>
						<time>2026-02-16T16:16:43Z</time>
					</trkpt>
					<trkpt lat="46.638100" lon="4.368440">
						<ele>302</ele>
						<time>2026-02-16T16:16:47Z</time>
					</trkpt>
					<trkpt lat="46.638260" lon="4.368290">
						<ele>303</ele>
						<time>2026-02-16T16:16:50Z</time>
					</trkpt>
					<trkpt lat="46.638510" lon="4.368150">
						<ele>304</ele>
						<time>2026-02-16T16:16:55Z</time>
					</trkpt>
					<trkpt lat="46.638660" lon="4.368100">
						<ele>305</ele>
						<time>2026-02-16T16:16:58Z</time>
					</trkpt>
					<trkpt lat="46.638690" lon="4.368090">
						<ele>305</ele>
						<time>2026-02-16T16:16:58Z</time>
					</trkpt>
					<trkpt lat="46.638830" lon="4.368120">
						<ele>307</ele>
						<time>2026-02-16T16:17:01Z</time>
					</trkpt>
					<trkpt lat="46.638950" lon="4.368220">
						<ele>308</ele>
						<time>2026-02-16T16:17:03Z</time>
					</trkpt>
					<trkpt lat="46.639270" lon="4.368470">
						<ele>311</ele>
						<time>2026-02-16T16:17:10Z</time>
					</trkpt>
					<trkpt lat="46.639320" lon="4.368510">
						<ele>311</ele>
						<time>2026-02-16T16:17:11Z</time>
					</trkpt>
					<trkpt lat="46.639430" lon="4.368590">
						<ele>312</ele>
						<time>2026-02-16T16:17:13Z</time>
					</trkpt>
					<trkpt lat="46.640420" lon="4.369370">
						<ele>323</ele>
						<time>2026-02-16T16:17:33Z</time>
					</trkpt>
					<trkpt lat="46.640460" lon="4.369460">
						<ele>324</ele>
						<time>2026-02-16T16:17:34Z</time>
					</trkpt>
					<trkpt lat="46.640420" lon="4.369760">
						<ele>326</ele>
						<time>2026-02-16T16:17:38Z</time>
					</trkpt>
					<trkpt lat="46.640450" lon="4.369760">
						<ele>326</ele>
						<time>2026-02-16T16:17:38Z</time>
					</trkpt>
					<trkpt lat="46.640420" lon="4.369760">
						<ele>326</ele>
						<time>2026-02-16T16:17:39Z</time>
					</trkpt>
					<trkpt lat="46.640350" lon="4.370100">
						<ele>328</ele>
						<time>2026-02-16T16:17:43Z</time>
					</trkpt>
					<trkpt lat="46.640340" lon="4.370260">
						<ele>328</ele>
						<time>2026-02-16T16:17:45Z</time>
					</trkpt>
					<trkpt lat="46.640360" lon="4.370490">
						<ele>329</ele>
						<time>2026-02-16T16:17:48Z</time>
					</trkpt>
					<trkpt lat="46.640400" lon="4.370680">
						<ele>329</ele>
						<time>2026-02-16T16:17:51Z</time>
					</trkpt>
					<trkpt lat="46.640460" lon="4.370770">
						<ele>330</ele>
						<time>2026-02-16T16:17:52Z</time>
					</trkpt>
					<trkpt lat="46.640630" lon="4.370700">
						<ele>330</ele>
						<time>2026-02-16T16:17:55Z</time>
					</trkpt>
					<trkpt lat="46.640690" lon="4.370700">
						<ele>331</ele>
						<time>2026-02-16T16:17:56Z</time>
					</trkpt>
					<trkpt lat="46.640760" lon="4.370720">
						<ele>331</ele>
						<time>2026-02-16T16:17:58Z</time>
					</trkpt>
					<trkpt lat="46.640790" lon="4.370740">
						<ele>331</ele>
						<time>2026-02-16T16:17:58Z</time>
					</trkpt>
					<trkpt lat="46.640850" lon="4.370810">
						<ele>332</ele>
						<time>2026-02-16T16:18:00Z</time>
					</trkpt>
					<trkpt lat="46.641010" lon="4.371110">
						<ele>332</ele>
						<time>2026-02-16T16:18:04Z</time>
					</trkpt>
					<trkpt lat="46.641230" lon="4.371550">
						<ele>334</ele>
						<time>2026-02-16T16:18:11Z</time>
					</trkpt>
					</trkseg>
				</trk>
			</gpx>