<?xml version="1.0" encoding="UTF-8" ?>
<gpx version="1.1" xmlns:xsi="http://www.w3.org/2001/XMLSchema-instance"
    xmlns="http://www.topografix.com/GPX/1/1"
    xsi:schemaLocation="http://www.topografix.com/GPX/1/1 http://www.topografix.com/GPX/1/1/gpx.xsd"
    creator="Openrunner - https://www.openrunner.com" >	<trk>
	                   <name>CSL 2026 Etape 1 Le Creusot - Pierre-de-Bresse-22533474</name>
						<trkseg>
					<trkpt lat="46.806280" lon="4.429490">
						<ele>353</ele>
						<time>2026-04-29T09:48:32Z</time>
					</trkpt>
					<trkpt lat="46.806270" lon="4.429570">
						<ele>353</ele>
						<time>2026-04-29T09:48:33Z</time>
					</trkpt>
					<trkpt lat="46.806280" lon="4.429700">
						<ele>353</ele>
						<time>2026-04-29T09:48:35Z</time>
					</trkpt>
					<trkpt lat="46.806320" lon="4.429820">
						<ele>352</ele>
						<time>2026-04-29T09:48:36Z</time>
					</trkpt>
					<trkpt lat="46.806400" lon="4.429990">
						<ele>351</ele>
						<time>2026-04-29T09:48:39Z</time>
					</trkpt>
					<trkpt lat="46.806840" lon="4.430770">
						<ele>350</ele>
						<time>2026-04-29T09:48:51Z</time>
					</trkpt>
					<trkpt lat="46.806810" lon="4.430840">
						<ele>349</ele>
						<time>2026-04-29T09:48:52Z</time>
					</trkpt>
					<trkpt lat="46.806800" lon="4.430880">
						<ele>349</ele>
						<time>2026-04-29T09:48:53Z</time>
					</trkpt>
					<trkpt lat="46.806800" lon="4.430920">
						<ele>349</ele>
						<time>2026-04-29T09:48:53Z</time>
					</trkpt>
					<trkpt lat="46.806820" lon="4.431000">
						<ele>350</ele>
						<time>2026-04-29T09:48:54Z</time>
					</trkpt>
					<trkpt lat="46.806850" lon="4.431030">
						<ele>350</ele>
						<time>2026-04-29T09:48:55Z</time>
					</trkpt>
					<trkpt lat="46.806880" lon="4.431050">
						<ele>350</ele>
						<time>2026-04-29T09:48:55Z</time>
					</trkpt>
					<trkpt lat="46.806910" lon="4.431050">
						<ele>350</ele>
						<time>2026-04-29T09:48:56Z</time>
					</trkpt>
					<trkpt lat="46.806940" lon="4.431040">
						<ele>350</ele>
						<time>2026-04-29T09:48:56Z</time>
					</trkpt>
					<trkpt lat="46.806960" lon="4.431010">
						<ele>350</ele>
						<time>2026-04-29T09:48:57Z</time>
					</trkpt>
					<trkpt lat="46.807000" lon="4.431070">
						<ele>350</ele>
						<time>2026-04-29T09:48:58Z</time>
					</trkpt>
					<trkpt lat="46.807110" lon="4.431270">
						<ele>352</ele>
						<time>2026-04-29T09:49:01Z</time>
					</trkpt>
					<trkpt lat="46.807120" lon="4.431290">
						<ele>352</ele>
						<time>2026-04-29T09:49:01Z</time>
					</trkpt>
					<trkpt lat="46.807170" lon="4.431380">
						<ele>353</ele>
						<time>2026-04-29T09:49:03Z</time>
					</trkpt>
					<trkpt lat="46.807220" lon="4.431460">
						<ele>353</ele>
						<time>2026-04-29T09:49:04Z</time>
					</trkpt>
					<trkpt lat="46.807270" lon="4.431550">
						<ele>354</ele>
						<time>2026-04-29T09:49:05Z</time>
					</trkpt>
					<trkpt lat="46.807280" lon="4.431570">
						<ele>354</ele>
						<time>2026-04-29T09:49:06Z</time>
					</trkpt>
					<trkpt lat="46.807320" lon="4.431650">
						<ele>355</ele>
						<time>2026-04-29T09:49:07Z</time>
					</trkpt>
					<trkpt lat="46.807380" lon="4.431790">
						<ele>357</ele>
						<time>2026-04-29T09:49:09Z</time>
					</trkpt>
					<trkpt lat="46.807390" lon="4.431970">
						<ele>358</ele>
						<time>2026-04-29T09:49:11Z</time>
					</trkpt>
					<trkpt lat="46.807390" lon="4.432130">
						<ele>360</ele>
						<time>2026-04-29T09:49:13Z</time>
					</trkpt>
					<trkpt lat="46.807360" lon="4.432350">
						<ele>361</ele>
						<time>2026-04-29T09:49:16Z</time>
					</trkpt>
					<trkpt lat="46.807340" lon="4.432350">
						<ele>361</ele>
						<time>2026-04-29T09:49:16Z</time>
					</trkpt>
					<trkpt lat="46.807310" lon="4.432370">
						<ele>360</ele>
						<time>2026-04-29T09:49:17Z</time>
					</trkpt>
					<trkpt lat="46.807290" lon="4.432400">
						<ele>360</ele>
						<time>2026-04-29T09:49:17Z</time>
					</trkpt>
					<trkpt lat="46.807280" lon="4.432430">
						<ele>360</ele>
						<time>2026-04-29T09:49:18Z</time>
					</trkpt>
					<trkpt lat="46.807270" lon="4.432470">
						<ele>360</ele>
						<time>2026-04-29T09:49:18Z</time>
					</trkpt>
					<trkpt lat="46.807280" lon="4.432510">
						<ele>361</ele>
						<time>2026-04-29T09:49:19Z</time>
					</trkpt>
					<trkpt lat="46.807190" lon="4.432530">
						<ele>360</ele>
						<time>2026-04-29T09:49:20Z</time>
					</trkpt>
					<trkpt lat="46.807160" lon="4.432550">
						<ele>359</ele>
						<time>2026-04-29T09:49:21Z</time>
					</trkpt>
					<trkpt lat="46.806790" lon="4.432830">
						<ele>354</ele>
						<time>2026-04-29T09:49:28Z</time>
					</trkpt>
					<trkpt lat="46.806320" lon="4.433190">
						<ele>350</ele>
						<time>2026-04-29T09:49:38Z</time>
					</trkpt>
					<trkpt lat="46.806300" lon="4.433200">
						<ele>350</ele>
						<time>2026-04-29T09:49:38Z</time>
					</trkpt>
					<trkpt lat="46.806220" lon="4.433280">
						<ele>350</ele>
						<time>2026-04-29T09:49:40Z</time>
					</trkpt>
					<trkpt lat="46.806100" lon="4.433350">
						<ele>349</ele>
						<time>2026-04-29T09:49:42Z</time>
					</trkpt>
					<trkpt lat="46.805840" lon="4.433570">
						<ele>347</ele>
						<time>2026-04-29T09:49:48Z</time>
					</trkpt>
					<trkpt lat="46.805790" lon="4.433660">
						<ele>347</ele>
						<time>2026-04-29T09:49:49Z</time>
					</trkpt>
					<trkpt lat="46.805740" lon="4.433770">
						<ele>347</ele>
						<time>2026-04-29T09:49:51Z</time>
					</trkpt>
					<trkpt lat="46.805710" lon="4.433920">
						<ele>346</ele>
						<time>2026-04-29T09:49:53Z</time>
					</trkpt>
					<trkpt lat="46.805680" lon="4.434090">
						<ele>346</ele>
						<time>2026-04-29T09:49:55Z</time>
					</trkpt>
					<trkpt lat="46.805650" lon="4.434270">
						<ele>346</ele>
						<time>2026-04-29T09:49:57Z</time>
					</trkpt>
					<trkpt lat="46.805650" lon="4.434390">
						<ele>345</ele>
						<time>2026-04-29T09:49:58Z</time>
					</trkpt>
					<trkpt lat="46.805670" lon="4.434450">
						<ele>345</ele>
						<time>2026-04-29T09:49:59Z</time>
					</trkpt>
					<trkpt lat="46.805680" lon="4.434530">
						<ele>345</ele>
						<time>2026-04-29T09:50:00Z</time>
					</trkpt>
					<trkpt lat="46.805690" lon="4.434650">
						<ele>345</ele>
						<time>2026-04-29T09:50:02Z</time>
					</trkpt>
					<trkpt lat="46.805410" lon="4.436080">
						<ele>345</ele>
						<time>2026-04-29T09:50:20Z</time>
					</trkpt>
					<trkpt lat="46.805290" lon="4.436700">
						<ele>346</ele>
						<time>2026-04-29T09:50:28Z</time>
					</trkpt>
					<trkpt lat="46.804910" lon="4.438590">
						<ele>344</ele>
						<time>2026-04-29T09:50:52Z</time>
					</trkpt>
					<trkpt lat="46.804540" lon="4.440310">
						<ele>344</ele>
						<time>2026-04-29T09:51:14Z</time>
					</trkpt>
					<trkpt lat="46.804380" lon="4.441090">
						<ele>346</ele>
						<time>2026-04-29T09:51:23Z</time>
					</trkpt>
					<trkpt lat="46.804270" lon="4.441580">
						<ele>346</ele>
						<time>2026-04-29T09:51:30Z</time>
					</trkpt>
					<trkpt lat="46.803720" lon="4.444200">
						<ele>350</ele>
						<time>2026-04-29T09:52:03Z</time>
					</trkpt>
					<trkpt lat="46.803480" lon="4.445340">
						<ele>351</ele>
						<time>2026-04-29T09:52:18Z</time>
					</trkpt>
					<trkpt lat="46.803340" lon="4.446000">
						<ele>353</ele>
						<time>2026-04-29T09:52:26Z</time>
					</trkpt>
					<trkpt lat="46.803130" lon="4.447020">
						<ele>356</ele>
						<time>2026-04-29T09:52:39Z</time>
					</trkpt>
					<trkpt lat="46.803070" lon="4.447310">
						<ele>356</ele>
						<time>2026-04-29T09:52:43Z</time>
					</trkpt>
					<trkpt lat="46.802930" lon="4.447960">
						<ele>356</ele>
						<time>2026-04-29T09:52:51Z</time>
					</trkpt>
					<trkpt lat="46.802910" lon="4.448120">
						<ele>355</ele>
						<time>2026-04-29T09:52:53Z</time>
					</trkpt>
					<trkpt lat="46.802900" lon="4.448440">
						<ele>355</ele>
						<time>2026-04-29T09:52:57Z</time>
					</trkpt>
					<trkpt lat="46.802890" lon="4.448590">
						<ele>354</ele>
						<time>2026-04-29T09:52:59Z</time>
					</trkpt>
					<trkpt lat="46.802880" lon="4.448710">
						<ele>354</ele>
						<time>2026-04-29T09:53:00Z</time>
					</trkpt>
					<trkpt lat="46.802840" lon="4.448910">
						<ele>353</ele>
						<time>2026-04-29T09:53:03Z</time>
					</trkpt>
					<trkpt lat="46.802730" lon="4.449220">
						<ele>352</ele>
						<time>2026-04-29T09:53:07Z</time>
					</trkpt>
					<trkpt lat="46.802630" lon="4.449490">
						<ele>352</ele>
						<time>2026-04-29T09:53:11Z</time>
					</trkpt>
					<trkpt lat="46.802830" lon="4.450120">
						<ele>351</ele>
						<time>2026-04-29T09:53:19Z</time>
					</trkpt>
					<trkpt lat="46.802870" lon="4.450240">
						<ele>351</ele>
						<time>2026-04-29T09:53:21Z</time>
					</trkpt>
					<trkpt lat="46.802960" lon="4.450500">
						<ele>351</ele>
						<time>2026-04-29T09:53:24Z</time>
					</trkpt>
					<trkpt lat="46.803050" lon="4.450730">
						<ele>350</ele>
						<time>2026-04-29T09:53:28Z</time>
					</trkpt>
					<trkpt lat="46.803200" lon="4.451240">
						<ele>348</ele>
						<time>2026-04-29T09:53:34Z</time>
					</trkpt>
					<trkpt lat="46.803230" lon="4.451340">
						<ele>348</ele>
						<time>2026-04-29T09:53:36Z</time>
					</trkpt>
					<trkpt lat="46.803530" lon="4.452290">
						<ele>345</ele>
						<time>2026-04-29T09:53:48Z</time>
					</trkpt>
					<trkpt lat="46.803570" lon="4.452400">
						<ele>345</ele>
						<time>2026-04-29T09:53:50Z</time>
					</trkpt>
					<trkpt lat="46.803610" lon="4.452550">
						<ele>344</ele>
						<time>2026-04-29T09:53:52Z</time>
					</trkpt>
					<trkpt lat="46.803810" lon="4.453170">
						<ele>342</ele>
						<time>2026-04-29T09:54:00Z</time>
					</trkpt>
					<trkpt lat="46.803970" lon="4.453670">
						<ele>343</ele>
						<time>2026-04-29T09:54:07Z</time>
					</trkpt>
					<trkpt lat="46.804070" lon="4.453990">
						<ele>344</ele>
						<time>2026-04-29T09:54:11Z</time>
					</trkpt>
					<trkpt lat="46.804200" lon="4.454410">
						<ele>345</ele>
						<time>2026-04-29T09:54:17Z</time>
					</trkpt>
					<trkpt lat="46.804310" lon="4.454810">
						<ele>346</ele>
						<time>2026-04-29T09:54:22Z</time>
					</trkpt>
					<trkpt lat="46.804370" lon="4.454990">
						<ele>347</ele>
						<time>2026-04-29T09:54:25Z</time>
					</trkpt>
					<trkpt lat="46.804680" lon="4.455970">
						<ele>351</ele>
						<time>2026-04-29T09:54:38Z</time>
					</trkpt>
					<trkpt lat="46.805140" lon="4.457450">
						<ele>351</ele>
						<time>2026-04-29T09:54:58Z</time>
					</trkpt>
					<trkpt lat="46.805180" lon="4.457560">
						<ele>350</ele>
						<time>2026-04-29T09:54:59Z</time>
					</trkpt>
					<trkpt lat="46.805300" lon="4.457960">
						<ele>349</ele>
						<time>2026-04-29T09:55:04Z</time>
					</trkpt>
					<trkpt lat="46.805640" lon="4.458980">
						<ele>347</ele>
						<time>2026-04-29T09:55:18Z</time>
					</trkpt>
					<trkpt lat="46.805670" lon="4.459080">
						<ele>347</ele>
						<time>2026-04-29T09:55:20Z</time>
					</trkpt>
					<trkpt lat="46.805870" lon="4.459690">
						<ele>348</ele>
						<time>2026-04-29T09:55:28Z</time>
					</trkpt>
					<trkpt lat="46.805890" lon="4.459780">
						<ele>348</ele>
						<time>2026-04-29T09:55:29Z</time>
					</trkpt>
					<trkpt lat="46.806120" lon="4.460500">
						<ele>351</ele>
						<time>2026-04-29T09:55:39Z</time>
					</trkpt>
					<trkpt lat="46.806290" lon="4.461040">
						<ele>353</ele>
						<time>2026-04-29T09:55:46Z</time>
					</trkpt>
					<trkpt lat="46.806450" lon="4.461560">
						<ele>356</ele>
						<time>2026-04-29T09:55:53Z</time>
					</trkpt>
					<trkpt lat="46.806540" lon="4.461860">
						<ele>356</ele>
						<time>2026-04-29T09:55:57Z</time>
					</trkpt>
					<trkpt lat="46.806670" lon="4.462260">
						<ele>357</ele>
						<time>2026-04-29T09:56:02Z</time>
					</trkpt>
					<trkpt lat="46.807100" lon="4.463640">
						<ele>358</ele>
						<time>2026-04-29T09:56:21Z</time>
					</trkpt>
					<trkpt lat="46.807340" lon="4.464410">
						<ele>358</ele>
						<time>2026-04-29T09:56:31Z</time>
					</trkpt>
					<trkpt lat="46.807730" lon="4.465660">
						<ele>359</ele>
						<time>2026-04-29T09:56:48Z</time>
					</trkpt>
					<trkpt lat="46.807880" lon="4.466060">
						<ele>360</ele>
						<time>2026-04-29T09:56:53Z</time>
					</trkpt>
					<trkpt lat="46.807930" lon="4.466240">
						<ele>360</ele>
						<time>2026-04-29T09:56:56Z</time>
					</trkpt>
					<trkpt lat="46.807980" lon="4.466480">
						<ele>361</ele>
						<time>2026-04-29T09:56:59Z</time>
					</trkpt>
					<trkpt lat="46.808190" lon="4.467250">
						<ele>359</ele>
						<time>2026-04-29T09:57:09Z</time>
					</trkpt>
					<trkpt lat="46.808350" lon="4.467700">
						<ele>358</ele>
						<time>2026-04-29T09:57:15Z</time>
					</trkpt>
					<trkpt lat="46.809050" lon="4.469940">
						<ele>356</ele>
						<time>2026-04-29T09:57:45Z</time>
					</trkpt>
					<trkpt lat="46.809440" lon="4.471190">
						<ele>358</ele>
						<time>2026-04-29T09:58:02Z</time>
					</trkpt>
					<trkpt lat="46.809860" lon="4.472570">
						<ele>359</ele>
						<time>2026-04-29T09:58:20Z</time>
					</trkpt>
					<trkpt lat="46.809920" lon="4.472780">
						<ele>359</ele>
						<time>2026-04-29T09:58:23Z</time>
					</trkpt>
					<trkpt lat="46.810040" lon="4.473170">
						<ele>359</ele>
						<time>2026-04-29T09:58:28Z</time>
					</trkpt>
					<trkpt lat="46.810200" lon="4.473720">
						<ele>359</ele>
						<time>2026-04-29T09:58:35Z</time>
					</trkpt>
					<trkpt lat="46.810250" lon="4.474000">
						<ele>360</ele>
						<time>2026-04-29T09:58:39Z</time>
					</trkpt>
					<trkpt lat="46.810280" lon="4.474200">
						<ele>360</ele>
						<time>2026-04-29T09:58:41Z</time>
					</trkpt>
					<trkpt lat="46.810300" lon="4.474340">
						<ele>361</ele>
						<time>2026-04-29T09:58:43Z</time>
					</trkpt>
					<trkpt lat="46.810310" lon="4.474510">
						<ele>361</ele>
						<time>2026-04-29T09:58:45Z</time>
					</trkpt>
					<trkpt lat="46.810320" lon="4.474600">
						<ele>362</ele>
						<time>2026-04-29T09:58:46Z</time>
					</trkpt>
					<trkpt lat="46.810330" lon="4.474750">
						<ele>362</ele>
						<time>2026-04-29T09:58:48Z</time>
					</trkpt>
					<trkpt lat="46.810340" lon="4.475030">
						<ele>363</ele>
						<time>2026-04-29T09:58:51Z</time>
					</trkpt>
					<trkpt lat="46.810340" lon="4.475320">
						<ele>364</ele>
						<time>2026-04-29T09:58:55Z</time>
					</trkpt>
					<trkpt lat="46.810310" lon="4.475760">
						<ele>364</ele>
						<time>2026-04-29T09:59:00Z</time>
					</trkpt>
					<trkpt lat="46.810300" lon="4.475940">
						<ele>365</ele>
						<time>2026-04-29T09:59:03Z</time>
					</trkpt>
					<trkpt lat="46.810140" lon="4.476990">
						<ele>366</ele>
						<time>2026-04-29T09:59:16Z</time>
					</trkpt>
					<trkpt lat="46.810100" lon="4.477430">
						<ele>367</ele>
						<time>2026-04-29T09:59:21Z</time>
					</trkpt>
					<trkpt lat="46.810020" lon="4.478090">
						<ele>367</ele>
						<time>2026-04-29T09:59:29Z</time>
					</trkpt>
					<trkpt lat="46.810020" lon="4.478250">
						<ele>367</ele>
						<time>2026-04-29T09:59:31Z</time>
					</trkpt>
					<trkpt lat="46.810030" lon="4.478620">
						<ele>368</ele>
						<time>2026-04-29T09:59:36Z</time>
					</trkpt>
					<trkpt lat="46.810070" lon="4.479310">
						<ele>369</ele>
						<time>2026-04-29T09:59:44Z</time>
					</trkpt>
					<trkpt lat="46.810170" lon="4.480270">
						<ele>370</ele>
						<time>2026-04-29T09:59:56Z</time>
					</trkpt>
					<trkpt lat="46.810200" lon="4.480510">
						<ele>370</ele>
						<time>2026-04-29T09:59:59Z</time>
					</trkpt>
					<trkpt lat="46.810260" lon="4.480790">
						<ele>369</ele>
						<time>2026-04-29T10:00:02Z</time>
					</trkpt>
					<trkpt lat="46.810320" lon="4.481000">
						<ele>369</ele>
						<time>2026-04-29T10:00:05Z</time>
					</trkpt>
					<trkpt lat="46.810410" lon="4.481290">
						<ele>369</ele>
						<time>2026-04-29T10:00:09Z</time>
					</trkpt>
					<trkpt lat="46.810600" lon="4.481760">
						<ele>369</ele>
						<time>2026-04-29T10:00:16Z</time>
					</trkpt>
					<trkpt lat="46.810570" lon="4.481800">
						<ele>369</ele>
						<time>2026-04-29T10:00:17Z</time>
					</trkpt>
					<trkpt lat="46.810530" lon="4.481820">
						<ele>369</ele>
						<time>2026-04-29T10:00:17Z</time>
					</trkpt>
					<trkpt lat="46.810500" lon="4.481810">
						<ele>369</ele>
						<time>2026-04-29T10:00:18Z</time>
					</trkpt>
					<trkpt lat="46.810490" lon="4.481810">
						<ele>369</ele>
						<time>2026-04-29T10:00:18Z</time>
					</trkpt>
					<trkpt lat="46.809300" lon="4.481800">
						<ele>367</ele>
						<time>2026-04-29T10:00:39Z</time>
					</trkpt>
					<trkpt lat="46.809120" lon="4.481780">
						<ele>367</ele>
						<time>2026-04-29T10:00:42Z</time>
					</trkpt>
					<trkpt lat="46.808830" lon="4.481720">
						<ele>367</ele>
						<time>2026-04-29T10:00:48Z</time>
					</trkpt>
					<trkpt lat="46.808660" lon="4.481640">
						<ele>366</ele>
						<time>2026-04-29T10:00:51Z</time>
					</trkpt>
					<trkpt lat="46.808300" lon="4.481610">
						<ele>366</ele>
						<time>2026-04-29T10:00:57Z</time>
					</trkpt>
					<trkpt lat="46.807560" lon="4.481650">
						<ele>360</ele>
						<time>2026-04-29T10:01:10Z</time>
					</trkpt>
					<trkpt lat="46.806490" lon="4.481860">
						<ele>357</ele>
						<time>2026-04-29T10:01:30Z</time>
					</trkpt>
					<trkpt lat="46.805820" lon="4.482020">
						<ele>356</ele>
						<time>2026-04-29T10:01:42Z</time>
					</trkpt>
					<trkpt lat="46.804760" lon="4.482240">
						<ele>352</ele>
						<time>2026-04-29T10:02:01Z</time>
					</trkpt>
					<trkpt lat="46.804110" lon="4.482360">
						<ele>352</ele>
						<time>2026-04-29T10:02:12Z</time>
					</trkpt>
					<trkpt lat="46.803900" lon="4.482420">
						<ele>351</ele>
						<time>2026-04-29T10:02:16Z</time>
					</trkpt>
					<trkpt lat="46.803710" lon="4.482510">
						<ele>351</ele>
						<time>2026-04-29T10:02:20Z</time>
					</trkpt>
					<trkpt lat="46.803550" lon="4.482650">
						<ele>350</ele>
						<time>2026-04-29T10:02:23Z</time>
					</trkpt>
					<trkpt lat="46.802380" lon="4.483820">
						<ele>341</ele>
						<time>2026-04-29T10:02:48Z</time>
					</trkpt>
					<trkpt lat="46.802230" lon="4.483980">
						<ele>340</ele>
						<time>2026-04-29T10:02:52Z</time>
					</trkpt>
					<trkpt lat="46.802060" lon="4.484180">
						<ele>338</ele>
						<time>2026-04-29T10:02:55Z</time>
					</trkpt>
					<trkpt lat="46.801950" lon="4.484290">
						<ele>336</ele>
						<time>2026-04-29T10:02:58Z</time>
					</trkpt>
					<trkpt lat="46.801870" lon="4.484350">
						<ele>336</ele>
						<time>2026-04-29T10:02:59Z</time>
					</trkpt>
					<trkpt lat="46.801780" lon="4.484400">
						<ele>335</ele>
						<time>2026-04-29T10:03:01Z</time>
					</trkpt>
					<trkpt lat="46.801680" lon="4.484430">
						<ele>334</ele>
						<time>2026-04-29T10:03:03Z</time>
					</trkpt>
					<trkpt lat="46.801590" lon="4.484440">
						<ele>334</ele>
						<time>2026-04-29T10:03:05Z</time>
					</trkpt>
					<trkpt lat="46.801480" lon="4.484420">
						<ele>334</ele>
						<time>2026-04-29T10:03:07Z</time>
					</trkpt>
					<trkpt lat="46.801130" lon="4.484320">
						<ele>334</ele>
						<time>2026-04-29T10:03:13Z</time>
					</trkpt>
					<trkpt lat="46.801040" lon="4.484310">
						<ele>334</ele>
						<time>2026-04-29T10:03:14Z</time>
					</trkpt>
					<trkpt lat="46.800910" lon="4.484320">
						<ele>334</ele>
						<time>2026-04-29T10:03:17Z</time>
					</trkpt>
					<trkpt lat="46.800820" lon="4.484350">
						<ele>334</ele>
						<time>2026-04-29T10:03:18Z</time>
					</trkpt>
					<trkpt lat="46.800340" lon="4.484550">
						<ele>333</ele>
						<time>2026-04-29T10:03:27Z</time>
					</trkpt>
					<trkpt lat="46.799980" lon="4.484670">
						<ele>333</ele>
						<time>2026-04-29T10:03:34Z</time>
					</trkpt>
					<trkpt lat="46.799560" lon="4.484740">
						<ele>334</ele>
						<time>2026-04-29T10:03:41Z</time>
					</trkpt>
					<trkpt lat="46.798620" lon="4.484850">
						<ele>337</ele>
						<time>2026-04-29T10:03:58Z</time>
					</trkpt>
					<trkpt lat="46.797830" lon="4.484950">
						<ele>339</ele>
						<time>2026-04-29T10:04:12Z</time>
					</trkpt>
					<trkpt lat="46.797770" lon="4.484980">
						<ele>339</ele>
						<time>2026-04-29T10:04:13Z</time>
					</trkpt>
					<trkpt lat="46.797740" lon="4.485000">
						<ele>339</ele>
						<time>2026-04-29T10:04:14Z</time>
					</trkpt>
					<trkpt lat="46.797670" lon="4.485060">
						<ele>339</ele>
						<time>2026-04-29T10:04:15Z</time>
					</trkpt>
					<trkpt lat="46.797480" lon="4.485340">
						<ele>338</ele>
						<time>2026-04-29T10:04:20Z</time>
					</trkpt>
					<trkpt lat="46.797420" lon="4.485400">
						<ele>338</ele>
						<time>2026-04-29T10:04:22Z</time>
					</trkpt>
					<trkpt lat="46.797370" lon="4.485420">
						<ele>338</ele>
						<time>2026-04-29T10:04:22Z</time>
					</trkpt>
					<trkpt lat="46.797280" lon="4.485430">
						<ele>338</ele>
						<time>2026-04-29T10:04:24Z</time>
					</trkpt>
					<trkpt lat="46.797150" lon="4.485380">
						<ele>337</ele>
						<time>2026-04-29T10:04:26Z</time>
					</trkpt>
					<trkpt lat="46.795240" lon="4.483180">
						<ele>335</ele>
						<time>2026-04-29T10:05:10Z</time>
					</trkpt>
					<trkpt lat="46.795130" lon="4.483040">
						<ele>335</ele>
						<time>2026-04-29T10:05:12Z</time>
					</trkpt>
					<trkpt lat="46.795080" lon="4.482990">
						<ele>335</ele>
						<time>2026-04-29T10:05:13Z</time>
					</trkpt>
					<trkpt lat="46.795010" lon="4.482910">
						<ele>336</ele>
						<time>2026-04-29T10:05:15Z</time>
					</trkpt>
					<trkpt lat="46.794750" lon="4.483670">
						<ele>333</ele>
						<time>2026-04-29T10:05:25Z</time>
					</trkpt>
					<trkpt lat="46.794700" lon="4.483850">
						<ele>332</ele>
						<time>2026-04-29T10:05:28Z</time>
					</trkpt>
					<trkpt lat="46.794570" lon="4.484150">
						<ele>331</ele>
						<time>2026-04-29T10:05:32Z</time>
					</trkpt>
					<trkpt lat="46.794510" lon="4.484240">
						<ele>330</ele>
						<time>2026-04-29T10:05:34Z</time>
					</trkpt>
					<trkpt lat="46.794440" lon="4.484310">
						<ele>330</ele>
						<time>2026-04-29T10:05:35Z</time>
					</trkpt>
					<trkpt lat="46.794360" lon="4.484360">
						<ele>329</ele>
						<time>2026-04-29T10:05:37Z</time>
					</trkpt>
					<trkpt lat="46.794200" lon="4.484400">
						<ele>329</ele>
						<time>2026-04-29T10:05:40Z</time>
					</trkpt>
					<trkpt lat="46.794050" lon="4.484400">
						<ele>328</ele>
						<time>2026-04-29T10:05:42Z</time>
					</trkpt>
					<trkpt lat="46.793930" lon="4.484360">
						<ele>328</ele>
						<time>2026-04-29T10:05:44Z</time>
					</trkpt>
					<trkpt lat="46.793760" lon="4.484240">
						<ele>327</ele>
						<time>2026-04-29T10:05:48Z</time>
					</trkpt>
					<trkpt lat="46.793600" lon="4.484020">
						<ele>327</ele>
						<time>2026-04-29T10:05:52Z</time>
					</trkpt>
					<trkpt lat="46.793560" lon="4.483950">
						<ele>327</ele>
						<time>2026-04-29T10:05:53Z</time>
					</trkpt>
					<trkpt lat="46.793460" lon="4.483790">
						<ele>326</ele>
						<time>2026-04-29T10:05:55Z</time>
					</trkpt>
					<trkpt lat="46.793330" lon="4.483520">
						<ele>324</ele>
						<time>2026-04-29T10:05:59Z</time>
					</trkpt>
					<trkpt lat="46.793230" lon="4.483340">
						<ele>324</ele>
						<time>2026-04-29T10:06:02Z</time>
					</trkpt>
					<trkpt lat="46.793060" lon="4.483130">
						<ele>325</ele>
						<time>2026-04-29T10:06:06Z</time>
					</trkpt>
					<trkpt lat="46.792910" lon="4.482990">
						<ele>325</ele>
						<time>2026-04-29T10:06:09Z</time>
					</trkpt>
					<trkpt lat="46.792820" lon="4.482940">
						<ele>325</ele>
						<time>2026-04-29T10:06:11Z</time>
					</trkpt>
					<trkpt lat="46.792750" lon="4.482920">
						<ele>325</ele>
						<time>2026-04-29T10:06:12Z</time>
					</trkpt>
					<trkpt lat="46.792550" lon="4.482880">
						<ele>324</ele>
						<time>2026-04-29T10:06:16Z</time>
					</trkpt>
					<trkpt lat="46.792450" lon="4.482830">
						<ele>324</ele>
						<time>2026-04-29T10:06:18Z</time>
					</trkpt>
					<trkpt lat="46.792300" lon="4.482720">
						<ele>325</ele>
						<time>2026-04-29T10:06:21Z</time>
					</trkpt>
					<trkpt lat="46.792240" lon="4.482640">
						<ele>325</ele>
						<time>2026-04-29T10:06:22Z</time>
					</trkpt>
					<trkpt lat="46.792180" lon="4.482540">
						<ele>325</ele>
						<time>2026-04-29T10:06:24Z</time>
					</trkpt>
					<trkpt lat="46.792110" lon="4.482340">
						<ele>325</ele>
						<time>2026-04-29T10:06:27Z</time>
					</trkpt>
					<trkpt lat="46.791970" lon="4.482030">
						<ele>325</ele>
						<time>2026-04-29T10:06:31Z</time>
					</trkpt>
					<trkpt lat="46.791880" lon="4.481880">
						<ele>326</ele>
						<time>2026-04-29T10:06:34Z</time>
					</trkpt>
					<trkpt lat="46.791780" lon="4.481750">
						<ele>326</ele>
						<time>2026-04-29T10:06:36Z</time>
					</trkpt>
					<trkpt lat="46.791530" lon="4.481480">
						<ele>327</ele>
						<time>2026-04-29T10:06:41Z</time>
					</trkpt>
					<trkpt lat="46.791340" lon="4.481280">
						<ele>328</ele>
						<time>2026-04-29T10:06:46Z</time>
					</trkpt>
					<trkpt lat="46.791140" lon="4.481130">
						<ele>329</ele>
						<time>2026-04-29T10:06:50Z</time>
					</trkpt>
					<trkpt lat="46.790950" lon="4.481040">
						<ele>330</ele>
						<time>2026-04-29T10:06:53Z</time>
					</trkpt>
					<trkpt lat="46.790850" lon="4.481020">
						<ele>330</ele>
						<time>2026-04-29T10:06:55Z</time>
					</trkpt>
					<trkpt lat="46.790580" lon="4.481010">
						<ele>332</ele>
						<time>2026-04-29T10:07:00Z</time>
					</trkpt>
					<trkpt lat="46.790510" lon="4.480980">
						<ele>332</ele>
						<time>2026-04-29T10:07:01Z</time>
					</trkpt>
					<trkpt lat="46.790450" lon="4.480940">
						<ele>332</ele>
						<time>2026-04-29T10:07:02Z</time>
					</trkpt>
					<trkpt lat="46.790250" lon="4.480760">
						<ele>333</ele>
						<time>2026-04-29T10:07:06Z</time>
					</trkpt>
					<trkpt lat="46.790180" lon="4.480730">
						<ele>333</ele>
						<time>2026-04-29T10:07:08Z</time>
					</trkpt>
					<trkpt lat="46.790110" lon="4.480710">
						<ele>334</ele>
						<time>2026-04-29T10:07:09Z</time>
					</trkpt>
					<trkpt lat="46.790030" lon="4.480710">
						<ele>334</ele>
						<time>2026-04-29T10:07:10Z</time>
					</trkpt>
					<trkpt lat="46.789960" lon="4.480730">
						<ele>334</ele>
						<time>2026-04-29T10:07:12Z</time>
					</trkpt>
					<trkpt lat="46.789900" lon="4.480770">
						<ele>334</ele>
						<time>2026-04-29T10:07:13Z</time>
					</trkpt>
					<trkpt lat="46.789830" lon="4.480830">
						<ele>334</ele>
						<time>2026-04-29T10:07:14Z</time>
					</trkpt>
					<trkpt lat="46.789770" lon="4.480920">
						<ele>335</ele>
						<time>2026-04-29T10:07:16Z</time>
					</trkpt>
					<trkpt lat="46.789720" lon="4.481030">
						<ele>335</ele>
						<time>2026-04-29T10:07:17Z</time>
					</trkpt>
					<trkpt lat="46.789660" lon="4.481220">
						<ele>335</ele>
						<time>2026-04-29T10:07:20Z</time>
					</trkpt>
					<trkpt lat="46.789480" lon="4.481700">
						<ele>337</ele>
						<time>2026-04-29T10:07:27Z</time>
					</trkpt>
					<trkpt lat="46.789400" lon="4.481900">
						<ele>337</ele>
						<time>2026-04-29T10:07:30Z</time>
					</trkpt>
					<trkpt lat="46.789330" lon="4.482060">
						<ele>338</ele>
						<time>2026-04-29T10:07:32Z</time>
					</trkpt>
					<trkpt lat="46.789250" lon="4.482180">
						<ele>338</ele>
						<time>2026-04-29T10:07:34Z</time>
					</trkpt>
					<trkpt lat="46.789100" lon="4.482380">
						<ele>338</ele>
						<time>2026-04-29T10:07:37Z</time>
					</trkpt>
					<trkpt lat="46.788950" lon="4.482530">
						<ele>339</ele>
						<time>2026-04-29T10:07:41Z</time>
					</trkpt>
					<trkpt lat="46.788820" lon="4.482640">
						<ele>339</ele>
						<time>2026-04-29T10:07:43Z</time>
					</trkpt>
					<trkpt lat="46.788670" lon="4.482760">
						<ele>340</ele>
						<time>2026-04-29T10:07:46Z</time>
					</trkpt>
					<trkpt lat="46.788510" lon="4.482840">
						<ele>340</ele>
						<time>2026-04-29T10:07:49Z</time>
					</trkpt>
					<trkpt lat="46.788350" lon="4.482850">
						<ele>340</ele>
						<time>2026-04-29T10:07:52Z</time>
					</trkpt>
					<trkpt lat="46.788270" lon="4.482830">
						<ele>340</ele>
						<time>2026-04-29T10:07:54Z</time>
					</trkpt>
					<trkpt lat="46.788160" lon="4.482790">
						<ele>342</ele>
						<time>2026-04-29T10:07:56Z</time>
					</trkpt>
					<trkpt lat="46.788040" lon="4.482710">
						<ele>343</ele>
						<time>2026-04-29T10:07:58Z</time>
					</trkpt>
					<trkpt lat="46.787910" lon="4.482610">
						<ele>344</ele>
						<time>2026-04-29T10:08:01Z</time>
					</trkpt>
					<trkpt lat="46.787750" lon="4.482460">
						<ele>345</ele>
						<time>2026-04-29T10:08:04Z</time>
					</trkpt>
					<trkpt lat="46.787410" lon="4.482110">
						<ele>347</ele>
						<time>2026-04-29T10:08:11Z</time>
					</trkpt>
					<trkpt lat="46.787330" lon="4.482060">
						<ele>347</ele>
						<time>2026-04-29T10:08:13Z</time>
					</trkpt>
					<trkpt lat="46.787250" lon="4.482020">
						<ele>347</ele>
						<time>2026-04-29T10:08:15Z</time>
					</trkpt>
					<trkpt lat="46.787170" lon="4.482010">
						<ele>347</ele>
						<time>2026-04-29T10:08:16Z</time>
					</trkpt>
					<trkpt lat="46.787110" lon="4.482020">
						<ele>348</ele>
						<time>2026-04-29T10:08:17Z</time>
					</trkpt>
					<trkpt lat="46.787020" lon="4.482050">
						<ele>348</ele>
						<time>2026-04-29T10:08:19Z</time>
					</trkpt>
					<trkpt lat="46.786930" lon="4.482110">
						<ele>349</ele>
						<time>2026-04-29T10:08:20Z</time>
					</trkpt>
					<trkpt lat="46.786830" lon="4.482210">
						<ele>349</ele>
						<time>2026-04-29T10:08:23Z</time>
					</trkpt>
					<trkpt lat="46.786730" lon="4.482360">
						<ele>350</ele>
						<time>2026-04-29T10:08:25Z</time>
					</trkpt>
					<trkpt lat="46.786650" lon="4.482490">
						<ele>351</ele>
						<time>2026-04-29T10:08:27Z</time>
					</trkpt>
					<trkpt lat="46.786600" lon="4.482620">
						<ele>351</ele>
						<time>2026-04-29T10:08:29Z</time>
					</trkpt>
					<trkpt lat="46.786560" lon="4.482730">
						<ele>351</ele>
						<time>2026-04-29T10:08:31Z</time>
					</trkpt>
					<trkpt lat="46.786500" lon="4.483020">
						<ele>351</ele>
						<time>2026-04-29T10:08:34Z</time>
					</trkpt>
					<trkpt lat="46.786440" lon="4.483580">
						<ele>353</ele>
						<time>2026-04-29T10:08:41Z</time>
					</trkpt>
					<trkpt lat="46.786400" lon="4.483870">
						<ele>354</ele>
						<time>2026-04-29T10:08:45Z</time>
					</trkpt>
					<trkpt lat="46.786360" lon="4.484020">
						<ele>354</ele>
						<time>2026-04-29T10:08:47Z</time>
					</trkpt>
					<trkpt lat="46.786280" lon="4.484320">
						<ele>354</ele>
						<time>2026-04-29T10:08:51Z</time>
					</trkpt>
					<trkpt lat="46.786250" lon="4.484400">
						<ele>354</ele>
						<time>2026-04-29T10:08:52Z</time>
					</trkpt>
					<trkpt lat="46.786200" lon="4.484450">
						<ele>354</ele>
						<time>2026-04-29T10:08:53Z</time>
					</trkpt>
					<trkpt lat="46.786200" lon="4.484590">
						<ele>354</ele>
						<time>2026-04-29T10:08:55Z</time>
					</trkpt>
					<trkpt lat="46.786090" lon="4.485090">
						<ele>352</ele>
						<time>2026-04-29T10:09:01Z</time>
					</trkpt>
					<trkpt lat="46.786060" lon="4.485260">
						<ele>352</ele>
						<time>2026-04-29T10:09:03Z</time>
					</trkpt>
					<trkpt lat="46.786050" lon="4.485440">
						<ele>352</ele>
						<time>2026-04-29T10:09:05Z</time>
					</trkpt>
					<trkpt lat="46.786010" lon="4.487600">
						<ele>345</ele>
						<time>2026-04-29T10:09:32Z</time>
					</trkpt>
					<trkpt lat="46.785930" lon="4.488460">
						<ele>343</ele>
						<time>2026-04-29T10:09:42Z</time>
					</trkpt>
					<trkpt lat="46.785920" lon="4.488890">
						<ele>343</ele>
						<time>2026-04-29T10:09:47Z</time>
					</trkpt>
					<trkpt lat="46.785890" lon="4.489430">
						<ele>343</ele>
						<time>2026-04-29T10:09:54Z</time>
					</trkpt>
					<trkpt lat="46.785820" lon="4.489920">
						<ele>344</ele>
						<time>2026-04-29T10:10:00Z</time>
					</trkpt>
					<trkpt lat="46.785770" lon="4.490110">
						<ele>343</ele>
						<time>2026-04-29T10:10:03Z</time>
					</trkpt>
					<trkpt lat="46.785710" lon="4.490280">
						<ele>342</ele>
						<time>2026-04-29T10:10:05Z</time>
					</trkpt>
					<trkpt lat="46.785610" lon="4.490470">
						<ele>341</ele>
						<time>2026-04-29T10:10:08Z</time>
					</trkpt>
					<trkpt lat="46.785290" lon="4.491010">
						<ele>339</ele>
						<time>2026-04-29T10:10:17Z</time>
					</trkpt>
					<trkpt lat="46.785010" lon="4.491390">
						<ele>337</ele>
						<time>2026-04-29T10:10:23Z</time>
					</trkpt>
					<trkpt lat="46.784800" lon="4.491620">
						<ele>337</ele>
						<time>2026-04-29T10:10:28Z</time>
					</trkpt>
					<trkpt lat="46.784510" lon="4.491860">
						<ele>337</ele>
						<time>2026-04-29T10:10:34Z</time>
					</trkpt>
					<trkpt lat="46.784380" lon="4.492010">
						<ele>337</ele>
						<time>2026-04-29T10:10:37Z</time>
					</trkpt>
					<trkpt lat="46.784370" lon="4.492040">
						<ele>337</ele>
						<time>2026-04-29T10:10:37Z</time>
					</trkpt>
					<trkpt lat="46.784260" lon="4.492280">
						<ele>338</ele>
						<time>2026-04-29T10:10:41Z</time>
					</trkpt>
					<trkpt lat="46.784070" lon="4.492830">
						<ele>339</ele>
						<time>2026-04-29T10:10:48Z</time>
					</trkpt>
					<trkpt lat="46.783980" lon="4.493210">
						<ele>338</ele>
						<time>2026-04-29T10:10:53Z</time>
					</trkpt>
					<trkpt lat="46.783900" lon="4.493720">
						<ele>335</ele>
						<time>2026-04-29T10:11:00Z</time>
					</trkpt>
					<trkpt lat="46.783880" lon="4.493910">
						<ele>333</ele>
						<time>2026-04-29T10:11:02Z</time>
					</trkpt>
					<trkpt lat="46.783880" lon="4.494060">
						<ele>332</ele>
						<time>2026-04-29T10:11:04Z</time>
					</trkpt>
					<trkpt lat="46.783890" lon="4.494240">
						<ele>331</ele>
						<time>2026-04-29T10:11:06Z</time>
					</trkpt>
					<trkpt lat="46.783930" lon="4.494400">
						<ele>330</ele>
						<time>2026-04-29T10:11:08Z</time>
					</trkpt>
					<trkpt lat="46.784010" lon="4.494740">
						<ele>329</ele>
						<time>2026-04-29T10:11:12Z</time>
					</trkpt>
					<trkpt lat="46.784030" lon="4.494840">
						<ele>328</ele>
						<time>2026-04-29T10:11:14Z</time>
					</trkpt>
					<trkpt lat="46.784030" lon="4.494930">
						<ele>328</ele>
						<time>2026-04-29T10:11:15Z</time>
					</trkpt>
					<trkpt lat="46.784010" lon="4.494990">
						<ele>327</ele>
						<time>2026-04-29T10:11:16Z</time>
					</trkpt>
					<trkpt lat="46.783980" lon="4.495020">
						<ele>326</ele>
						<time>2026-04-29T10:11:16Z</time>
					</trkpt>
					<trkpt lat="46.783950" lon="4.495010">
						<ele>326</ele>
						<time>2026-04-29T10:11:17Z</time>
					</trkpt>
					<trkpt lat="46.783890" lon="4.495000">
						<ele>325</ele>
						<time>2026-04-29T10:11:18Z</time>
					</trkpt>
					<trkpt lat="46.783850" lon="4.494950">
						<ele>325</ele>
						<time>2026-04-29T10:11:19Z</time>
					</trkpt>
					<trkpt lat="46.783700" lon="4.494700">
						<ele>325</ele>
						<time>2026-04-29T10:11:23Z</time>
					</trkpt>
					<trkpt lat="46.783600" lon="4.494500">
						<ele>325</ele>
						<time>2026-04-29T10:11:26Z</time>
					</trkpt>
					<trkpt lat="46.783510" lon="4.494390">
						<ele>325</ele>
						<time>2026-04-29T10:11:28Z</time>
					</trkpt>
					<trkpt lat="46.783380" lon="4.494330">
						<ele>324</ele>
						<time>2026-04-29T10:11:30Z</time>
					</trkpt>
					<trkpt lat="46.783220" lon="4.494300">
						<ele>323</ele>
						<time>2026-04-29T10:11:33Z</time>
					</trkpt>
					<trkpt lat="46.782470" lon="4.494270">
						<ele>315</ele>
						<time>2026-04-29T10:11:47Z</time>
					</trkpt>
					<trkpt lat="46.782320" lon="4.494240">
						<ele>315</ele>
						<time>2026-04-29T10:11:49Z</time>
					</trkpt>
					<trkpt lat="46.782030" lon="4.494160">
						<ele>313</ele>
						<time>2026-04-29T10:11:55Z</time>
					</trkpt>
					<trkpt lat="46.781820" lon="4.494130">
						<ele>312</ele>
						<time>2026-04-29T10:11:58Z</time>
					</trkpt>
					<trkpt lat="46.781670" lon="4.494140">
						<ele>311</ele>
						<time>2026-04-29T10:12:01Z</time>
					</trkpt>
					<trkpt lat="46.781500" lon="4.494190">
						<ele>310</ele>
						<time>2026-04-29T10:12:04Z</time>
					</trkpt>
					<trkpt lat="46.781340" lon="4.494280">
						<ele>308</ele>
						<time>2026-04-29T10:12:07Z</time>
					</trkpt>
					<trkpt lat="46.781190" lon="4.494380">
						<ele>307</ele>
						<time>2026-04-29T10:12:10Z</time>
					</trkpt>
					<trkpt lat="46.781070" lon="4.494520">
						<ele>306</ele>
						<time>2026-04-29T10:12:13Z</time>
					</trkpt>
					<trkpt lat="46.780740" lon="4.495010">
						<ele>302</ele>
						<time>2026-04-29T10:12:21Z</time>
					</trkpt>
					<trkpt lat="46.780420" lon="4.495480">
						<ele>296</ele>
						<time>2026-04-29T10:12:29Z</time>
					</trkpt>
					<trkpt lat="46.779940" lon="4.496310">
						<ele>291</ele>
						<time>2026-04-29T10:12:43Z</time>
					</trkpt>
					<trkpt lat="46.779790" lon="4.496490">
						<ele>291</ele>
						<time>2026-04-29T10:12:46Z</time>
					</trkpt>
					<trkpt lat="46.779700" lon="4.496570">
						<ele>290</ele>
						<time>2026-04-29T10:12:48Z</time>
					</trkpt>
					<trkpt lat="46.779630" lon="4.496620">
						<ele>290</ele>
						<time>2026-04-29T10:12:49Z</time>
					</trkpt>
					<trkpt lat="46.779550" lon="4.496660">
						<ele>290</ele>
						<time>2026-04-29T10:12:51Z</time>
					</trkpt>
					<trkpt lat="46.779450" lon="4.496700">
						<ele>290</ele>
						<time>2026-04-29T10:12:53Z</time>
					</trkpt>
					<trkpt lat="46.779300" lon="4.496730">
						<ele>289</ele>
						<time>2026-04-29T10:12:55Z</time>
					</trkpt>
					<trkpt lat="46.779020" lon="4.496750">
						<ele>289</ele>
						<time>2026-04-29T10:13:00Z</time>
					</trkpt>
					<trkpt lat="46.778590" lon="4.496800">
						<ele>290</ele>
						<time>2026-04-29T10:13:08Z</time>
					</trkpt>
					<trkpt lat="46.778440" lon="4.496800">
						<ele>290</ele>
						<time>2026-04-29T10:13:11Z</time>
					</trkpt>
					<trkpt lat="46.778390" lon="4.496810">
						<ele>290</ele>
						<time>2026-04-29T10:13:12Z</time>
					</trkpt>
					<trkpt lat="46.778220" lon="4.496820">
						<ele>290</ele>
						<time>2026-04-29T10:13:15Z</time>
					</trkpt>
					<trkpt lat="46.777500" lon="4.497190">
						<ele>291</ele>
						<time>2026-04-29T10:13:28Z</time>
					</trkpt>
					<trkpt lat="46.777000" lon="4.497620">
						<ele>290</ele>
						<time>2026-04-29T10:13:38Z</time>
					</trkpt>
					<trkpt lat="46.776780" lon="4.497730">
						<ele>290</ele>
						<time>2026-04-29T10:13:43Z</time>
					</trkpt>
					<trkpt lat="46.776540" lon="4.497820">
						<ele>290</ele>
						<time>2026-04-29T10:13:47Z</time>
					</trkpt>
					<trkpt lat="46.776450" lon="4.497860">
						<ele>290</ele>
						<time>2026-04-29T10:13:49Z</time>
					</trkpt>
					<trkpt lat="46.776350" lon="4.497890">
						<ele>290</ele>
						<time>2026-04-29T10:13:50Z</time>
					</trkpt>
					<trkpt lat="46.776190" lon="4.497920">
						<ele>291</ele>
						<time>2026-04-29T10:13:53Z</time>
					</trkpt>
					<trkpt lat="46.776060" lon="4.497890">
						<ele>291</ele>
						<time>2026-04-29T10:13:56Z</time>
					</trkpt>
					<trkpt lat="46.775930" lon="4.497810">
						<ele>291</ele>
						<time>2026-04-29T10:13:58Z</time>
					</trkpt>
					<trkpt lat="46.775590" lon="4.497490">
						<ele>295</ele>
						<time>2026-04-29T10:14:05Z</time>
					</trkpt>
					<trkpt lat="46.775450" lon="4.497430">
						<ele>296</ele>
						<time>2026-04-29T10:14:08Z</time>
					</trkpt>
					<trkpt lat="46.775260" lon="4.497370">
						<ele>298</ele>
						<time>2026-04-29T10:14:11Z</time>
					</trkpt>
					<trkpt lat="46.774920" lon="4.497340">
						<ele>302</ele>
						<time>2026-04-29T10:14:18Z</time>
					</trkpt>
					<trkpt lat="46.774780" lon="4.497310">
						<ele>303</ele>
						<time>2026-04-29T10:14:20Z</time>
					</trkpt>
					<trkpt lat="46.774350" lon="4.497210">
						<ele>307</ele>
						<time>2026-04-29T10:14:28Z</time>
					</trkpt>
					<trkpt lat="46.774070" lon="4.497200">
						<ele>310</ele>
						<time>2026-04-29T10:14:33Z</time>
					</trkpt>
					<trkpt lat="46.773900" lon="4.497220">
						<ele>312</ele>
						<time>2026-04-29T10:14:36Z</time>
					</trkpt>
					<trkpt lat="46.773860" lon="4.497220">
						<ele>312</ele>
						<time>2026-04-29T10:14:37Z</time>
					</trkpt>
					<trkpt lat="46.773620" lon="4.497330">
						<ele>315</ele>
						<time>2026-04-29T10:14:41Z</time>
					</trkpt>
					<trkpt lat="46.773410" lon="4.497500">
						<ele>317</ele>
						<time>2026-04-29T10:14:45Z</time>
					</trkpt>
					<trkpt lat="46.773250" lon="4.497690">
						<ele>320</ele>
						<time>2026-04-29T10:14:49Z</time>
					</trkpt>
					<trkpt lat="46.773160" lon="4.497870">
						<ele>322</ele>
						<time>2026-04-29T10:14:52Z</time>
					</trkpt>
					<trkpt lat="46.773080" lon="4.498060">
						<ele>323</ele>
						<time>2026-04-29T10:14:54Z</time>
					</trkpt>
					<trkpt lat="46.772960" lon="4.498470">
						<ele>325</ele>
						<time>2026-04-29T10:15:00Z</time>
					</trkpt>
					<trkpt lat="46.772920" lon="4.498670">
						<ele>324</ele>
						<time>2026-04-29T10:15:02Z</time>
					</trkpt>
					<trkpt lat="46.772860" lon="4.499170">
						<ele>322</ele>
						<time>2026-04-29T10:15:09Z</time>
					</trkpt>
					<trkpt lat="46.772840" lon="4.499280">
						<ele>323</ele>
						<time>2026-04-29T10:15:10Z</time>
					</trkpt>
					<trkpt lat="46.772770" lon="4.499810">
						<ele>325</ele>
						<time>2026-04-29T10:15:17Z</time>
					</trkpt>
					<trkpt lat="46.772700" lon="4.500250">
						<ele>328</ele>
						<time>2026-04-29T10:15:22Z</time>
					</trkpt>
					<trkpt lat="46.772610" lon="4.500640">
						<ele>331</ele>
						<time>2026-04-29T10:15:27Z</time>
					</trkpt>
					<trkpt lat="46.772440" lon="4.501110">
						<ele>334</ele>
						<time>2026-04-29T10:15:34Z</time>
					</trkpt>
					<trkpt lat="46.772300" lon="4.501470">
						<ele>334</ele>
						<time>2026-04-29T10:15:39Z</time>
					</trkpt>
					<trkpt lat="46.772290" lon="4.501490">
						<ele>334</ele>
						<time>2026-04-29T10:15:39Z</time>
					</trkpt>
					<trkpt lat="46.771990" lon="4.502250">
						<ele>334</ele>
						<time>2026-04-29T10:15:50Z</time>
					</trkpt>
					<trkpt lat="46.771530" lon="4.503100">
						<ele>330</ele>
						<time>2026-04-29T10:16:03Z</time>
					</trkpt>
					<trkpt lat="46.771250" lon="4.503540">
						<ele>327</ele>
						<time>2026-04-29T10:16:10Z</time>
					</trkpt>
					<trkpt lat="46.770880" lon="4.504050">
						<ele>326</ele>
						<time>2026-04-29T10:16:19Z</time>
					</trkpt>
					<trkpt lat="46.770670" lon="4.504280">
						<ele>325</ele>
						<time>2026-04-29T10:16:24Z</time>
					</trkpt>
					<trkpt lat="46.770240" lon="4.504690">
						<ele>324</ele>
						<time>2026-04-29T10:16:33Z</time>
					</trkpt>
					<trkpt lat="46.769960" lon="4.504930">
						<ele>323</ele>
						<time>2026-04-29T10:16:39Z</time>
					</trkpt>
					<trkpt lat="46.769750" lon="4.505130">
						<ele>324</ele>
						<time>2026-04-29T10:16:43Z</time>
					</trkpt>
					<trkpt lat="46.769630" lon="4.505300">
						<ele>326</ele>
						<time>2026-04-29T10:16:46Z</time>
					</trkpt>
					<trkpt lat="46.769570" lon="4.505510">
						<ele>327</ele>
						<time>2026-04-29T10:16:49Z</time>
					</trkpt>
					<trkpt lat="46.769500" lon="4.506390">
						<ele>332</ele>
						<time>2026-04-29T10:17:00Z</time>
					</trkpt>
					<trkpt lat="46.769480" lon="4.506810">
						<ele>333</ele>
						<time>2026-04-29T10:17:05Z</time>
					</trkpt>
					<trkpt lat="46.769240" lon="4.513150">
						<ele>337</ele>
						<time>2026-04-29T10:18:22Z</time>
					</trkpt>
					<trkpt lat="46.769200" lon="4.513310">
						<ele>336</ele>
						<time>2026-04-29T10:18:24Z</time>
					</trkpt>
					<trkpt lat="46.769140" lon="4.513480">
						<ele>334</ele>
						<time>2026-04-29T10:18:27Z</time>
					</trkpt>
					<trkpt lat="46.769060" lon="4.513590">
						<ele>332</ele>
						<time>2026-04-29T10:18:29Z</time>
					</trkpt>
					<trkpt lat="46.768970" lon="4.513660">
						<ele>330</ele>
						<time>2026-04-29T10:18:30Z</time>
					</trkpt>
					<trkpt lat="46.768880" lon="4.513690">
						<ele>329</ele>
						<time>2026-04-29T10:18:32Z</time>
					</trkpt>
					<trkpt lat="46.768330" lon="4.513670">
						<ele>325</ele>
						<time>2026-04-29T10:18:42Z</time>
					</trkpt>
					<trkpt lat="46.768190" lon="4.513650">
						<ele>324</ele>
						<time>2026-04-29T10:18:44Z</time>
					</trkpt>
					<trkpt lat="46.768090" lon="4.513610">
						<ele>323</ele>
						<time>2026-04-29T10:18:46Z</time>
					</trkpt>
					<trkpt lat="46.767930" lon="4.513500">
						<ele>323</ele>
						<time>2026-04-29T10:18:49Z</time>
					</trkpt>
					<trkpt lat="46.767380" lon="4.513020">
						<ele>321</ele>
						<time>2026-04-29T10:19:01Z</time>
					</trkpt>
					<trkpt lat="46.767190" lon="4.512850">
						<ele>319</ele>
						<time>2026-04-29T10:19:05Z</time>
					</trkpt>
					<trkpt lat="46.767050" lon="4.512750">
						<ele>318</ele>
						<time>2026-04-29T10:19:07Z</time>
					</trkpt>
					<trkpt lat="46.766950" lon="4.512720">
						<ele>316</ele>
						<time>2026-04-29T10:19:09Z</time>
					</trkpt>
					<trkpt lat="46.766830" lon="4.512740">
						<ele>314</ele>
						<time>2026-04-29T10:19:11Z</time>
					</trkpt>
					<trkpt lat="46.766110" lon="4.513120">
						<ele>306</ele>
						<time>2026-04-29T10:19:25Z</time>
					</trkpt>
					<trkpt lat="46.765960" lon="4.513270">
						<ele>305</ele>
						<time>2026-04-29T10:19:28Z</time>
					</trkpt>
					<trkpt lat="46.765780" lon="4.513630">
						<ele>303</ele>
						<time>2026-04-29T10:19:34Z</time>
					</trkpt>
					<trkpt lat="46.765630" lon="4.513890">
						<ele>302</ele>
						<time>2026-04-29T10:19:38Z</time>
					</trkpt>
					<trkpt lat="46.765620" lon="4.513910">
						<ele>302</ele>
						<time>2026-04-29T10:19:38Z</time>
					</trkpt>
					<trkpt lat="46.765540" lon="4.513960">
						<ele>302</ele>
						<time>2026-04-29T10:19:40Z</time>
					</trkpt>
					<trkpt lat="46.765440" lon="4.514000">
						<ele>301</ele>
						<time>2026-04-29T10:19:42Z</time>
					</trkpt>
					<trkpt lat="46.765350" lon="4.514010">
						<ele>301</ele>
						<time>2026-04-29T10:19:43Z</time>
					</trkpt>
					<trkpt lat="46.765190" lon="4.514010">
						<ele>300</ele>
						<time>2026-04-29T10:19:46Z</time>
					</trkpt>
					<trkpt lat="46.764850" lon="4.513970">
						<ele>299</ele>
						<time>2026-04-29T10:19:52Z</time>
					</trkpt>
					<trkpt lat="46.764740" lon="4.513960">
						<ele>298</ele>
						<time>2026-04-29T10:19:54Z</time>
					</trkpt>
					<trkpt lat="46.764660" lon="4.513920">
						<ele>298</ele>
						<time>2026-04-29T10:19:56Z</time>
					</trkpt>
					<trkpt lat="46.764560" lon="4.513880">
						<ele>297</ele>
						<time>2026-04-29T10:19:57Z</time>
					</trkpt>
					<trkpt lat="46.764460" lon="4.513810">
						<ele>297</ele>
						<time>2026-04-29T10:19:59Z</time>
					</trkpt>
					<trkpt lat="46.764270" lon="4.513660">
						<ele>297</ele>
						<time>2026-04-29T10:20:03Z</time>
					</trkpt>
					<trkpt lat="46.764220" lon="4.513620">
						<ele>297</ele>
						<time>2026-04-29T10:20:04Z</time>
					</trkpt>
					<trkpt lat="46.764170" lon="4.513610">
						<ele>296</ele>
						<time>2026-04-29T10:20:05Z</time>
					</trkpt>
					<trkpt lat="46.763860" lon="4.513660">
						<ele>295</ele>
						<time>2026-04-29T10:20:11Z</time>
					</trkpt>
					<trkpt lat="46.763830" lon="4.513660">
						<ele>295</ele>
						<time>2026-04-29T10:20:11Z</time>
					</trkpt>
					<trkpt lat="46.763630" lon="4.513580">
						<ele>295</ele>
						<time>2026-04-29T10:20:15Z</time>
					</trkpt>
					<trkpt lat="46.763230" lon="4.513280">
						<ele>294</ele>
						<time>2026-04-29T10:20:23Z</time>
					</trkpt>
					<trkpt lat="46.762980" lon="4.513110">
						<ele>294</ele>
						<time>2026-04-29T10:20:28Z</time>
					</trkpt>
					<trkpt lat="46.762610" lon="4.512920">
						<ele>295</ele>
						<time>2026-04-29T10:20:35Z</time>
					</trkpt>
					<trkpt lat="46.762420" lon="4.512830">
						<ele>295</ele>
						<time>2026-04-29T10:20:38Z</time>
					</trkpt>
					<trkpt lat="46.762240" lon="4.512810">
						<ele>294</ele>
						<time>2026-04-29T10:20:42Z</time>
					</trkpt>
					<trkpt lat="46.762100" lon="4.512840">
						<ele>294</ele>
						<time>2026-04-29T10:20:44Z</time>
					</trkpt>
					<trkpt lat="46.761890" lon="4.512970">
						<ele>293</ele>
						<time>2026-04-29T10:20:48Z</time>
					</trkpt>
					<trkpt lat="46.761660" lon="4.513340">
						<ele>292</ele>
						<time>2026-04-29T10:20:54Z</time>
					</trkpt>
					<trkpt lat="46.761420" lon="4.513870">
						<ele>290</ele>
						<time>2026-04-29T10:21:02Z</time>
					</trkpt>
					<trkpt lat="46.761360" lon="4.514060">
						<ele>290</ele>
						<time>2026-04-29T10:21:05Z</time>
					</trkpt>
					<trkpt lat="46.761250" lon="4.514360">
						<ele>289</ele>
						<time>2026-04-29T10:21:09Z</time>
					</trkpt>
					<trkpt lat="46.761190" lon="4.514490">
						<ele>289</ele>
						<time>2026-04-29T10:21:11Z</time>
					</trkpt>
					<trkpt lat="46.761100" lon="4.514580">
						<ele>289</ele>
						<time>2026-04-29T10:21:13Z</time>
					</trkpt>
					<trkpt lat="46.760350" lon="4.515090">
						<ele>287</ele>
						<time>2026-04-29T10:21:27Z</time>
					</trkpt>
					<trkpt lat="46.760310" lon="4.515110">
						<ele>287</ele>
						<time>2026-04-29T10:21:28Z</time>
					</trkpt>
					<trkpt lat="46.760130" lon="4.515220">
						<ele>286</ele>
						<time>2026-04-29T10:21:31Z</time>
					</trkpt>
					<trkpt lat="46.759730" lon="4.515360">
						<ele>285</ele>
						<time>2026-04-29T10:21:39Z</time>
					</trkpt>
					<trkpt lat="46.759440" lon="4.515460">
						<ele>284</ele>
						<time>2026-04-29T10:21:44Z</time>
					</trkpt>
					<trkpt lat="46.759390" lon="4.515510">
						<ele>284</ele>
						<time>2026-04-29T10:21:45Z</time>
					</trkpt>
					<trkpt lat="46.759210" lon="4.515630">
						<ele>284</ele>
						<time>2026-04-29T10:21:49Z</time>
					</trkpt>
					<trkpt lat="46.759160" lon="4.515660">
						<ele>284</ele>
						<time>2026-04-29T10:21:50Z</time>
					</trkpt>
					<trkpt lat="46.759080" lon="4.515660">
						<ele>284</ele>
						<time>2026-04-29T10:21:51Z</time>
					</trkpt>
					<trkpt lat="46.758960" lon="4.515680">
						<ele>285</ele>
						<time>2026-04-29T10:21:53Z</time>
					</trkpt>
					<trkpt lat="46.758870" lon="4.515720">
						<ele>285</ele>
						<time>2026-04-29T10:21:55Z</time>
					</trkpt>
					<trkpt lat="46.758600" lon="4.515840">
						<ele>286</ele>
						<time>2026-04-29T10:22:00Z</time>
					</trkpt>
					<trkpt lat="46.758460" lon="4.515900">
						<ele>287</ele>
						<time>2026-04-29T10:22:02Z</time>
					</trkpt>
					<trkpt lat="46.758380" lon="4.515920">
						<ele>287</ele>
						<time>2026-04-29T10:22:04Z</time>
					</trkpt>
					<trkpt lat="46.758280" lon="4.515900">
						<ele>287</ele>
						<time>2026-04-29T10:22:06Z</time>
					</trkpt>
					<trkpt lat="46.758140" lon="4.515840">
						<ele>286</ele>
						<time>2026-04-29T10:22:08Z</time>
					</trkpt>
					<trkpt lat="46.758030" lon="4.515720">
						<ele>286</ele>
						<time>2026-04-29T10:22:11Z</time>
					</trkpt>
					<trkpt lat="46.757910" lon="4.515500">
						<ele>285</ele>
						<time>2026-04-29T10:22:14Z</time>
					</trkpt>
					<trkpt lat="46.757760" lon="4.515180">
						<ele>285</ele>
						<time>2026-04-29T10:22:19Z</time>
					</trkpt>
					<trkpt lat="46.757570" lon="4.514840">
						<ele>285</ele>
						<time>2026-04-29T10:22:24Z</time>
					</trkpt>
					<trkpt lat="46.757470" lon="4.514760">
						<ele>286</ele>
						<time>2026-04-29T10:22:26Z</time>
					</trkpt>
					<trkpt lat="46.757350" lon="4.514760">
						<ele>286</ele>
						<time>2026-04-29T10:22:28Z</time>
					</trkpt>
					<trkpt lat="46.757240" lon="4.514810">
						<ele>286</ele>
						<time>2026-04-29T10:22:30Z</time>
					</trkpt>
					<trkpt lat="46.757150" lon="4.514900">
						<ele>286</ele>
						<time>2026-04-29T10:22:32Z</time>
					</trkpt>
					<trkpt lat="46.757120" lon="4.514950">
						<ele>286</ele>
						<time>2026-04-29T10:22:33Z</time>
					</trkpt>
					<trkpt lat="46.757040" lon="4.515100">
						<ele>286</ele>
						<time>2026-04-29T10:22:36Z</time>
					</trkpt>
					<trkpt lat="46.756950" lon="4.515180">
						<ele>286</ele>
						<time>2026-04-29T10:22:37Z</time>
					</trkpt>
					<trkpt lat="46.756760" lon="4.515480">
						<ele>287</ele>
						<time>2026-04-29T10:22:42Z</time>
					</trkpt>
					<trkpt lat="46.756620" lon="4.515590">
						<ele>288</ele>
						<time>2026-04-29T10:22:45Z</time>
					</trkpt>
					<trkpt lat="46.756480" lon="4.515620">
						<ele>290</ele>
						<time>2026-04-29T10:22:48Z</time>
					</trkpt>
					<trkpt lat="46.756290" lon="4.515590">
						<ele>291</ele>
						<time>2026-04-29T10:22:51Z</time>
					</trkpt>
					<trkpt lat="46.756080" lon="4.515530">
						<ele>292</ele>
						<time>2026-04-29T10:22:55Z</time>
					</trkpt>
					<trkpt lat="46.755820" lon="4.515450">
						<ele>293</ele>
						<time>2026-04-29T10:23:00Z</time>
					</trkpt>
					<trkpt lat="46.755500" lon="4.515470">
						<ele>295</ele>
						<time>2026-04-29T10:23:05Z</time>
					</trkpt>
					<trkpt lat="46.755350" lon="4.515460">
						<ele>296</ele>
						<time>2026-04-29T10:23:08Z</time>
					</trkpt>
					<trkpt lat="46.755000" lon="4.515390">
						<ele>297</ele>
						<time>2026-04-29T10:23:14Z</time>
					</trkpt>
					<trkpt lat="46.754890" lon="4.515440">
						<ele>298</ele>
						<time>2026-04-29T10:23:16Z</time>
					</trkpt>
					<trkpt lat="46.754820" lon="4.515510">
						<ele>300</ele>
						<time>2026-04-29T10:23:18Z</time>
					</trkpt>
					<trkpt lat="46.754780" lon="4.515620">
						<ele>301</ele>
						<time>2026-04-29T10:23:19Z</time>
					</trkpt>
					<trkpt lat="46.754770" lon="4.515740">
						<ele>302</ele>
						<time>2026-04-29T10:23:21Z</time>
					</trkpt>
					<trkpt lat="46.754780" lon="4.515850">
						<ele>303</ele>
						<time>2026-04-29T10:23:22Z</time>
					</trkpt>
					<trkpt lat="46.754830" lon="4.515980">
						<ele>304</ele>
						<time>2026-04-29T10:23:24Z</time>
					</trkpt>
					<trkpt lat="46.754900" lon="4.516100">
						<ele>305</ele>
						<time>2026-04-29T10:23:26Z</time>
					</trkpt>
					<trkpt lat="46.754970" lon="4.516150">
						<ele>306</ele>
						<time>2026-04-29T10:23:27Z</time>
					</trkpt>
					<trkpt lat="46.755190" lon="4.516270">
						<ele>305</ele>
						<time>2026-04-29T10:23:32Z</time>
					</trkpt>
					<trkpt lat="46.755300" lon="4.516440">
						<ele>306</ele>
						<time>2026-04-29T10:23:34Z</time>
					</trkpt>
					<trkpt lat="46.755340" lon="4.516670">
						<ele>308</ele>
						<time>2026-04-29T10:23:37Z</time>
					</trkpt>
					<trkpt lat="46.755420" lon="4.517520">
						<ele>310</ele>
						<time>2026-04-29T10:23:48Z</time>
					</trkpt>
					<trkpt lat="46.755430" lon="4.517740">
						<ele>311</ele>
						<time>2026-04-29T10:23:50Z</time>
					</trkpt>
					<trkpt lat="46.755430" lon="4.517960">
						<ele>312</ele>
						<time>2026-04-29T10:23:53Z</time>
					</trkpt>
					<trkpt lat="46.755360" lon="4.518230">
						<ele>314</ele>
						<time>2026-04-29T10:23:57Z</time>
					</trkpt>
					<trkpt lat="46.755020" lon="4.518820">
						<ele>320</ele>
						<time>2026-04-29T10:24:06Z</time>
					</trkpt>
					<trkpt lat="46.754480" lon="4.519640">
						<ele>323</ele>
						<time>2026-04-29T10:24:20Z</time>
					</trkpt>
					<trkpt lat="46.754370" lon="4.519860">
						<ele>324</ele>
						<time>2026-04-29T10:24:23Z</time>
					</trkpt>
					<trkpt lat="46.754310" lon="4.520160">
						<ele>325</ele>
						<time>2026-04-29T10:24:27Z</time>
					</trkpt>
					<trkpt lat="46.754230" lon="4.520690">
						<ele>326</ele>
						<time>2026-04-29T10:24:34Z</time>
					</trkpt>
					<trkpt lat="46.754150" lon="4.521060">
						<ele>326</ele>
						<time>2026-04-29T10:24:38Z</time>
					</trkpt>
					<trkpt lat="46.754010" lon="4.521420">
						<ele>327</ele>
						<time>2026-04-29T10:24:43Z</time>
					</trkpt>
					<trkpt lat="46.753810" lon="4.521730">
						<ele>329</ele>
						<time>2026-04-29T10:24:49Z</time>
					</trkpt>
					<trkpt lat="46.753620" lon="4.521950">
						<ele>330</ele>
						<time>2026-04-29T10:24:53Z</time>
					</trkpt>
					<trkpt lat="46.753430" lon="4.522150">
						<ele>331</ele>
						<time>2026-04-29T10:24:57Z</time>
					</trkpt>
					<trkpt lat="46.753160" lon="4.522370">
						<ele>333</ele>
						<time>2026-04-29T10:25:03Z</time>
					</trkpt>
					<trkpt lat="46.753020" lon="4.522460">
						<ele>334</ele>
						<time>2026-04-29T10:25:05Z</time>
					</trkpt>
					<trkpt lat="46.752790" lon="4.522540">
						<ele>335</ele>
						<time>2026-04-29T10:25:10Z</time>
					</trkpt>
					<trkpt lat="46.752620" lon="4.522590">
						<ele>336</ele>
						<time>2026-04-29T10:25:13Z</time>
					</trkpt>
					<trkpt lat="46.752590" lon="4.522590">
						<ele>337</ele>
						<time>2026-04-29T10:25:13Z</time>
					</trkpt>
					<trkpt lat="46.752570" lon="4.522570">
						<ele>337</ele>
						<time>2026-04-29T10:25:14Z</time>
					</trkpt>
					<trkpt lat="46.752280" lon="4.522930">
						<ele>339</ele>
						<time>2026-04-29T10:25:20Z</time>
					</trkpt>
					<trkpt lat="46.751990" lon="4.523250">
						<ele>341</ele>
						<time>2026-04-29T10:25:27Z</time>
					</trkpt>
					<trkpt lat="46.752070" lon="4.523330">
						<ele>341</ele>
						<time>2026-04-29T10:25:29Z</time>
					</trkpt>
					<trkpt lat="46.751990" lon="4.523250">
						<ele>341</ele>
						<time>2026-04-29T10:25:30Z</time>
					</trkpt>
					<trkpt lat="46.751920" lon="4.523310">
						<ele>341</ele>
						<time>2026-04-29T10:25:32Z</time>
					</trkpt>
					<trkpt lat="46.751180" lon="4.523980">
						<ele>345</ele>
						<time>2026-04-29T10:25:47Z</time>
					</trkpt>
					<trkpt lat="46.750570" lon="4.524580">
						<ele>347</ele>
						<time>2026-04-29T10:26:00Z</time>
					</trkpt>
					<trkpt lat="46.750260" lon="4.524930">
						<ele>349</ele>
						<time>2026-04-29T10:26:07Z</time>
					</trkpt>
					<trkpt lat="46.750110" lon="4.525100">
						<ele>350</ele>
						<time>2026-04-29T10:26:11Z</time>
					</trkpt>
					<trkpt lat="46.749810" lon="4.525490">
						<ele>355</ele>
						<time>2026-04-29T10:26:18Z</time>
					</trkpt>
					<trkpt lat="46.749750" lon="4.525550">
						<ele>355</ele>
						<time>2026-04-29T10:26:19Z</time>
					</trkpt>
					<trkpt lat="46.749690" lon="4.525580">
						<ele>356</ele>
						<time>2026-04-29T10:26:20Z</time>
					</trkpt>
					<trkpt lat="46.749630" lon="4.525590">
						<ele>356</ele>
						<time>2026-04-29T10:26:21Z</time>
					</trkpt>
					<trkpt lat="46.749570" lon="4.525580">
						<ele>357</ele>
						<time>2026-04-29T10:26:22Z</time>
					</trkpt>
					<trkpt lat="46.749310" lon="4.525460">
						<ele>357</ele>
						<time>2026-04-29T10:26:27Z</time>
					</trkpt>
					<trkpt lat="46.749210" lon="4.525440">
						<ele>357</ele>
						<time>2026-04-29T10:26:29Z</time>
					</trkpt>
					<trkpt lat="46.748810" lon="4.525460">
						<ele>358</ele>
						<time>2026-04-29T10:26:36Z</time>
					</trkpt>
					<trkpt lat="46.748760" lon="4.525470">
						<ele>358</ele>
						<time>2026-04-29T10:26:37Z</time>
					</trkpt>
					<trkpt lat="46.748690" lon="4.525520">
						<ele>359</ele>
						<time>2026-04-29T10:26:38Z</time>
					</trkpt>
					<trkpt lat="46.748630" lon="4.525610">
						<ele>359</ele>
						<time>2026-04-29T10:26:40Z</time>
					</trkpt>
					<trkpt lat="46.748600" lon="4.525700">
						<ele>360</ele>
						<time>2026-04-29T10:26:41Z</time>
					</trkpt>
					<trkpt lat="46.748570" lon="4.525800">
						<ele>361</ele>
						<time>2026-04-29T10:26:43Z</time>
					</trkpt>
					<trkpt lat="46.748490" lon="4.526390">
						<ele>362</ele>
						<time>2026-04-29T10:26:50Z</time>
					</trkpt>
					<trkpt lat="46.748490" lon="4.526670">
						<ele>363</ele>
						<time>2026-04-29T10:26:53Z</time>
					</trkpt>
					<trkpt lat="46.748510" lon="4.526800">
						<ele>363</ele>
						<time>2026-04-29T10:26:55Z</time>
					</trkpt>
					<trkpt lat="46.748560" lon="4.526970">
						<ele>363</ele>
						<time>2026-04-29T10:26:57Z</time>
					</trkpt>
					<trkpt lat="46.748650" lon="4.527200">
						<ele>363</ele>
						<time>2026-04-29T10:27:00Z</time>
					</trkpt>
					<trkpt lat="46.748790" lon="4.527510">
						<ele>363</ele>
						<time>2026-04-29T10:27:05Z</time>
					</trkpt>
					<trkpt lat="46.748840" lon="4.527660">
						<ele>363</ele>
						<time>2026-04-29T10:27:07Z</time>
					</trkpt>
					<trkpt lat="46.748870" lon="4.527790">
						<ele>363</ele>
						<time>2026-04-29T10:27:09Z</time>
					</trkpt>
					<trkpt lat="46.748900" lon="4.527970">
						<ele>363</ele>
						<time>2026-04-29T10:27:11Z</time>
					</trkpt>
					<trkpt lat="46.748960" lon="4.528660">
						<ele>363</ele>
						<time>2026-04-29T10:27:19Z</time>
					</trkpt>
					<trkpt lat="46.748960" lon="4.528890">
						<ele>363</ele>
						<time>2026-04-29T10:27:22Z</time>
					</trkpt>
					<trkpt lat="46.748940" lon="4.529320">
						<ele>363</ele>
						<time>2026-04-29T10:27:27Z</time>
					</trkpt>
					<trkpt lat="46.748850" lon="4.530040">
						<ele>364</ele>
						<time>2026-04-29T10:27:36Z</time>
					</trkpt>
					<trkpt lat="46.748790" lon="4.530430">
						<ele>364</ele>
						<time>2026-04-29T10:27:41Z</time>
					</trkpt>
					<trkpt lat="46.748620" lon="4.531260">
						<ele>364</ele>
						<time>2026-04-29T10:27:52Z</time>
					</trkpt>
					<trkpt lat="46.748550" lon="4.531640">
						<ele>365</ele>
						<time>2026-04-29T10:27:57Z</time>
					</trkpt>
					<trkpt lat="46.748540" lon="4.532040">
						<ele>366</ele>
						<time>2026-04-29T10:28:01Z</time>
					</trkpt>
					<trkpt lat="46.748550" lon="4.532420">
						<ele>367</ele>
						<time>2026-04-29T10:28:06Z</time>
					</trkpt>
					<trkpt lat="46.748630" lon="4.533080">
						<ele>369</ele>
						<time>2026-04-29T10:28:14Z</time>
					</trkpt>
					<trkpt lat="46.748620" lon="4.533230">
						<ele>370</ele>
						<time>2026-04-29T10:28:16Z</time>
					</trkpt>
					<trkpt lat="46.748600" lon="4.533340">
						<ele>371</ele>
						<time>2026-04-29T10:28:17Z</time>
					</trkpt>
					<trkpt lat="46.748570" lon="4.533400">
						<ele>371</ele>
						<time>2026-04-29T10:28:18Z</time>
					</trkpt>
					<trkpt lat="46.748510" lon="4.533540">
						<ele>373</ele>
						<time>2026-04-29T10:28:20Z</time>
					</trkpt>
					<trkpt lat="46.748290" lon="4.533760">
						<ele>376</ele>
						<time>2026-04-29T10:28:25Z</time>
					</trkpt>
					<trkpt lat="46.747900" lon="4.534040">
						<ele>378</ele>
						<time>2026-04-29T10:28:33Z</time>
					</trkpt>
					<trkpt lat="46.747630" lon="4.534370">
						<ele>380</ele>
						<time>2026-04-29T10:28:39Z</time>
					</trkpt>
					<trkpt lat="46.747470" lon="4.534670">
						<ele>380</ele>
						<time>2026-04-29T10:28:44Z</time>
					</trkpt>
					<trkpt lat="46.747330" lon="4.535100">
						<ele>380</ele>
						<time>2026-04-29T10:28:50Z</time>
					</trkpt>
					<trkpt lat="46.746790" lon="4.537160">
						<ele>384</ele>
						<time>2026-04-29T10:29:16Z</time>
					</trkpt>
					<trkpt lat="46.746740" lon="4.537490">
						<ele>384</ele>
						<time>2026-04-29T10:29:21Z</time>
					</trkpt>
					<trkpt lat="46.746730" lon="4.537740">
						<ele>384</ele>
						<time>2026-04-29T10:29:24Z</time>
					</trkpt>
					<trkpt lat="46.746810" lon="4.538500">
						<ele>385</ele>
						<time>2026-04-29T10:29:33Z</time>
					</trkpt>
					<trkpt lat="46.746800" lon="4.538760">
						<ele>386</ele>
						<time>2026-04-29T10:29:36Z</time>
					</trkpt>
					<trkpt lat="46.746740" lon="4.539140">
						<ele>387</ele>
						<time>2026-04-29T10:29:41Z</time>
					</trkpt>
					<trkpt lat="46.746600" lon="4.539910">
						<ele>390</ele>
						<time>2026-04-29T10:29:51Z</time>
					</trkpt>
					<trkpt lat="46.746590" lon="4.540450">
						<ele>390</ele>
						<time>2026-04-29T10:29:57Z</time>
					</trkpt>
					<trkpt lat="46.746570" lon="4.540590">
						<ele>389</ele>
						<time>2026-04-29T10:29:59Z</time>
					</trkpt>
					<trkpt lat="46.746500" lon="4.540830">
						<ele>389</ele>
						<time>2026-04-29T10:30:02Z</time>
					</trkpt>
					<trkpt lat="46.746350" lon="4.541170">
						<ele>386</ele>
						<time>2026-04-29T10:30:07Z</time>
					</trkpt>
					<trkpt lat="46.746140" lon="4.541600">
						<ele>385</ele>
						<time>2026-04-29T10:30:14Z</time>
					</trkpt>
					<trkpt lat="46.745760" lon="4.542490">
						<ele>384</ele>
						<time>2026-04-29T10:30:26Z</time>
					</trkpt>
					<trkpt lat="46.745550" lon="4.542830">
						<ele>384</ele>
						<time>2026-04-29T10:30:32Z</time>
					</trkpt>
					<trkpt lat="46.745260" lon="4.543260">
						<ele>384</ele>
						<time>2026-04-29T10:30:39Z</time>
					</trkpt>
					<trkpt lat="46.745090" lon="4.543530">
						<ele>384</ele>
						<time>2026-04-29T10:30:44Z</time>
					</trkpt>
					<trkpt lat="46.745010" lon="4.543670">
						<ele>385</ele>
						<time>2026-04-29T10:30:46Z</time>
					</trkpt>
					<trkpt lat="46.744960" lon="4.543850">
						<ele>386</ele>
						<time>2026-04-29T10:30:48Z</time>
					</trkpt>
					<trkpt lat="46.744870" lon="4.544380">
						<ele>387</ele>
						<time>2026-04-29T10:30:55Z</time>
					</trkpt>
					<trkpt lat="46.744790" lon="4.544910">
						<ele>388</ele>
						<time>2026-04-29T10:31:02Z</time>
					</trkpt>
					<trkpt lat="46.744740" lon="4.545060">
						<ele>388</ele>
						<time>2026-04-29T10:31:04Z</time>
					</trkpt>
					<trkpt lat="46.744680" lon="4.545170">
						<ele>387</ele>
						<time>2026-04-29T10:31:05Z</time>
					</trkpt>
					<trkpt lat="46.744630" lon="4.545250">
						<ele>387</ele>
						<time>2026-04-29T10:31:07Z</time>
					</trkpt>
					<trkpt lat="46.744480" lon="4.545380">
						<ele>387</ele>
						<time>2026-04-29T10:31:10Z</time>
					</trkpt>
					<trkpt lat="46.744390" lon="4.545420">
						<ele>387</ele>
						<time>2026-04-29T10:31:11Z</time>
					</trkpt>
					<trkpt lat="46.744310" lon="4.545430">
						<ele>387</ele>
						<time>2026-04-29T10:31:13Z</time>
					</trkpt>
					<trkpt lat="46.744210" lon="4.545430">
						<ele>387</ele>
						<time>2026-04-29T10:31:15Z</time>
					</trkpt>
					<trkpt lat="46.744090" lon="4.545410">
						<ele>387</ele>
						<time>2026-04-29T10:31:17Z</time>
					</trkpt>
					<trkpt lat="46.743990" lon="4.545390">
						<ele>388</ele>
						<time>2026-04-29T10:31:19Z</time>
					</trkpt>
					<trkpt lat="46.743570" lon="4.545330">
						<ele>389</ele>
						<time>2026-04-29T10:31:26Z</time>
					</trkpt>
					<trkpt lat="46.743470" lon="4.545320">
						<ele>390</ele>
						<time>2026-04-29T10:31:28Z</time>
					</trkpt>
					<trkpt lat="46.743270" lon="4.545300">
						<ele>391</ele>
						<time>2026-04-29T10:31:31Z</time>
					</trkpt>
					<trkpt lat="46.743150" lon="4.545310">
						<ele>391</ele>
						<time>2026-04-29T10:31:34Z</time>
					</trkpt>
					<trkpt lat="46.742750" lon="4.545430">
						<ele>392</ele>
						<time>2026-04-29T10:31:41Z</time>
					</trkpt>
					<trkpt lat="46.742270" lon="4.545530">
						<ele>394</ele>
						<time>2026-04-29T10:31:49Z</time>
					</trkpt>
					<trkpt lat="46.741600" lon="4.545650">
						<ele>398</ele>
						<time>2026-04-29T10:32:01Z</time>
					</trkpt>
					<trkpt lat="46.741290" lon="4.545740">
						<ele>400</ele>
						<time>2026-04-29T10:32:07Z</time>
					</trkpt>
					<trkpt lat="46.741070" lon="4.545890">
						<ele>402</ele>
						<time>2026-04-29T10:32:11Z</time>
					</trkpt>
					<trkpt lat="46.740910" lon="4.546070">
						<ele>404</ele>
						<time>2026-04-29T10:32:15Z</time>
					</trkpt>
					<trkpt lat="46.740780" lon="4.546310">
						<ele>406</ele>
						<time>2026-04-29T10:32:19Z</time>
					</trkpt>
					<trkpt lat="46.740280" lon="4.547420">
						<ele>411</ele>
						<time>2026-04-29T10:32:35Z</time>
					</trkpt>
					<trkpt lat="46.740000" lon="4.547910">
						<ele>412</ele>
						<time>2026-04-29T10:32:43Z</time>
					</trkpt>
					<trkpt lat="46.739620" lon="4.548510">
						<ele>415</ele>
						<time>2026-04-29T10:32:53Z</time>
					</trkpt>
					<trkpt lat="46.739560" lon="4.548630">
						<ele>415</ele>
						<time>2026-04-29T10:32:55Z</time>
					</trkpt>
					<trkpt lat="46.739320" lon="4.549280">
						<ele>418</ele>
						<time>2026-04-29T10:33:04Z</time>
					</trkpt>
					<trkpt lat="46.739260" lon="4.549390">
						<ele>418</ele>
						<time>2026-04-29T10:33:05Z</time>
					</trkpt>
					<trkpt lat="46.739190" lon="4.549520">
						<ele>419</ele>
						<time>2026-04-29T10:33:07Z</time>
					</trkpt>
					<trkpt lat="46.738920" lon="4.549880">
						<ele>422</ele>
						<time>2026-04-29T10:33:14Z</time>
					</trkpt>
					<trkpt lat="46.738720" lon="4.550130">
						<ele>424</ele>
						<time>2026-04-29T10:33:18Z</time>
					</trkpt>
					<trkpt lat="46.738130" lon="4.550740">
						<ele>428</ele>
						<time>2026-04-29T10:33:31Z</time>
					</trkpt>
					<trkpt lat="46.738020" lon="4.550830">
						<ele>428</ele>
						<time>2026-04-29T10:33:34Z</time>
					</trkpt>
					<trkpt lat="46.738010" lon="4.550570">
						<ele>429</ele>
						<time>2026-04-29T10:33:37Z</time>
					</trkpt>
					<trkpt lat="46.738020" lon="4.550830">
						<ele>428</ele>
						<time>2026-04-29T10:33:40Z</time>
					</trkpt>
					<trkpt lat="46.738010" lon="4.551650">
						<ele>425</ele>
						<time>2026-04-29T10:33:50Z</time>
					</trkpt>
					<trkpt lat="46.738010" lon="4.552120">
						<ele>425</ele>
						<time>2026-04-29T10:33:56Z</time>
					</trkpt>
					<trkpt lat="46.737990" lon="4.552490">
						<ele>425</ele>
						<time>2026-04-29T10:34:00Z</time>
					</trkpt>
					<trkpt lat="46.737930" lon="4.553020">
						<ele>427</ele>
						<time>2026-04-29T10:34:07Z</time>
					</trkpt>
					<trkpt lat="46.737850" lon="4.553490">
						<ele>428</ele>
						<time>2026-04-29T10:34:13Z</time>
					</trkpt>
					<trkpt lat="46.737700" lon="4.554140">
						<ele>427</ele>
						<time>2026-04-29T10:34:21Z</time>
					</trkpt>
					<trkpt lat="46.737500" lon="4.555350">
						<ele>427</ele>
						<time>2026-04-29T10:34:36Z</time>
					</trkpt>
					<trkpt lat="46.737410" lon="4.555890">
						<ele>426</ele>
						<time>2026-04-29T10:34:43Z</time>
					</trkpt>
					<trkpt lat="46.737380" lon="4.556100">
						<ele>427</ele>
						<time>2026-04-29T10:34:46Z</time>
					</trkpt>
					<trkpt lat="46.737310" lon="4.556470">
						<ele>427</ele>
						<time>2026-04-29T10:34:50Z</time>
					</trkpt>
					<trkpt lat="46.737210" lon="4.557090">
						<ele>429</ele>
						<time>2026-04-29T10:34:58Z</time>
					</trkpt>
					<trkpt lat="46.737100" lon="4.557710">
						<ele>431</ele>
						<time>2026-04-29T10:35:06Z</time>
					</trkpt>
					<trkpt lat="46.737040" lon="4.558100">
						<ele>432</ele>
						<time>2026-04-29T10:35:11Z</time>
					</trkpt>
					<trkpt lat="46.737010" lon="4.558510">
						<ele>434</ele>
						<time>2026-04-29T10:35:16Z</time>
					</trkpt>
					<trkpt lat="46.737000" lon="4.558690">
						<ele>434</ele>
						<time>2026-04-29T10:35:18Z</time>
					</trkpt>
					<trkpt lat="46.736970" lon="4.559380">
						<ele>436</ele>
						<time>2026-04-29T10:35:26Z</time>
					</trkpt>
					<trkpt lat="46.736890" lon="4.560880">
						<ele>437</ele>
						<time>2026-04-29T10:35:45Z</time>
					</trkpt>
					<trkpt lat="46.736830" lon="4.561890">
						<ele>436</ele>
						<time>2026-04-29T10:35:57Z</time>
					</trkpt>
					<trkpt lat="46.736790" lon="4.562620">
						<ele>434</ele>
						<time>2026-04-29T10:36:06Z</time>
					</trkpt>
					<trkpt lat="46.736770" lon="4.563080">
						<ele>433</ele>
						<time>2026-04-29T10:36:12Z</time>
					</trkpt>
					<trkpt lat="46.736680" lon="4.564550">
						<ele>434</ele>
						<time>2026-04-29T10:36:30Z</time>
					</trkpt>
					<trkpt lat="46.736610" lon="4.565910">
						<ele>435</ele>
						<time>2026-04-29T10:36:46Z</time>
					</trkpt>
					<trkpt lat="46.736600" lon="4.566070">
						<ele>435</ele>
						<time>2026-04-29T10:36:48Z</time>
					</trkpt>
					<trkpt lat="46.736580" lon="4.566210">
						<ele>434</ele>
						<time>2026-04-29T10:36:50Z</time>
					</trkpt>
					<trkpt lat="46.736530" lon="4.566380">
						<ele>434</ele>
						<time>2026-04-29T10:36:52Z</time>
					</trkpt>
					<trkpt lat="46.736460" lon="4.566500">
						<ele>433</ele>
						<time>2026-04-29T10:36:54Z</time>
					</trkpt>
					<trkpt lat="46.736400" lon="4.566560">
						<ele>433</ele>
						<time>2026-04-29T10:36:55Z</time>
					</trkpt>
					<trkpt lat="46.736310" lon="4.566610">
						<ele>434</ele>
						<time>2026-04-29T10:36:57Z</time>
					</trkpt>
					<trkpt lat="46.734540" lon="4.567160">
						<ele>432</ele>
						<time>2026-04-29T10:37:29Z</time>
					</trkpt>
					<trkpt lat="46.734490" lon="4.567190">
						<ele>432</ele>
						<time>2026-04-29T10:37:30Z</time>
					</trkpt>
					<trkpt lat="46.734440" lon="4.567240">
						<ele>432</ele>
						<time>2026-04-29T10:37:31Z</time>
					</trkpt>
					<trkpt lat="46.734380" lon="4.567340">
						<ele>431</ele>
						<time>2026-04-29T10:37:33Z</time>
					</trkpt>
					<trkpt lat="46.734360" lon="4.567430">
						<ele>430</ele>
						<time>2026-04-29T10:37:34Z</time>
					</trkpt>
					<trkpt lat="46.734360" lon="4.567520">
						<ele>430</ele>
						<time>2026-04-29T10:37:35Z</time>
					</trkpt>
					<trkpt lat="46.734380" lon="4.567640">
						<ele>429</ele>
						<time>2026-04-29T10:37:37Z</time>
					</trkpt>
					<trkpt lat="46.734440" lon="4.567760">
						<ele>429</ele>
						<time>2026-04-29T10:37:39Z</time>
					</trkpt>
					<trkpt lat="46.734790" lon="4.568480">
						<ele>425</ele>
						<time>2026-04-29T10:37:49Z</time>
					</trkpt>
					<trkpt lat="46.735450" lon="4.569740">
						<ele>427</ele>
						<time>2026-04-29T10:38:09Z</time>
					</trkpt>
					<trkpt lat="46.735730" lon="4.570270">
						<ele>427</ele>
						<time>2026-04-29T10:38:17Z</time>
					</trkpt>
					<trkpt lat="46.735940" lon="4.570530">
						<ele>425</ele>
						<time>2026-04-29T10:38:22Z</time>
					</trkpt>
					<trkpt lat="46.736410" lon="4.571070">
						<ele>421</ele>
						<time>2026-04-29T10:38:32Z</time>
					</trkpt>
					<trkpt lat="46.736540" lon="4.571250">
						<ele>420</ele>
						<time>2026-04-29T10:38:36Z</time>
					</trkpt>
					<trkpt lat="46.736670" lon="4.571460">
						<ele>419</ele>
						<time>2026-04-29T10:38:39Z</time>
					</trkpt>
					<trkpt lat="46.736770" lon="4.571660">
						<ele>419</ele>
						<time>2026-04-29T10:38:42Z</time>
					</trkpt>
					<trkpt lat="46.736920" lon="4.572010">
						<ele>418</ele>
						<time>2026-04-29T10:38:47Z</time>
					</trkpt>
					<trkpt lat="46.737000" lon="4.572220">
						<ele>417</ele>
						<time>2026-04-29T10:38:50Z</time>
					</trkpt>
					<trkpt lat="46.737050" lon="4.572390">
						<ele>416</ele>
						<time>2026-04-29T10:38:52Z</time>
					</trkpt>
					<trkpt lat="46.737050" lon="4.572530">
						<ele>416</ele>
						<time>2026-04-29T10:38:54Z</time>
					</trkpt>
					<trkpt lat="46.737040" lon="4.572680">
						<ele>416</ele>
						<time>2026-04-29T10:38:56Z</time>
					</trkpt>
					<trkpt lat="46.736970" lon="4.572850">
						<ele>418</ele>
						<time>2026-04-29T10:38:58Z</time>
					</trkpt>
					<trkpt lat="46.736830" lon="4.573050">
						<ele>420</ele>
						<time>2026-04-29T10:39:02Z</time>
					</trkpt>
					<trkpt lat="46.736740" lon="4.573250">
						<ele>421</ele>
						<time>2026-04-29T10:39:05Z</time>
					</trkpt>
					<trkpt lat="46.736740" lon="4.573340">
						<ele>421</ele>
						<time>2026-04-29T10:39:06Z</time>
					</trkpt>
					<trkpt lat="46.736740" lon="4.573420">
						<ele>422</ele>
						<time>2026-04-29T10:39:07Z</time>
					</trkpt>
					<trkpt lat="46.736770" lon="4.573510">
						<ele>423</ele>
						<time>2026-04-29T10:39:08Z</time>
					</trkpt>
					<trkpt lat="46.736820" lon="4.573610">
						<ele>423</ele>
						<time>2026-04-29T10:39:09Z</time>
					</trkpt>
					<trkpt lat="46.736890" lon="4.573690">
						<ele>424</ele>
						<time>2026-04-29T10:39:11Z</time>
					</trkpt>
					<trkpt lat="46.736980" lon="4.573790">
						<ele>424</ele>
						<time>2026-04-29T10:39:13Z</time>
					</trkpt>
					<trkpt lat="46.737420" lon="4.574060">
						<ele>422</ele>
						<time>2026-04-29T10:39:21Z</time>
					</trkpt>
					<trkpt lat="46.737630" lon="4.574220">
						<ele>422</ele>
						<time>2026-04-29T10:39:26Z</time>
					</trkpt>
					<trkpt lat="46.737760" lon="4.574380">
						<ele>422</ele>
						<time>2026-04-29T10:39:29Z</time>
					</trkpt>
					<trkpt lat="46.737860" lon="4.574530">
						<ele>423</ele>
						<time>2026-04-29T10:39:31Z</time>
					</trkpt>
					<trkpt lat="46.738850" lon="4.576470">
						<ele>425</ele>
						<time>2026-04-29T10:40:01Z</time>
					</trkpt>
					<trkpt lat="46.738960" lon="4.576660">
						<ele>424</ele>
						<time>2026-04-29T10:40:04Z</time>
					</trkpt>
					<trkpt lat="46.739040" lon="4.576790">
						<ele>424</ele>
						<time>2026-04-29T10:40:06Z</time>
					</trkpt>
					<trkpt lat="46.739100" lon="4.576870">
						<ele>423</ele>
						<time>2026-04-29T10:40:07Z</time>
					</trkpt>
					<trkpt lat="46.739230" lon="4.577000">
						<ele>422</ele>
						<time>2026-04-29T10:40:10Z</time>
					</trkpt>
					<trkpt lat="46.739390" lon="4.577110">
						<ele>421</ele>
						<time>2026-04-29T10:40:13Z</time>
					</trkpt>
					<trkpt lat="46.739480" lon="4.577150">
						<ele>420</ele>
						<time>2026-04-29T10:40:15Z</time>
					</trkpt>
					<trkpt lat="46.739560" lon="4.577170">
						<ele>419</ele>
						<time>2026-04-29T10:40:16Z</time>
					</trkpt>
					<trkpt lat="46.739670" lon="4.577180">
						<ele>418</ele>
						<time>2026-04-29T10:40:18Z</time>
					</trkpt>
					<trkpt lat="46.739790" lon="4.577180">
						<ele>416</ele>
						<time>2026-04-29T10:40:21Z</time>
					</trkpt>
					<trkpt lat="46.740060" lon="4.577150">
						<ele>413</ele>
						<time>2026-04-29T10:40:25Z</time>
					</trkpt>
					<trkpt lat="46.740110" lon="4.577150">
						<ele>412</ele>
						<time>2026-04-29T10:40:26Z</time>
					</trkpt>
					<trkpt lat="46.740150" lon="4.577140">
						<ele>412</ele>
						<time>2026-04-29T10:40:27Z</time>
					</trkpt>
					<trkpt lat="46.741250" lon="4.577060">
						<ele>407</ele>
						<time>2026-04-29T10:40:47Z</time>
					</trkpt>
					<trkpt lat="46.741370" lon="4.577070">
						<ele>407</ele>
						<time>2026-04-29T10:40:49Z</time>
					</trkpt>
					<trkpt lat="46.741450" lon="4.577100">
						<ele>408</ele>
						<time>2026-04-29T10:40:50Z</time>
					</trkpt>
					<trkpt lat="46.741570" lon="4.577150">
						<ele>408</ele>
						<time>2026-04-29T10:40:52Z</time>
					</trkpt>
					<trkpt lat="46.741720" lon="4.577270">
						<ele>409</ele>
						<time>2026-04-29T10:40:55Z</time>
					</trkpt>
					<trkpt lat="46.741810" lon="4.577380">
						<ele>410</ele>
						<time>2026-04-29T10:40:58Z</time>
					</trkpt>
					<trkpt lat="46.741910" lon="4.577510">
						<ele>411</ele>
						<time>2026-04-29T10:41:00Z</time>
					</trkpt>
					<trkpt lat="46.742000" lon="4.577670">
						<ele>411</ele>
						<time>2026-04-29T10:41:02Z</time>
					</trkpt>
					<trkpt lat="46.742070" lon="4.577840">
						<ele>411</ele>
						<time>2026-04-29T10:41:05Z</time>
					</trkpt>
					<trkpt lat="46.742110" lon="4.577970">
						<ele>412</ele>
						<time>2026-04-29T10:41:07Z</time>
					</trkpt>
					<trkpt lat="46.742150" lon="4.578160">
						<ele>412</ele>
						<time>2026-04-29T10:41:09Z</time>
					</trkpt>
					<trkpt lat="46.742170" lon="4.578410">
						<ele>412</ele>
						<time>2026-04-29T10:41:12Z</time>
					</trkpt>
					<trkpt lat="46.742160" lon="4.578990">
						<ele>414</ele>
						<time>2026-04-29T10:41:19Z</time>
					</trkpt>
					<trkpt lat="46.742190" lon="4.581560">
						<ele>422</ele>
						<time>2026-04-29T10:41:51Z</time>
					</trkpt>
					<trkpt lat="46.742190" lon="4.582130">
						<ele>424</ele>
						<time>2026-04-29T10:41:57Z</time>
					</trkpt>
					<trkpt lat="46.742200" lon="4.582200">
						<ele>424</ele>
						<time>2026-04-29T10:41:58Z</time>
					</trkpt>
					<trkpt lat="46.742230" lon="4.582420">
						<ele>425</ele>
						<time>2026-04-29T10:42:01Z</time>
					</trkpt>
					<trkpt lat="46.742290" lon="4.582650">
						<ele>424</ele>
						<time>2026-04-29T10:42:04Z</time>
					</trkpt>
					<trkpt lat="46.742350" lon="4.582800">
						<ele>423</ele>
						<time>2026-04-29T10:42:06Z</time>
					</trkpt>
					<trkpt lat="46.742420" lon="4.582930">
						<ele>423</ele>
						<time>2026-04-29T10:42:08Z</time>
					</trkpt>
					<trkpt lat="46.742740" lon="4.583420">
						<ele>419</ele>
						<time>2026-04-29T10:42:16Z</time>
					</trkpt>
					<trkpt lat="46.742870" lon="4.583620">
						<ele>418</ele>
						<time>2026-04-29T10:42:20Z</time>
					</trkpt>
					<trkpt lat="46.742960" lon="4.583790">
						<ele>418</ele>
						<time>2026-04-29T10:42:22Z</time>
					</trkpt>
					<trkpt lat="46.743050" lon="4.584000">
						<ele>418</ele>
						<time>2026-04-29T10:42:25Z</time>
					</trkpt>
					<trkpt lat="46.743450" lon="4.585050">
						<ele>420</ele>
						<time>2026-04-29T10:42:40Z</time>
					</trkpt>
					<trkpt lat="46.743560" lon="4.585320">
						<ele>419</ele>
						<time>2026-04-29T10:42:44Z</time>
					</trkpt>
					<trkpt lat="46.746010" lon="4.590250">
						<ele>424</ele>
						<time>2026-04-29T10:43:58Z</time>
					</trkpt>
					<trkpt lat="46.746290" lon="4.590850">
						<ele>425</ele>
						<time>2026-04-29T10:44:07Z</time>
					</trkpt>
					<trkpt lat="46.746350" lon="4.590840">
						<ele>426</ele>
						<time>2026-04-29T10:44:08Z</time>
					</trkpt>
					<trkpt lat="46.746480" lon="4.590870">
						<ele>427</ele>
						<time>2026-04-29T10:44:10Z</time>
					</trkpt>
					<trkpt lat="46.747510" lon="4.591540">
						<ele>431</ele>
						<time>2026-04-29T10:44:31Z</time>
					</trkpt>
					<trkpt lat="46.747670" lon="4.591620">
						<ele>431</ele>
						<time>2026-04-29T10:44:34Z</time>
					</trkpt>
					<trkpt lat="46.747840" lon="4.591680">
						<ele>432</ele>
						<time>2026-04-29T10:44:37Z</time>
					</trkpt>
					<trkpt lat="46.748030" lon="4.591700">
						<ele>433</ele>
						<time>2026-04-29T10:44:40Z</time>
					</trkpt>
					<trkpt lat="46.748270" lon="4.591700">
						<ele>434</ele>
						<time>2026-04-29T10:44:44Z</time>
					</trkpt>
					<trkpt lat="46.749020" lon="4.591660">
						<ele>435</ele>
						<time>2026-04-29T10:44:58Z</time>
					</trkpt>
					<trkpt lat="46.749490" lon="4.591630">
						<ele>435</ele>
						<time>2026-04-29T10:45:06Z</time>
					</trkpt>
					<trkpt lat="46.749650" lon="4.591600">
						<ele>434</ele>
						<time>2026-04-29T10:45:09Z</time>
					</trkpt>
					<trkpt lat="46.749820" lon="4.591550">
						<ele>434</ele>
						<time>2026-04-29T10:45:12Z</time>
					</trkpt>
					<trkpt lat="46.750390" lon="4.591320">
						<ele>434</ele>
						<time>2026-04-29T10:45:23Z</time>
					</trkpt>
					<trkpt lat="46.750440" lon="4.591310">
						<ele>434</ele>
						<time>2026-04-29T10:45:23Z</time>
					</trkpt>
					<trkpt lat="46.750530" lon="4.591290">
						<ele>434</ele>
						<time>2026-04-29T10:45:25Z</time>
					</trkpt>
					<trkpt lat="46.750840" lon="4.591310">
						<ele>434</ele>
						<time>2026-04-29T10:45:31Z</time>
					</trkpt>
					<trkpt lat="46.750980" lon="4.591360">
						<ele>434</ele>
						<time>2026-04-29T10:45:33Z</time>
					</trkpt>
					<trkpt lat="46.751200" lon="4.591470">
						<ele>433</ele>
						<time>2026-04-29T10:45:37Z</time>
					</trkpt>
					<trkpt lat="46.751670" lon="4.591740">
						<ele>432</ele>
						<time>2026-04-29T10:45:46Z</time>
					</trkpt>
					<trkpt lat="46.752080" lon="4.592010">
						<ele>433</ele>
						<time>2026-04-29T10:45:54Z</time>
					</trkpt>
					<trkpt lat="46.753830" lon="4.593390">
						<ele>437</ele>
						<time>2026-04-29T10:46:30Z</time>
					</trkpt>
					<trkpt lat="46.754270" lon="4.593690">
						<ele>439</ele>
						<time>2026-04-29T10:46:38Z</time>
					</trkpt>
					<trkpt lat="46.755000" lon="4.593980">
						<ele>439</ele>
						<time>2026-04-29T10:46:52Z</time>
					</trkpt>
					<trkpt lat="46.755310" lon="4.594120">
						<ele>439</ele>
						<time>2026-04-29T10:46:58Z</time>
					</trkpt>
					<trkpt lat="46.755830" lon="4.594330">
						<ele>440</ele>
						<time>2026-04-29T10:47:07Z</time>
					</trkpt>
					<trkpt lat="46.756590" lon="4.594640">
						<ele>438</ele>
						<time>2026-04-29T10:47:21Z</time>
					</trkpt>
					<trkpt lat="46.757350" lon="4.594940">
						<ele>437</ele>
						<time>2026-04-29T10:47:35Z</time>
					</trkpt>
					<trkpt lat="46.757780" lon="4.595080">
						<ele>437</ele>
						<time>2026-04-29T10:47:43Z</time>
					</trkpt>
					<trkpt lat="46.758180" lon="4.595230">
						<ele>437</ele>
						<time>2026-04-29T10:47:50Z</time>
					</trkpt>
					<trkpt lat="46.758510" lon="4.595400">
						<ele>438</ele>
						<time>2026-04-29T10:47:57Z</time>
					</trkpt>
					<trkpt lat="46.758950" lon="4.595800">
						<ele>440</ele>
						<time>2026-04-29T10:48:06Z</time>
					</trkpt>
					<trkpt lat="46.760450" lon="4.597440">
						<ele>448</ele>
						<time>2026-04-29T10:48:39Z</time>
					</trkpt>
					<trkpt lat="46.760880" lon="4.597850">
						<ele>450</ele>
						<time>2026-04-29T10:48:48Z</time>
					</trkpt>
					<trkpt lat="46.762230" lon="4.598960">
						<ele>454</ele>
						<time>2026-04-29T10:49:16Z</time>
					</trkpt>
					<trkpt lat="46.762450" lon="4.599190">
						<ele>454</ele>
						<time>2026-04-29T10:49:21Z</time>
					</trkpt>
					<trkpt lat="46.764430" lon="4.602290">
						<ele>447</ele>
						<time>2026-04-29T10:50:12Z</time>
					</trkpt>
					<trkpt lat="46.764450" lon="4.602230">
						<ele>447</ele>
						<time>2026-04-29T10:50:13Z</time>
					</trkpt>
					<trkpt lat="46.764430" lon="4.602290">
						<ele>447</ele>
						<time>2026-04-29T10:50:14Z</time>
					</trkpt>
					<trkpt lat="46.764550" lon="4.602480">
						<ele>446</ele>
						<time>2026-04-29T10:50:17Z</time>
					</trkpt>
					<trkpt lat="46.765100" lon="4.603360">
						<ele>445</ele>
						<time>2026-04-29T10:50:32Z</time>
					</trkpt>
					<trkpt lat="46.765410" lon="4.603740">
						<ele>445</ele>
						<time>2026-04-29T10:50:39Z</time>
					</trkpt>
					<trkpt lat="46.765740" lon="4.604310">
						<ele>445</ele>
						<time>2026-04-29T10:50:48Z</time>
					</trkpt>
					<trkpt lat="46.766200" lon="4.605090">
						<ele>446</ele>
						<time>2026-04-29T10:51:00Z</time>
					</trkpt>
					<trkpt lat="46.766600" lon="4.605570">
						<ele>448</ele>
						<time>2026-04-29T10:51:10Z</time>
					</trkpt>
					<trkpt lat="46.766640" lon="4.605660">
						<ele>449</ele>
						<time>2026-04-29T10:51:11Z</time>
					</trkpt>
					<trkpt lat="46.766890" lon="4.606140">
						<ele>449</ele>
						<time>2026-04-29T10:51:18Z</time>
					</trkpt>
					<trkpt lat="46.767100" lon="4.606630">
						<ele>450</ele>
						<time>2026-04-29T10:51:25Z</time>
					</trkpt>
					<trkpt lat="46.767140" lon="4.606720">
						<ele>450</ele>
						<time>2026-04-29T10:51:27Z</time>
					</trkpt>
					<trkpt lat="46.767530" lon="4.607430">
						<ele>452</ele>
						<time>2026-04-29T10:51:38Z</time>
					</trkpt>
					<trkpt lat="46.768160" lon="4.608490">
						<ele>453</ele>
						<time>2026-04-29T10:51:55Z</time>
					</trkpt>
					<trkpt lat="46.768280" lon="4.608700">
						<ele>454</ele>
						<time>2026-04-29T10:51:58Z</time>
					</trkpt>
					<trkpt lat="46.768300" lon="4.608740">
						<ele>454</ele>
						<time>2026-04-29T10:51:59Z</time>
					</trkpt>
					<trkpt lat="46.768830" lon="4.609510">
						<ele>454</ele>
						<time>2026-04-29T10:52:12Z</time>
					</trkpt>
					<trkpt lat="46.768980" lon="4.609730">
						<ele>455</ele>
						<time>2026-04-29T10:52:16Z</time>
					</trkpt>
					<trkpt lat="46.769270" lon="4.610140">
						<ele>455</ele>
						<time>2026-04-29T10:52:23Z</time>
					</trkpt>
					<trkpt lat="46.769560" lon="4.610710">
						<ele>452</ele>
						<time>2026-04-29T10:52:32Z</time>
					</trkpt>
					<trkpt lat="46.769620" lon="4.610820">
						<ele>452</ele>
						<time>2026-04-29T10:52:33Z</time>
					</trkpt>
					<trkpt lat="46.769760" lon="4.611180">
						<ele>450</ele>
						<time>2026-04-29T10:52:38Z</time>
					</trkpt>
					<trkpt lat="46.770070" lon="4.611980">
						<ele>447</ele>
						<time>2026-04-29T10:52:50Z</time>
					</trkpt>
					<trkpt lat="46.770270" lon="4.612470">
						<ele>446</ele>
						<time>2026-04-29T10:52:57Z</time>
					</trkpt>
					<trkpt lat="46.770410" lon="4.612730">
						<ele>445</ele>
						<time>2026-04-29T10:53:01Z</time>
					</trkpt>
					<trkpt lat="46.770440" lon="4.612780">
						<ele>445</ele>
						<time>2026-04-29T10:53:01Z</time>
					</trkpt>
					<trkpt lat="46.771020" lon="4.613570">
						<ele>445</ele>
						<time>2026-04-29T10:53:16Z</time>
					</trkpt>
					<trkpt lat="46.771460" lon="4.614270">
						<ele>446</ele>
						<time>2026-04-29T10:53:27Z</time>
					</trkpt>
					<trkpt lat="46.771920" lon="4.615220">
						<ele>447</ele>
						<time>2026-04-29T10:53:41Z</time>
					</trkpt>
					<trkpt lat="46.772130" lon="4.615600">
						<ele>447</ele>
						<time>2026-04-29T10:53:47Z</time>
					</trkpt>
					<trkpt lat="46.772360" lon="4.615930">
						<ele>449</ele>
						<time>2026-04-29T10:53:53Z</time>
					</trkpt>
					<trkpt lat="46.772650" lon="4.616380">
						<ele>453</ele>
						<time>2026-04-29T10:54:01Z</time>
					</trkpt>
					<trkpt lat="46.772910" lon="4.616830">
						<ele>455</ele>
						<time>2026-04-29T10:54:08Z</time>
					</trkpt>
					<trkpt lat="46.773180" lon="4.617350">
						<ele>458</ele>
						<time>2026-04-29T10:54:16Z</time>
					</trkpt>
					<trkpt lat="46.773430" lon="4.617870">
						<ele>458</ele>
						<time>2026-04-29T10:54:23Z</time>
					</trkpt>
					<trkpt lat="46.773580" lon="4.618230">
						<ele>458</ele>
						<time>2026-04-29T10:54:29Z</time>
					</trkpt>
					<trkpt lat="46.773790" lon="4.618780">
						<ele>459</ele>
						<time>2026-04-29T10:54:36Z</time>
					</trkpt>
					<trkpt lat="46.773980" lon="4.619430">
						<ele>462</ele>
						<time>2026-04-29T10:54:45Z</time>
					</trkpt>
					<trkpt lat="46.774180" lon="4.620230">
						<ele>466</ele>
						<time>2026-04-29T10:54:55Z</time>
					</trkpt>
					<trkpt lat="46.774480" lon="4.621540">
						<ele>469</ele>
						<time>2026-04-29T10:55:12Z</time>
					</trkpt>
					<trkpt lat="46.774830" lon="4.623130">
						<ele>473</ele>
						<time>2026-04-29T10:55:32Z</time>
					</trkpt>
					<trkpt lat="46.774970" lon="4.623320">
						<ele>473</ele>
						<time>2026-04-29T10:55:36Z</time>
					</trkpt>
					<trkpt lat="46.775090" lon="4.623410">
						<ele>473</ele>
						<time>2026-04-29T10:55:38Z</time>
					</trkpt>
					<trkpt lat="46.774950" lon="4.623500">
						<ele>474</ele>
						<time>2026-04-29T10:55:41Z</time>
					</trkpt>
					<trkpt lat="46.774900" lon="4.623520">
						<ele>474</ele>
						<time>2026-04-29T10:55:42Z</time>
					</trkpt>
					<trkpt lat="46.774950" lon="4.623500">
						<ele>474</ele>
						<time>2026-04-29T10:55:43Z</time>
					</trkpt>
					<trkpt lat="46.775090" lon="4.623410">
						<ele>473</ele>
						<time>2026-04-29T10:55:46Z</time>
					</trkpt>
					<trkpt lat="46.775250" lon="4.623400">
						<ele>473</ele>
						<time>2026-04-29T10:55:48Z</time>
					</trkpt>
					<trkpt lat="46.775310" lon="4.623400">
						<ele>473</ele>
						<time>2026-04-29T10:55:49Z</time>
					</trkpt>
					<trkpt lat="46.775840" lon="4.623300">
						<ele>471</ele>
						<time>2026-04-29T10:55:59Z</time>
					</trkpt>
					<trkpt lat="46.776030" lon="4.623290">
						<ele>470</ele>
						<time>2026-04-29T10:56:02Z</time>
					</trkpt>
					<trkpt lat="46.776280" lon="4.623370">
						<ele>471</ele>
						<time>2026-04-29T10:56:07Z</time>
					</trkpt>
					<trkpt lat="46.776640" lon="4.623670">
						<ele>472</ele>
						<time>2026-04-29T10:56:14Z</time>
					</trkpt>
					<trkpt lat="46.777180" lon="4.624090">
						<ele>470</ele>
						<time>2026-04-29T10:56:25Z</time>
					</trkpt>
					<trkpt lat="46.777770" lon="4.624560">
						<ele>466</ele>
						<time>2026-04-29T10:56:37Z</time>
					</trkpt>
					<trkpt lat="46.778310" lon="4.624950">
						<ele>464</ele>
						<time>2026-04-29T10:56:48Z</time>
					</trkpt>
					<trkpt lat="46.778560" lon="4.625120">
						<ele>463</ele>
						<time>2026-04-29T10:56:53Z</time>
					</trkpt>
					<trkpt lat="46.778690" lon="4.625160">
						<ele>462</ele>
						<time>2026-04-29T10:56:55Z</time>
					</trkpt>
					<trkpt lat="46.778910" lon="4.625200">
						<ele>461</ele>
						<time>2026-04-29T10:56:59Z</time>
					</trkpt>
					<trkpt lat="46.779360" lon="4.625230">
						<ele>458</ele>
						<time>2026-04-29T10:57:07Z</time>
					</trkpt>
					<trkpt lat="46.779670" lon="4.625300">
						<ele>458</ele>
						<time>2026-04-29T10:57:13Z</time>
					</trkpt>
					<trkpt lat="46.780100" lon="4.625440">
						<ele>457</ele>
						<time>2026-04-29T10:57:20Z</time>
					</trkpt>
					<trkpt lat="46.780240" lon="4.625500">
						<ele>456</ele>
						<time>2026-04-29T10:57:23Z</time>
					</trkpt>
					<trkpt lat="46.780420" lon="4.625600">
						<ele>456</ele>
						<time>2026-04-29T10:57:26Z</time>
					</trkpt>
					<trkpt lat="46.780530" lon="4.625680">
						<ele>456</ele>
						<time>2026-04-29T10:57:29Z</time>
					</trkpt>
					<trkpt lat="46.780760" lon="4.625910">
						<ele>455</ele>
						<time>2026-04-29T10:57:34Z</time>
					</trkpt>
					<trkpt lat="46.780960" lon="4.626150">
						<ele>455</ele>
						<time>2026-04-29T10:57:38Z</time>
					</trkpt>
					<trkpt lat="46.781060" lon="4.626280">
						<ele>456</ele>
						<time>2026-04-29T10:57:41Z</time>
					</trkpt>
					<trkpt lat="46.781550" lon="4.626820">
						<ele>456</ele>
						<time>2026-04-29T10:57:52Z</time>
					</trkpt>
					<trkpt lat="46.782620" lon="4.628130">
						<ele>454</ele>
						<time>2026-04-29T10:58:16Z</time>
					</trkpt>
					<trkpt lat="46.782960" lon="4.628580">
						<ele>452</ele>
						<time>2026-04-29T10:58:25Z</time>
					</trkpt>
					<trkpt lat="46.783160" lon="4.628760">
						<ele>451</ele>
						<time>2026-04-29T10:58:29Z</time>
					</trkpt>
					<trkpt lat="46.783380" lon="4.628890">
						<ele>451</ele>
						<time>2026-04-29T10:58:33Z</time>
					</trkpt>
					<trkpt lat="46.783720" lon="4.628960">
						<ele>450</ele>
						<time>2026-04-29T10:58:39Z</time>
					</trkpt>
					<trkpt lat="46.784070" lon="4.628970">
						<ele>450</ele>
						<time>2026-04-29T10:58:45Z</time>
					</trkpt>
					<trkpt lat="46.784250" lon="4.629030">
						<ele>451</ele>
						<time>2026-04-29T10:58:49Z</time>
					</trkpt>
					<trkpt lat="46.784440" lon="4.629180">
						<ele>451</ele>
						<time>2026-04-29T10:58:52Z</time>
					</trkpt>
					<trkpt lat="46.784730" lon="4.629500">
						<ele>450</ele>
						<time>2026-04-29T10:58:59Z</time>
					</trkpt>
					<trkpt lat="46.785110" lon="4.629990">
						<ele>450</ele>
						<time>2026-04-29T10:59:08Z</time>
					</trkpt>
					<trkpt lat="46.785260" lon="4.630210">
						<ele>451</ele>
						<time>2026-04-29T10:59:12Z</time>
					</trkpt>
					<trkpt lat="46.785290" lon="4.630300">
						<ele>451</ele>
						<time>2026-04-29T10:59:13Z</time>
					</trkpt>
					<trkpt lat="46.785320" lon="4.630440">
						<ele>451</ele>
						<time>2026-04-29T10:59:15Z</time>
					</trkpt>
					<trkpt lat="46.785370" lon="4.630420">
						<ele>452</ele>
						<time>2026-04-29T10:59:16Z</time>
					</trkpt>
					<trkpt lat="46.785410" lon="4.630370">
						<ele>452</ele>
						<time>2026-04-29T10:59:17Z</time>
					</trkpt>
					<trkpt lat="46.785430" lon="4.630310">
						<ele>453</ele>
						<time>2026-04-29T10:59:17Z</time>
					</trkpt>
					<trkpt lat="46.785590" lon="4.629740">
						<ele>456</ele>
						<time>2026-04-29T10:59:25Z</time>
					</trkpt>
					<trkpt lat="46.785700" lon="4.629450">
						<ele>457</ele>
						<time>2026-04-29T10:59:29Z</time>
					</trkpt>
					<trkpt lat="46.786010" lon="4.628920">
						<ele>458</ele>
						<time>2026-04-29T10:59:37Z</time>
					</trkpt>
					<trkpt lat="46.786090" lon="4.628800">
						<ele>457</ele>
						<time>2026-04-29T10:59:39Z</time>
					</trkpt>
					<trkpt lat="46.786230" lon="4.628690">
						<ele>457</ele>
						<time>2026-04-29T10:59:42Z</time>
					</trkpt>
					<trkpt lat="46.786340" lon="4.628650">
						<ele>457</ele>
						<time>2026-04-29T10:59:44Z</time>
					</trkpt>
					<trkpt lat="46.786480" lon="4.628620">
						<ele>457</ele>
						<time>2026-04-29T10:59:47Z</time>
					</trkpt>
					<trkpt lat="46.786550" lon="4.628640">
						<ele>458</ele>
						<time>2026-04-29T10:59:48Z</time>
					</trkpt>
					<trkpt lat="46.786630" lon="4.628660">
						<ele>458</ele>
						<time>2026-04-29T10:59:50Z</time>
					</trkpt>
					<trkpt lat="46.786750" lon="4.628750">
						<ele>459</ele>
						<time>2026-04-29T10:59:52Z</time>
					</trkpt>
					<trkpt lat="46.786930" lon="4.628900">
						<ele>459</ele>
						<time>2026-04-29T10:59:56Z</time>
					</trkpt>
					<trkpt lat="46.787140" lon="4.629130">
						<ele>460</ele>
						<time>2026-04-29T11:00:00Z</time>
					</trkpt>
					<trkpt lat="46.787310" lon="4.629200">
						<ele>461</ele>
						<time>2026-04-29T11:00:03Z</time>
					</trkpt>
					<trkpt lat="46.787420" lon="4.629190">
						<ele>460</ele>
						<time>2026-04-29T11:00:05Z</time>
					</trkpt>
					<trkpt lat="46.787490" lon="4.629140">
						<ele>460</ele>
						<time>2026-04-29T11:00:07Z</time>
					</trkpt>
					<trkpt lat="46.787580" lon="4.629060">
						<ele>459</ele>
						<time>2026-04-29T11:00:09Z</time>
					</trkpt>
					<trkpt lat="46.787730" lon="4.628880">
						<ele>457</ele>
						<time>2026-04-29T11:00:12Z</time>
					</trkpt>
					<trkpt lat="46.787880" lon="4.628740">
						<ele>455</ele>
						<time>2026-04-29T11:00:15Z</time>
					</trkpt>
					<trkpt lat="46.787990" lon="4.628670">
						<ele>455</ele>
						<time>2026-04-29T11:00:17Z</time>
					</trkpt>
					<trkpt lat="46.788170" lon="4.628600">
						<ele>454</ele>
						<time>2026-04-29T11:00:21Z</time>
					</trkpt>
					<trkpt lat="46.788310" lon="4.628570">
						<ele>454</ele>
						<time>2026-04-29T11:00:23Z</time>
					</trkpt>
					<trkpt lat="46.788460" lon="4.628570">
						<ele>453</ele>
						<time>2026-04-29T11:00:26Z</time>
					</trkpt>
					<trkpt lat="46.788610" lon="4.628600">
						<ele>451</ele>
						<time>2026-04-29T11:00:29Z</time>
					</trkpt>
					<trkpt lat="46.788770" lon="4.628670">
						<ele>451</ele>
						<time>2026-04-29T11:00:32Z</time>
					</trkpt>
					<trkpt lat="46.788980" lon="4.628770">
						<ele>450</ele>
						<time>2026-04-29T11:00:35Z</time>
					</trkpt>
					<trkpt lat="46.789220" lon="4.628930">
						<ele>449</ele>
						<time>2026-04-29T11:00:40Z</time>
					</trkpt>
					<trkpt lat="46.789540" lon="4.629200">
						<ele>448</ele>
						<time>2026-04-29T11:00:47Z</time>
					</trkpt>
					<trkpt lat="46.789900" lon="4.629530">
						<ele>445</ele>
						<time>2026-04-29T11:00:54Z</time>
					</trkpt>
					<trkpt lat="46.790040" lon="4.629710">
						<ele>444</ele>
						<time>2026-04-29T11:00:58Z</time>
					</trkpt>
					<trkpt lat="46.790200" lon="4.629850">
						<ele>444</ele>
						<time>2026-04-29T11:01:01Z</time>
					</trkpt>
					<trkpt lat="46.790380" lon="4.629960">
						<ele>444</ele>
						<time>2026-04-29T11:01:04Z</time>
					</trkpt>
					<trkpt lat="46.790510" lon="4.630020">
						<ele>443</ele>
						<time>2026-04-29T11:01:07Z</time>
					</trkpt>
					<trkpt lat="46.790650" lon="4.630020">
						<ele>442</ele>
						<time>2026-04-29T11:01:09Z</time>
					</trkpt>
					<trkpt lat="46.790720" lon="4.629960">
						<ele>441</ele>
						<time>2026-04-29T11:01:11Z</time>
					</trkpt>
					<trkpt lat="46.790800" lon="4.629860">
						<ele>439</ele>
						<time>2026-04-29T11:01:13Z</time>
					</trkpt>
					<trkpt lat="46.790870" lon="4.629680">
						<ele>438</ele>
						<time>2026-04-29T11:01:15Z</time>
					</trkpt>
					<trkpt lat="46.790960" lon="4.629310">
						<ele>435</ele>
						<time>2026-04-29T11:01:20Z</time>
					</trkpt>
					<trkpt lat="46.791060" lon="4.629060">
						<ele>433</ele>
						<time>2026-04-29T11:01:24Z</time>
					</trkpt>
					<trkpt lat="46.791120" lon="4.628990">
						<ele>432</ele>
						<time>2026-04-29T11:01:25Z</time>
					</trkpt>
					<trkpt lat="46.791180" lon="4.628950">
						<ele>432</ele>
						<time>2026-04-29T11:01:26Z</time>
					</trkpt>
					<trkpt lat="46.791240" lon="4.628930">
						<ele>432</ele>
						<time>2026-04-29T11:01:27Z</time>
					</trkpt>
					<trkpt lat="46.791530" lon="4.629050">
						<ele>431</ele>
						<time>2026-04-29T11:01:33Z</time>
					</trkpt>
					<trkpt lat="46.791610" lon="4.629030">
						<ele>431</ele>
						<time>2026-04-29T11:01:34Z</time>
					</trkpt>
					<trkpt lat="46.791660" lon="4.628950">
						<ele>430</ele>
						<time>2026-04-29T11:01:35Z</time>
					</trkpt>
					<trkpt lat="46.791690" lon="4.628820">
						<ele>429</ele>
						<time>2026-04-29T11:01:37Z</time>
					</trkpt>
					<trkpt lat="46.791710" lon="4.628580">
						<ele>428</ele>
						<time>2026-04-29T11:01:40Z</time>
					</trkpt>
					<trkpt lat="46.791750" lon="4.628370">
						<ele>426</ele>
						<time>2026-04-29T11:01:43Z</time>
					</trkpt>
					<trkpt lat="46.791830" lon="4.628270">
						<ele>425</ele>
						<time>2026-04-29T11:01:44Z</time>
					</trkpt>
					<trkpt lat="46.791920" lon="4.628250">
						<ele>424</ele>
						<time>2026-04-29T11:01:46Z</time>
					</trkpt>
					<trkpt lat="46.792010" lon="4.628260">
						<ele>424</ele>
						<time>2026-04-29T11:01:48Z</time>
					</trkpt>
					<trkpt lat="46.792380" lon="4.628420">
						<ele>421</ele>
						<time>2026-04-29T11:01:55Z</time>
					</trkpt>
					<trkpt lat="46.792520" lon="4.628440">
						<ele>420</ele>
						<time>2026-04-29T11:01:57Z</time>
					</trkpt>
					<trkpt lat="46.792610" lon="4.628400">
						<ele>419</ele>
						<time>2026-04-29T11:01:59Z</time>
					</trkpt>
					<trkpt lat="46.792660" lon="4.628310">
						<ele>419</ele>
						<time>2026-04-29T11:02:00Z</time>
					</trkpt>
					<trkpt lat="46.792680" lon="4.628190">
						<ele>418</ele>
						<time>2026-04-29T11:02:02Z</time>
					</trkpt>
					<trkpt lat="46.792670" lon="4.628050">
						<ele>418</ele>
						<time>2026-04-29T11:02:03Z</time>
					</trkpt>
					<trkpt lat="46.792650" lon="4.627790">
						<ele>417</ele>
						<time>2026-04-29T11:02:06Z</time>
					</trkpt>
					<trkpt lat="46.792660" lon="4.627680">
						<ele>417</ele>
						<time>2026-04-29T11:02:08Z</time>
					</trkpt>
					<trkpt lat="46.792680" lon="4.627610">
						<ele>416</ele>
						<time>2026-04-29T11:02:09Z</time>
					</trkpt>
					<trkpt lat="46.792760" lon="4.627500">
						<ele>416</ele>
						<time>2026-04-29T11:02:11Z</time>
					</trkpt>
					<trkpt lat="46.792860" lon="4.627450">
						<ele>415</ele>
						<time>2026-04-29T11:02:13Z</time>
					</trkpt>
					<trkpt lat="46.793210" lon="4.627400">
						<ele>413</ele>
						<time>2026-04-29T11:02:19Z</time>
					</trkpt>
					<trkpt lat="46.793610" lon="4.627380">
						<ele>411</ele>
						<time>2026-04-29T11:02:26Z</time>
					</trkpt>
					<trkpt lat="46.793670" lon="4.627360">
						<ele>410</ele>
						<time>2026-04-29T11:02:27Z</time>
					</trkpt>
					<trkpt lat="46.793720" lon="4.627340">
						<ele>410</ele>
						<time>2026-04-29T11:02:28Z</time>
					</trkpt>
					<trkpt lat="46.793900" lon="4.627250">
						<ele>408</ele>
						<time>2026-04-29T11:02:31Z</time>
					</trkpt>
					<trkpt lat="46.794170" lon="4.627040">
						<ele>407</ele>
						<time>2026-04-29T11:02:37Z</time>
					</trkpt>
					<trkpt lat="46.794810" lon="4.626570">
						<ele>411</ele>
						<time>2026-04-29T11:02:50Z</time>
					</trkpt>
					<trkpt lat="46.794950" lon="4.626460">
						<ele>412</ele>
						<time>2026-04-29T11:02:52Z</time>
					</trkpt>
					<trkpt lat="46.795050" lon="4.626310">
						<ele>413</ele>
						<time>2026-04-29T11:02:55Z</time>
					</trkpt>
					<trkpt lat="46.795080" lon="4.626180">
						<ele>414</ele>
						<time>2026-04-29T11:02:57Z</time>
					</trkpt>
					<trkpt lat="46.795100" lon="4.626050">
						<ele>414</ele>
						<time>2026-04-29T11:02:58Z</time>
					</trkpt>
					<trkpt lat="46.795110" lon="4.625620">
						<ele>416</ele>
						<time>2026-04-29T11:03:03Z</time>
					</trkpt>
					<trkpt lat="46.795080" lon="4.625410">
						<ele>416</ele>
						<time>2026-04-29T11:03:06Z</time>
					</trkpt>
					<trkpt lat="46.794870" lon="4.624660">
						<ele>418</ele>
						<time>2026-04-29T11:03:16Z</time>
					</trkpt>
					<trkpt lat="46.794760" lon="4.624320">
						<ele>419</ele>
						<time>2026-04-29T11:03:21Z</time>
					</trkpt>
					<trkpt lat="46.794680" lon="4.624140">
						<ele>420</ele>
						<time>2026-04-29T11:03:23Z</time>
					</trkpt>
					<trkpt lat="46.794610" lon="4.623920">
						<ele>421</ele>
						<time>2026-04-29T11:03:26Z</time>
					</trkpt>
					<trkpt lat="46.794590" lon="4.623740">
						<ele>422</ele>
						<time>2026-04-29T11:03:28Z</time>
					</trkpt>
					<trkpt lat="46.794610" lon="4.623600">
						<ele>423</ele>
						<time>2026-04-29T11:03:30Z</time>
					</trkpt>
					<trkpt lat="46.794680" lon="4.623500">
						<ele>424</ele>
						<time>2026-04-29T11:03:32Z</time>
					</trkpt>
					<trkpt lat="46.794810" lon="4.623390">
						<ele>425</ele>
						<time>2026-04-29T11:03:35Z</time>
					</trkpt>
					<trkpt lat="46.794940" lon="4.623220">
						<ele>425</ele>
						<time>2026-04-29T11:03:38Z</time>
					</trkpt>
					<trkpt lat="46.795010" lon="4.623040">
						<ele>425</ele>
						<time>2026-04-29T11:03:40Z</time>
					</trkpt>
					<trkpt lat="46.795070" lon="4.622840">
						<ele>424</ele>
						<time>2026-04-29T11:03:43Z</time>
					</trkpt>
					<trkpt lat="46.795150" lon="4.622480">
						<ele>423</ele>
						<time>2026-04-29T11:03:47Z</time>
					</trkpt>
					<trkpt lat="46.795200" lon="4.622090">
						<ele>422</ele>
						<time>2026-04-29T11:03:52Z</time>
					</trkpt>
					<trkpt lat="46.795220" lon="4.621810">
						<ele>421</ele>
						<time>2026-04-29T11:03:56Z</time>
					</trkpt>
					<trkpt lat="46.795220" lon="4.621270">
						<ele>419</ele>
						<time>2026-04-29T11:04:02Z</time>
					</trkpt>
					<trkpt lat="46.795250" lon="4.621030">
						<ele>418</ele>
						<time>2026-04-29T11:04:05Z</time>
					</trkpt>
					<trkpt lat="46.795350" lon="4.620650">
						<ele>417</ele>
						<time>2026-04-29T11:04:10Z</time>
					</trkpt>
					<trkpt lat="46.795410" lon="4.620480">
						<ele>416</ele>
						<time>2026-04-29T11:04:13Z</time>
					</trkpt>
					<trkpt lat="46.795500" lon="4.620330">
						<ele>416</ele>
						<time>2026-04-29T11:04:15Z</time>
					</trkpt>
					<trkpt lat="46.795660" lon="4.620100">
						<ele>416</ele>
						<time>2026-04-29T11:04:19Z</time>
					</trkpt>
					<trkpt lat="46.795750" lon="4.619930">
						<ele>416</ele>
						<time>2026-04-29T11:04:22Z</time>
					</trkpt>
					<trkpt lat="46.795810" lon="4.619730">
						<ele>416</ele>
						<time>2026-04-29T11:04:24Z</time>
					</trkpt>
					<trkpt lat="46.795900" lon="4.619230">
						<ele>417</ele>
						<time>2026-04-29T11:04:31Z</time>
					</trkpt>
					<trkpt lat="46.795950" lon="4.619000">
						<ele>417</ele>
						<time>2026-04-29T11:04:33Z</time>
					</trkpt>
					<trkpt lat="46.796000" lon="4.618830">
						<ele>418</ele>
						<time>2026-04-29T11:04:36Z</time>
					</trkpt>
					<trkpt lat="46.796060" lon="4.618700">
						<ele>418</ele>
						<time>2026-04-29T11:04:38Z</time>
					</trkpt>
					<trkpt lat="46.796130" lon="4.618590">
						<ele>418</ele>
						<time>2026-04-29T11:04:39Z</time>
					</trkpt>
					<trkpt lat="46.796210" lon="4.618500">
						<ele>419</ele>
						<time>2026-04-29T11:04:41Z</time>
					</trkpt>
					<trkpt lat="46.797260" lon="4.617720">
						<ele>422</ele>
						<time>2026-04-29T11:05:02Z</time>
					</trkpt>
					<trkpt lat="46.797370" lon="4.617610">
						<ele>422</ele>
						<time>2026-04-29T11:05:05Z</time>
					</trkpt>
					<trkpt lat="46.797490" lon="4.617450">
						<ele>423</ele>
						<time>2026-04-29T11:05:07Z</time>
					</trkpt>
					<trkpt lat="46.798080" lon="4.616510">
						<ele>422</ele>
						<time>2026-04-29T11:05:23Z</time>
					</trkpt>
					<trkpt lat="46.798260" lon="4.616240">
						<ele>421</ele>
						<time>2026-04-29T11:05:28Z</time>
					</trkpt>
					<trkpt lat="46.798300" lon="4.616170">
						<ele>421</ele>
						<time>2026-04-29T11:05:29Z</time>
					</trkpt>
					<trkpt lat="46.798280" lon="4.615920">
						<ele>421</ele>
						<time>2026-04-29T11:05:32Z</time>
					</trkpt>
					<trkpt lat="46.798170" lon="4.615310">
						<ele>421</ele>
						<time>2026-04-29T11:05:39Z</time>
					</trkpt>
					<trkpt lat="46.798070" lon="4.614520">
						<ele>422</ele>
						<time>2026-04-29T11:05:49Z</time>
					</trkpt>
					<trkpt lat="46.797970" lon="4.613500">
						<ele>426</ele>
						<time>2026-04-29T11:06:02Z</time>
					</trkpt>
					<trkpt lat="46.797940" lon="4.612900">
						<ele>429</ele>
						<time>2026-04-29T11:06:09Z</time>
					</trkpt>
					<trkpt lat="46.797920" lon="4.612600">
						<ele>430</ele>
						<time>2026-04-29T11:06:13Z</time>
					</trkpt>
					<trkpt lat="46.797880" lon="4.612320">
						<ele>430</ele>
						<time>2026-04-29T11:06:16Z</time>
					</trkpt>
					<trkpt lat="46.797820" lon="4.612070">
						<ele>430</ele>
						<time>2026-04-29T11:06:19Z</time>
					</trkpt>
					<trkpt lat="46.797770" lon="4.611870">
						<ele>430</ele>
						<time>2026-04-29T11:06:22Z</time>
					</trkpt>
					<trkpt lat="46.797690" lon="4.611630">
						<ele>429</ele>
						<time>2026-04-29T11:06:25Z</time>
					</trkpt>
					<trkpt lat="46.797520" lon="4.611270">
						<ele>429</ele>
						<time>2026-04-29T11:06:31Z</time>
					</trkpt>
					<trkpt lat="46.797190" lon="4.610660">
						<ele>429</ele>
						<time>2026-04-29T11:06:40Z</time>
					</trkpt>
					<trkpt lat="46.796950" lon="4.610140">
						<ele>427</ele>
						<time>2026-04-29T11:06:48Z</time>
					</trkpt>
					<trkpt lat="46.796560" lon="4.609480">
						<ele>424</ele>
						<time>2026-04-29T11:06:58Z</time>
					</trkpt>
					<trkpt lat="46.796530" lon="4.609370">
						<ele>423</ele>
						<time>2026-04-29T11:07:00Z</time>
					</trkpt>
					<trkpt lat="46.796390" lon="4.608880">
						<ele>420</ele>
						<time>2026-04-29T11:07:06Z</time>
					</trkpt>
					<trkpt lat="46.796200" lon="4.608310">
						<ele>416</ele>
						<time>2026-04-29T11:07:14Z</time>
					</trkpt>
					<trkpt lat="46.795910" lon="4.607550">
						<ele>413</ele>
						<time>2026-04-29T11:07:25Z</time>
					</trkpt>
					<trkpt lat="46.795890" lon="4.607400">
						<ele>412</ele>
						<time>2026-04-29T11:07:26Z</time>
					</trkpt>
					<trkpt lat="46.795820" lon="4.606580">
						<ele>410</ele>
						<time>2026-04-29T11:07:37Z</time>
					</trkpt>
					<trkpt lat="46.795790" lon="4.606310">
						<ele>409</ele>
						<time>2026-04-29T11:07:40Z</time>
					</trkpt>
					<trkpt lat="46.795670" lon="4.605960">
						<ele>408</ele>
						<time>2026-04-29T11:07:45Z</time>
					</trkpt>
					<trkpt lat="46.795640" lon="4.605710">
						<ele>408</ele>
						<time>2026-04-29T11:07:48Z</time>
					</trkpt>
					<trkpt lat="46.795630" lon="4.605560">
						<ele>407</ele>
						<time>2026-04-29T11:07:50Z</time>
					</trkpt>
					<trkpt lat="46.795620" lon="4.605430">
						<ele>407</ele>
						<time>2026-04-29T11:07:51Z</time>
					</trkpt>
					<trkpt lat="46.795510" lon="4.604880">
						<ele>406</ele>
						<time>2026-04-29T11:07:58Z</time>
					</trkpt>
					<trkpt lat="46.795480" lon="4.604530">
						<ele>405</ele>
						<time>2026-04-29T11:08:02Z</time>
					</trkpt>
					<trkpt lat="46.795480" lon="4.604210">
						<ele>404</ele>
						<time>2026-04-29T11:08:06Z</time>
					</trkpt>
					<trkpt lat="46.795440" lon="4.603880">
						<ele>404</ele>
						<time>2026-04-29T11:08:10Z</time>
					</trkpt>
					<trkpt lat="46.795340" lon="4.603350">
						<ele>404</ele>
						<time>2026-04-29T11:08:17Z</time>
					</trkpt>
					<trkpt lat="46.795230" lon="4.602830">
						<ele>404</ele>
						<time>2026-04-29T11:08:24Z</time>
					</trkpt>
					<trkpt lat="46.795160" lon="4.602430">
						<ele>403</ele>
						<time>2026-04-29T11:08:29Z</time>
					</trkpt>
					<trkpt lat="46.794970" lon="4.601890">
						<ele>402</ele>
						<time>2026-04-29T11:08:36Z</time>
					</trkpt>
					<trkpt lat="46.794830" lon="4.601600">
						<ele>401</ele>
						<time>2026-04-29T11:08:40Z</time>
					</trkpt>
					<trkpt lat="46.794660" lon="4.601410">
						<ele>401</ele>
						<time>2026-04-29T11:08:44Z</time>
					</trkpt>
					<trkpt lat="46.794600" lon="4.601360">
						<ele>401</ele>
						<time>2026-04-29T11:08:46Z</time>
					</trkpt>
					<trkpt lat="46.794460" lon="4.601250">
						<ele>401</ele>
						<time>2026-04-29T11:08:48Z</time>
					</trkpt>
					<trkpt lat="46.794080" lon="4.600970">
						<ele>399</ele>
						<time>2026-04-29T11:08:56Z</time>
					</trkpt>
					<trkpt lat="46.793780" lon="4.600800">
						<ele>398</ele>
						<time>2026-04-29T11:09:02Z</time>
					</trkpt>
					<trkpt lat="46.793590" lon="4.600740">
						<ele>398</ele>
						<time>2026-04-29T11:09:05Z</time>
					</trkpt>
					<trkpt lat="46.793410" lon="4.600720">
						<ele>398</ele>
						<time>2026-04-29T11:09:08Z</time>
					</trkpt>
					<trkpt lat="46.793190" lon="4.600650">
						<ele>398</ele>
						<time>2026-04-29T11:09:12Z</time>
					</trkpt>
					<trkpt lat="46.793070" lon="4.600520">
						<ele>397</ele>
						<time>2026-04-29T11:09:15Z</time>
					</trkpt>
					<trkpt lat="46.792860" lon="4.600280">
						<ele>396</ele>
						<time>2026-04-29T11:09:20Z</time>
					</trkpt>
					<trkpt lat="46.792720" lon="4.600060">
						<ele>395</ele>
						<time>2026-04-29T11:09:23Z</time>
					</trkpt>
					<trkpt lat="46.792590" lon="4.599880">
						<ele>394</ele>
						<time>2026-04-29T11:09:27Z</time>
					</trkpt>
					<trkpt lat="46.792360" lon="4.599460">
						<ele>391</ele>
						<time>2026-04-29T11:09:33Z</time>
					</trkpt>
					<trkpt lat="46.792230" lon="4.599160">
						<ele>390</ele>
						<time>2026-04-29T11:09:37Z</time>
					</trkpt>
					<trkpt lat="46.792050" lon="4.598750">
						<ele>388</ele>
						<time>2026-04-29T11:09:43Z</time>
					</trkpt>
					<trkpt lat="46.791950" lon="4.598490">
						<ele>388</ele>
						<time>2026-04-29T11:09:47Z</time>
					</trkpt>
					<trkpt lat="46.791900" lon="4.598300">
						<ele>387</ele>
						<time>2026-04-29T11:09:50Z</time>
					</trkpt>
					<trkpt lat="46.791720" lon="4.597480">
						<ele>383</ele>
						<time>2026-04-29T11:10:00Z</time>
					</trkpt>
					<trkpt lat="46.791660" lon="4.597210">
						<ele>382</ele>
						<time>2026-04-29T11:10:03Z</time>
					</trkpt>
					<trkpt lat="46.791550" lon="4.596920">
						<ele>381</ele>
						<time>2026-04-29T11:10:07Z</time>
					</trkpt>
					<trkpt lat="46.791300" lon="4.596240">
						<ele>380</ele>
						<time>2026-04-29T11:10:17Z</time>
					</trkpt>
					<trkpt lat="46.791190" lon="4.595820">
						<ele>379</ele>
						<time>2026-04-29T11:10:22Z</time>
					</trkpt>
					<trkpt lat="46.790930" lon="4.594490">
						<ele>374</ele>
						<time>2026-04-29T11:10:39Z</time>
					</trkpt>
					<trkpt lat="46.790820" lon="4.594070">
						<ele>373</ele>
						<time>2026-04-29T11:10:45Z</time>
					</trkpt>
					<trkpt lat="46.790730" lon="4.593800">
						<ele>373</ele>
						<time>2026-04-29T11:10:48Z</time>
					</trkpt>
					<trkpt lat="46.790220" lon="4.592510">
						<ele>373</ele>
						<time>2026-04-29T11:11:07Z</time>
					</trkpt>
					<trkpt lat="46.790190" lon="4.592400">
						<ele>373</ele>
						<time>2026-04-29T11:11:08Z</time>
					</trkpt>
					<trkpt lat="46.790020" lon="4.591800">
						<ele>373</ele>
						<time>2026-04-29T11:11:16Z</time>
					</trkpt>
					<trkpt lat="46.789890" lon="4.591460">
						<ele>373</ele>
						<time>2026-04-29T11:11:21Z</time>
					</trkpt>
					<trkpt lat="46.789610" lon="4.590950">
						<ele>372</ele>
						<time>2026-04-29T11:11:29Z</time>
					</trkpt>
					<trkpt lat="46.789460" lon="4.590630">
						<ele>372</ele>
						<time>2026-04-29T11:11:33Z</time>
					</trkpt>
					<trkpt lat="46.789310" lon="4.590250">
						<ele>372</ele>
						<time>2026-04-29T11:11:39Z</time>
					</trkpt>
					<trkpt lat="46.789110" lon="4.589550">
						<ele>372</ele>
						<time>2026-04-29T11:11:48Z</time>
					</trkpt>
					<trkpt lat="46.788970" lon="4.588780">
						<ele>372</ele>
						<time>2026-04-29T11:11:58Z</time>
					</trkpt>
					<trkpt lat="46.788930" lon="4.588090">
						<ele>370</ele>
						<time>2026-04-29T11:12:06Z</time>
					</trkpt>
					<trkpt lat="46.788890" lon="4.587720">
						<ele>368</ele>
						<time>2026-04-29T11:12:11Z</time>
					</trkpt>
					<trkpt lat="46.788360" lon="4.585980">
						<ele>355</ele>
						<time>2026-04-29T11:12:34Z</time>
					</trkpt>
					<trkpt lat="46.788200" lon="4.585530">
						<ele>353</ele>
						<time>2026-04-29T11:12:40Z</time>
					</trkpt>
					<trkpt lat="46.788240" lon="4.584810">
						<ele>351</ele>
						<time>2026-04-29T11:12:49Z</time>
					</trkpt>
					<trkpt lat="46.788310" lon="4.583930">
						<ele>348</ele>
						<time>2026-04-29T11:13:00Z</time>
					</trkpt>
					<trkpt lat="46.788360" lon="4.583310">
						<ele>346</ele>
						<time>2026-04-29T11:13:07Z</time>
					</trkpt>
					<trkpt lat="46.788410" lon="4.583060">
						<ele>345</ele>
						<time>2026-04-29T11:13:10Z</time>
					</trkpt>
					<trkpt lat="46.788490" lon="4.582820">
						<ele>344</ele>
						<time>2026-04-29T11:13:14Z</time>
					</trkpt>
					<trkpt lat="46.788610" lon="4.582570">
						<ele>342</ele>
						<time>2026-04-29T11:13:17Z</time>
					</trkpt>
					<trkpt lat="46.788800" lon="4.582350">
						<ele>340</ele>
						<time>2026-04-29T11:13:22Z</time>
					</trkpt>
					<trkpt lat="46.789140" lon="4.582040">
						<ele>337</ele>
						<time>2026-04-29T11:13:29Z</time>
					</trkpt>
					<trkpt lat="46.789210" lon="4.581940">
						<ele>336</ele>
						<time>2026-04-29T11:13:30Z</time>
					</trkpt>
					<trkpt lat="46.789450" lon="4.581730">
						<ele>334</ele>
						<time>2026-04-29T11:13:35Z</time>
					</trkpt>
					<trkpt lat="46.789750" lon="4.581570">
						<ele>332</ele>
						<time>2026-04-29T11:13:41Z</time>
					</trkpt>
					<trkpt lat="46.789950" lon="4.581620">
						<ele>332</ele>
						<time>2026-04-29T11:13:45Z</time>
					</trkpt>
					<trkpt lat="46.790130" lon="4.581680">
						<ele>332</ele>
						<time>2026-04-29T11:13:48Z</time>
					</trkpt>
					<trkpt lat="46.790580" lon="4.581920">
						<ele>332</ele>
						<time>2026-04-29T11:13:57Z</time>
					</trkpt>
					<trkpt lat="46.791310" lon="4.582200">
						<ele>332</ele>
						<time>2026-04-29T11:14:10Z</time>
					</trkpt>
					<trkpt lat="46.791910" lon="4.582500">
						<ele>332</ele>
						<time>2026-04-29T11:14:21Z</time>
					</trkpt>
					<trkpt lat="46.792130" lon="4.582550">
						<ele>331</ele>
						<time>2026-04-29T11:14:25Z</time>
					</trkpt>
					<trkpt lat="46.792490" lon="4.582560">
						<ele>329</ele>
						<time>2026-04-29T11:14:32Z</time>
					</trkpt>
					<trkpt lat="46.792790" lon="4.582350">
						<ele>328</ele>
						<time>2026-04-29T11:14:38Z</time>
					</trkpt>
					<trkpt lat="46.792870" lon="4.582290">
						<ele>328</ele>
						<time>2026-04-29T11:14:39Z</time>
					</trkpt>
					<trkpt lat="46.792900" lon="4.582260">
						<ele>328</ele>
						<time>2026-04-29T11:14:40Z</time>
					</trkpt>
					<trkpt lat="46.793090" lon="4.582270">
						<ele>328</ele>
						<time>2026-04-29T11:14:43Z</time>
					</trkpt>
					<trkpt lat="46.793280" lon="4.582230">
						<ele>328</ele>
						<time>2026-04-29T11:14:47Z</time>
					</trkpt>
					<trkpt lat="46.793330" lon="4.582190">
						<ele>328</ele>
						<time>2026-04-29T11:14:48Z</time>
					</trkpt>
					<trkpt lat="46.793590" lon="4.582010">
						<ele>327</ele>
						<time>2026-04-29T11:14:53Z</time>
					</trkpt>
					<trkpt lat="46.793750" lon="4.581940">
						<ele>327</ele>
						<time>2026-04-29T11:14:56Z</time>
					</trkpt>
					<trkpt lat="46.793920" lon="4.581950">
						<ele>328</ele>
						<time>2026-04-29T11:14:59Z</time>
					</trkpt>
					<trkpt lat="46.794210" lon="4.582140">
						<ele>328</ele>
						<time>2026-04-29T11:15:04Z</time>
					</trkpt>
					<trkpt lat="46.794320" lon="4.582340">
						<ele>328</ele>
						<time>2026-04-29T11:15:08Z</time>
					</trkpt>
					<trkpt lat="46.794530" lon="4.582710">
						<ele>327</ele>
						<time>2026-04-29T11:15:13Z</time>
					</trkpt>
					<trkpt lat="46.794610" lon="4.582880">
						<ele>326</ele>
						<time>2026-04-29T11:15:16Z</time>
					</trkpt>
					<trkpt lat="46.794920" lon="4.583610">
						<ele>322</ele>
						<time>2026-04-29T11:15:26Z</time>
					</trkpt>
					<trkpt lat="46.795150" lon="4.584100">
						<ele>320</ele>
						<time>2026-04-29T11:15:34Z</time>
					</trkpt>
					<trkpt lat="46.795380" lon="4.584510">
						<ele>319</ele>
						<time>2026-04-29T11:15:40Z</time>
					</trkpt>
					<trkpt lat="46.795580" lon="4.584810">
						<ele>318</ele>
						<time>2026-04-29T11:15:45Z</time>
					</trkpt>
					<trkpt lat="46.795770" lon="4.585120">
						<ele>317</ele>
						<time>2026-04-29T11:15:50Z</time>
					</trkpt>
					<trkpt lat="46.796050" lon="4.585720">
						<ele>316</ele>
						<time>2026-04-29T11:15:59Z</time>
					</trkpt>
					<trkpt lat="46.796210" lon="4.586050">
						<ele>314</ele>
						<time>2026-04-29T11:16:04Z</time>
					</trkpt>
					<trkpt lat="46.796280" lon="4.586230">
						<ele>314</ele>
						<time>2026-04-29T11:16:07Z</time>
					</trkpt>
					<trkpt lat="46.796400" lon="4.586410">
						<ele>312</ele>
						<time>2026-04-29T11:16:10Z</time>
					</trkpt>
					<trkpt lat="46.796440" lon="4.586450">
						<ele>312</ele>
						<time>2026-04-29T11:16:10Z</time>
					</trkpt>
					<trkpt lat="46.796550" lon="4.586500">
						<ele>310</ele>
						<time>2026-04-29T11:16:12Z</time>
					</trkpt>
					<trkpt lat="46.796650" lon="4.586510">
						<ele>310</ele>
						<time>2026-04-29T11:16:14Z</time>
					</trkpt>
					<trkpt lat="46.796850" lon="4.586510">
						<ele>310</ele>
						<time>2026-04-29T11:16:18Z</time>
					</trkpt>
					<trkpt lat="46.796920" lon="4.586530">
						<ele>310</ele>
						<time>2026-04-29T11:16:19Z</time>
					</trkpt>
					<trkpt lat="46.797000" lon="4.586560">
						<ele>311</ele>
						<time>2026-04-29T11:16:21Z</time>
					</trkpt>
					<trkpt lat="46.797050" lon="4.586590">
						<ele>311</ele>
						<time>2026-04-29T11:16:22Z</time>
					</trkpt>
					<trkpt lat="46.797150" lon="4.586680">
						<ele>311</ele>
						<time>2026-04-29T11:16:24Z</time>
					</trkpt>
					<trkpt lat="46.797240" lon="4.586800">
						<ele>312</ele>
						<time>2026-04-29T11:16:26Z</time>
					</trkpt>
					<trkpt lat="46.797370" lon="4.587050">
						<ele>313</ele>
						<time>2026-04-29T11:16:30Z</time>
					</trkpt>
					<trkpt lat="46.797470" lon="4.587370">
						<ele>315</ele>
						<time>2026-04-29T11:16:34Z</time>
					</trkpt>
					<trkpt lat="46.797540" lon="4.587670">
						<ele>316</ele>
						<time>2026-04-29T11:16:38Z</time>
					</trkpt>
					<trkpt lat="46.797580" lon="4.587780">
						<ele>316</ele>
						<time>2026-04-29T11:16:39Z</time>
					</trkpt>
					<trkpt lat="46.797690" lon="4.588010">
						<ele>318</ele>
						<time>2026-04-29T11:16:43Z</time>
					</trkpt>
					<trkpt lat="46.797880" lon="4.588380">
						<ele>320</ele>
						<time>2026-04-29T11:16:48Z</time>
					</trkpt>
					<trkpt lat="46.798040" lon="4.588740">
						<ele>320</ele>
						<time>2026-04-29T11:16:54Z</time>
					</trkpt>
					<trkpt lat="46.798140" lon="4.588900">
						<ele>320</ele>
						<time>2026-04-29T11:16:56Z</time>
					</trkpt>
					<trkpt lat="46.798280" lon="4.589080">
						<ele>320</ele>
						<time>2026-04-29T11:17:00Z</time>
					</trkpt>
					<trkpt lat="46.798540" lon="4.589380">
						<ele>322</ele>
						<time>2026-04-29T11:17:05Z</time>
					</trkpt>
					<trkpt lat="46.798650" lon="4.589540">
						<ele>323</ele>
						<time>2026-04-29T11:17:08Z</time>
					</trkpt>
					<trkpt lat="46.798730" lon="4.589740">
						<ele>324</ele>
						<time>2026-04-29T11:17:11Z</time>
					</trkpt>
					<trkpt lat="46.798890" lon="4.590170">
						<ele>325</ele>
						<time>2026-04-29T11:17:17Z</time>
					</trkpt>
					<trkpt lat="46.799080" lon="4.590640">
						<ele>326</ele>
						<time>2026-04-29T11:17:24Z</time>
					</trkpt>
					<trkpt lat="46.799650" lon="4.591750">
						<ele>332</ele>
						<time>2026-04-29T11:17:41Z</time>
					</trkpt>
					<trkpt lat="46.799770" lon="4.592030">
						<ele>334</ele>
						<time>2026-04-29T11:17:45Z</time>
					</trkpt>
					<trkpt lat="46.799860" lon="4.592310">
						<ele>335</ele>
						<time>2026-04-29T11:17:48Z</time>
					</trkpt>
					<trkpt lat="46.799920" lon="4.592640">
						<ele>336</ele>
						<time>2026-04-29T11:17:52Z</time>
					</trkpt>
					<trkpt lat="46.799990" lon="4.593140">
						<ele>337</ele>
						<time>2026-04-29T11:17:59Z</time>
					</trkpt>
					<trkpt lat="46.800050" lon="4.593380">
						<ele>338</ele>
						<time>2026-04-29T11:18:02Z</time>
					</trkpt>
					<trkpt lat="46.800250" lon="4.594030">
						<ele>341</ele>
						<time>2026-04-29T11:18:10Z</time>
					</trkpt>
					<trkpt lat="46.800290" lon="4.594200">
						<ele>341</ele>
						<time>2026-04-29T11:18:13Z</time>
					</trkpt>
					<trkpt lat="46.800330" lon="4.594510">
						<ele>342</ele>
						<time>2026-04-29T11:18:16Z</time>
					</trkpt>
					<trkpt lat="46.800380" lon="4.594750">
						<ele>344</ele>
						<time>2026-04-29T11:18:20Z</time>
					</trkpt>
					<trkpt lat="46.800460" lon="4.594960">
						<ele>345</ele>
						<time>2026-04-29T11:18:22Z</time>
					</trkpt>
					<trkpt lat="46.800540" lon="4.595110">
						<ele>346</ele>
						<time>2026-04-29T11:18:25Z</time>
					</trkpt>
					<trkpt lat="46.800600" lon="4.595260">
						<ele>347</ele>
						<time>2026-04-29T11:18:27Z</time>
					</trkpt>
					<trkpt lat="46.800650" lon="4.595490">
						<ele>348</ele>
						<time>2026-04-29T11:18:30Z</time>
					</trkpt>
					<trkpt lat="46.800730" lon="4.596300">
						<ele>352</ele>
						<time>2026-04-29T11:18:40Z</time>
					</trkpt>
					<trkpt lat="46.800740" lon="4.596730">
						<ele>355</ele>
						<time>2026-04-29T11:18:45Z</time>
					</trkpt>
					<trkpt lat="46.800730" lon="4.597110">
						<ele>357</ele>
						<time>2026-04-29T11:18:50Z</time>
					</trkpt>
					<trkpt lat="46.800760" lon="4.597320">
						<ele>359</ele>
						<time>2026-04-29T11:18:52Z</time>
					</trkpt>
					<trkpt lat="46.800790" lon="4.597520">
						<ele>360</ele>
						<time>2026-04-29T11:18:55Z</time>
					</trkpt>
					<trkpt lat="46.800800" lon="4.597680">
						<ele>361</ele>
						<time>2026-04-29T11:18:57Z</time>
					</trkpt>
					<trkpt lat="46.800800" lon="4.597860">
						<ele>361</ele>
						<time>2026-04-29T11:18:59Z</time>
					</trkpt>
					<trkpt lat="46.800770" lon="4.598050">
						<ele>362</ele>
						<time>2026-04-29T11:19:01Z</time>
					</trkpt>
					<trkpt lat="46.800740" lon="4.598160">
						<ele>362</ele>
						<time>2026-04-29T11:19:03Z</time>
					</trkpt>
					<trkpt lat="46.800660" lon="4.598330">
						<ele>363</ele>
						<time>2026-04-29T11:19:05Z</time>
					</trkpt>
					<trkpt lat="46.800520" lon="4.598600">
						<ele>364</ele>
						<time>2026-04-29T11:19:09Z</time>
					</trkpt>
					<trkpt lat="46.800470" lon="4.598740">
						<ele>365</ele>
						<time>2026-04-29T11:19:11Z</time>
					</trkpt>
					<trkpt lat="46.800480" lon="4.598940">
						<ele>367</ele>
						<time>2026-04-29T11:19:14Z</time>
					</trkpt>
					<trkpt lat="46.800520" lon="4.599100">
						<ele>367</ele>
						<time>2026-04-29T11:19:16Z</time>
					</trkpt>
					<trkpt lat="46.800530" lon="4.599320">
						<ele>369</ele>
						<time>2026-04-29T11:19:19Z</time>
					</trkpt>
					<trkpt lat="46.800470" lon="4.599550">
						<ele>370</ele>
						<time>2026-04-29T11:19:22Z</time>
					</trkpt>
					<trkpt lat="46.800390" lon="4.599710">
						<ele>371</ele>
						<time>2026-04-29T11:19:24Z</time>
					</trkpt>
					<trkpt lat="46.800310" lon="4.599850">
						<ele>372</ele>
						<time>2026-04-29T11:19:26Z</time>
					</trkpt>
					<trkpt lat="46.800280" lon="4.599910">
						<ele>373</ele>
						<time>2026-04-29T11:19:27Z</time>
					</trkpt>
					<trkpt lat="46.800270" lon="4.599980">
						<ele>373</ele>
						<time>2026-04-29T11:19:28Z</time>
					</trkpt>
					<trkpt lat="46.800270" lon="4.600040">
						<ele>373</ele>
						<time>2026-04-29T11:19:29Z</time>
					</trkpt>
					<trkpt lat="46.800320" lon="4.600440">
						<ele>375</ele>
						<time>2026-04-29T11:19:34Z</time>
					</trkpt>
					<trkpt lat="46.800420" lon="4.600680">
						<ele>375</ele>
						<time>2026-04-29T11:19:37Z</time>
					</trkpt>
					<trkpt lat="46.800460" lon="4.600670">
						<ele>375</ele>
						<time>2026-04-29T11:19:38Z</time>
					</trkpt>
					<trkpt lat="46.800520" lon="4.600670">
						<ele>375</ele>
						<time>2026-04-29T11:19:39Z</time>
					</trkpt>
					<trkpt lat="46.800670" lon="4.600720">
						<ele>375</ele>
						<time>2026-04-29T11:19:42Z</time>
					</trkpt>
					<trkpt lat="46.801650" lon="4.601320">
						<ele>374</ele>
						<time>2026-04-29T11:20:00Z</time>
					</trkpt>
					<trkpt lat="46.801880" lon="4.601450">
						<ele>373</ele>
						<time>2026-04-29T11:20:05Z</time>
					</trkpt>
					<trkpt lat="46.801990" lon="4.601540">
						<ele>373</ele>
						<time>2026-04-29T11:20:07Z</time>
					</trkpt>
					<trkpt lat="46.802080" lon="4.601650">
						<ele>373</ele>
						<time>2026-04-29T11:20:09Z</time>
					</trkpt>
					<trkpt lat="46.802180" lon="4.601810">
						<ele>373</ele>
						<time>2026-04-29T11:20:12Z</time>
					</trkpt>
					<trkpt lat="46.802330" lon="4.602150">
						<ele>375</ele>
						<time>2026-04-29T11:20:17Z</time>
					</trkpt>
					<trkpt lat="46.802450" lon="4.602560">
						<ele>377</ele>
						<time>2026-04-29T11:20:22Z</time>
					</trkpt>
					<trkpt lat="46.802490" lon="4.602650">
						<ele>377</ele>
						<time>2026-04-29T11:20:23Z</time>
					</trkpt>
					<trkpt lat="46.802560" lon="4.602760">
						<ele>377</ele>
						<time>2026-04-29T11:20:25Z</time>
					</trkpt>
					<trkpt lat="46.802630" lon="4.602820">
						<ele>377</ele>
						<time>2026-04-29T11:20:27Z</time>
					</trkpt>
					<trkpt lat="46.802720" lon="4.602860">
						<ele>377</ele>
						<time>2026-04-29T11:20:28Z</time>
					</trkpt>
					<trkpt lat="46.803030" lon="4.602940">
						<ele>375</ele>
						<time>2026-04-29T11:20:34Z</time>
					</trkpt>
					<trkpt lat="46.803180" lon="4.603000">
						<ele>374</ele>
						<time>2026-04-29T11:20:37Z</time>
					</trkpt>
					<trkpt lat="46.803290" lon="4.603050">
						<ele>374</ele>
						<time>2026-04-29T11:20:39Z</time>
					</trkpt>
					<trkpt lat="46.803380" lon="4.603110">
						<ele>374</ele>
						<time>2026-04-29T11:20:41Z</time>
					</trkpt>
					<trkpt lat="46.803560" lon="4.603260">
						<ele>374</ele>
						<time>2026-04-29T11:20:44Z</time>
					</trkpt>
					<trkpt lat="46.803740" lon="4.603440">
						<ele>374</ele>
						<time>2026-04-29T11:20:48Z</time>
					</trkpt>
					<trkpt lat="46.803860" lon="4.603570">
						<ele>373</ele>
						<time>2026-04-29T11:20:51Z</time>
					</trkpt>
					<trkpt lat="46.803970" lon="4.603710">
						<ele>372</ele>
						<time>2026-04-29T11:20:53Z</time>
					</trkpt>
					<trkpt lat="46.804200" lon="4.604060">
						<ele>372</ele>
						<time>2026-04-29T11:20:59Z</time>
					</trkpt>
					<trkpt lat="46.804270" lon="4.604130">
						<ele>372</ele>
						<time>2026-04-29T11:21:01Z</time>
					</trkpt>
					<trkpt lat="46.804330" lon="4.604160">
						<ele>372</ele>
						<time>2026-04-29T11:21:02Z</time>
					</trkpt>
					<trkpt lat="46.804420" lon="4.604180">
						<ele>371</ele>
						<time>2026-04-29T11:21:04Z</time>
					</trkpt>
					<trkpt lat="46.804540" lon="4.604170">
						<ele>371</ele>
						<time>2026-04-29T11:21:06Z</time>
					</trkpt>
					<trkpt lat="46.804660" lon="4.604140">
						<ele>371</ele>
						<time>2026-04-29T11:21:08Z</time>
					</trkpt>
					<trkpt lat="46.804780" lon="4.604020">
						<ele>370</ele>
						<time>2026-04-29T11:21:11Z</time>
					</trkpt>
					<trkpt lat="46.804880" lon="4.603860">
						<ele>369</ele>
						<time>2026-04-29T11:21:13Z</time>
					</trkpt>
					<trkpt lat="46.804940" lon="4.603660">
						<ele>367</ele>
						<time>2026-04-29T11:21:16Z</time>
					</trkpt>
					<trkpt lat="46.804990" lon="4.603420">
						<ele>366</ele>
						<time>2026-04-29T11:21:19Z</time>
					</trkpt>
					<trkpt lat="46.805020" lon="4.603110">
						<ele>364</ele>
						<time>2026-04-29T11:21:23Z</time>
					</trkpt>
					<trkpt lat="46.805020" lon="4.602790">
						<ele>362</ele>
						<time>2026-04-29T11:21:27Z</time>
					</trkpt>
					<trkpt lat="46.805040" lon="4.602600">
						<ele>361</ele>
						<time>2026-04-29T11:21:29Z</time>
					</trkpt>
					<trkpt lat="46.805090" lon="4.602400">
						<ele>359</ele>
						<time>2026-04-29T11:21:32Z</time>
					</trkpt>
					<trkpt lat="46.805190" lon="4.602190">
						<ele>357</ele>
						<time>2026-04-29T11:21:35Z</time>
					</trkpt>
					<trkpt lat="46.805310" lon="4.601970">
						<ele>355</ele>
						<time>2026-04-29T11:21:38Z</time>
					</trkpt>
					<trkpt lat="46.805340" lon="4.601920">
						<ele>354</ele>
						<time>2026-04-29T11:21:39Z</time>
					</trkpt>
					<trkpt lat="46.805420" lon="4.601830">
						<ele>354</ele>
						<time>2026-04-29T11:21:41Z</time>
					</trkpt>
					<trkpt lat="46.805440" lon="4.601810">
						<ele>353</ele>
						<time>2026-04-29T11:21:41Z</time>
					</trkpt>
					<trkpt lat="46.806360" lon="4.601190">
						<ele>348</ele>
						<time>2026-04-29T11:21:59Z</time>
					</trkpt>
					<trkpt lat="46.806580" lon="4.601070">
						<ele>347</ele>
						<time>2026-04-29T11:22:03Z</time>
					</trkpt>
					<trkpt lat="46.806740" lon="4.601040">
						<ele>347</ele>
						<time>2026-04-29T11:22:06Z</time>
					</trkpt>
					<trkpt lat="46.806830" lon="4.601050">
						<ele>346</ele>
						<time>2026-04-29T11:22:08Z</time>
					</trkpt>
					<trkpt lat="46.806970" lon="4.601110">
						<ele>345</ele>
						<time>2026-04-29T11:22:10Z</time>
					</trkpt>
					<trkpt lat="46.807170" lon="4.601230">
						<ele>345</ele>
						<time>2026-04-29T11:22:14Z</time>
					</trkpt>
					<trkpt lat="46.807340" lon="4.601340">
						<ele>344</ele>
						<time>2026-04-29T11:22:18Z</time>
					</trkpt>
					<trkpt lat="46.808050" lon="4.601960">
						<ele>339</ele>
						<time>2026-04-29T11:22:32Z</time>
					</trkpt>
					<trkpt lat="46.808370" lon="4.602220">
						<ele>337</ele>
						<time>2026-04-29T11:22:39Z</time>
					</trkpt>
					<trkpt lat="46.808950" lon="4.602620">
						<ele>332</ele>
						<time>2026-04-29T11:22:50Z</time>
					</trkpt>
					<trkpt lat="46.809200" lon="4.602810">
						<ele>330</ele>
						<time>2026-04-29T11:22:55Z</time>
					</trkpt>
					<trkpt lat="46.809310" lon="4.602920">
						<ele>329</ele>
						<time>2026-04-29T11:22:58Z</time>
					</trkpt>
					<trkpt lat="46.809400" lon="4.603040">
						<ele>329</ele>
						<time>2026-04-29T11:23:00Z</time>
					</trkpt>
					<trkpt lat="46.809810" lon="4.603660">
						<ele>325</ele>
						<time>2026-04-29T11:23:10Z</time>
					</trkpt>
					<trkpt lat="46.810140" lon="4.604260">
						<ele>318</ele>
						<time>2026-04-29T11:23:20Z</time>
					</trkpt>
					<trkpt lat="46.810220" lon="4.604480">
						<ele>316</ele>
						<time>2026-04-29T11:23:23Z</time>
					</trkpt>
					<trkpt lat="46.810600" lon="4.606020">
						<ele>306</ele>
						<time>2026-04-29T11:23:43Z</time>
					</trkpt>
					<trkpt lat="46.810660" lon="4.606170">
						<ele>305</ele>
						<time>2026-04-29T11:23:45Z</time>
					</trkpt>
					<trkpt lat="46.810730" lon="4.606290">
						<ele>303</ele>
						<time>2026-04-29T11:23:47Z</time>
					</trkpt>
					<trkpt lat="46.810810" lon="4.606380">
						<ele>302</ele>
						<time>2026-04-29T11:23:48Z</time>
					</trkpt>
					<trkpt lat="46.810930" lon="4.606450">
						<ele>301</ele>
						<time>2026-04-29T11:23:51Z</time>
					</trkpt>
					<trkpt lat="46.811100" lon="4.606510">
						<ele>300</ele>
						<time>2026-04-29T11:23:54Z</time>
					</trkpt>
					<trkpt lat="46.811720" lon="4.606770">
						<ele>295</ele>
						<time>2026-04-29T11:24:05Z</time>
					</trkpt>
					<trkpt lat="46.811880" lon="4.606780">
						<ele>294</ele>
						<time>2026-04-29T11:24:08Z</time>
					</trkpt>
					<trkpt lat="46.812060" lon="4.606750">
						<ele>292</ele>
						<time>2026-04-29T11:24:11Z</time>
					</trkpt>
					<trkpt lat="46.812290" lon="4.606610">
						<ele>289</ele>
						<time>2026-04-29T11:24:16Z</time>
					</trkpt>
					<trkpt lat="46.812740" lon="4.606320">
						<ele>286</ele>
						<time>2026-04-29T11:24:25Z</time>
					</trkpt>
					<trkpt lat="46.812890" lon="4.606200">
						<ele>285</ele>
						<time>2026-04-29T11:24:28Z</time>
					</trkpt>
					<trkpt lat="46.813090" lon="4.606000">
						<ele>284</ele>
						<time>2026-04-29T11:24:32Z</time>
					</trkpt>
					<trkpt lat="46.813270" lon="4.605770">
						<ele>283</ele>
						<time>2026-04-29T11:24:36Z</time>
					</trkpt>
					<trkpt lat="46.813420" lon="4.605560">
						<ele>281</ele>
						<time>2026-04-29T11:24:40Z</time>
					</trkpt>
					<trkpt lat="46.813480" lon="4.605390">
						<ele>280</ele>
						<time>2026-04-29T11:24:42Z</time>
					</trkpt>
					<trkpt lat="46.813500" lon="4.605310">
						<ele>280</ele>
						<time>2026-04-29T11:24:43Z</time>
					</trkpt>
					<trkpt lat="46.813570" lon="4.604800">
						<ele>279</ele>
						<time>2026-04-29T11:24:50Z</time>
					</trkpt>
					<trkpt lat="46.813740" lon="4.603870">
						<ele>281</ele>
						<time>2026-04-29T11:25:01Z</time>
					</trkpt>
					<trkpt lat="46.813790" lon="4.603690">
						<ele>282</ele>
						<time>2026-04-29T11:25:04Z</time>
					</trkpt>
					<trkpt lat="46.813880" lon="4.603530">
						<ele>282</ele>
						<time>2026-04-29T11:25:06Z</time>
					</trkpt>
					<trkpt lat="46.814000" lon="4.603410">
						<ele>282</ele>
						<time>2026-04-29T11:25:09Z</time>
					</trkpt>
					<trkpt lat="46.814770" lon="4.602970">
						<ele>279</ele>
						<time>2026-04-29T11:25:23Z</time>
					</trkpt>
					<trkpt lat="46.814930" lon="4.602920">
						<ele>278</ele>
						<time>2026-04-29T11:25:26Z</time>
					</trkpt>
					<trkpt lat="46.815680" lon="4.602780">
						<ele>275</ele>
						<time>2026-04-29T11:25:40Z</time>
					</trkpt>
					<trkpt lat="46.815840" lon="4.602730">
						<ele>274</ele>
						<time>2026-04-29T11:25:43Z</time>
					</trkpt>
					<trkpt lat="46.816000" lon="4.602650">
						<ele>274</ele>
						<time>2026-04-29T11:25:46Z</time>
					</trkpt>
					<trkpt lat="46.816350" lon="4.602400">
						<ele>272</ele>
						<time>2026-04-29T11:25:53Z</time>
					</trkpt>
					<trkpt lat="46.816390" lon="4.602380">
						<ele>272</ele>
						<time>2026-04-29T11:25:53Z</time>
					</trkpt>
					<trkpt lat="46.816440" lon="4.602370">
						<ele>271</ele>
						<time>2026-04-29T11:25:54Z</time>
					</trkpt>
					<trkpt lat="46.816550" lon="4.602390">
						<ele>271</ele>
						<time>2026-04-29T11:25:56Z</time>
					</trkpt>
					<trkpt lat="46.816830" lon="4.602460">
						<ele>270</ele>
						<time>2026-04-29T11:26:01Z</time>
					</trkpt>
					<trkpt lat="46.816980" lon="4.602530">
						<ele>269</ele>
						<time>2026-04-29T11:26:04Z</time>
					</trkpt>
					<trkpt lat="46.817420" lon="4.602660">
						<ele>267</ele>
						<time>2026-04-29T11:26:12Z</time>
					</trkpt>
					<trkpt lat="46.817820" lon="4.602720">
						<ele>264</ele>
						<time>2026-04-29T11:26:19Z</time>
					</trkpt>
					<trkpt lat="46.819660" lon="4.602760">
						<ele>256</ele>
						<time>2026-04-29T11:26:52Z</time>
					</trkpt>
					<trkpt lat="46.819870" lon="4.602750">
						<ele>255</ele>
						<time>2026-04-29T11:26:56Z</time>
					</trkpt>
					<trkpt lat="46.820030" lon="4.602700">
						<ele>255</ele>
						<time>2026-04-29T11:26:59Z</time>
					</trkpt>
					<trkpt lat="46.820180" lon="4.602640">
						<ele>254</ele>
						<time>2026-04-29T11:27:01Z</time>
					</trkpt>
					<trkpt lat="46.820300" lon="4.602560">
						<ele>254</ele>
						<time>2026-04-29T11:27:04Z</time>
					</trkpt>
					<trkpt lat="46.820420" lon="4.602460">
						<ele>253</ele>
						<time>2026-04-29T11:27:06Z</time>
					</trkpt>
					<trkpt lat="46.820880" lon="4.602070">
						<ele>252</ele>
						<time>2026-04-29T11:27:16Z</time>
					</trkpt>
					<trkpt lat="46.821290" lon="4.601720">
						<ele>251</ele>
						<time>2026-04-29T11:27:24Z</time>
					</trkpt>
					<trkpt lat="46.821510" lon="4.601560">
						<ele>251</ele>
						<time>2026-04-29T11:27:29Z</time>
					</trkpt>
					<trkpt lat="46.821730" lon="4.601300">
						<ele>250</ele>
						<time>2026-04-29T11:27:34Z</time>
					</trkpt>
					<trkpt lat="46.821890" lon="4.601140">
						<ele>249</ele>
						<time>2026-04-29T11:27:37Z</time>
					</trkpt>
					<trkpt lat="46.822170" lon="4.600920">
						<ele>249</ele>
						<time>2026-04-29T11:27:43Z</time>
					</trkpt>
					<trkpt lat="46.822300" lon="4.600870">
						<ele>248</ele>
						<time>2026-04-29T11:27:45Z</time>
					</trkpt>
					<trkpt lat="46.822450" lon="4.600840">
						<ele>248</ele>
						<time>2026-04-29T11:27:48Z</time>
					</trkpt>
					<trkpt lat="46.822580" lon="4.600830">
						<ele>248</ele>
						<time>2026-04-29T11:27:50Z</time>
					</trkpt>
					<trkpt lat="46.822720" lon="4.600850">
						<ele>247</ele>
						<time>2026-04-29T11:27:53Z</time>
					</trkpt>
					<trkpt lat="46.823490" lon="4.601040">
						<ele>245</ele>
						<time>2026-04-29T11:28:06Z</time>
					</trkpt>
					<trkpt lat="46.823590" lon="4.601070">
						<ele>245</ele>
						<time>2026-04-29T11:28:08Z</time>
					</trkpt>
					<trkpt lat="46.823680" lon="4.601080">
						<ele>245</ele>
						<time>2026-04-29T11:28:10Z</time>
					</trkpt>
					<trkpt lat="46.823690" lon="4.601080">
						<ele>245</ele>
						<time>2026-04-29T11:28:10Z</time>
					</trkpt>
					<trkpt lat="46.823790" lon="4.601080">
						<ele>245</ele>
						<time>2026-04-29T11:28:12Z</time>
					</trkpt>
					<trkpt lat="46.823870" lon="4.601110">
						<ele>245</ele>
						<time>2026-04-29T11:28:13Z</time>
					</trkpt>
					<trkpt lat="46.823610" lon="4.601590">
						<ele>246</ele>
						<time>2026-04-29T11:28:21Z</time>
					</trkpt>
					<trkpt lat="46.823480" lon="4.601850">
						<ele>246</ele>
						<time>2026-04-29T11:28:25Z</time>
					</trkpt>
					<trkpt lat="46.823460" lon="4.601950">
						<ele>246</ele>
						<time>2026-04-29T11:28:26Z</time>
					</trkpt>
					<trkpt lat="46.823460" lon="4.602060">
						<ele>246</ele>
						<time>2026-04-29T11:28:27Z</time>
					</trkpt>
					<trkpt lat="46.823480" lon="4.602230">
						<ele>246</ele>
						<time>2026-04-29T11:28:29Z</time>
					</trkpt>
					<trkpt lat="46.823570" lon="4.602670">
						<ele>245</ele>
						<time>2026-04-29T11:28:35Z</time>
					</trkpt>
					<trkpt lat="46.823590" lon="4.602800">
						<ele>245</ele>
						<time>2026-04-29T11:28:37Z</time>
					</trkpt>
					<trkpt lat="46.823610" lon="4.602960">
						<ele>245</ele>
						<time>2026-04-29T11:28:39Z</time>
					</trkpt>
					<trkpt lat="46.823670" lon="4.603490">
						<ele>245</ele>
						<time>2026-04-29T11:28:45Z</time>
					</trkpt>
					<trkpt lat="46.823680" lon="4.603690">
						<ele>245</ele>
						<time>2026-04-29T11:28:48Z</time>
					</trkpt>
					<trkpt lat="46.823680" lon="4.603790">
						<ele>245</ele>
						<time>2026-04-29T11:28:49Z</time>
					</trkpt>
					<trkpt lat="46.823660" lon="4.603980">
						<ele>245</ele>
						<time>2026-04-29T11:28:51Z</time>
					</trkpt>
					<trkpt lat="46.823620" lon="4.604120">
						<ele>245</ele>
						<time>2026-04-29T11:28:53Z</time>
					</trkpt>
					<trkpt lat="46.823570" lon="4.604260">
						<ele>246</ele>
						<time>2026-04-29T11:28:55Z</time>
					</trkpt>
					<trkpt lat="46.823330" lon="4.604760">
						<ele>249</ele>
						<time>2026-04-29T11:29:02Z</time>
					</trkpt>
					<trkpt lat="46.823200" lon="4.604950">
						<ele>250</ele>
						<time>2026-04-29T11:29:06Z</time>
					</trkpt>
					<trkpt lat="46.823140" lon="4.605000">
						<ele>250</ele>
						<time>2026-04-29T11:29:07Z</time>
					</trkpt>
					<trkpt lat="46.822770" lon="4.605240">
						<ele>252</ele>
						<time>2026-04-29T11:29:14Z</time>
					</trkpt>
					<trkpt lat="46.822360" lon="4.605490">
						<ele>255</ele>
						<time>2026-04-29T11:29:22Z</time>
					</trkpt>
					<trkpt lat="46.822260" lon="4.605530">
						<ele>255</ele>
						<time>2026-04-29T11:29:24Z</time>
					</trkpt>
					<trkpt lat="46.822120" lon="4.605560">
						<ele>256</ele>
						<time>2026-04-29T11:29:26Z</time>
					</trkpt>
					<trkpt lat="46.821270" lon="4.605680">
						<ele>258</ele>
						<time>2026-04-29T11:29:41Z</time>
					</trkpt>
					<trkpt lat="46.821130" lon="4.605710">
						<ele>259</ele>
						<time>2026-04-29T11:29:44Z</time>
					</trkpt>
					<trkpt lat="46.821010" lon="4.605760">
						<ele>259</ele>
						<time>2026-04-29T11:29:46Z</time>
					</trkpt>
					<trkpt lat="46.820860" lon="4.605870">
						<ele>260</ele>
						<time>2026-04-29T11:29:49Z</time>
					</trkpt>
					<trkpt lat="46.820560" lon="4.606210">
						<ele>261</ele>
						<time>2026-04-29T11:29:56Z</time>
					</trkpt>
					<trkpt lat="46.820300" lon="4.606530">
						<ele>262</ele>
						<time>2026-04-29T11:30:02Z</time>
					</trkpt>
					<trkpt lat="46.820200" lon="4.606680">
						<ele>263</ele>
						<time>2026-04-29T11:30:05Z</time>
					</trkpt>
					<trkpt lat="46.820140" lon="4.606820">
						<ele>264</ele>
						<time>2026-04-29T11:30:07Z</time>
					</trkpt>
					<trkpt lat="46.820080" lon="4.607000">
						<ele>265</ele>
						<time>2026-04-29T11:30:09Z</time>
					</trkpt>
					<trkpt lat="46.820030" lon="4.607200">
						<ele>266</ele>
						<time>2026-04-29T11:30:12Z</time>
					</trkpt>
					<trkpt lat="46.819950" lon="4.607530">
						<ele>267</ele>
						<time>2026-04-29T11:30:16Z</time>
					</trkpt>
					<trkpt lat="46.819860" lon="4.607890">
						<ele>268</ele>
						<time>2026-04-29T11:30:21Z</time>
					</trkpt>
					<trkpt lat="46.819670" lon="4.608680">
						<ele>270</ele>
						<time>2026-04-29T11:30:31Z</time>
					</trkpt>
					<trkpt lat="46.819630" lon="4.608890">
						<ele>270</ele>
						<time>2026-04-29T11:30:33Z</time>
					</trkpt>
					<trkpt lat="46.819610" lon="4.609100">
						<ele>271</ele>
						<time>2026-04-29T11:30:36Z</time>
					</trkpt>
					<trkpt lat="46.819620" lon="4.609220">
						<ele>271</ele>
						<time>2026-04-29T11:30:37Z</time>
					</trkpt>
					<trkpt lat="46.819740" lon="4.610150">
						<ele>276</ele>
						<time>2026-04-29T11:30:49Z</time>
					</trkpt>
					<trkpt lat="46.819890" lon="4.611020">
						<ele>281</ele>
						<time>2026-04-29T11:31:00Z</time>
					</trkpt>
					<trkpt lat="46.819910" lon="4.611130">
						<ele>281</ele>
						<time>2026-04-29T11:31:01Z</time>
					</trkpt>
					<trkpt lat="46.819950" lon="4.611220">
						<ele>282</ele>
						<time>2026-04-29T11:31:03Z</time>
					</trkpt>
					<trkpt lat="46.820040" lon="4.611350">
						<ele>283</ele>
						<time>2026-04-29T11:31:05Z</time>
					</trkpt>
					<trkpt lat="46.820140" lon="4.611550">
						<ele>283</ele>
						<time>2026-04-29T11:31:08Z</time>
					</trkpt>
					<trkpt lat="46.820170" lon="4.611660">
						<ele>284</ele>
						<time>2026-04-29T11:31:09Z</time>
					</trkpt>
					<trkpt lat="46.820190" lon="4.611770">
						<ele>284</ele>
						<time>2026-04-29T11:31:11Z</time>
					</trkpt>
					<trkpt lat="46.820180" lon="4.611930">
						<ele>285</ele>
						<time>2026-04-29T11:31:13Z</time>
					</trkpt>
					<trkpt lat="46.820050" lon="4.612500">
						<ele>287</ele>
						<time>2026-04-29T11:31:20Z</time>
					</trkpt>
					<trkpt lat="46.820020" lon="4.612780">
						<ele>288</ele>
						<time>2026-04-29T11:31:23Z</time>
					</trkpt>
					<trkpt lat="46.820030" lon="4.613070">
						<ele>289</ele>
						<time>2026-04-29T11:31:27Z</time>
					</trkpt>
					<trkpt lat="46.820070" lon="4.613410">
						<ele>291</ele>
						<time>2026-04-29T11:31:31Z</time>
					</trkpt>
					<trkpt lat="46.820080" lon="4.613480">
						<ele>291</ele>
						<time>2026-04-29T11:31:32Z</time>
					</trkpt>
					<trkpt lat="46.820150" lon="4.613850">
						<ele>293</ele>
						<time>2026-04-29T11:31:37Z</time>
					</trkpt>
					<trkpt lat="46.820190" lon="4.614050">
						<ele>294</ele>
						<time>2026-04-29T11:31:39Z</time>
					</trkpt>
					<trkpt lat="46.820260" lon="4.614530">
						<ele>297</ele>
						<time>2026-04-29T11:31:45Z</time>
					</trkpt>
					<trkpt lat="46.820340" lon="4.614950">
						<ele>300</ele>
						<time>2026-04-29T11:31:51Z</time>
					</trkpt>
					<trkpt lat="46.820410" lon="4.615270">
						<ele>301</ele>
						<time>2026-04-29T11:31:55Z</time>
					</trkpt>
					<trkpt lat="46.820680" lon="4.616230">
						<ele>305</ele>
						<time>2026-04-29T11:32:07Z</time>
					</trkpt>
					<trkpt lat="46.820780" lon="4.616640">
						<ele>308</ele>
						<time>2026-04-29T11:32:13Z</time>
					</trkpt>
					<trkpt lat="46.820850" lon="4.617000">
						<ele>309</ele>
						<time>2026-04-29T11:32:17Z</time>
					</trkpt>
					<trkpt lat="46.820890" lon="4.617270">
						<ele>309</ele>
						<time>2026-04-29T11:32:20Z</time>
					</trkpt>
					<trkpt lat="46.820990" lon="4.618330">
						<ele>310</ele>
						<time>2026-04-29T11:32:33Z</time>
					</trkpt>
					<trkpt lat="46.821010" lon="4.618520">
						<ele>311</ele>
						<time>2026-04-29T11:32:36Z</time>
					</trkpt>
					<trkpt lat="46.821140" lon="4.619770">
						<ele>315</ele>
						<time>2026-04-29T11:32:51Z</time>
					</trkpt>
					<trkpt lat="46.821300" lon="4.621560">
						<ele>322</ele>
						<time>2026-04-29T11:33:13Z</time>
					</trkpt>
					<trkpt lat="46.821330" lon="4.622130">
						<ele>325</ele>
						<time>2026-04-29T11:33:20Z</time>
					</trkpt>
					<trkpt lat="46.821350" lon="4.622610">
						<ele>327</ele>
						<time>2026-04-29T11:33:26Z</time>
					</trkpt>
					<trkpt lat="46.821350" lon="4.623130">
						<ele>330</ele>
						<time>2026-04-29T11:33:32Z</time>
					</trkpt>
					<trkpt lat="46.821330" lon="4.623540">
						<ele>332</ele>
						<time>2026-04-29T11:33:37Z</time>
					</trkpt>
					<trkpt lat="46.821250" lon="4.624270">
						<ele>336</ele>
						<time>2026-04-29T11:33:46Z</time>
					</trkpt>
					<trkpt lat="46.821170" lon="4.624870">
						<ele>340</ele>
						<time>2026-04-29T11:33:54Z</time>
					</trkpt>
					<trkpt lat="46.821140" lon="4.625010">
						<ele>341</ele>
						<time>2026-04-29T11:33:56Z</time>
					</trkpt>
					<trkpt lat="46.821100" lon="4.625100">
						<ele>340</ele>
						<time>2026-04-29T11:33:57Z</time>
					</trkpt>
					<trkpt lat="46.821060" lon="4.625200">
						<ele>340</ele>
						<time>2026-04-29T11:33:58Z</time>
					</trkpt>
					<trkpt lat="46.820960" lon="4.625340">
						<ele>339</ele>
						<time>2026-04-29T11:34:01Z</time>
					</trkpt>
					<trkpt lat="46.820830" lon="4.625480">
						<ele>337</ele>
						<time>2026-04-29T11:34:04Z</time>
					</trkpt>
					<trkpt lat="46.820690" lon="4.625580">
						<ele>336</ele>
						<time>2026-04-29T11:34:06Z</time>
					</trkpt>
					<trkpt lat="46.820590" lon="4.625600">
						<ele>334</ele>
						<time>2026-04-29T11:34:08Z</time>
					</trkpt>
					<trkpt lat="46.820490" lon="4.625610">
						<ele>333</ele>
						<time>2026-04-29T11:34:10Z</time>
					</trkpt>
					<trkpt lat="46.820410" lon="4.625650">
						<ele>332</ele>
						<time>2026-04-29T11:34:11Z</time>
					</trkpt>
					<trkpt lat="46.820350" lon="4.625720">
						<ele>331</ele>
						<time>2026-04-29T11:34:13Z</time>
					</trkpt>
					<trkpt lat="46.820310" lon="4.625800">
						<ele>331</ele>
						<time>2026-04-29T11:34:14Z</time>
					</trkpt>
					<trkpt lat="46.820280" lon="4.625900">
						<ele>331</ele>
						<time>2026-04-29T11:34:15Z</time>
					</trkpt>
					<trkpt lat="46.820260" lon="4.626050">
						<ele>331</ele>
						<time>2026-04-29T11:34:17Z</time>
					</trkpt>
					<trkpt lat="46.820250" lon="4.626310">
						<ele>332</ele>
						<time>2026-04-29T11:34:20Z</time>
					</trkpt>
					<trkpt lat="46.820210" lon="4.628180">
						<ele>337</ele>
						<time>2026-04-29T11:34:43Z</time>
					</trkpt>
					<trkpt lat="46.820230" lon="4.628560">
						<ele>337</ele>
						<time>2026-04-29T11:34:48Z</time>
					</trkpt>
					<trkpt lat="46.820280" lon="4.628830">
						<ele>337</ele>
						<time>2026-04-29T11:34:51Z</time>
					</trkpt>
					<trkpt lat="46.820420" lon="4.629320">
						<ele>339</ele>
						<time>2026-04-29T11:34:58Z</time>
					</trkpt>
					<trkpt lat="46.820600" lon="4.629870">
						<ele>340</ele>
						<time>2026-04-29T11:35:05Z</time>
					</trkpt>
					<trkpt lat="46.820680" lon="4.630030">
						<ele>341</ele>
						<time>2026-04-29T11:35:08Z</time>
					</trkpt>
					<trkpt lat="46.820820" lon="4.630200">
						<ele>344</ele>
						<time>2026-04-29T11:35:11Z</time>
					</trkpt>
					<trkpt lat="46.821410" lon="4.630810">
						<ele>350</ele>
						<time>2026-04-29T11:35:24Z</time>
					</trkpt>
					<trkpt lat="46.821520" lon="4.630990">
						<ele>352</ele>
						<time>2026-04-29T11:35:27Z</time>
					</trkpt>
					<trkpt lat="46.821630" lon="4.631260">
						<ele>354</ele>
						<time>2026-04-29T11:35:30Z</time>
					</trkpt>
					<trkpt lat="46.821840" lon="4.632230">
						<ele>358</ele>
						<time>2026-04-29T11:35:43Z</time>
					</trkpt>
					<trkpt lat="46.821940" lon="4.632610">
						<ele>359</ele>
						<time>2026-04-29T11:35:48Z</time>
					</trkpt>
					<trkpt lat="46.821960" lon="4.632660">
						<ele>360</ele>
						<time>2026-04-29T11:35:48Z</time>
					</trkpt>
					<trkpt lat="46.822050" lon="4.632890">
						<ele>361</ele>
						<time>2026-04-29T11:35:52Z</time>
					</trkpt>
					<trkpt lat="46.822230" lon="4.633180">
						<ele>363</ele>
						<time>2026-04-29T11:35:56Z</time>
					</trkpt>
					<trkpt lat="46.822360" lon="4.633440">
						<ele>365</ele>
						<time>2026-04-29T11:36:00Z</time>
					</trkpt>
					<trkpt lat="46.822500" lon="4.633750">
						<ele>366</ele>
						<time>2026-04-29T11:36:05Z</time>
					</trkpt>
					<trkpt lat="46.822610" lon="4.634060">
						<ele>368</ele>
						<time>2026-04-29T11:36:09Z</time>
					</trkpt>
					<trkpt lat="46.822710" lon="4.634370">
						<ele>369</ele>
						<time>2026-04-29T11:36:13Z</time>
					</trkpt>
					<trkpt lat="46.823010" lon="4.635460">
						<ele>373</ele>
						<time>2026-04-29T11:36:28Z</time>
					</trkpt>
					<trkpt lat="46.823240" lon="4.636020">
						<ele>374</ele>
						<time>2026-04-29T11:36:36Z</time>
					</trkpt>
					<trkpt lat="46.823280" lon="4.636240">
						<ele>374</ele>
						<time>2026-04-29T11:36:38Z</time>
					</trkpt>
					<trkpt lat="46.823300" lon="4.636510">
						<ele>374</ele>
						<time>2026-04-29T11:36:42Z</time>
					</trkpt>
					<trkpt lat="46.823240" lon="4.636780">
						<ele>374</ele>
						<time>2026-04-29T11:36:45Z</time>
					</trkpt>
					<trkpt lat="46.823100" lon="4.637110">
						<ele>373</ele>
						<time>2026-04-29T11:36:50Z</time>
					</trkpt>
					<trkpt lat="46.822590" lon="4.638070">
						<ele>376</ele>
						<time>2026-04-29T11:37:05Z</time>
					</trkpt>
					<trkpt lat="46.822540" lon="4.638170">
						<ele>376</ele>
						<time>2026-04-29T11:37:06Z</time>
					</trkpt>
					<trkpt lat="46.822470" lon="4.638250">
						<ele>377</ele>
						<time>2026-04-29T11:37:08Z</time>
					</trkpt>
					<trkpt lat="46.822420" lon="4.638300">
						<ele>378</ele>
						<time>2026-04-29T11:37:09Z</time>
					</trkpt>
					<trkpt lat="46.822300" lon="4.638360">
						<ele>379</ele>
						<time>2026-04-29T11:37:11Z</time>
					</trkpt>
					<trkpt lat="46.821990" lon="4.638460">
						<ele>383</ele>
						<time>2026-04-29T11:37:17Z</time>
					</trkpt>
					<trkpt lat="46.821890" lon="4.638480">
						<ele>385</ele>
						<time>2026-04-29T11:37:18Z</time>
					</trkpt>
					<trkpt lat="46.821790" lon="4.638450">
						<ele>386</ele>
						<time>2026-04-29T11:37:20Z</time>
					</trkpt>
					<trkpt lat="46.821680" lon="4.638380">
						<ele>386</ele>
						<time>2026-04-29T11:37:22Z</time>
					</trkpt>
					<trkpt lat="46.821420" lon="4.638090">
						<ele>387</ele>
						<time>2026-04-29T11:37:28Z</time>
					</trkpt>
					<trkpt lat="46.820980" lon="4.637530">
						<ele>388</ele>
						<time>2026-04-29T11:37:39Z</time>
					</trkpt>
					<trkpt lat="46.820860" lon="4.637320">
						<ele>389</ele>
						<time>2026-04-29T11:37:42Z</time>
					</trkpt>
					<trkpt lat="46.820670" lon="4.636970">
						<ele>388</ele>
						<time>2026-04-29T11:37:47Z</time>
					</trkpt>
					<trkpt lat="46.820610" lon="4.636890">
						<ele>388</ele>
						<time>2026-04-29T11:37:49Z</time>
					</trkpt>
					<trkpt lat="46.820540" lon="4.636820">
						<ele>389</ele>
						<time>2026-04-29T11:37:50Z</time>
					</trkpt>
					<trkpt lat="46.820470" lon="4.636790">
						<ele>389</ele>
						<time>2026-04-29T11:37:52Z</time>
					</trkpt>
					<trkpt lat="46.820390" lon="4.636790">
						<ele>390</ele>
						<time>2026-04-29T11:37:53Z</time>
					</trkpt>
					<trkpt lat="46.820320" lon="4.636830">
						<ele>391</ele>
						<time>2026-04-29T11:37:54Z</time>
					</trkpt>
					<trkpt lat="46.820260" lon="4.636900">
						<ele>391</ele>
						<time>2026-04-29T11:37:56Z</time>
					</trkpt>
					<trkpt lat="46.820220" lon="4.637000">
						<ele>391</ele>
						<time>2026-04-29T11:37:57Z</time>
					</trkpt>
					<trkpt lat="46.820200" lon="4.637100">
						<ele>391</ele>
						<time>2026-04-29T11:37:58Z</time>
					</trkpt>
					<trkpt lat="46.820190" lon="4.637200">
						<ele>390</ele>
						<time>2026-04-29T11:38:00Z</time>
					</trkpt>
					<trkpt lat="46.820200" lon="4.637380">
						<ele>390</ele>
						<time>2026-04-29T11:38:02Z</time>
					</trkpt>
					<trkpt lat="46.820220" lon="4.637640">
						<ele>389</ele>
						<time>2026-04-29T11:38:05Z</time>
					</trkpt>
					<trkpt lat="46.820320" lon="4.638460">
						<ele>388</ele>
						<time>2026-04-29T11:38:15Z</time>
					</trkpt>
					<trkpt lat="46.820380" lon="4.639040">
						<ele>392</ele>
						<time>2026-04-29T11:38:22Z</time>
					</trkpt>
					<trkpt lat="46.820410" lon="4.639610">
						<ele>395</ele>
						<time>2026-04-29T11:38:29Z</time>
					</trkpt>
					<trkpt lat="46.820440" lon="4.640290">
						<ele>400</ele>
						<time>2026-04-29T11:38:38Z</time>
					</trkpt>
					<trkpt lat="46.820440" lon="4.641410">
						<ele>404</ele>
						<time>2026-04-29T11:38:51Z</time>
					</trkpt>
					<trkpt lat="46.820460" lon="4.642300">
						<ele>406</ele>
						<time>2026-04-29T11:39:02Z</time>
					</trkpt>
					<trkpt lat="46.820510" lon="4.642870">
						<ele>409</ele>
						<time>2026-04-29T11:39:09Z</time>
					</trkpt>
					<trkpt lat="46.820580" lon="4.643440">
						<ele>411</ele>
						<time>2026-04-29T11:39:16Z</time>
					</trkpt>
					<trkpt lat="46.820630" lon="4.643650">
						<ele>413</ele>
						<time>2026-04-29T11:39:19Z</time>
					</trkpt>
					<trkpt lat="46.820780" lon="4.644130">
						<ele>417</ele>
						<time>2026-04-29T11:39:25Z</time>
					</trkpt>
					<trkpt lat="46.820810" lon="4.644260">
						<ele>418</ele>
						<time>2026-04-29T11:39:27Z</time>
					</trkpt>
					<trkpt lat="46.820810" lon="4.644400">
						<ele>418</ele>
						<time>2026-04-29T11:39:29Z</time>
					</trkpt>
					<trkpt lat="46.820800" lon="4.644520">
						<ele>419</ele>
						<time>2026-04-29T11:39:30Z</time>
					</trkpt>
					<trkpt lat="46.820750" lon="4.644660">
						<ele>419</ele>
						<time>2026-04-29T11:39:32Z</time>
					</trkpt>
					<trkpt lat="46.820660" lon="4.644840">
						<ele>418</ele>
						<time>2026-04-29T11:39:35Z</time>
					</trkpt>
					<trkpt lat="46.820080" lon="4.645680">
						<ele>420</ele>
						<time>2026-04-29T11:39:49Z</time>
					</trkpt>
					<trkpt lat="46.819910" lon="4.645970">
						<ele>421</ele>
						<time>2026-04-29T11:39:54Z</time>
					</trkpt>
					<trkpt lat="46.819800" lon="4.646240">
						<ele>421</ele>
						<time>2026-04-29T11:39:58Z</time>
					</trkpt>
					<trkpt lat="46.819700" lon="4.646730">
						<ele>423</ele>
						<time>2026-04-29T11:40:04Z</time>
					</trkpt>
					<trkpt lat="46.819670" lon="4.646990">
						<ele>424</ele>
						<time>2026-04-29T11:40:07Z</time>
					</trkpt>
					<trkpt lat="46.819660" lon="4.647270">
						<ele>425</ele>
						<time>2026-04-29T11:40:11Z</time>
					</trkpt>
					<trkpt lat="46.819670" lon="4.647480">
						<ele>426</ele>
						<time>2026-04-29T11:40:13Z</time>
					</trkpt>
					<trkpt lat="46.819710" lon="4.647670">
						<ele>427</ele>
						<time>2026-04-29T11:40:16Z</time>
					</trkpt>
					<trkpt lat="46.819810" lon="4.648120">
						<ele>430</ele>
						<time>2026-04-29T11:40:21Z</time>
					</trkpt>
					<trkpt lat="46.819830" lon="4.648310">
						<ele>431</ele>
						<time>2026-04-29T11:40:24Z</time>
					</trkpt>
					<trkpt lat="46.819830" lon="4.648450">
						<ele>432</ele>
						<time>2026-04-29T11:40:25Z</time>
					</trkpt>
					<trkpt lat="46.819640" lon="4.649160">
						<ele>433</ele>
						<time>2026-04-29T11:40:35Z</time>
					</trkpt>
					<trkpt lat="46.819600" lon="4.649510">
						<ele>434</ele>
						<time>2026-04-29T11:40:39Z</time>
					</trkpt>
					<trkpt lat="46.819590" lon="4.649870">
						<ele>436</ele>
						<time>2026-04-29T11:40:43Z</time>
					</trkpt>
					<trkpt lat="46.819610" lon="4.650680">
						<ele>439</ele>
						<time>2026-04-29T11:40:53Z</time>
					</trkpt>
					<trkpt lat="46.819640" lon="4.651250">
						<ele>442</ele>
						<time>2026-04-29T11:41:00Z</time>
					</trkpt>
					<trkpt lat="46.819670" lon="4.651760">
						<ele>443</ele>
						<time>2026-04-29T11:41:06Z</time>
					</trkpt>
					<trkpt lat="46.819680" lon="4.651820">
						<ele>443</ele>
						<time>2026-04-29T11:41:07Z</time>
					</trkpt>
					<trkpt lat="46.819730" lon="4.652070">
						<ele>444</ele>
						<time>2026-04-29T11:41:10Z</time>
					</trkpt>
					<trkpt lat="46.819820" lon="4.652400">
						<ele>445</ele>
						<time>2026-04-29T11:41:15Z</time>
					</trkpt>
					<trkpt lat="46.820330" lon="4.654390">
						<ele>447</ele>
						<time>2026-04-29T11:41:41Z</time>
					</trkpt>
					<trkpt lat="46.820380" lon="4.654610">
						<ele>447</ele>
						<time>2026-04-29T11:41:43Z</time>
					</trkpt>
					<trkpt lat="46.820400" lon="4.654800">
						<ele>447</ele>
						<time>2026-04-29T11:41:46Z</time>
					</trkpt>
					<trkpt lat="46.820410" lon="4.655020">
						<ele>447</ele>
						<time>2026-04-29T11:41:48Z</time>
					</trkpt>
					<trkpt lat="46.820390" lon="4.655280">
						<ele>447</ele>
						<time>2026-04-29T11:41:52Z</time>
					</trkpt>
					<trkpt lat="46.820150" lon="4.657600">
						<ele>450</ele>
						<time>2026-04-29T11:42:20Z</time>
					</trkpt>
					<trkpt lat="46.820140" lon="4.657810">
						<ele>450</ele>
						<time>2026-04-29T11:42:23Z</time>
					</trkpt>
					<trkpt lat="46.820140" lon="4.657970">
						<ele>450</ele>
						<time>2026-04-29T11:42:25Z</time>
					</trkpt>
					<trkpt lat="46.820570" lon="4.658350">
						<ele>449</ele>
						<time>2026-04-29T11:42:34Z</time>
					</trkpt>
					<trkpt lat="46.820750" lon="4.658490">
						<ele>449</ele>
						<time>2026-04-29T11:42:37Z</time>
					</trkpt>
					<trkpt lat="46.820880" lon="4.658580">
						<ele>450</ele>
						<time>2026-04-29T11:42:40Z</time>
					</trkpt>
					<trkpt lat="46.821050" lon="4.658680">
						<ele>449</ele>
						<time>2026-04-29T11:42:43Z</time>
					</trkpt>
					<trkpt lat="46.821390" lon="4.658810">
						<ele>449</ele>
						<time>2026-04-29T11:42:49Z</time>
					</trkpt>
					<trkpt lat="46.821530" lon="4.658860">
						<ele>449</ele>
						<time>2026-04-29T11:42:52Z</time>
					</trkpt>
					<trkpt lat="46.821670" lon="4.658890">
						<ele>449</ele>
						<time>2026-04-29T11:42:54Z</time>
					</trkpt>
					<trkpt lat="46.821940" lon="4.658910">
						<ele>448</ele>
						<time>2026-04-29T11:42:59Z</time>
					</trkpt>
					<trkpt lat="46.822110" lon="4.658900">
						<ele>447</ele>
						<time>2026-04-29T11:43:02Z</time>
					</trkpt>
					<trkpt lat="46.822340" lon="4.658860">
						<ele>446</ele>
						<time>2026-04-29T11:43:06Z</time>
					</trkpt>
					<trkpt lat="46.822600" lon="4.658810">
						<ele>445</ele>
						<time>2026-04-29T11:43:11Z</time>
					</trkpt>
					<trkpt lat="46.822920" lon="4.658720">
						<ele>444</ele>
						<time>2026-04-29T11:43:17Z</time>
					</trkpt>
					<trkpt lat="46.823480" lon="4.658510">
						<ele>442</ele>
						<time>2026-04-29T11:43:27Z</time>
					</trkpt>
					<trkpt lat="46.823930" lon="4.658360">
						<ele>441</ele>
						<time>2026-04-29T11:43:35Z</time>
					</trkpt>
					<trkpt lat="46.824200" lon="4.658240">
						<ele>440</ele>
						<time>2026-04-29T11:43:40Z</time>
					</trkpt>
					<trkpt lat="46.824480" lon="4.658170">
						<ele>438</ele>
						<time>2026-04-29T11:43:45Z</time>
					</trkpt>
					<trkpt lat="46.824610" lon="4.658170">
						<ele>437</ele>
						<time>2026-04-29T11:43:48Z</time>
					</trkpt>
					<trkpt lat="46.824760" lon="4.658190">
						<ele>436</ele>
						<time>2026-04-29T11:43:50Z</time>
					</trkpt>
					<trkpt lat="46.824840" lon="4.658210">
						<ele>436</ele>
						<time>2026-04-29T11:43:52Z</time>
					</trkpt>
					<trkpt lat="46.825040" lon="4.658290">
						<ele>435</ele>
						<time>2026-04-29T11:43:56Z</time>
					</trkpt>
					<trkpt lat="46.825360" lon="4.658440">
						<ele>435</ele>
						<time>2026-04-29T11:44:02Z</time>
					</trkpt>
					<trkpt lat="46.825530" lon="4.658500">
						<ele>435</ele>
						<time>2026-04-29T11:44:05Z</time>
					</trkpt>
					<trkpt lat="46.825980" lon="4.658580">
						<ele>432</ele>
						<time>2026-04-29T11:44:13Z</time>
					</trkpt>
					<trkpt lat="46.826060" lon="4.658610">
						<ele>431</ele>
						<time>2026-04-29T11:44:14Z</time>
					</trkpt>
					<trkpt lat="46.826390" lon="4.658970">
						<ele>428</ele>
						<time>2026-04-29T11:44:22Z</time>
					</trkpt>
					<trkpt lat="46.826570" lon="4.659110">
						<ele>427</ele>
						<time>2026-04-29T11:44:25Z</time>
					</trkpt>
					<trkpt lat="46.826830" lon="4.659240">
						<ele>424</ele>
						<time>2026-04-29T11:44:30Z</time>
					</trkpt>
					<trkpt lat="46.827300" lon="4.659330">
						<ele>421</ele>
						<time>2026-04-29T11:44:38Z</time>
					</trkpt>
					<trkpt lat="46.828090" lon="4.659460">
						<ele>415</ele>
						<time>2026-04-29T11:44:53Z</time>
					</trkpt>
					<trkpt lat="46.828270" lon="4.659490">
						<ele>415</ele>
						<time>2026-04-29T11:44:56Z</time>
					</trkpt>
					<trkpt lat="46.828500" lon="4.659500">
						<ele>415</ele>
						<time>2026-04-29T11:45:00Z</time>
					</trkpt>
					<trkpt lat="46.828680" lon="4.659500">
						<ele>415</ele>
						<time>2026-04-29T11:45:03Z</time>
					</trkpt>
					<trkpt lat="46.828850" lon="4.659480">
						<ele>415</ele>
						<time>2026-04-29T11:45:06Z</time>
					</trkpt>
					<trkpt lat="46.829050" lon="4.659410">
						<ele>415</ele>
						<time>2026-04-29T11:45:10Z</time>
					</trkpt>
					<trkpt lat="46.829460" lon="4.659170">
						<ele>412</ele>
						<time>2026-04-29T11:45:18Z</time>
					</trkpt>
					<trkpt lat="46.829800" lon="4.659070">
						<ele>412</ele>
						<time>2026-04-29T11:45:24Z</time>
					</trkpt>
					<trkpt lat="46.830250" lon="4.659050">
						<ele>408</ele>
						<time>2026-04-29T11:45:32Z</time>
					</trkpt>
					<trkpt lat="46.830480" lon="4.659080">
						<ele>406</ele>
						<time>2026-04-29T11:45:36Z</time>
					</trkpt>
					<trkpt lat="46.830970" lon="4.659180">
						<ele>399</ele>
						<time>2026-04-29T11:45:45Z</time>
					</trkpt>
					<trkpt lat="46.831310" lon="4.659190">
						<ele>395</ele>
						<time>2026-04-29T11:45:51Z</time>
					</trkpt>
					<trkpt lat="46.832330" lon="4.658920">
						<ele>383</ele>
						<time>2026-04-29T11:46:09Z</time>
					</trkpt>
					<trkpt lat="46.832630" lon="4.658860">
						<ele>380</ele>
						<time>2026-04-29T11:46:15Z</time>
					</trkpt>
					<trkpt lat="46.832760" lon="4.658880">
						<ele>379</ele>
						<time>2026-04-29T11:46:17Z</time>
					</trkpt>
					<trkpt lat="46.832790" lon="4.658880">
						<ele>378</ele>
						<time>2026-04-29T11:46:18Z</time>
					</trkpt>
					<trkpt lat="46.833240" lon="4.659070">
						<ele>375</ele>
						<time>2026-04-29T11:46:26Z</time>
					</trkpt>
					<trkpt lat="46.833740" lon="4.659370">
						<ele>371</ele>
						<time>2026-04-29T11:46:35Z</time>
					</trkpt>
					<trkpt lat="46.834030" lon="4.659560">
						<ele>370</ele>
						<time>2026-04-29T11:46:41Z</time>
					</trkpt>
					<trkpt lat="46.834260" lon="4.659580">
						<ele>370</ele>
						<time>2026-04-29T11:46:45Z</time>
					</trkpt>
					<trkpt lat="46.834470" lon="4.659660">
						<ele>371</ele>
						<time>2026-04-29T11:46:49Z</time>
					</trkpt>
					<trkpt lat="46.834730" lon="4.659490">
						<ele>370</ele>
						<time>2026-04-29T11:46:54Z</time>
					</trkpt>
					<trkpt lat="46.834860" lon="4.659430">
						<ele>370</ele>
						<time>2026-04-29T11:46:57Z</time>
					</trkpt>
					<trkpt lat="46.835090" lon="4.659380">
						<ele>370</ele>
						<time>2026-04-29T11:47:01Z</time>
					</trkpt>
					<trkpt lat="46.835380" lon="4.659380">
						<ele>372</ele>
						<time>2026-04-29T11:47:06Z</time>
					</trkpt>
					<trkpt lat="46.835730" lon="4.659440">
						<ele>374</ele>
						<time>2026-04-29T11:47:12Z</time>
					</trkpt>
					<trkpt lat="46.836400" lon="4.659790">
						<ele>376</ele>
						<time>2026-04-29T11:47:25Z</time>
					</trkpt>
					<trkpt lat="46.836640" lon="4.659860">
						<ele>377</ele>
						<time>2026-04-29T11:47:29Z</time>
					</trkpt>
					<trkpt lat="46.836790" lon="4.659840">
						<ele>377</ele>
						<time>2026-04-29T11:47:32Z</time>
					</trkpt>
					<trkpt lat="46.836830" lon="4.659830">
						<ele>377</ele>
						<time>2026-04-29T11:47:33Z</time>
					</trkpt>
					<trkpt lat="46.836890" lon="4.659820">
						<ele>377</ele>
						<time>2026-04-29T11:47:34Z</time>
					</trkpt>
					<trkpt lat="46.837150" lon="4.659710">
						<ele>377</ele>
						<time>2026-04-29T11:47:38Z</time>
					</trkpt>
					<trkpt lat="46.837480" lon="4.659610">
						<ele>377</ele>
						<time>2026-04-29T11:47:44Z</time>
					</trkpt>
					<trkpt lat="46.837590" lon="4.659580">
						<ele>377</ele>
						<time>2026-04-29T11:47:46Z</time>
					</trkpt>
					<trkpt lat="46.837710" lon="4.659590">
						<ele>378</ele>
						<time>2026-04-29T11:47:49Z</time>
					</trkpt>
					<trkpt lat="46.837830" lon="4.659620">
						<ele>378</ele>
						<time>2026-04-29T11:47:51Z</time>
					</trkpt>
					<trkpt lat="46.838000" lon="4.659670">
						<ele>379</ele>
						<time>2026-04-29T11:47:54Z</time>
					</trkpt>
					<trkpt lat="46.838070" lon="4.659680">
						<ele>379</ele>
						<time>2026-04-29T11:47:55Z</time>
					</trkpt>
					<trkpt lat="46.838300" lon="4.659650">
						<ele>380</ele>
						<time>2026-04-29T11:47:59Z</time>
					</trkpt>
					<trkpt lat="46.838440" lon="4.659660">
						<ele>381</ele>
						<time>2026-04-29T11:48:02Z</time>
					</trkpt>
					<trkpt lat="46.838540" lon="4.659690">
						<ele>381</ele>
						<time>2026-04-29T11:48:03Z</time>
					</trkpt>
					<trkpt lat="46.838790" lon="4.659830">
						<ele>381</ele>
						<time>2026-04-29T11:48:08Z</time>
					</trkpt>
					<trkpt lat="46.838900" lon="4.659870">
						<ele>381</ele>
						<time>2026-04-29T11:48:10Z</time>
					</trkpt>
					<trkpt lat="46.838890" lon="4.659930">
						<ele>381</ele>
						<time>2026-04-29T11:48:11Z</time>
					</trkpt>
					<trkpt lat="46.838900" lon="4.659870">
						<ele>381</ele>
						<time>2026-04-29T11:48:12Z</time>
					</trkpt>
					<trkpt lat="46.838990" lon="4.659380">
						<ele>381</ele>
						<time>2026-04-29T11:48:18Z</time>
					</trkpt>
					<trkpt lat="46.839500" lon="4.657750">
						<ele>379</ele>
						<time>2026-04-29T11:48:40Z</time>
					</trkpt>
					<trkpt lat="46.839690" lon="4.657160">
						<ele>378</ele>
						<time>2026-04-29T11:48:48Z</time>
					</trkpt>
					<trkpt lat="46.839780" lon="4.656850">
						<ele>378</ele>
						<time>2026-04-29T11:48:52Z</time>
					</trkpt>
					<trkpt lat="46.840380" lon="4.654940">
						<ele>371</ele>
						<time>2026-04-29T11:49:17Z</time>
					</trkpt>
					<trkpt lat="46.840840" lon="4.653510">
						<ele>363</ele>
						<time>2026-04-29T11:49:37Z</time>
					</trkpt>
					<trkpt lat="46.841200" lon="4.652390">
						<ele>357</ele>
						<time>2026-04-29T11:49:52Z</time>
					</trkpt>
					<trkpt lat="46.841410" lon="4.651760">
						<ele>355</ele>
						<time>2026-04-29T11:50:00Z</time>
					</trkpt>
					<trkpt lat="46.841560" lon="4.651200">
						<ele>351</ele>
						<time>2026-04-29T11:50:08Z</time>
					</trkpt>
					<trkpt lat="46.841580" lon="4.651020">
						<ele>350</ele>
						<time>2026-04-29T11:50:10Z</time>
					</trkpt>
					<trkpt lat="46.841610" lon="4.650550">
						<ele>348</ele>
						<time>2026-04-29T11:50:15Z</time>
					</trkpt>
					<trkpt lat="46.841620" lon="4.649740">
						<ele>343</ele>
						<time>2026-04-29T11:50:25Z</time>
					</trkpt>
					<trkpt lat="46.841640" lon="4.649070">
						<ele>340</ele>
						<time>2026-04-29T11:50:34Z</time>
					</trkpt>
					<trkpt lat="46.841660" lon="4.648920">
						<ele>339</ele>
						<time>2026-04-29T11:50:35Z</time>
					</trkpt>
					<trkpt lat="46.841710" lon="4.648760">
						<ele>337</ele>
						<time>2026-04-29T11:50:38Z</time>
					</trkpt>
					<trkpt lat="46.841740" lon="4.648680">
						<ele>336</ele>
						<time>2026-04-29T11:50:39Z</time>
					</trkpt>
					<trkpt lat="46.841810" lon="4.648560">
						<ele>335</ele>
						<time>2026-04-29T11:50:41Z</time>
					</trkpt>
					<trkpt lat="46.841880" lon="4.648490">
						<ele>334</ele>
						<time>2026-04-29T11:50:42Z</time>
					</trkpt>
					<trkpt lat="46.841960" lon="4.648430">
						<ele>333</ele>
						<time>2026-04-29T11:50:44Z</time>
					</trkpt>
					<trkpt lat="46.842050" lon="4.648410">
						<ele>333</ele>
						<time>2026-04-29T11:50:45Z</time>
					</trkpt>
					<trkpt lat="46.842150" lon="4.648410">
						<ele>333</ele>
						<time>2026-04-29T11:50:47Z</time>
					</trkpt>
					<trkpt lat="46.842280" lon="4.648450">
						<ele>333</ele>
						<time>2026-04-29T11:50:49Z</time>
					</trkpt>
					<trkpt lat="46.843390" lon="4.649070">
						<ele>327</ele>
						<time>2026-04-29T11:51:11Z</time>
					</trkpt>
					<trkpt lat="46.843530" lon="4.649130">
						<ele>325</ele>
						<time>2026-04-29T11:51:13Z</time>
					</trkpt>
					<trkpt lat="46.843630" lon="4.649140">
						<ele>323</ele>
						<time>2026-04-29T11:51:15Z</time>
					</trkpt>
					<trkpt lat="46.843810" lon="4.649090">
						<ele>320</ele>
						<time>2026-04-29T11:51:18Z</time>
					</trkpt>
					<trkpt lat="46.843890" lon="4.649040">
						<ele>319</ele>
						<time>2026-04-29T11:51:20Z</time>
					</trkpt>
					<trkpt lat="46.844070" lon="4.648810">
						<ele>316</ele>
						<time>2026-04-29T11:51:24Z</time>
					</trkpt>
					<trkpt lat="46.844510" lon="4.647540">
						<ele>308</ele>
						<time>2026-04-29T11:51:41Z</time>
					</trkpt>
					<trkpt lat="46.844810" lon="4.646660">
						<ele>302</ele>
						<time>2026-04-29T11:51:53Z</time>
					</trkpt>
					<trkpt lat="46.844820" lon="4.646570">
						<ele>302</ele>
						<time>2026-04-29T11:51:54Z</time>
					</trkpt>
					<trkpt lat="46.844820" lon="4.646430">
						<ele>301</ele>
						<time>2026-04-29T11:51:56Z</time>
					</trkpt>
					<trkpt lat="46.844790" lon="4.646270">
						<ele>300</ele>
						<time>2026-04-29T11:51:58Z</time>
					</trkpt>
					<trkpt lat="46.844730" lon="4.646130">
						<ele>300</ele>
						<time>2026-04-29T11:52:00Z</time>
					</trkpt>
					<trkpt lat="46.844630" lon="4.645970">
						<ele>299</ele>
						<time>2026-04-29T11:52:03Z</time>
					</trkpt>
					<trkpt lat="46.844400" lon="4.645720">
						<ele>298</ele>
						<time>2026-04-29T11:52:08Z</time>
					</trkpt>
					<trkpt lat="46.843720" lon="4.644990">
						<ele>293</ele>
						<time>2026-04-29T11:52:23Z</time>
					</trkpt>
					<trkpt lat="46.843150" lon="4.644380">
						<ele>288</ele>
						<time>2026-04-29T11:52:35Z</time>
					</trkpt>
					<trkpt lat="46.843090" lon="4.644300">
						<ele>287</ele>
						<time>2026-04-29T11:52:37Z</time>
					</trkpt>
					<trkpt lat="46.843010" lon="4.644160">
						<ele>286</ele>
						<time>2026-04-29T11:52:39Z</time>
					</trkpt>
					<trkpt lat="46.842960" lon="4.644040">
						<ele>286</ele>
						<time>2026-04-29T11:52:41Z</time>
					</trkpt>
					<trkpt lat="46.842890" lon="4.643840">
						<ele>285</ele>
						<time>2026-04-29T11:52:44Z</time>
					</trkpt>
					<trkpt lat="46.842870" lon="4.643760">
						<ele>284</ele>
						<time>2026-04-29T11:52:45Z</time>
					</trkpt>
					<trkpt lat="46.842740" lon="4.643210">
						<ele>281</ele>
						<time>2026-04-29T11:52:52Z</time>
					</trkpt>
					<trkpt lat="46.842720" lon="4.643130">
						<ele>281</ele>
						<time>2026-04-29T11:52:53Z</time>
					</trkpt>
					<trkpt lat="46.842790" lon="4.643160">
						<ele>281</ele>
						<time>2026-04-29T11:52:54Z</time>
					</trkpt>
					<trkpt lat="46.843770" lon="4.643650">
						<ele>283</ele>
						<time>2026-04-29T11:53:12Z</time>
					</trkpt>
					<trkpt lat="46.844130" lon="4.643870">
						<ele>283</ele>
						<time>2026-04-29T11:53:19Z</time>
					</trkpt>
					<trkpt lat="46.844580" lon="4.644060">
						<ele>285</ele>
						<time>2026-04-29T11:53:28Z</time>
					</trkpt>
					<trkpt lat="46.844840" lon="4.644190">
						<ele>286</ele>
						<time>2026-04-29T11:53:33Z</time>
					</trkpt>
					<trkpt lat="46.845300" lon="4.644420">
						<ele>287</ele>
						<time>2026-04-29T11:53:41Z</time>
					</trkpt>
					<trkpt lat="46.845340" lon="4.644440">
						<ele>287</ele>
						<time>2026-04-29T11:53:42Z</time>
					</trkpt>
					<trkpt lat="46.845490" lon="4.644520">
						<ele>287</ele>
						<time>2026-04-29T11:53:45Z</time>
					</trkpt>
					<trkpt lat="46.845740" lon="4.644740">
						<ele>288</ele>
						<time>2026-04-29T11:53:50Z</time>
					</trkpt>
					<trkpt lat="46.846010" lon="4.645020">
						<ele>288</ele>
						<time>2026-04-29T11:53:56Z</time>
					</trkpt>
					<trkpt lat="46.846030" lon="4.645040">
						<ele>288</ele>
						<time>2026-04-29T11:53:56Z</time>
					</trkpt>
					<trkpt lat="46.846290" lon="4.645180">
						<ele>286</ele>
						<time>2026-04-29T11:54:01Z</time>
					</trkpt>
					<trkpt lat="46.847170" lon="4.645580">
						<ele>279</ele>
						<time>2026-04-29T11:54:18Z</time>
					</trkpt>
					<trkpt lat="46.847330" lon="4.645610">
						<ele>277</ele>
						<time>2026-04-29T11:54:21Z</time>
					</trkpt>
					<trkpt lat="46.847460" lon="4.645630">
						<ele>276</ele>
						<time>2026-04-29T11:54:23Z</time>
					</trkpt>
					<trkpt lat="46.847730" lon="4.645540">
						<ele>273</ele>
						<time>2026-04-29T11:54:28Z</time>
					</trkpt>
					<trkpt lat="46.847980" lon="4.645330">
						<ele>270</ele>
						<time>2026-04-29T11:54:33Z</time>
					</trkpt>
					<trkpt lat="46.848290" lon="4.645030">
						<ele>268</ele>
						<time>2026-04-29T11:54:40Z</time>
					</trkpt>
					<trkpt lat="46.848460" lon="4.644750">
						<ele>266</ele>
						<time>2026-04-29T11:54:44Z</time>
					</trkpt>
					<trkpt lat="46.848580" lon="4.644510">
						<ele>265</ele>
						<time>2026-04-29T11:54:48Z</time>
					</trkpt>
					<trkpt lat="46.848710" lon="4.644220">
						<ele>264</ele>
						<time>2026-04-29T11:54:52Z</time>
					</trkpt>
					<trkpt lat="46.848860" lon="4.643950">
						<ele>263</ele>
						<time>2026-04-29T11:54:56Z</time>
					</trkpt>
					<trkpt lat="46.848870" lon="4.643850">
						<ele>262</ele>
						<time>2026-04-29T11:54:57Z</time>
					</trkpt>
					<trkpt lat="46.848880" lon="4.643670">
						<ele>261</ele>
						<time>2026-04-29T11:55:00Z</time>
					</trkpt>
					<trkpt lat="46.848840" lon="4.643590">
						<ele>261</ele>
						<time>2026-04-29T11:55:01Z</time>
					</trkpt>
					<trkpt lat="46.848860" lon="4.643500">
						<ele>261</ele>
						<time>2026-04-29T11:55:02Z</time>
					</trkpt>
					<trkpt lat="46.849620" lon="4.641520">
						<ele>249</ele>
						<time>2026-04-29T11:55:30Z</time>
					</trkpt>
					<trkpt lat="46.849680" lon="4.641370">
						<ele>249</ele>
						<time>2026-04-29T11:55:32Z</time>
					</trkpt>
					<trkpt lat="46.849950" lon="4.641650">
						<ele>250</ele>
						<time>2026-04-29T11:55:38Z</time>
					</trkpt>
					<trkpt lat="46.850250" lon="4.641870">
						<ele>249</ele>
						<time>2026-04-29T11:55:44Z</time>
					</trkpt>
					<trkpt lat="46.850440" lon="4.642080">
						<ele>249</ele>
						<time>2026-04-29T11:55:48Z</time>
					</trkpt>
					<trkpt lat="46.850610" lon="4.642280">
						<ele>248</ele>
						<time>2026-04-29T11:55:52Z</time>
					</trkpt>
					<trkpt lat="46.850950" lon="4.642640">
						<ele>248</ele>
						<time>2026-04-29T11:55:59Z</time>
					</trkpt>
					<trkpt lat="46.851150" lon="4.642810">
						<ele>247</ele>
						<time>2026-04-29T11:56:03Z</time>
					</trkpt>
					<trkpt lat="46.851250" lon="4.642930">
						<ele>247</ele>
						<time>2026-04-29T11:56:06Z</time>
					</trkpt>
					<trkpt lat="46.851360" lon="4.643090">
						<ele>246</ele>
						<time>2026-04-29T11:56:08Z</time>
					</trkpt>
					<trkpt lat="46.851580" lon="4.643470">
						<ele>245</ele>
						<time>2026-04-29T11:56:14Z</time>
					</trkpt>
					<trkpt lat="46.851730" lon="4.643710">
						<ele>244</ele>
						<time>2026-04-29T11:56:18Z</time>
					</trkpt>
					<trkpt lat="46.851780" lon="4.643790">
						<ele>244</ele>
						<time>2026-04-29T11:56:20Z</time>
					</trkpt>
					<trkpt lat="46.852090" lon="4.644250">
						<ele>243</ele>
						<time>2026-04-29T11:56:28Z</time>
					</trkpt>
					<trkpt lat="46.852560" lon="4.645100">
						<ele>244</ele>
						<time>2026-04-29T11:56:41Z</time>
					</trkpt>
					<trkpt lat="46.852770" lon="4.645510">
						<ele>246</ele>
						<time>2026-04-29T11:56:47Z</time>
					</trkpt>
					<trkpt lat="46.853120" lon="4.646210">
						<ele>249</ele>
						<time>2026-04-29T11:56:58Z</time>
					</trkpt>
					<trkpt lat="46.853390" lon="4.646840">
						<ele>253</ele>
						<time>2026-04-29T11:57:07Z</time>
					</trkpt>
					<trkpt lat="46.853560" lon="4.647280">
						<ele>257</ele>
						<time>2026-04-29T11:57:13Z</time>
					</trkpt>
					<trkpt lat="46.854000" lon="4.648440">
						<ele>270</ele>
						<time>2026-04-29T11:57:29Z</time>
					</trkpt>
					<trkpt lat="46.854190" lon="4.648860">
						<ele>275</ele>
						<time>2026-04-29T11:57:35Z</time>
					</trkpt>
					<trkpt lat="46.854480" lon="4.649400">
						<ele>281</ele>
						<time>2026-04-29T11:57:43Z</time>
					</trkpt>
					<trkpt lat="46.854560" lon="4.649610">
						<ele>283</ele>
						<time>2026-04-29T11:57:46Z</time>
					</trkpt>
					<trkpt lat="46.854820" lon="4.650300">
						<ele>290</ele>
						<time>2026-04-29T11:57:56Z</time>
					</trkpt>
					<trkpt lat="46.854900" lon="4.650500">
						<ele>292</ele>
						<time>2026-04-29T11:57:59Z</time>
					</trkpt>
					<trkpt lat="46.855030" lon="4.650720">
						<ele>294</ele>
						<time>2026-04-29T11:58:02Z</time>
					</trkpt>
					<trkpt lat="46.855370" lon="4.651260">
						<ele>298</ele>
						<time>2026-04-29T11:58:11Z</time>
					</trkpt>
					<trkpt lat="46.855690" lon="4.651790">
						<ele>302</ele>
						<time>2026-04-29T11:58:20Z</time>
					</trkpt>
					<trkpt lat="46.856060" lon="4.652670">
						<ele>307</ele>
						<time>2026-04-29T11:58:32Z</time>
					</trkpt>
					<trkpt lat="46.856180" lon="4.653020">
						<ele>307</ele>
						<time>2026-04-29T11:58:37Z</time>
					</trkpt>
					<trkpt lat="46.856270" lon="4.653460">
						<ele>308</ele>
						<time>2026-04-29T11:58:43Z</time>
					</trkpt>
					<trkpt lat="46.856390" lon="4.653940">
						<ele>309</ele>
						<time>2026-04-29T11:58:49Z</time>
					</trkpt>
					<trkpt lat="46.856820" lon="4.655150">
						<ele>312</ele>
						<time>2026-04-29T11:59:06Z</time>
					</trkpt>
					<trkpt lat="46.857260" lon="4.656260">
						<ele>314</ele>
						<time>2026-04-29T11:59:21Z</time>
					</trkpt>
					<trkpt lat="46.857610" lon="4.657200">
						<ele>315</ele>
						<time>2026-04-29T11:59:34Z</time>
					</trkpt>
					<trkpt lat="46.858120" lon="4.658280">
						<ele>317</ele>
						<time>2026-04-29T11:59:50Z</time>
					</trkpt>
					<trkpt lat="46.858230" lon="4.658510">
						<ele>317</ele>
						<time>2026-04-29T11:59:54Z</time>
					</trkpt>
					<trkpt lat="46.858380" lon="4.658820">
						<ele>317</ele>
						<time>2026-04-29T11:59:58Z</time>
					</trkpt>
					<trkpt lat="46.858760" lon="4.659450">
						<ele>317</ele>
						<time>2026-04-29T12:00:08Z</time>
					</trkpt>
					<trkpt lat="46.858860" lon="4.659770">
						<ele>317</ele>
						<time>2026-04-29T12:00:13Z</time>
					</trkpt>
					<trkpt lat="46.859000" lon="4.660440">
						<ele>318</ele>
						<time>2026-04-29T12:00:21Z</time>
					</trkpt>
					<trkpt lat="46.859060" lon="4.660780">
						<ele>318</ele>
						<time>2026-04-29T12:00:26Z</time>
					</trkpt>
					<trkpt lat="46.859110" lon="4.661130">
						<ele>319</ele>
						<time>2026-04-29T12:00:30Z</time>
					</trkpt>
					<trkpt lat="46.859160" lon="4.661860">
						<ele>319</ele>
						<time>2026-04-29T12:00:39Z</time>
					</trkpt>
					<trkpt lat="46.859230" lon="4.662110">
						<ele>319</ele>
						<time>2026-04-29T12:00:42Z</time>
					</trkpt>
					<trkpt lat="46.859740" lon="4.663360">
						<ele>318</ele>
						<time>2026-04-29T12:01:00Z</time>
					</trkpt>
					<trkpt lat="46.859800" lon="4.663510">
						<ele>318</ele>
						<time>2026-04-29T12:01:02Z</time>
					</trkpt>
					<trkpt lat="46.859400" lon="4.663870">
						<ele>320</ele>
						<time>2026-04-29T12:01:10Z</time>
					</trkpt>
					<trkpt lat="46.859210" lon="4.664000">
						<ele>321</ele>
						<time>2026-04-29T12:01:14Z</time>
					</trkpt>
					<trkpt lat="46.858440" lon="4.664190">
						<ele>323</ele>
						<time>2026-04-29T12:01:28Z</time>
					</trkpt>
					<trkpt lat="46.858310" lon="4.664190">
						<ele>323</ele>
						<time>2026-04-29T12:01:30Z</time>
					</trkpt>
					<trkpt lat="46.858090" lon="4.664100">
						<ele>324</ele>
						<time>2026-04-29T12:01:34Z</time>
					</trkpt>
					<trkpt lat="46.857780" lon="4.663940">
						<ele>325</ele>
						<time>2026-04-29T12:01:40Z</time>
					</trkpt>
					<trkpt lat="46.857690" lon="4.663900">
						<ele>326</ele>
						<time>2026-04-29T12:01:42Z</time>
					</trkpt>
					<trkpt lat="46.857610" lon="4.663900">
						<ele>326</ele>
						<time>2026-04-29T12:01:43Z</time>
					</trkpt>
					<trkpt lat="46.857530" lon="4.663910">
						<ele>327</ele>
						<time>2026-04-29T12:01:45Z</time>
					</trkpt>
					<trkpt lat="46.857500" lon="4.663920">
						<ele>327</ele>
						<time>2026-04-29T12:01:45Z</time>
					</trkpt>
					<trkpt lat="46.857360" lon="4.664010">
						<ele>327</ele>
						<time>2026-04-29T12:01:48Z</time>
					</trkpt>
					<trkpt lat="46.857000" lon="4.664420">
						<ele>329</ele>
						<time>2026-04-29T12:01:56Z</time>
					</trkpt>
					<trkpt lat="46.856170" lon="4.665200">
						<ele>335</ele>
						<time>2026-04-29T12:02:14Z</time>
					</trkpt>
					<trkpt lat="46.855710" lon="4.665490">
						<ele>339</ele>
						<time>2026-04-29T12:02:22Z</time>
					</trkpt>
					<trkpt lat="46.855420" lon="4.665710">
						<ele>342</ele>
						<time>2026-04-29T12:02:28Z</time>
					</trkpt>
					<trkpt lat="46.855040" lon="4.666110">
						<ele>346</ele>
						<time>2026-04-29T12:02:37Z</time>
					</trkpt>
					<trkpt lat="46.854880" lon="4.666380">
						<ele>349</ele>
						<time>2026-04-29T12:02:41Z</time>
					</trkpt>
					<trkpt lat="46.854570" lon="4.667090">
						<ele>354</ele>
						<time>2026-04-29T12:02:51Z</time>
					</trkpt>
					<trkpt lat="46.854210" lon="4.668100">
						<ele>357</ele>
						<time>2026-04-29T12:03:05Z</time>
					</trkpt>
					<trkpt lat="46.854060" lon="4.668420">
						<ele>359</ele>
						<time>2026-04-29T12:03:10Z</time>
					</trkpt>
					<trkpt lat="46.853780" lon="4.668920">
						<ele>361</ele>
						<time>2026-04-29T12:03:18Z</time>
					</trkpt>
					<trkpt lat="46.853650" lon="4.669100">
						<ele>362</ele>
						<time>2026-04-29T12:03:21Z</time>
					</trkpt>
					<trkpt lat="46.853270" lon="4.669530">
						<ele>363</ele>
						<time>2026-04-29T12:03:29Z</time>
					</trkpt>
					<trkpt lat="46.852980" lon="4.669940">
						<ele>363</ele>
						<time>2026-04-29T12:03:37Z</time>
					</trkpt>
					<trkpt lat="46.851160" lon="4.673220">
						<ele>380</ele>
						<time>2026-04-29T12:04:28Z</time>
					</trkpt>
					<trkpt lat="46.850760" lon="4.673900">
						<ele>381</ele>
						<time>2026-04-29T12:04:39Z</time>
					</trkpt>
					<trkpt lat="46.850430" lon="4.674420">
						<ele>379</ele>
						<time>2026-04-29T12:04:48Z</time>
					</trkpt>
					<trkpt lat="46.849680" lon="4.675480">
						<ele>374</ele>
						<time>2026-04-29T12:05:06Z</time>
					</trkpt>
					<trkpt lat="46.849460" lon="4.675760">
						<ele>373</ele>
						<time>2026-04-29T12:05:11Z</time>
					</trkpt>
					<trkpt lat="46.849250" lon="4.675940">
						<ele>372</ele>
						<time>2026-04-29T12:05:16Z</time>
					</trkpt>
					<trkpt lat="46.848980" lon="4.676110">
						<ele>371</ele>
						<time>2026-04-29T12:05:21Z</time>
					</trkpt>
					<trkpt lat="46.848770" lon="4.676270">
						<ele>370</ele>
						<time>2026-04-29T12:05:25Z</time>
					</trkpt>
					<trkpt lat="46.848590" lon="4.676460">
						<ele>369</ele>
						<time>2026-04-29T12:05:29Z</time>
					</trkpt>
					<trkpt lat="46.848440" lon="4.676690">
						<ele>368</ele>
						<time>2026-04-29T12:05:33Z</time>
					</trkpt>
					<trkpt lat="46.848350" lon="4.676850">
						<ele>368</ele>
						<time>2026-04-29T12:05:35Z</time>
					</trkpt>
					<trkpt lat="46.847780" lon="4.678170">
						<ele>366</ele>
						<time>2026-04-29T12:05:54Z</time>
					</trkpt>
					<trkpt lat="46.847740" lon="4.678220">
						<ele>366</ele>
						<time>2026-04-29T12:05:55Z</time>
					</trkpt>
					<trkpt lat="46.847710" lon="4.678240">
						<ele>367</ele>
						<time>2026-04-29T12:05:56Z</time>
					</trkpt>
					<trkpt lat="46.847700" lon="4.678430">
						<ele>366</ele>
						<time>2026-04-29T12:05:58Z</time>
					</trkpt>
					<trkpt lat="46.847690" lon="4.678540">
						<ele>366</ele>
						<time>2026-04-29T12:06:00Z</time>
					</trkpt>
					<trkpt lat="46.847640" lon="4.679170">
						<ele>366</ele>
						<time>2026-04-29T12:06:07Z</time>
					</trkpt>
					<trkpt lat="46.847630" lon="4.679340">
						<ele>366</ele>
						<time>2026-04-29T12:06:09Z</time>
					</trkpt>
					<trkpt lat="46.847620" lon="4.679380">
						<ele>366</ele>
						<time>2026-04-29T12:06:10Z</time>
					</trkpt>
					<trkpt lat="46.847610" lon="4.679740">
						<ele>366</ele>
						<time>2026-04-29T12:06:14Z</time>
					</trkpt>
					<trkpt lat="46.847590" lon="4.679950">
						<ele>366</ele>
						<time>2026-04-29T12:06:17Z</time>
					</trkpt>
					<trkpt lat="46.847580" lon="4.680120">
						<ele>366</ele>
						<time>2026-04-29T12:06:19Z</time>
					</trkpt>
					<trkpt lat="46.847550" lon="4.680420">
						<ele>365</ele>
						<time>2026-04-29T12:06:23Z</time>
					</trkpt>
					<trkpt lat="46.847520" lon="4.680600">
						<ele>365</ele>
						<time>2026-04-29T12:06:25Z</time>
					</trkpt>
					<trkpt lat="46.847490" lon="4.680760">
						<ele>364</ele>
						<time>2026-04-29T12:06:27Z</time>
					</trkpt>
					<trkpt lat="46.847350" lon="4.681380">
						<ele>363</ele>
						<time>2026-04-29T12:06:35Z</time>
					</trkpt>
					<trkpt lat="46.847320" lon="4.681640">
						<ele>363</ele>
						<time>2026-04-29T12:06:38Z</time>
					</trkpt>
					<trkpt lat="46.847200" lon="4.682780">
						<ele>363</ele>
						<time>2026-04-29T12:06:52Z</time>
					</trkpt>
					<trkpt lat="46.847190" lon="4.682820">
						<ele>363</ele>
						<time>2026-04-29T12:06:53Z</time>
					</trkpt>
					<trkpt lat="46.847160" lon="4.682870">
						<ele>363</ele>
						<time>2026-04-29T12:06:53Z</time>
					</trkpt>
					<trkpt lat="46.847190" lon="4.682970">
						<ele>363</ele>
						<time>2026-04-29T12:06:55Z</time>
					</trkpt>
					<trkpt lat="46.847200" lon="4.683090">
						<ele>364</ele>
						<time>2026-04-29T12:06:56Z</time>
					</trkpt>
					<trkpt lat="46.847130" lon="4.684590">
						<ele>371</ele>
						<time>2026-04-29T12:07:15Z</time>
					</trkpt>
					<trkpt lat="46.847110" lon="4.684810">
						<ele>372</ele>
						<time>2026-04-29T12:07:17Z</time>
					</trkpt>
					<trkpt lat="46.847120" lon="4.684910">
						<ele>373</ele>
						<time>2026-04-29T12:07:18Z</time>
					</trkpt>
					<trkpt lat="46.847090" lon="4.684920">
						<ele>373</ele>
						<time>2026-04-29T12:07:19Z</time>
					</trkpt>
					<trkpt lat="46.847000" lon="4.684960">
						<ele>373</ele>
						<time>2026-04-29T12:07:21Z</time>
					</trkpt>
					<trkpt lat="46.846900" lon="4.685000">
						<ele>372</ele>
						<time>2026-04-29T12:07:23Z</time>
					</trkpt>
					<trkpt lat="46.846860" lon="4.685030">
						<ele>372</ele>
						<time>2026-04-29T12:07:23Z</time>
					</trkpt>
					<trkpt lat="46.846830" lon="4.685080">
						<ele>372</ele>
						<time>2026-04-29T12:07:24Z</time>
					</trkpt>
					<trkpt lat="46.846780" lon="4.685080">
						<ele>372</ele>
						<time>2026-04-29T12:07:25Z</time>
					</trkpt>
					<trkpt lat="46.846450" lon="4.685150">
						<ele>366</ele>
						<time>2026-04-29T12:07:31Z</time>
					</trkpt>
					<trkpt lat="46.846490" lon="4.685640">
						<ele>368</ele>
						<time>2026-04-29T12:07:37Z</time>
					</trkpt>
					<trkpt lat="46.846600" lon="4.686010">
						<ele>370</ele>
						<time>2026-04-29T12:07:42Z</time>
					</trkpt>
					<trkpt lat="46.846870" lon="4.686500">
						<ele>373</ele>
						<time>2026-04-29T12:07:50Z</time>
					</trkpt>
					<trkpt lat="46.846910" lon="4.686590">
						<ele>373</ele>
						<time>2026-04-29T12:07:51Z</time>
					</trkpt>
					<trkpt lat="46.846920" lon="4.686720">
						<ele>373</ele>
						<time>2026-04-29T12:07:52Z</time>
					</trkpt>
					<trkpt lat="46.846870" lon="4.686920">
						<ele>371</ele>
						<time>2026-04-29T12:07:55Z</time>
					</trkpt>
					<trkpt lat="46.846790" lon="4.687250">
						<ele>370</ele>
						<time>2026-04-29T12:07:59Z</time>
					</trkpt>
					<trkpt lat="46.846770" lon="4.687480">
						<ele>369</ele>
						<time>2026-04-29T12:08:02Z</time>
					</trkpt>
					<trkpt lat="46.846790" lon="4.687570">
						<ele>368</ele>
						<time>2026-04-29T12:08:03Z</time>
					</trkpt>
					<trkpt lat="46.846810" lon="4.687640">
						<ele>368</ele>
						<time>2026-04-29T12:08:04Z</time>
					</trkpt>
					<trkpt lat="46.846840" lon="4.687670">
						<ele>368</ele>
						<time>2026-04-29T12:08:05Z</time>
					</trkpt>
					<trkpt lat="46.846830" lon="4.687720">
						<ele>367</ele>
						<time>2026-04-29T12:08:05Z</time>
					</trkpt>
					<trkpt lat="46.846830" lon="4.687750">
						<ele>367</ele>
						<time>2026-04-29T12:08:06Z</time>
					</trkpt>
					<trkpt lat="46.846870" lon="4.687790">
						<ele>367</ele>
						<time>2026-04-29T12:08:07Z</time>
					</trkpt>
					<trkpt lat="46.847090" lon="4.687880">
						<ele>367</ele>
						<time>2026-04-29T12:08:11Z</time>
					</trkpt>
					<trkpt lat="46.847250" lon="4.687950">
						<ele>368</ele>
						<time>2026-04-29T12:08:14Z</time>
					</trkpt>
					<trkpt lat="46.847380" lon="4.688030">
						<ele>368</ele>
						<time>2026-04-29T12:08:16Z</time>
					</trkpt>
					<trkpt lat="46.847500" lon="4.688140">
						<ele>367</ele>
						<time>2026-04-29T12:08:19Z</time>
					</trkpt>
					<trkpt lat="46.847800" lon="4.688500">
						<ele>363</ele>
						<time>2026-04-29T12:08:26Z</time>
					</trkpt>
					<trkpt lat="46.847910" lon="4.688580">
						<ele>362</ele>
						<time>2026-04-29T12:08:28Z</time>
					</trkpt>
					<trkpt lat="46.848370" lon="4.688820">
						<ele>360</ele>
						<time>2026-04-29T12:08:37Z</time>
					</trkpt>
					<trkpt lat="46.848490" lon="4.688900">
						<ele>359</ele>
						<time>2026-04-29T12:08:39Z</time>
					</trkpt>
					<trkpt lat="46.848890" lon="4.689270">
						<ele>356</ele>
						<time>2026-04-29T12:08:47Z</time>
					</trkpt>
					<trkpt lat="46.849000" lon="4.689400">
						<ele>355</ele>
						<time>2026-04-29T12:08:50Z</time>
					</trkpt>
					<trkpt lat="46.849110" lon="4.689570">
						<ele>353</ele>
						<time>2026-04-29T12:08:53Z</time>
					</trkpt>
					<trkpt lat="46.849300" lon="4.689960">
						<ele>349</ele>
						<time>2026-04-29T12:08:58Z</time>
					</trkpt>
					<trkpt lat="46.849370" lon="4.690090">
						<ele>348</ele>
						<time>2026-04-29T12:09:00Z</time>
					</trkpt>
					<trkpt lat="46.849520" lon="4.690300">
						<ele>347</ele>
						<time>2026-04-29T12:09:04Z</time>
					</trkpt>
					<trkpt lat="46.849660" lon="4.690480">
						<ele>347</ele>
						<time>2026-04-29T12:09:07Z</time>
					</trkpt>
					<trkpt lat="46.849800" lon="4.690740">
						<ele>345</ele>
						<time>2026-04-29T12:09:12Z</time>
					</trkpt>
					<trkpt lat="46.849880" lon="4.690940">
						<ele>344</ele>
						<time>2026-04-29T12:09:14Z</time>
					</trkpt>
					<trkpt lat="46.849920" lon="4.691100">
						<ele>343</ele>
						<time>2026-04-29T12:09:16Z</time>
					</trkpt>
					<trkpt lat="46.849940" lon="4.691200">
						<ele>342</ele>
						<time>2026-04-29T12:09:18Z</time>
					</trkpt>
					<trkpt lat="46.849950" lon="4.691320">
						<ele>341</ele>
						<time>2026-04-29T12:09:19Z</time>
					</trkpt>
					<trkpt lat="46.849940" lon="4.691460">
						<ele>339</ele>
						<time>2026-04-29T12:09:21Z</time>
					</trkpt>
					<trkpt lat="46.849930" lon="4.691590">
						<ele>337</ele>
						<time>2026-04-29T12:09:22Z</time>
					</trkpt>
					<trkpt lat="46.849830" lon="4.692090">
						<ele>332</ele>
						<time>2026-04-29T12:09:29Z</time>
					</trkpt>
					<trkpt lat="46.849700" lon="4.693030">
						<ele>326</ele>
						<time>2026-04-29T12:09:40Z</time>
					</trkpt>
					<trkpt lat="46.849700" lon="4.693210">
						<ele>325</ele>
						<time>2026-04-29T12:09:43Z</time>
					</trkpt>
					<trkpt lat="46.849700" lon="4.693380">
						<ele>324</ele>
						<time>2026-04-29T12:09:45Z</time>
					</trkpt>
					<trkpt lat="46.849730" lon="4.693720">
						<ele>323</ele>
						<time>2026-04-29T12:09:49Z</time>
					</trkpt>
					<trkpt lat="46.849840" lon="4.694290">
						<ele>321</ele>
						<time>2026-04-29T12:09:56Z</time>
					</trkpt>
					<trkpt lat="46.849930" lon="4.694800">
						<ele>317</ele>
						<time>2026-04-29T12:10:03Z</time>
					</trkpt>
					<trkpt lat="46.850000" lon="4.695130">
						<ele>316</ele>
						<time>2026-04-29T12:10:07Z</time>
					</trkpt>
					<trkpt lat="46.850200" lon="4.695950">
						<ele>313</ele>
						<time>2026-04-29T12:10:17Z</time>
					</trkpt>
					<trkpt lat="46.850260" lon="4.696160">
						<ele>311</ele>
						<time>2026-04-29T12:10:20Z</time>
					</trkpt>
					<trkpt lat="46.850470" lon="4.696710">
						<ele>308</ele>
						<time>2026-04-29T12:10:28Z</time>
					</trkpt>
					<trkpt lat="46.850490" lon="4.696760">
						<ele>308</ele>
						<time>2026-04-29T12:10:28Z</time>
					</trkpt>
					<trkpt lat="46.850670" lon="4.697390">
						<ele>306</ele>
						<time>2026-04-29T12:10:37Z</time>
					</trkpt>
					<trkpt lat="46.850680" lon="4.697430">
						<ele>305</ele>
						<time>2026-04-29T12:10:37Z</time>
					</trkpt>
					<trkpt lat="46.850720" lon="4.697630">
						<ele>305</ele>
						<time>2026-04-29T12:10:40Z</time>
					</trkpt>
					<trkpt lat="46.850740" lon="4.697920">
						<ele>304</ele>
						<time>2026-04-29T12:10:43Z</time>
					</trkpt>
					<trkpt lat="46.850730" lon="4.701430">
						<ele>283</ele>
						<time>2026-04-29T12:11:26Z</time>
					</trkpt>
					<trkpt lat="46.850720" lon="4.702470">
						<ele>277</ele>
						<time>2026-04-29T12:11:39Z</time>
					</trkpt>
					<trkpt lat="46.850710" lon="4.702640">
						<ele>276</ele>
						<time>2026-04-29T12:11:41Z</time>
					</trkpt>
					<trkpt lat="46.850670" lon="4.702720">
						<ele>276</ele>
						<time>2026-04-29T12:11:42Z</time>
					</trkpt>
					<trkpt lat="46.850840" lon="4.703010">
						<ele>275</ele>
						<time>2026-04-29T12:11:47Z</time>
					</trkpt>
					<trkpt lat="46.851490" lon="4.704010">
						<ele>274</ele>
						<time>2026-04-29T12:12:03Z</time>
					</trkpt>
					<trkpt lat="46.851790" lon="4.704540">
						<ele>273</ele>
						<time>2026-04-29T12:12:12Z</time>
					</trkpt>
					<trkpt lat="46.852230" lon="4.705420">
						<ele>270</ele>
						<time>2026-04-29T12:12:25Z</time>
					</trkpt>
					<trkpt lat="46.852260" lon="4.705460">
						<ele>270</ele>
						<time>2026-04-29T12:12:26Z</time>
					</trkpt>
					<trkpt lat="46.852450" lon="4.705850">
						<ele>271</ele>
						<time>2026-04-29T12:12:32Z</time>
					</trkpt>
					<trkpt lat="46.852610" lon="4.706120">
						<ele>272</ele>
						<time>2026-04-29T12:12:36Z</time>
					</trkpt>
					<trkpt lat="46.852780" lon="4.706350">
						<ele>273</ele>
						<time>2026-04-29T12:12:40Z</time>
					</trkpt>
					<trkpt lat="46.852980" lon="4.706590">
						<ele>275</ele>
						<time>2026-04-29T12:12:45Z</time>
					</trkpt>
					<trkpt lat="46.853110" lon="4.706790">
						<ele>277</ele>
						<time>2026-04-29T12:12:48Z</time>
					</trkpt>
					<trkpt lat="46.853140" lon="4.706870">
						<ele>277</ele>
						<time>2026-04-29T12:12:49Z</time>
					</trkpt>
					<trkpt lat="46.853180" lon="4.707000">
						<ele>278</ele>
						<time>2026-04-29T12:12:51Z</time>
					</trkpt>
					<trkpt lat="46.853210" lon="4.707320">
						<ele>279</ele>
						<time>2026-04-29T12:12:55Z</time>
					</trkpt>
					<trkpt lat="46.853250" lon="4.707440">
						<ele>279</ele>
						<time>2026-04-29T12:12:56Z</time>
					</trkpt>
					<trkpt lat="46.853360" lon="4.707810">
						<ele>280</ele>
						<time>2026-04-29T12:13:01Z</time>
					</trkpt>
					<trkpt lat="46.853500" lon="4.708440">
						<ele>280</ele>
						<time>2026-04-29T12:13:09Z</time>
					</trkpt>
					<trkpt lat="46.853630" lon="4.709210">
						<ele>278</ele>
						<time>2026-04-29T12:13:19Z</time>
					</trkpt>
					<trkpt lat="46.853790" lon="4.709960">
						<ele>275</ele>
						<time>2026-04-29T12:13:29Z</time>
					</trkpt>
					<trkpt lat="46.853880" lon="4.710330">
						<ele>274</ele>
						<time>2026-04-29T12:13:33Z</time>
					</trkpt>
					<trkpt lat="46.854000" lon="4.710700">
						<ele>274</ele>
						<time>2026-04-29T12:13:38Z</time>
					</trkpt>
					<trkpt lat="46.854190" lon="4.711210">
						<ele>274</ele>
						<time>2026-04-29T12:13:45Z</time>
					</trkpt>
					<trkpt lat="46.854430" lon="4.712230">
						<ele>270</ele>
						<time>2026-04-29T12:13:59Z</time>
					</trkpt>
					<trkpt lat="46.854540" lon="4.712680">
						<ele>268</ele>
						<time>2026-04-29T12:14:04Z</time>
					</trkpt>
					<trkpt lat="46.854650" lon="4.713120">
						<ele>266</ele>
						<time>2026-04-29T12:14:10Z</time>
					</trkpt>
					<trkpt lat="46.854800" lon="4.713560">
						<ele>264</ele>
						<time>2026-04-29T12:14:16Z</time>
					</trkpt>
					<trkpt lat="46.854900" lon="4.713840">
						<ele>263</ele>
						<time>2026-04-29T12:14:20Z</time>
					</trkpt>
					<trkpt lat="46.854950" lon="4.713920">
						<ele>263</ele>
						<time>2026-04-29T12:14:21Z</time>
					</trkpt>
					<trkpt lat="46.855000" lon="4.714000">
						<ele>263</ele>
						<time>2026-04-29T12:14:23Z</time>
					</trkpt>
					<trkpt lat="46.855160" lon="4.714100">
						<ele>263</ele>
						<time>2026-04-29T12:14:26Z</time>
					</trkpt>
					<trkpt lat="46.855260" lon="4.714140">
						<ele>264</ele>
						<time>2026-04-29T12:14:28Z</time>
					</trkpt>
					<trkpt lat="46.855330" lon="4.714200">
						<ele>264</ele>
						<time>2026-04-29T12:14:29Z</time>
					</trkpt>
					<trkpt lat="46.855400" lon="4.714280">
						<ele>264</ele>
						<time>2026-04-29T12:14:31Z</time>
					</trkpt>
					<trkpt lat="46.855480" lon="4.714390">
						<ele>265</ele>
						<time>2026-04-29T12:14:32Z</time>
					</trkpt>
					<trkpt lat="46.855570" lon="4.714540">
						<ele>265</ele>
						<time>2026-04-29T12:14:35Z</time>
					</trkpt>
					<trkpt lat="46.855930" lon="4.715120">
						<ele>266</ele>
						<time>2026-04-29T12:14:44Z</time>
					</trkpt>
					<trkpt lat="46.856110" lon="4.715330">
						<ele>265</ele>
						<time>2026-04-29T12:14:49Z</time>
					</trkpt>
					<trkpt lat="46.856210" lon="4.715410">
						<ele>265</ele>
						<time>2026-04-29T12:14:51Z</time>
					</trkpt>
					<trkpt lat="46.856370" lon="4.715570">
						<ele>265</ele>
						<time>2026-04-29T12:14:54Z</time>
					</trkpt>
					<trkpt lat="46.856430" lon="4.715650">
						<ele>265</ele>
						<time>2026-04-29T12:14:55Z</time>
					</trkpt>
					<trkpt lat="46.856480" lon="4.715760">
						<ele>265</ele>
						<time>2026-04-29T12:14:57Z</time>
					</trkpt>
					<trkpt lat="46.856580" lon="4.716070">
						<ele>264</ele>
						<time>2026-04-29T12:15:01Z</time>
					</trkpt>
					<trkpt lat="46.856640" lon="4.716410">
						<ele>262</ele>
						<time>2026-04-29T12:15:06Z</time>
					</trkpt>
					<trkpt lat="46.856710" lon="4.716620">
						<ele>262</ele>
						<time>2026-04-29T12:15:08Z</time>
					</trkpt>
					<trkpt lat="46.856790" lon="4.716780">
						<ele>262</ele>
						<time>2026-04-29T12:15:11Z</time>
					</trkpt>
					<trkpt lat="46.856920" lon="4.717000">
						<ele>262</ele>
						<time>2026-04-29T12:15:14Z</time>
					</trkpt>
					<trkpt lat="46.857140" lon="4.717260">
						<ele>263</ele>
						<time>2026-04-29T12:15:19Z</time>
					</trkpt>
					<trkpt lat="46.857250" lon="4.717450">
						<ele>263</ele>
						<time>2026-04-29T12:15:22Z</time>
					</trkpt>
					<trkpt lat="46.857390" lon="4.717790">
						<ele>263</ele>
						<time>2026-04-29T12:15:27Z</time>
					</trkpt>
					<trkpt lat="46.857600" lon="4.718300">
						<ele>265</ele>
						<time>2026-04-29T12:15:34Z</time>
					</trkpt>
					<trkpt lat="46.857800" lon="4.718820">
						<ele>266</ele>
						<time>2026-04-29T12:15:42Z</time>
					</trkpt>
					<trkpt lat="46.857990" lon="4.719310">
						<ele>267</ele>
						<time>2026-04-29T12:15:49Z</time>
					</trkpt>
					<trkpt lat="46.858130" lon="4.719530">
						<ele>268</ele>
						<time>2026-04-29T12:15:52Z</time>
					</trkpt>
					<trkpt lat="46.858290" lon="4.719750">
						<ele>269</ele>
						<time>2026-04-29T12:15:56Z</time>
					</trkpt>
					<trkpt lat="46.858790" lon="4.720330">
						<ele>271</ele>
						<time>2026-04-29T12:16:07Z</time>
					</trkpt>
					<trkpt lat="46.859400" lon="4.721030">
						<ele>272</ele>
						<time>2026-04-29T12:16:21Z</time>
					</trkpt>
					<trkpt lat="46.859580" lon="4.721320">
						<ele>271</ele>
						<time>2026-04-29T12:16:26Z</time>
					</trkpt>
					<trkpt lat="46.859810" lon="4.721580">
						<ele>271</ele>
						<time>2026-04-29T12:16:31Z</time>
					</trkpt>
					<trkpt lat="46.860380" lon="4.722080">
						<ele>268</ele>
						<time>2026-04-29T12:16:43Z</time>
					</trkpt>
					<trkpt lat="46.860740" lon="4.722430">
						<ele>266</ele>
						<time>2026-04-29T12:16:51Z</time>
					</trkpt>
					<trkpt lat="46.861240" lon="4.722910">
						<ele>263</ele>
						<time>2026-04-29T12:17:01Z</time>
					</trkpt>
					<trkpt lat="46.861610" lon="4.723300">
						<ele>262</ele>
						<time>2026-04-29T12:17:09Z</time>
					</trkpt>
					<trkpt lat="46.861750" lon="4.723450">
						<ele>262</ele>
						<time>2026-04-29T12:17:13Z</time>
					</trkpt>
					<trkpt lat="46.862250" lon="4.723930">
						<ele>262</ele>
						<time>2026-04-29T12:17:23Z</time>
					</trkpt>
					<trkpt lat="46.862430" lon="4.724110">
						<ele>262</ele>
						<time>2026-04-29T12:17:27Z</time>
					</trkpt>
					<trkpt lat="46.862540" lon="4.724240">
						<ele>262</ele>
						<time>2026-04-29T12:17:30Z</time>
					</trkpt>
					<trkpt lat="46.862650" lon="4.724440">
						<ele>262</ele>
						<time>2026-04-29T12:17:33Z</time>
					</trkpt>
					<trkpt lat="46.862800" lon="4.724800">
						<ele>262</ele>
						<time>2026-04-29T12:17:38Z</time>
					</trkpt>
					<trkpt lat="46.862930" lon="4.725210">
						<ele>260</ele>
						<time>2026-04-29T12:17:43Z</time>
					</trkpt>
					<trkpt lat="46.863140" lon="4.725830">
						<ele>257</ele>
						<time>2026-04-29T12:17:52Z</time>
					</trkpt>
					<trkpt lat="46.863250" lon="4.726290">
						<ele>255</ele>
						<time>2026-04-29T12:17:58Z</time>
					</trkpt>
					<trkpt lat="46.863390" lon="4.726870">
						<ele>251</ele>
						<time>2026-04-29T12:18:05Z</time>
					</trkpt>
					<trkpt lat="46.863590" lon="4.727480">
						<ele>248</ele>
						<time>2026-04-29T12:18:13Z</time>
					</trkpt>
					<trkpt lat="46.863800" lon="4.727860">
						<ele>247</ele>
						<time>2026-04-29T12:18:19Z</time>
					</trkpt>
					<trkpt lat="46.864050" lon="4.728250">
						<ele>246</ele>
						<time>2026-04-29T12:18:26Z</time>
					</trkpt>
					<trkpt lat="46.864100" lon="4.728370">
						<ele>245</ele>
						<time>2026-04-29T12:18:28Z</time>
					</trkpt>
					<trkpt lat="46.864130" lon="4.728610">
						<ele>244</ele>
						<time>2026-04-29T12:18:31Z</time>
					</trkpt>
					<trkpt lat="46.864220" lon="4.729020">
						<ele>242</ele>
						<time>2026-04-29T12:18:36Z</time>
					</trkpt>
					<trkpt lat="46.864220" lon="4.729120">
						<ele>241</ele>
						<time>2026-04-29T12:18:37Z</time>
					</trkpt>
					<trkpt lat="46.864220" lon="4.729220">
						<ele>241</ele>
						<time>2026-04-29T12:18:38Z</time>
					</trkpt>
					<trkpt lat="46.864210" lon="4.729330">
						<ele>241</ele>
						<time>2026-04-29T12:18:40Z</time>
					</trkpt>
					<trkpt lat="46.864120" lon="4.729640">
						<ele>241</ele>
						<time>2026-04-29T12:18:44Z</time>
					</trkpt>
					<trkpt lat="46.864100" lon="4.729750">
						<ele>241</ele>
						<time>2026-04-29T12:18:45Z</time>
					</trkpt>
					<trkpt lat="46.864100" lon="4.729850">
						<ele>241</ele>
						<time>2026-04-29T12:18:46Z</time>
					</trkpt>
					<trkpt lat="46.864110" lon="4.730000">
						<ele>241</ele>
						<time>2026-04-29T12:18:48Z</time>
					</trkpt>
					<trkpt lat="46.864150" lon="4.730180">
						<ele>242</ele>
						<time>2026-04-29T12:18:50Z</time>
					</trkpt>
					<trkpt lat="46.864210" lon="4.730320">
						<ele>243</ele>
						<time>2026-04-29T12:18:52Z</time>
					</trkpt>
					<trkpt lat="46.864800" lon="4.731310">
						<ele>246</ele>
						<time>2026-04-29T12:19:08Z</time>
					</trkpt>
					<trkpt lat="46.864890" lon="4.731470">
						<ele>246</ele>
						<time>2026-04-29T12:19:11Z</time>
					</trkpt>
					<trkpt lat="46.864940" lon="4.731610">
						<ele>246</ele>
						<time>2026-04-29T12:19:13Z</time>
					</trkpt>
					<trkpt lat="46.865090" lon="4.732020">
						<ele>251</ele>
						<time>2026-04-29T12:19:18Z</time>
					</trkpt>
					<trkpt lat="46.865190" lon="4.732190">
						<ele>252</ele>
						<time>2026-04-29T12:19:21Z</time>
					</trkpt>
					<trkpt lat="46.865310" lon="4.732340">
						<ele>253</ele>
						<time>2026-04-29T12:19:24Z</time>
					</trkpt>
					<trkpt lat="46.865440" lon="4.732460">
						<ele>253</ele>
						<time>2026-04-29T12:19:27Z</time>
					</trkpt>
					<trkpt lat="46.865610" lon="4.732600">
						<ele>252</ele>
						<time>2026-04-29T12:19:30Z</time>
					</trkpt>
					<trkpt lat="46.866080" lon="4.732940">
						<ele>251</ele>
						<time>2026-04-29T12:19:40Z</time>
					</trkpt>
					<trkpt lat="46.866240" lon="4.733100">
						<ele>251</ele>
						<time>2026-04-29T12:19:43Z</time>
					</trkpt>
					<trkpt lat="46.866370" lon="4.733260">
						<ele>252</ele>
						<time>2026-04-29T12:19:46Z</time>
					</trkpt>
					<trkpt lat="46.866580" lon="4.733560">
						<ele>253</ele>
						<time>2026-04-29T12:19:51Z</time>
					</trkpt>
					<trkpt lat="46.866890" lon="4.734020">
						<ele>255</ele>
						<time>2026-04-29T12:19:59Z</time>
					</trkpt>
					<trkpt lat="46.866940" lon="4.734100">
						<ele>255</ele>
						<time>2026-04-29T12:20:00Z</time>
					</trkpt>
					<trkpt lat="46.867030" lon="4.734190">
						<ele>255</ele>
						<time>2026-04-29T12:20:02Z</time>
					</trkpt>
					<trkpt lat="46.867090" lon="4.734210">
						<ele>255</ele>
						<time>2026-04-29T12:20:03Z</time>
					</trkpt>
					<trkpt lat="46.867500" lon="4.734230">
						<ele>253</ele>
						<time>2026-04-29T12:20:11Z</time>
					</trkpt>
					<trkpt lat="46.867760" lon="4.734280">
						<ele>254</ele>
						<time>2026-04-29T12:20:15Z</time>
					</trkpt>
					<trkpt lat="46.867960" lon="4.734370">
						<ele>255</ele>
						<time>2026-04-29T12:20:19Z</time>
					</trkpt>
					<trkpt lat="46.868060" lon="4.734470">
						<ele>255</ele>
						<time>2026-04-29T12:20:21Z</time>
					</trkpt>
					<trkpt lat="46.868110" lon="4.734540">
						<ele>255</ele>
						<time>2026-04-29T12:20:23Z</time>
					</trkpt>
					<trkpt lat="46.868180" lon="4.734690">
						<ele>256</ele>
						<time>2026-04-29T12:20:25Z</time>
					</trkpt>
					<trkpt lat="46.868300" lon="4.734890">
						<ele>257</ele>
						<time>2026-04-29T12:20:28Z</time>
					</trkpt>
					<trkpt lat="46.868550" lon="4.735230">
						<ele>258</ele>
						<time>2026-04-29T12:20:34Z</time>
					</trkpt>
					<trkpt lat="46.868650" lon="4.735360">
						<ele>258</ele>
						<time>2026-04-29T12:20:36Z</time>
					</trkpt>
					<trkpt lat="46.868780" lon="4.735570">
						<ele>259</ele>
						<time>2026-04-29T12:20:40Z</time>
					</trkpt>
					<trkpt lat="46.868740" lon="4.735750">
						<ele>257</ele>
						<time>2026-04-29T12:20:42Z</time>
					</trkpt>
					<trkpt lat="46.868390" lon="4.737010">
						<ele>248</ele>
						<time>2026-04-29T12:20:59Z</time>
					</trkpt>
					<trkpt lat="46.868320" lon="4.737270">
						<ele>247</ele>
						<time>2026-04-29T12:21:02Z</time>
					</trkpt>
					<trkpt lat="46.868310" lon="4.737390">
						<ele>247</ele>
						<time>2026-04-29T12:21:04Z</time>
					</trkpt>
					<trkpt lat="46.868360" lon="4.737620">
						<ele>245</ele>
						<time>2026-04-29T12:21:07Z</time>
					</trkpt>
					<trkpt lat="46.868510" lon="4.737930">
						<ele>243</ele>
						<time>2026-04-29T12:21:11Z</time>
					</trkpt>
					<trkpt lat="46.868700" lon="4.738260">
						<ele>241</ele>
						<time>2026-04-29T12:21:16Z</time>
					</trkpt>
					<trkpt lat="46.868940" lon="4.738630">
						<ele>238</ele>
						<time>2026-04-29T12:21:23Z</time>
					</trkpt>
					<trkpt lat="46.869000" lon="4.738680">
						<ele>238</ele>
						<time>2026-04-29T12:21:24Z</time>
					</trkpt>
					<trkpt lat="46.869090" lon="4.738750">
						<ele>237</ele>
						<time>2026-04-29T12:21:26Z</time>
					</trkpt>
					<trkpt lat="46.869060" lon="4.739170">
						<ele>235</ele>
						<time>2026-04-29T12:21:31Z</time>
					</trkpt>
					<trkpt lat="46.868970" lon="4.739630">
						<ele>234</ele>
						<time>2026-04-29T12:21:37Z</time>
					</trkpt>
					<trkpt lat="46.868740" lon="4.740610">
						<ele>234</ele>
						<time>2026-04-29T12:21:49Z</time>
					</trkpt>
					<trkpt lat="46.868630" lon="4.741090">
						<ele>235</ele>
						<time>2026-04-29T12:21:55Z</time>
					</trkpt>
					<trkpt lat="46.868620" lon="4.741240">
						<ele>236</ele>
						<time>2026-04-29T12:21:57Z</time>
					</trkpt>
					<trkpt lat="46.868630" lon="4.741420">
						<ele>237</ele>
						<time>2026-04-29T12:21:59Z</time>
					</trkpt>
					<trkpt lat="46.868670" lon="4.741640">
						<ele>237</ele>
						<time>2026-04-29T12:22:02Z</time>
					</trkpt>
					<trkpt lat="46.868730" lon="4.741950">
						<ele>239</ele>
						<time>2026-04-29T12:22:06Z</time>
					</trkpt>
					<trkpt lat="46.868670" lon="4.742280">
						<ele>241</ele>
						<time>2026-04-29T12:22:10Z</time>
					</trkpt>
					<trkpt lat="46.868630" lon="4.742750">
						<ele>241</ele>
						<time>2026-04-29T12:22:16Z</time>
					</trkpt>
					<trkpt lat="46.868580" lon="4.743060">
						<ele>241</ele>
						<time>2026-04-29T12:22:20Z</time>
					</trkpt>
					<trkpt lat="46.868470" lon="4.743560">
						<ele>240</ele>
						<time>2026-04-29T12:22:26Z</time>
					</trkpt>
					<trkpt lat="46.868370" lon="4.743930">
						<ele>237</ele>
						<time>2026-04-29T12:22:31Z</time>
					</trkpt>
					<trkpt lat="46.868330" lon="4.744100">
						<ele>236</ele>
						<time>2026-04-29T12:22:33Z</time>
					</trkpt>
					<trkpt lat="46.868290" lon="4.744280">
						<ele>236</ele>
						<time>2026-04-29T12:22:36Z</time>
					</trkpt>
					<trkpt lat="46.868270" lon="4.744340">
						<ele>235</ele>
						<time>2026-04-29T12:22:36Z</time>
					</trkpt>
					<trkpt lat="46.868220" lon="4.744400">
						<ele>235</ele>
						<time>2026-04-29T12:22:38Z</time>
					</trkpt>
					<trkpt lat="46.868130" lon="4.744440">
						<ele>235</ele>
						<time>2026-04-29T12:22:39Z</time>
					</trkpt>
					<trkpt lat="46.868020" lon="4.744430">
						<ele>235</ele>
						<time>2026-04-29T12:22:41Z</time>
					</trkpt>
					<trkpt lat="46.867950" lon="4.744440">
						<ele>235</ele>
						<time>2026-04-29T12:22:42Z</time>
					</trkpt>
					<trkpt lat="46.867900" lon="4.744500">
						<ele>235</ele>
						<time>2026-04-29T12:22:44Z</time>
					</trkpt>
					<trkpt lat="46.867860" lon="4.744600">
						<ele>234</ele>
						<time>2026-04-29T12:22:45Z</time>
					</trkpt>
					<trkpt lat="46.867620" lon="4.745640">
						<ele>230</ele>
						<time>2026-04-29T12:22:58Z</time>
					</trkpt>
					<trkpt lat="46.867580" lon="4.745770">
						<ele>229</ele>
						<time>2026-04-29T12:23:00Z</time>
					</trkpt>
					<trkpt lat="46.867530" lon="4.745870">
						<ele>229</ele>
						<time>2026-04-29T12:23:02Z</time>
					</trkpt>
					<trkpt lat="46.866980" lon="4.746640">
						<ele>225</ele>
						<time>2026-04-29T12:23:15Z</time>
					</trkpt>
					<trkpt lat="46.866690" lon="4.747030">
						<ele>224</ele>
						<time>2026-04-29T12:23:22Z</time>
					</trkpt>
					<trkpt lat="46.866610" lon="4.747160">
						<ele>223</ele>
						<time>2026-04-29T12:23:24Z</time>
					</trkpt>
					<trkpt lat="46.866230" lon="4.747870">
						<ele>219</ele>
						<time>2026-04-29T12:23:35Z</time>
					</trkpt>
					<trkpt lat="46.866140" lon="4.748060">
						<ele>218</ele>
						<time>2026-04-29T12:23:38Z</time>
					</trkpt>
					<trkpt lat="46.866110" lon="4.748170">
						<ele>218</ele>
						<time>2026-04-29T12:23:40Z</time>
					</trkpt>
					<trkpt lat="46.866050" lon="4.748360">
						<ele>217</ele>
						<time>2026-04-29T12:23:42Z</time>
					</trkpt>
					<trkpt lat="46.865470" lon="4.750800">
						<ele>213</ele>
						<time>2026-04-29T12:24:13Z</time>
					</trkpt>
					<trkpt lat="46.865370" lon="4.751170">
						<ele>213</ele>
						<time>2026-04-29T12:24:18Z</time>
					</trkpt>
					<trkpt lat="46.865310" lon="4.751530">
						<ele>212</ele>
						<time>2026-04-29T12:24:23Z</time>
					</trkpt>
					<trkpt lat="46.865220" lon="4.752150">
						<ele>212</ele>
						<time>2026-04-29T12:24:31Z</time>
					</trkpt>
					<trkpt lat="46.865200" lon="4.752340">
						<ele>212</ele>
						<time>2026-04-29T12:24:33Z</time>
					</trkpt>
					<trkpt lat="46.865200" lon="4.752450">
						<ele>212</ele>
						<time>2026-04-29T12:24:34Z</time>
					</trkpt>
					<trkpt lat="46.866690" lon="4.752430">
						<ele>214</ele>
						<time>2026-04-29T12:25:01Z</time>
					</trkpt>
					<trkpt lat="46.869160" lon="4.752410">
						<ele>216</ele>
						<time>2026-04-29T12:25:45Z</time>
					</trkpt>
					<trkpt lat="46.869890" lon="4.752410">
						<ele>217</ele>
						<time>2026-04-29T12:25:58Z</time>
					</trkpt>
					<trkpt lat="46.871700" lon="4.752390">
						<ele>220</ele>
						<time>2026-04-29T12:26:30Z</time>
					</trkpt>
					<trkpt lat="46.873340" lon="4.752380">
						<ele>218</ele>
						<time>2026-04-29T12:26:59Z</time>
					</trkpt>
					<trkpt lat="46.875210" lon="4.752370">
						<ele>215</ele>
						<time>2026-04-29T12:27:32Z</time>
					</trkpt>
					<trkpt lat="46.876690" lon="4.752370">
						<ele>212</ele>
						<time>2026-04-29T12:27:59Z</time>
					</trkpt>
					<trkpt lat="46.876800" lon="4.752370">
						<ele>212</ele>
						<time>2026-04-29T12:28:01Z</time>
					</trkpt>
					<trkpt lat="46.877800" lon="4.752360">
						<ele>215</ele>
						<time>2026-04-29T12:28:18Z</time>
					</trkpt>
					<trkpt lat="46.878430" lon="4.752360">
						<ele>216</ele>
						<time>2026-04-29T12:28:30Z</time>
					</trkpt>
					<trkpt lat="46.878580" lon="4.752370">
						<ele>217</ele>
						<time>2026-04-29T12:28:32Z</time>
					</trkpt>
					<trkpt lat="46.878630" lon="4.752370">
						<ele>217</ele>
						<time>2026-04-29T12:28:33Z</time>
					</trkpt>
					<trkpt lat="46.878880" lon="4.752460">
						<ele>217</ele>
						<time>2026-04-29T12:28:38Z</time>
					</trkpt>
					<trkpt lat="46.879080" lon="4.752560">
						<ele>217</ele>
						<time>2026-04-29T12:28:42Z</time>
					</trkpt>
					<trkpt lat="46.879120" lon="4.752620">
						<ele>217</ele>
						<time>2026-04-29T12:28:43Z</time>
					</trkpt>
					<trkpt lat="46.879170" lon="4.752640">
						<ele>217</ele>
						<time>2026-04-29T12:28:43Z</time>
					</trkpt>
					<trkpt lat="46.879190" lon="4.752640">
						<ele>217</ele>
						<time>2026-04-29T12:28:44Z</time>
					</trkpt>
					<trkpt lat="46.879220" lon="4.752630">
						<ele>217</ele>
						<time>2026-04-29T12:28:44Z</time>
					</trkpt>
					<trkpt lat="46.879260" lon="4.752590">
						<ele>217</ele>
						<time>2026-04-29T12:28:45Z</time>
					</trkpt>
					<trkpt lat="46.879270" lon="4.752560">
						<ele>217</ele>
						<time>2026-04-29T12:28:46Z</time>
					</trkpt>
					<trkpt lat="46.879390" lon="4.752460">
						<ele>218</ele>
						<time>2026-04-29T12:28:48Z</time>
					</trkpt>
					<trkpt lat="46.879470" lon="4.752410">
						<ele>218</ele>
						<time>2026-04-29T12:28:50Z</time>
					</trkpt>
					<trkpt lat="46.879610" lon="4.752380">
						<ele>218</ele>
						<time>2026-04-29T12:28:52Z</time>
					</trkpt>
					<trkpt lat="46.879910" lon="4.752350">
						<ele>219</ele>
						<time>2026-04-29T12:28:58Z</time>
					</trkpt>
					<trkpt lat="46.880140" lon="4.752350">
						<ele>219</ele>
						<time>2026-04-29T12:29:02Z</time>
					</trkpt>
					<trkpt lat="46.881120" lon="4.752340">
						<ele>220</ele>
						<time>2026-04-29T12:29:19Z</time>
					</trkpt>
					<trkpt lat="46.881470" lon="4.752330">
						<ele>220</ele>
						<time>2026-04-29T12:29:25Z</time>
					</trkpt>
					<trkpt lat="46.883900" lon="4.752320">
						<ele>223</ele>
						<time>2026-04-29T12:30:09Z</time>
					</trkpt>
					<trkpt lat="46.885420" lon="4.752310">
						<ele>224</ele>
						<time>2026-04-29T12:30:36Z</time>
					</trkpt>
					<trkpt lat="46.885500" lon="4.752300">
						<ele>224</ele>
						<time>2026-04-29T12:30:37Z</time>
					</trkpt>
					<trkpt lat="46.887430" lon="4.752290">
						<ele>226</ele>
						<time>2026-04-29T12:31:11Z</time>
					</trkpt>
					<trkpt lat="46.887940" lon="4.752280">
						<ele>226</ele>
						<time>2026-04-29T12:31:20Z</time>
					</trkpt>
					<trkpt lat="46.889090" lon="4.752270">
						<ele>226</ele>
						<time>2026-04-29T12:31:41Z</time>
					</trkpt>
					<trkpt lat="46.891250" lon="4.752250">
						<ele>224</ele>
						<time>2026-04-29T12:32:19Z</time>
					</trkpt>
					<trkpt lat="46.894010" lon="4.752250">
						<ele>226</ele>
						<time>2026-04-29T12:33:08Z</time>
					</trkpt>
					<trkpt lat="46.895520" lon="4.752230">
						<ele>229</ele>
						<time>2026-04-29T12:33:35Z</time>
					</trkpt>
					<trkpt lat="46.895980" lon="4.752230">
						<ele>230</ele>
						<time>2026-04-29T12:33:43Z</time>
					</trkpt>
					<trkpt lat="46.897150" lon="4.752220">
						<ele>231</ele>
						<time>2026-04-29T12:34:04Z</time>
					</trkpt>
					<trkpt lat="46.897550" lon="4.752210">
						<ele>232</ele>
						<time>2026-04-29T12:34:11Z</time>
					</trkpt>
					<trkpt lat="46.897960" lon="4.752220">
						<ele>233</ele>
						<time>2026-04-29T12:34:19Z</time>
					</trkpt>
					<trkpt lat="46.898690" lon="4.752200">
						<ele>233</ele>
						<time>2026-04-29T12:34:32Z</time>
					</trkpt>
					<trkpt lat="46.899250" lon="4.752190">
						<ele>232</ele>
						<time>2026-04-29T12:34:42Z</time>
					</trkpt>
					<trkpt lat="46.899770" lon="4.752180">
						<ele>231</ele>
						<time>2026-04-29T12:34:51Z</time>
					</trkpt>
					<trkpt lat="46.899900" lon="4.752170">
						<ele>230</ele>
						<time>2026-04-29T12:34:53Z</time>
					</trkpt>
					<trkpt lat="46.900130" lon="4.752130">
						<ele>230</ele>
						<time>2026-04-29T12:34:57Z</time>
					</trkpt>
					<trkpt lat="46.900750" lon="4.751880">
						<ele>229</ele>
						<time>2026-04-29T12:35:09Z</time>
					</trkpt>
					<trkpt lat="46.900890" lon="4.751850">
						<ele>228</ele>
						<time>2026-04-29T12:35:11Z</time>
					</trkpt>
					<trkpt lat="46.901030" lon="4.751820">
						<ele>228</ele>
						<time>2026-04-29T12:35:14Z</time>
					</trkpt>
					<trkpt lat="46.901150" lon="4.751840">
						<ele>227</ele>
						<time>2026-04-29T12:35:16Z</time>
					</trkpt>
					<trkpt lat="46.901280" lon="4.751900">
						<ele>227</ele>
						<time>2026-04-29T12:35:18Z</time>
					</trkpt>
					<trkpt lat="46.901570" lon="4.752090">
						<ele>226</ele>
						<time>2026-04-29T12:35:24Z</time>
					</trkpt>
					<trkpt lat="46.901670" lon="4.752140">
						<ele>226</ele>
						<time>2026-04-29T12:35:26Z</time>
					</trkpt>
					<trkpt lat="46.901880" lon="4.752170">
						<ele>225</ele>
						<time>2026-04-29T12:35:30Z</time>
					</trkpt>
					<trkpt lat="46.902300" lon="4.752160">
						<ele>223</ele>
						<time>2026-04-29T12:35:37Z</time>
					</trkpt>
					<trkpt lat="46.902380" lon="4.752160">
						<ele>223</ele>
						<time>2026-04-29T12:35:39Z</time>
					</trkpt>
					<trkpt lat="46.902620" lon="4.752160">
						<ele>222</ele>
						<time>2026-04-29T12:35:43Z</time>
					</trkpt>
					<trkpt lat="46.903290" lon="4.752150">
						<ele>222</ele>
						<time>2026-04-29T12:35:55Z</time>
					</trkpt>
					<trkpt lat="46.904070" lon="4.752140">
						<ele>223</ele>
						<time>2026-04-29T12:36:09Z</time>
					</trkpt>
					<trkpt lat="46.904210" lon="4.752140">
						<ele>223</ele>
						<time>2026-04-29T12:36:11Z</time>
					</trkpt>
					<trkpt lat="46.904920" lon="4.752150">
						<ele>222</ele>
						<time>2026-04-29T12:36:24Z</time>
					</trkpt>
					<trkpt lat="46.905130" lon="4.752160">
						<ele>222</ele>
						<time>2026-04-29T12:36:27Z</time>
					</trkpt>
					<trkpt lat="46.905180" lon="4.752180">
						<ele>222</ele>
						<time>2026-04-29T12:36:28Z</time>
					</trkpt>
					<trkpt lat="46.905260" lon="4.752240">
						<ele>222</ele>
						<time>2026-04-29T12:36:30Z</time>
					</trkpt>
					<trkpt lat="46.905230" lon="4.752300">
						<ele>222</ele>
						<time>2026-04-29T12:36:31Z</time>
					</trkpt>
					<trkpt lat="46.905230" lon="4.752370">
						<ele>223</ele>
						<time>2026-04-29T12:36:32Z</time>
					</trkpt>
					<trkpt lat="46.905260" lon="4.752430">
						<ele>223</ele>
						<time>2026-04-29T12:36:33Z</time>
					</trkpt>
					<trkpt lat="46.905310" lon="4.752460">
						<ele>223</ele>
						<time>2026-04-29T12:36:34Z</time>
					</trkpt>
					<trkpt lat="46.904440" lon="4.754590">
						<ele>227</ele>
						<time>2026-04-29T12:37:04Z</time>
					</trkpt>
					<trkpt lat="46.904320" lon="4.754850">
						<ele>228</ele>
						<time>2026-04-29T12:37:08Z</time>
					</trkpt>
					<trkpt lat="46.904210" lon="4.755080">
						<ele>229</ele>
						<time>2026-04-29T12:37:11Z</time>
					</trkpt>
					<trkpt lat="46.903980" lon="4.755550">
						<ele>230</ele>
						<time>2026-04-29T12:37:18Z</time>
					</trkpt>
					<trkpt lat="46.903880" lon="4.755700">
						<ele>230</ele>
						<time>2026-04-29T12:37:21Z</time>
					</trkpt>
					<trkpt lat="46.903820" lon="4.755640">
						<ele>230</ele>
						<time>2026-04-29T12:37:22Z</time>
					</trkpt>
					<trkpt lat="46.903780" lon="4.755630">
						<ele>230</ele>
						<time>2026-04-29T12:37:23Z</time>
					</trkpt>
					<trkpt lat="46.903740" lon="4.755640">
						<ele>230</ele>
						<time>2026-04-29T12:37:23Z</time>
					</trkpt>
					<trkpt lat="46.903700" lon="4.755680">
						<ele>230</ele>
						<time>2026-04-29T12:37:24Z</time>
					</trkpt>
					<trkpt lat="46.903670" lon="4.755750">
						<ele>230</ele>
						<time>2026-04-29T12:37:25Z</time>
					</trkpt>
					<trkpt lat="46.903660" lon="4.755810">
						<ele>230</ele>
						<time>2026-04-29T12:37:26Z</time>
					</trkpt>
					<trkpt lat="46.903670" lon="4.755860">
						<ele>230</ele>
						<time>2026-04-29T12:37:27Z</time>
					</trkpt>
					<trkpt lat="46.903700" lon="4.755930">
						<ele>230</ele>
						<time>2026-04-29T12:37:28Z</time>
					</trkpt>
					<trkpt lat="46.903730" lon="4.755960">
						<ele>230</ele>
						<time>2026-04-29T12:37:28Z</time>
					</trkpt>
					<trkpt lat="46.903770" lon="4.755980">
						<ele>230</ele>
						<time>2026-04-29T12:37:29Z</time>
					</trkpt>
					<trkpt lat="46.903670" lon="4.756850">
						<ele>231</ele>
						<time>2026-04-29T12:37:40Z</time>
					</trkpt>
					<trkpt lat="46.903600" lon="4.757370">
						<ele>231</ele>
						<time>2026-04-29T12:37:46Z</time>
					</trkpt>
					<trkpt lat="46.903580" lon="4.757650">
						<ele>232</ele>
						<time>2026-04-29T12:37:50Z</time>
					</trkpt>
					<trkpt lat="46.903570" lon="4.758170">
						<ele>233</ele>
						<time>2026-04-29T12:37:56Z</time>
					</trkpt>
					<trkpt lat="46.903580" lon="4.758710">
						<ele>233</ele>
						<time>2026-04-29T12:38:02Z</time>
					</trkpt>
					<trkpt lat="46.903590" lon="4.758930">
						<ele>233</ele>
						<time>2026-04-29T12:38:05Z</time>
					</trkpt>
					<trkpt lat="46.903610" lon="4.759400">
						<ele>234</ele>
						<time>2026-04-29T12:38:11Z</time>
					</trkpt>
					<trkpt lat="46.903620" lon="4.759600">
						<ele>233</ele>
						<time>2026-04-29T12:38:13Z</time>
					</trkpt>
					<trkpt lat="46.903650" lon="4.760110">
						<ele>233</ele>
						<time>2026-04-29T12:38:20Z</time>
					</trkpt>
					<trkpt lat="46.903670" lon="4.760630">
						<ele>233</ele>
						<time>2026-04-29T12:38:26Z</time>
					</trkpt>
					<trkpt lat="46.903660" lon="4.760890">
						<ele>233</ele>
						<time>2026-04-29T12:38:29Z</time>
					</trkpt>
					<trkpt lat="46.903630" lon="4.761160">
						<ele>234</ele>
						<time>2026-04-29T12:38:32Z</time>
					</trkpt>
					<trkpt lat="46.903590" lon="4.761160">
						<ele>234</ele>
						<time>2026-04-29T12:38:33Z</time>
					</trkpt>
					<trkpt lat="46.903550" lon="4.761170">
						<ele>234</ele>
						<time>2026-04-29T12:38:34Z</time>
					</trkpt>
					<trkpt lat="46.903510" lon="4.761210">
						<ele>234</ele>
						<time>2026-04-29T12:38:35Z</time>
					</trkpt>
					<trkpt lat="46.903480" lon="4.761260">
						<ele>234</ele>
						<time>2026-04-29T12:38:35Z</time>
					</trkpt>
					<trkpt lat="46.903470" lon="4.761350">
						<ele>235</ele>
						<time>2026-04-29T12:38:37Z</time>
					</trkpt>
					<trkpt lat="46.903480" lon="4.761410">
						<ele>235</ele>
						<time>2026-04-29T12:38:37Z</time>
					</trkpt>
					<trkpt lat="46.903510" lon="4.761480">
						<ele>235</ele>
						<time>2026-04-29T12:38:38Z</time>
					</trkpt>
					<trkpt lat="46.903540" lon="4.761500">
						<ele>235</ele>
						<time>2026-04-29T12:38:39Z</time>
					</trkpt>
					<trkpt lat="46.903560" lon="4.761520">
						<ele>235</ele>
						<time>2026-04-29T12:38:39Z</time>
					</trkpt>
					<trkpt lat="46.903600" lon="4.761530">
						<ele>235</ele>
						<time>2026-04-29T12:38:40Z</time>
					</trkpt>
					<trkpt lat="46.903630" lon="4.761530">
						<ele>235</ele>
						<time>2026-04-29T12:38:41Z</time>
					</trkpt>
					<trkpt lat="46.903670" lon="4.761500">
						<ele>235</ele>
						<time>2026-04-29T12:38:41Z</time>
					</trkpt>
					<trkpt lat="46.903700" lon="4.761470">
						<ele>235</ele>
						<time>2026-04-29T12:38:42Z</time>
					</trkpt>
					<trkpt lat="46.904030" lon="4.761830">
						<ele>235</ele>
						<time>2026-04-29T12:38:49Z</time>
					</trkpt>
					<trkpt lat="46.904200" lon="4.761990">
						<ele>235</ele>
						<time>2026-04-29T12:38:53Z</time>
					</trkpt>
					<trkpt lat="46.904300" lon="4.762050">
						<ele>235</ele>
						<time>2026-04-29T12:38:55Z</time>
					</trkpt>
					<trkpt lat="46.904800" lon="4.762310">
						<ele>233</ele>
						<time>2026-04-29T12:39:04Z</time>
					</trkpt>
					<trkpt lat="46.905160" lon="4.762490">
						<ele>233</ele>
						<time>2026-04-29T12:39:11Z</time>
					</trkpt>
					<trkpt lat="46.905270" lon="4.762530">
						<ele>232</ele>
						<time>2026-04-29T12:39:13Z</time>
					</trkpt>
					<trkpt lat="46.905460" lon="4.762610">
						<ele>232</ele>
						<time>2026-04-29T12:39:17Z</time>
					</trkpt>
					<trkpt lat="46.905620" lon="4.762650">
						<ele>232</ele>
						<time>2026-04-29T12:39:20Z</time>
					</trkpt>
					<trkpt lat="46.905880" lon="4.762700">
						<ele>231</ele>
						<time>2026-04-29T12:39:24Z</time>
					</trkpt>
					<trkpt lat="46.905980" lon="4.762720">
						<ele>231</ele>
						<time>2026-04-29T12:39:26Z</time>
					</trkpt>
					<trkpt lat="46.907430" lon="4.763030">
						<ele>231</ele>
						<time>2026-04-29T12:39:52Z</time>
					</trkpt>
					<trkpt lat="46.907560" lon="4.763070">
						<ele>231</ele>
						<time>2026-04-29T12:39:54Z</time>
					</trkpt>
					<trkpt lat="46.908250" lon="4.763320">
						<ele>233</ele>
						<time>2026-04-29T12:40:07Z</time>
					</trkpt>
					<trkpt lat="46.908460" lon="4.763460">
						<ele>233</ele>
						<time>2026-04-29T12:40:11Z</time>
					</trkpt>
					<trkpt lat="46.908580" lon="4.763570">
						<ele>233</ele>
						<time>2026-04-29T12:40:14Z</time>
					</trkpt>
					<trkpt lat="46.908800" lon="4.763840">
						<ele>232</ele>
						<time>2026-04-29T12:40:19Z</time>
					</trkpt>
					<trkpt lat="46.909030" lon="4.764120">
						<ele>232</ele>
						<time>2026-04-29T12:40:24Z</time>
					</trkpt>
					<trkpt lat="46.909230" lon="4.764270">
						<ele>232</ele>
						<time>2026-04-29T12:40:28Z</time>
					</trkpt>
					<trkpt lat="46.909620" lon="4.764460">
						<ele>230</ele>
						<time>2026-04-29T12:40:35Z</time>
					</trkpt>
					<trkpt lat="46.909740" lon="4.764570">
						<ele>229</ele>
						<time>2026-04-29T12:40:38Z</time>
					</trkpt>
					<trkpt lat="46.909840" lon="4.764680">
						<ele>228</ele>
						<time>2026-04-29T12:40:40Z</time>
					</trkpt>
					<trkpt lat="46.909900" lon="4.764790">
						<ele>228</ele>
						<time>2026-04-29T12:40:42Z</time>
					</trkpt>
					<trkpt lat="46.909960" lon="4.764960">
						<ele>227</ele>
						<time>2026-04-29T12:40:44Z</time>
					</trkpt>
					<trkpt lat="46.909990" lon="4.765070">
						<ele>227</ele>
						<time>2026-04-29T12:40:46Z</time>
					</trkpt>
					<trkpt lat="46.910020" lon="4.765240">
						<ele>227</ele>
						<time>2026-04-29T12:40:48Z</time>
					</trkpt>
					<trkpt lat="46.910030" lon="4.765420">
						<ele>227</ele>
						<time>2026-04-29T12:40:50Z</time>
					</trkpt>
					<trkpt lat="46.909990" lon="4.765860">
						<ele>228</ele>
						<time>2026-04-29T12:40:55Z</time>
					</trkpt>
					<trkpt lat="46.909930" lon="4.766460">
						<ele>228</ele>
						<time>2026-04-29T12:41:03Z</time>
					</trkpt>
					<trkpt lat="46.909880" lon="4.766830">
						<ele>228</ele>
						<time>2026-04-29T12:41:07Z</time>
					</trkpt>
					<trkpt lat="46.909710" lon="4.767810">
						<ele>228</ele>
						<time>2026-04-29T12:41:20Z</time>
					</trkpt>
					<trkpt lat="46.909620" lon="4.768400">
						<ele>229</ele>
						<time>2026-04-29T12:41:27Z</time>
					</trkpt>
					<trkpt lat="46.909600" lon="4.768670">
						<ele>228</ele>
						<time>2026-04-29T12:41:30Z</time>
					</trkpt>
					<trkpt lat="46.909580" lon="4.769240">
						<ele>228</ele>
						<time>2026-04-29T12:41:37Z</time>
					</trkpt>
					<trkpt lat="46.909580" lon="4.770170">
						<ele>228</ele>
						<time>2026-04-29T12:41:49Z</time>
					</trkpt>
					<trkpt lat="46.909580" lon="4.770620">
						<ele>228</ele>
						<time>2026-04-29T12:41:54Z</time>
					</trkpt>
					<trkpt lat="46.909600" lon="4.770880">
						<ele>227</ele>
						<time>2026-04-29T12:41:57Z</time>
					</trkpt>
					<trkpt lat="46.909640" lon="4.771160">
						<ele>227</ele>
						<time>2026-04-29T12:42:01Z</time>
					</trkpt>
					<trkpt lat="46.909700" lon="4.771420">
						<ele>227</ele>
						<time>2026-04-29T12:42:04Z</time>
					</trkpt>
					<trkpt lat="46.909890" lon="4.772050">
						<ele>228</ele>
						<time>2026-04-29T12:42:12Z</time>
					</trkpt>
					<trkpt lat="46.910220" lon="4.773160">
						<ele>226</ele>
						<time>2026-04-29T12:42:27Z</time>
					</trkpt>
					<trkpt lat="46.910440" lon="4.773940">
						<ele>226</ele>
						<time>2026-04-29T12:42:37Z</time>
					</trkpt>
					<trkpt lat="46.910560" lon="4.774400">
						<ele>227</ele>
						<time>2026-04-29T12:42:43Z</time>
					</trkpt>
					<trkpt lat="46.910950" lon="4.775950">
						<ele>225</ele>
						<time>2026-04-29T12:43:03Z</time>
					</trkpt>
					<trkpt lat="46.911020" lon="4.776200">
						<ele>225</ele>
						<time>2026-04-29T12:43:07Z</time>
					</trkpt>
					<trkpt lat="46.911160" lon="4.776670">
						<ele>224</ele>
						<time>2026-04-29T12:43:13Z</time>
					</trkpt>
					<trkpt lat="46.911270" lon="4.777010">
						<ele>223</ele>
						<time>2026-04-29T12:43:17Z</time>
					</trkpt>
					<trkpt lat="46.911280" lon="4.777100">
						<ele>222</ele>
						<time>2026-04-29T12:43:19Z</time>
					</trkpt>
					<trkpt lat="46.911410" lon="4.777730">
						<ele>221</ele>
						<time>2026-04-29T12:43:27Z</time>
					</trkpt>
					<trkpt lat="46.911500" lon="4.778200">
						<ele>221</ele>
						<time>2026-04-29T12:43:33Z</time>
					</trkpt>
					<trkpt lat="46.911690" lon="4.779070">
						<ele>220</ele>
						<time>2026-04-29T12:43:44Z</time>
					</trkpt>
					<trkpt lat="46.911730" lon="4.779290">
						<ele>220</ele>
						<time>2026-04-29T12:43:46Z</time>
					</trkpt>
					<trkpt lat="46.911780" lon="4.779460">
						<ele>219</ele>
						<time>2026-04-29T12:43:49Z</time>
					</trkpt>
					<trkpt lat="46.911880" lon="4.779780">
						<ele>219</ele>
						<time>2026-04-29T12:43:53Z</time>
					</trkpt>
					<trkpt lat="46.912170" lon="4.780580">
						<ele>218</ele>
						<time>2026-04-29T12:44:04Z</time>
					</trkpt>
					<trkpt lat="46.912630" lon="4.781780">
						<ele>217</ele>
						<time>2026-04-29T12:44:21Z</time>
					</trkpt>
					<trkpt lat="46.912660" lon="4.781850">
						<ele>217</ele>
						<time>2026-04-29T12:44:22Z</time>
					</trkpt>
					<trkpt lat="46.912740" lon="4.782030">
						<ele>217</ele>
						<time>2026-04-29T12:44:24Z</time>
					</trkpt>
					<trkpt lat="46.912880" lon="4.782370">
						<ele>216</ele>
						<time>2026-04-29T12:44:29Z</time>
					</trkpt>
					<trkpt lat="46.912900" lon="4.782480">
						<ele>216</ele>
						<time>2026-04-29T12:44:30Z</time>
					</trkpt>
					<trkpt lat="46.912920" lon="4.782860">
						<ele>215</ele>
						<time>2026-04-29T12:44:35Z</time>
					</trkpt>
					<trkpt lat="46.912970" lon="4.783520">
						<ele>214</ele>
						<time>2026-04-29T12:44:43Z</time>
					</trkpt>
					<trkpt lat="46.913050" lon="4.784620">
						<ele>213</ele>
						<time>2026-04-29T12:44:57Z</time>
					</trkpt>
					<trkpt lat="46.913060" lon="4.784910">
						<ele>213</ele>
						<time>2026-04-29T12:45:00Z</time>
					</trkpt>
					<trkpt lat="46.913060" lon="4.785100">
						<ele>213</ele>
						<time>2026-04-29T12:45:02Z</time>
					</trkpt>
					<trkpt lat="46.913060" lon="4.785940">
						<ele>211</ele>
						<time>2026-04-29T12:45:13Z</time>
					</trkpt>
					<trkpt lat="46.913020" lon="4.786440">
						<ele>210</ele>
						<time>2026-04-29T12:45:19Z</time>
					</trkpt>
					<trkpt lat="46.912950" lon="4.787010">
						<ele>209</ele>
						<time>2026-04-29T12:45:26Z</time>
					</trkpt>
					<trkpt lat="46.912940" lon="4.787390">
						<ele>208</ele>
						<time>2026-04-29T12:45:30Z</time>
					</trkpt>
					<trkpt lat="46.913080" lon="4.789260">
						<ele>204</ele>
						<time>2026-04-29T12:45:53Z</time>
					</trkpt>
					<trkpt lat="46.913100" lon="4.789450">
						<ele>204</ele>
						<time>2026-04-29T12:45:56Z</time>
					</trkpt>
					<trkpt lat="46.913160" lon="4.789680">
						<ele>203</ele>
						<time>2026-04-29T12:45:59Z</time>
					</trkpt>
					<trkpt lat="46.913310" lon="4.790000">
						<ele>202</ele>
						<time>2026-04-29T12:46:03Z</time>
					</trkpt>
					<trkpt lat="46.913730" lon="4.790690">
						<ele>202</ele>
						<time>2026-04-29T12:46:15Z</time>
					</trkpt>
					<trkpt lat="46.914170" lon="4.791380">
						<ele>203</ele>
						<time>2026-04-29T12:46:26Z</time>
					</trkpt>
					<trkpt lat="46.914210" lon="4.791440">
						<ele>203</ele>
						<time>2026-04-29T12:46:27Z</time>
					</trkpt>
					<trkpt lat="46.914370" lon="4.791630">
						<ele>202</ele>
						<time>2026-04-29T12:46:31Z</time>
					</trkpt>
					<trkpt lat="46.914490" lon="4.791780">
						<ele>202</ele>
						<time>2026-04-29T12:46:34Z</time>
					</trkpt>
					<trkpt lat="46.914450" lon="4.792120">
						<ele>202</ele>
						<time>2026-04-29T12:46:38Z</time>
					</trkpt>
					<trkpt lat="46.914430" lon="4.792280">
						<ele>202</ele>
						<time>2026-04-29T12:46:40Z</time>
					</trkpt>
					<trkpt lat="46.914420" lon="4.792530">
						<ele>202</ele>
						<time>2026-04-29T12:46:43Z</time>
					</trkpt>
					<trkpt lat="46.914450" lon="4.792740">
						<ele>202</ele>
						<time>2026-04-29T12:46:45Z</time>
					</trkpt>
					<trkpt lat="46.914640" lon="4.793170">
						<ele>202</ele>
						<time>2026-04-29T12:46:52Z</time>
					</trkpt>
					<trkpt lat="46.914710" lon="4.793300">
						<ele>202</ele>
						<time>2026-04-29T12:46:54Z</time>
					</trkpt>
					<trkpt lat="46.914780" lon="4.793470">
						<ele>202</ele>
						<time>2026-04-29T12:46:56Z</time>
					</trkpt>
					<trkpt lat="46.914840" lon="4.793600">
						<ele>201</ele>
						<time>2026-04-29T12:46:58Z</time>
					</trkpt>
					<trkpt lat="46.915040" lon="4.794030">
						<ele>201</ele>
						<time>2026-04-29T12:47:04Z</time>
					</trkpt>
					<trkpt lat="46.915180" lon="4.794340">
						<ele>201</ele>
						<time>2026-04-29T12:47:09Z</time>
					</trkpt>
					<trkpt lat="46.915300" lon="4.794640">
						<ele>201</ele>
						<time>2026-04-29T12:47:13Z</time>
					</trkpt>
					<trkpt lat="46.915350" lon="4.794930">
						<ele>201</ele>
						<time>2026-04-29T12:47:17Z</time>
					</trkpt>
					<trkpt lat="46.915390" lon="4.795430">
						<ele>201</ele>
						<time>2026-04-29T12:47:23Z</time>
					</trkpt>
					<trkpt lat="46.915400" lon="4.795700">
						<ele>201</ele>
						<time>2026-04-29T12:47:26Z</time>
					</trkpt>
					<trkpt lat="46.915410" lon="4.796430">
						<ele>202</ele>
						<time>2026-04-29T12:47:35Z</time>
					</trkpt>
					<trkpt lat="46.915410" lon="4.796610">
						<ele>202</ele>
						<time>2026-04-29T12:47:37Z</time>
					</trkpt>
					<trkpt lat="46.915410" lon="4.796830">
						<ele>201</ele>
						<time>2026-04-29T12:47:40Z</time>
					</trkpt>
					<trkpt lat="46.915410" lon="4.797320">
						<ele>201</ele>
						<time>2026-04-29T12:47:46Z</time>
					</trkpt>
					<trkpt lat="46.915410" lon="4.797480">
						<ele>201</ele>
						<time>2026-04-29T12:47:48Z</time>
					</trkpt>
					<trkpt lat="46.915420" lon="4.798600">
						<ele>202</ele>
						<time>2026-04-29T12:48:01Z</time>
					</trkpt>
					<trkpt lat="46.915430" lon="4.798890">
						<ele>202</ele>
						<time>2026-04-29T12:48:05Z</time>
					</trkpt>
					<trkpt lat="46.915460" lon="4.799300">
						<ele>204</ele>
						<time>2026-04-29T12:48:10Z</time>
					</trkpt>
					<trkpt lat="46.915460" lon="4.799400">
						<ele>204</ele>
						<time>2026-04-29T12:48:11Z</time>
					</trkpt>
					<trkpt lat="46.915480" lon="4.799680">
						<ele>205</ele>
						<time>2026-04-29T12:48:14Z</time>
					</trkpt>
					<trkpt lat="46.915500" lon="4.800090">
						<ele>207</ele>
						<time>2026-04-29T12:48:19Z</time>
					</trkpt>
					<trkpt lat="46.915530" lon="4.800260">
						<ele>207</ele>
						<time>2026-04-29T12:48:22Z</time>
					</trkpt>
					<trkpt lat="46.915540" lon="4.800370">
						<ele>207</ele>
						<time>2026-04-29T12:48:23Z</time>
					</trkpt>
					<trkpt lat="46.915580" lon="4.800750">
						<ele>207</ele>
						<time>2026-04-29T12:48:28Z</time>
					</trkpt>
					<trkpt lat="46.915630" lon="4.801090">
						<ele>206</ele>
						<time>2026-04-29T12:48:32Z</time>
					</trkpt>
					<trkpt lat="46.915670" lon="4.801360">
						<ele>205</ele>
						<time>2026-04-29T12:48:35Z</time>
					</trkpt>
					<trkpt lat="46.915960" lon="4.802410">
						<ele>205</ele>
						<time>2026-04-29T12:48:49Z</time>
					</trkpt>
					<trkpt lat="46.916290" lon="4.803350">
						<ele>207</ele>
						<time>2026-04-29T12:49:02Z</time>
					</trkpt>
					<trkpt lat="46.916430" lon="4.803760">
						<ele>207</ele>
						<time>2026-04-29T12:49:07Z</time>
					</trkpt>
					<trkpt lat="46.916500" lon="4.803940">
						<ele>207</ele>
						<time>2026-04-29T12:49:10Z</time>
					</trkpt>
					<trkpt lat="46.916570" lon="4.804130">
						<ele>206</ele>
						<time>2026-04-29T12:49:13Z</time>
					</trkpt>
					<trkpt lat="46.916700" lon="4.804500">
						<ele>207</ele>
						<time>2026-04-29T12:49:18Z</time>
					</trkpt>
					<trkpt lat="46.916760" lon="4.804760">
						<ele>208</ele>
						<time>2026-04-29T12:49:21Z</time>
					</trkpt>
					<trkpt lat="46.916850" lon="4.805660">
						<ele>210</ele>
						<time>2026-04-29T12:49:32Z</time>
					</trkpt>
					<trkpt lat="46.916920" lon="4.806090">
						<ele>210</ele>
						<time>2026-04-29T12:49:37Z</time>
					</trkpt>
					<trkpt lat="46.917010" lon="4.806670">
						<ele>210</ele>
						<time>2026-04-29T12:49:45Z</time>
					</trkpt>
					<trkpt lat="46.917230" lon="4.807930">
						<ele>211</ele>
						<time>2026-04-29T12:50:00Z</time>
					</trkpt>
					<trkpt lat="46.917290" lon="4.808260">
						<ele>211</ele>
						<time>2026-04-29T12:50:05Z</time>
					</trkpt>
					<trkpt lat="46.917340" lon="4.808590">
						<ele>211</ele>
						<time>2026-04-29T12:50:09Z</time>
					</trkpt>
					<trkpt lat="46.917470" lon="4.809120">
						<ele>210</ele>
						<time>2026-04-29T12:50:15Z</time>
					</trkpt>
					<trkpt lat="46.917570" lon="4.809520">
						<ele>211</ele>
						<time>2026-04-29T12:50:21Z</time>
					</trkpt>
					<trkpt lat="46.917680" lon="4.809810">
						<ele>211</ele>
						<time>2026-04-29T12:50:25Z</time>
					</trkpt>
					<trkpt lat="46.917830" lon="4.810070">
						<ele>211</ele>
						<time>2026-04-29T12:50:29Z</time>
					</trkpt>
					<trkpt lat="46.918050" lon="4.810300">
						<ele>211</ele>
						<time>2026-04-29T12:50:34Z</time>
					</trkpt>
					<trkpt lat="46.918510" lon="4.810690">
						<ele>209</ele>
						<time>2026-04-29T12:50:43Z</time>
					</trkpt>
					<trkpt lat="46.918690" lon="4.810900">
						<ele>208</ele>
						<time>2026-04-29T12:50:47Z</time>
					</trkpt>
					<trkpt lat="46.918830" lon="4.811140">
						<ele>208</ele>
						<time>2026-04-29T12:50:51Z</time>
					</trkpt>
					<trkpt lat="46.919150" lon="4.811920">
						<ele>208</ele>
						<time>2026-04-29T12:51:02Z</time>
					</trkpt>
					<trkpt lat="46.919330" lon="4.812210">
						<ele>208</ele>
						<time>2026-04-29T12:51:07Z</time>
					</trkpt>
					<trkpt lat="46.919510" lon="4.812430">
						<ele>208</ele>
						<time>2026-04-29T12:51:11Z</time>
					</trkpt>
					<trkpt lat="46.919870" lon="4.812870">
						<ele>207</ele>
						<time>2026-04-29T12:51:19Z</time>
					</trkpt>
					<trkpt lat="46.920060" lon="4.813140">
						<ele>206</ele>
						<time>2026-04-29T12:51:24Z</time>
					</trkpt>
					<trkpt lat="46.920260" lon="4.813510">
						<ele>205</ele>
						<time>2026-04-29T12:51:30Z</time>
					</trkpt>
					<trkpt lat="46.920450" lon="4.813910">
						<ele>204</ele>
						<time>2026-04-29T12:51:36Z</time>
					</trkpt>
					<trkpt lat="46.920570" lon="4.814220">
						<ele>204</ele>
						<time>2026-04-29T12:51:40Z</time>
					</trkpt>
					<trkpt lat="46.920680" lon="4.814560">
						<ele>203</ele>
						<time>2026-04-29T12:51:45Z</time>
					</trkpt>
					<trkpt lat="46.920930" lon="4.815390">
						<ele>204</ele>
						<time>2026-04-29T12:51:56Z</time>
					</trkpt>
					<trkpt lat="46.921860" lon="4.818540">
						<ele>205</ele>
						<time>2026-04-29T12:52:37Z</time>
					</trkpt>
					<trkpt lat="46.922130" lon="4.819460">
						<ele>205</ele>
						<time>2026-04-29T12:52:50Z</time>
					</trkpt>
					<trkpt lat="46.922180" lon="4.819640">
						<ele>205</ele>
						<time>2026-04-29T12:52:52Z</time>
					</trkpt>
					<trkpt lat="46.922220" lon="4.819870">
						<ele>205</ele>
						<time>2026-04-29T12:52:55Z</time>
					</trkpt>
					<trkpt lat="46.922230" lon="4.820230">
						<ele>206</ele>
						<time>2026-04-29T12:52:59Z</time>
					</trkpt>
					<trkpt lat="46.922200" lon="4.821070">
						<ele>207</ele>
						<time>2026-04-29T12:53:09Z</time>
					</trkpt>
					<trkpt lat="46.922200" lon="4.821110">
						<ele>207</ele>
						<time>2026-04-29T12:53:10Z</time>
					</trkpt>
					<trkpt lat="46.922200" lon="4.821300">
						<ele>206</ele>
						<time>2026-04-29T12:53:12Z</time>
					</trkpt>
					<trkpt lat="46.922240" lon="4.821510">
						<ele>206</ele>
						<time>2026-04-29T12:53:15Z</time>
					</trkpt>
					<trkpt lat="46.922300" lon="4.821770">
						<ele>206</ele>
						<time>2026-04-29T12:53:18Z</time>
					</trkpt>
					<trkpt lat="46.922390" lon="4.821990">
						<ele>206</ele>
						<time>2026-04-29T12:53:21Z</time>
					</trkpt>
					<trkpt lat="46.922510" lon="4.822180">
						<ele>206</ele>
						<time>2026-04-29T12:53:24Z</time>
					</trkpt>
					<trkpt lat="46.922800" lon="4.822550">
						<ele>205</ele>
						<time>2026-04-29T12:53:31Z</time>
					</trkpt>
					<trkpt lat="46.923050" lon="4.822870">
						<ele>204</ele>
						<time>2026-04-29T12:53:37Z</time>
					</trkpt>
					<trkpt lat="46.923210" lon="4.823170">
						<ele>204</ele>
						<time>2026-04-29T12:53:42Z</time>
					</trkpt>
					<trkpt lat="46.923350" lon="4.823500">
						<ele>203</ele>
						<time>2026-04-29T12:53:47Z</time>
					</trkpt>
					<trkpt lat="46.923530" lon="4.824120">
						<ele>203</ele>
						<time>2026-04-29T12:53:55Z</time>
					</trkpt>
					<trkpt lat="46.923750" lon="4.824870">
						<ele>204</ele>
						<time>2026-04-29T12:54:05Z</time>
					</trkpt>
					<trkpt lat="46.923850" lon="4.825290">
						<ele>204</ele>
						<time>2026-04-29T12:54:10Z</time>
					</trkpt>
					<trkpt lat="46.923910" lon="4.825660">
						<ele>204</ele>
						<time>2026-04-29T12:54:15Z</time>
					</trkpt>
					<trkpt lat="46.923970" lon="4.826190">
						<ele>206</ele>
						<time>2026-04-29T12:54:21Z</time>
					</trkpt>
					<trkpt lat="46.924190" lon="4.827950">
						<ele>209</ele>
						<time>2026-04-29T12:54:43Z</time>
					</trkpt>
					<trkpt lat="46.924290" lon="4.828610">
						<ele>209</ele>
						<time>2026-04-29T12:54:51Z</time>
					</trkpt>
					<trkpt lat="46.924390" lon="4.828930">
						<ele>209</ele>
						<time>2026-04-29T12:54:55Z</time>
					</trkpt>
					<trkpt lat="46.924830" lon="4.829980">
						<ele>210</ele>
						<time>2026-04-29T12:55:10Z</time>
					</trkpt>
					<trkpt lat="46.925090" lon="4.830530">
						<ele>210</ele>
						<time>2026-04-29T12:55:19Z</time>
					</trkpt>
					<trkpt lat="46.925270" lon="4.830860">
						<ele>210</ele>
						<time>2026-04-29T12:55:24Z</time>
					</trkpt>
					<trkpt lat="46.925870" lon="4.831820">
						<ele>209</ele>
						<time>2026-04-29T12:55:39Z</time>
					</trkpt>
					<trkpt lat="46.925910" lon="4.831890">
						<ele>209</ele>
						<time>2026-04-29T12:55:41Z</time>
					</trkpt>
					<trkpt lat="46.926540" lon="4.832750">
						<ele>207</ele>
						<time>2026-04-29T12:55:56Z</time>
					</trkpt>
					<trkpt lat="46.926780" lon="4.833090">
						<ele>207</ele>
						<time>2026-04-29T12:56:02Z</time>
					</trkpt>
					<trkpt lat="46.926870" lon="4.833230">
						<ele>206</ele>
						<time>2026-04-29T12:56:04Z</time>
					</trkpt>
					<trkpt lat="46.927030" lon="4.833460">
						<ele>206</ele>
						<time>2026-04-29T12:56:08Z</time>
					</trkpt>
					<trkpt lat="46.927100" lon="4.833610">
						<ele>206</ele>
						<time>2026-04-29T12:56:10Z</time>
					</trkpt>
					<trkpt lat="46.927100" lon="4.833640">
						<ele>207</ele>
						<time>2026-04-29T12:56:11Z</time>
					</trkpt>
					<trkpt lat="46.927130" lon="4.833700">
						<ele>207</ele>
						<time>2026-04-29T12:56:12Z</time>
					</trkpt>
					<trkpt lat="46.927150" lon="4.833830">
						<ele>207</ele>
						<time>2026-04-29T12:56:13Z</time>
					</trkpt>
					<trkpt lat="46.927160" lon="4.834000">
						<ele>207</ele>
						<time>2026-04-29T12:56:15Z</time>
					</trkpt>
					<trkpt lat="46.927120" lon="4.834150">
						<ele>207</ele>
						<time>2026-04-29T12:56:17Z</time>
					</trkpt>
					<trkpt lat="46.927120" lon="4.834230">
						<ele>207</ele>
						<time>2026-04-29T12:56:18Z</time>
					</trkpt>
					<trkpt lat="46.927140" lon="4.834290">
						<ele>207</ele>
						<time>2026-04-29T12:56:19Z</time>
					</trkpt>
					<trkpt lat="46.927160" lon="4.834340">
						<ele>207</ele>
						<time>2026-04-29T12:56:20Z</time>
					</trkpt>
					<trkpt lat="46.927220" lon="4.834370">
						<ele>207</ele>
						<time>2026-04-29T12:56:21Z</time>
					</trkpt>
					<trkpt lat="46.927300" lon="4.834430">
						<ele>207</ele>
						<time>2026-04-29T12:56:23Z</time>
					</trkpt>
					<trkpt lat="46.927340" lon="4.834480">
						<ele>207</ele>
						<time>2026-04-29T12:56:23Z</time>
					</trkpt>
					<trkpt lat="46.927870" lon="4.835400">
						<ele>205</ele>
						<time>2026-04-29T12:56:38Z</time>
					</trkpt>
					<trkpt lat="46.927900" lon="4.835430">
						<ele>205</ele>
						<time>2026-04-29T12:56:39Z</time>
					</trkpt>
					<trkpt lat="46.927900" lon="4.835460">
						<ele>205</ele>
						<time>2026-04-29T12:56:39Z</time>
					</trkpt>
					<trkpt lat="46.927900" lon="4.835500">
						<ele>205</ele>
						<time>2026-04-29T12:56:40Z</time>
					</trkpt>
					<trkpt lat="46.927920" lon="4.835530">
						<ele>205</ele>
						<time>2026-04-29T12:56:40Z</time>
					</trkpt>
					<trkpt lat="46.927940" lon="4.835550">
						<ele>205</ele>
						<time>2026-04-29T12:56:40Z</time>
					</trkpt>
					<trkpt lat="46.927970" lon="4.835550">
						<ele>205</ele>
						<time>2026-04-29T12:56:41Z</time>
					</trkpt>
					<trkpt lat="46.927970" lon="4.835600">
						<ele>205</ele>
						<time>2026-04-29T12:56:42Z</time>
					</trkpt>
					<trkpt lat="46.928020" lon="4.835860">
						<ele>205</ele>
						<time>2026-04-29T12:56:45Z</time>
					</trkpt>
					<trkpt lat="46.928170" lon="4.836670">
						<ele>204</ele>
						<time>2026-04-29T12:56:55Z</time>
					</trkpt>
					<trkpt lat="46.928270" lon="4.837190">
						<ele>204</ele>
						<time>2026-04-29T12:57:02Z</time>
					</trkpt>
					<trkpt lat="46.928440" lon="4.838060">
						<ele>204</ele>
						<time>2026-04-29T12:57:13Z</time>
					</trkpt>
					<trkpt lat="46.928560" lon="4.838690">
						<ele>204</ele>
						<time>2026-04-29T12:57:21Z</time>
					</trkpt>
					<trkpt lat="46.928720" lon="4.839490">
						<ele>204</ele>
						<time>2026-04-29T12:57:31Z</time>
					</trkpt>
					<trkpt lat="46.928740" lon="4.839630">
						<ele>204</ele>
						<time>2026-04-29T12:57:32Z</time>
					</trkpt>
					<trkpt lat="46.928790" lon="4.839790">
						<ele>203</ele>
						<time>2026-04-29T12:57:35Z</time>
					</trkpt>
					<trkpt lat="46.928980" lon="4.840300">
						<ele>203</ele>
						<time>2026-04-29T12:57:42Z</time>
					</trkpt>
					<trkpt lat="46.929050" lon="4.840460">
						<ele>204</ele>
						<time>2026-04-29T12:57:44Z</time>
					</trkpt>
					<trkpt lat="46.929160" lon="4.840660">
						<ele>204</ele>
						<time>2026-04-29T12:57:47Z</time>
					</trkpt>
					<trkpt lat="46.929310" lon="4.840860">
						<ele>204</ele>
						<time>2026-04-29T12:57:51Z</time>
					</trkpt>
					<trkpt lat="46.929410" lon="4.840980">
						<ele>204</ele>
						<time>2026-04-29T12:57:53Z</time>
					</trkpt>
					<trkpt lat="46.930000" lon="4.841620">
						<ele>202</ele>
						<time>2026-04-29T12:58:06Z</time>
					</trkpt>
					<trkpt lat="46.930150" lon="4.841840">
						<ele>201</ele>
						<time>2026-04-29T12:58:10Z</time>
					</trkpt>
					<trkpt lat="46.930540" lon="4.842900">
						<ele>201</ele>
						<time>2026-04-29T12:58:25Z</time>
					</trkpt>
					<trkpt lat="46.930860" lon="4.843720">
						<ele>201</ele>
						<time>2026-04-29T12:58:36Z</time>
					</trkpt>
					<trkpt lat="46.931220" lon="4.844700">
						<ele>201</ele>
						<time>2026-04-29T12:58:49Z</time>
					</trkpt>
					<trkpt lat="46.931710" lon="4.846310">
						<ele>199</ele>
						<time>2026-04-29T12:59:11Z</time>
					</trkpt>
					<trkpt lat="46.932550" lon="4.848340">
						<ele>199</ele>
						<time>2026-04-29T12:59:40Z</time>
					</trkpt>
					<trkpt lat="46.932920" lon="4.849220">
						<ele>199</ele>
						<time>2026-04-29T12:59:52Z</time>
					</trkpt>
					<trkpt lat="46.935160" lon="4.854500">
						<ele>195</ele>
						<time>2026-04-29T13:01:08Z</time>
					</trkpt>
					<trkpt lat="46.935450" lon="4.855210">
						<ele>196</ele>
						<time>2026-04-29T13:01:18Z</time>
					</trkpt>
					<trkpt lat="46.935720" lon="4.855880">
						<ele>195</ele>
						<time>2026-04-29T13:01:27Z</time>
					</trkpt>
					<trkpt lat="46.935780" lon="4.856030">
						<ele>195</ele>
						<time>2026-04-29T13:01:29Z</time>
					</trkpt>
					<trkpt lat="46.936500" lon="4.858110">
						<ele>195</ele>
						<time>2026-04-29T13:01:58Z</time>
					</trkpt>
					<trkpt lat="46.937130" lon="4.859870">
						<ele>194</ele>
						<time>2026-04-29T13:02:22Z</time>
					</trkpt>
					<trkpt lat="46.937160" lon="4.859930">
						<ele>194</ele>
						<time>2026-04-29T13:02:23Z</time>
					</trkpt>
					<trkpt lat="46.937310" lon="4.860260">
						<ele>194</ele>
						<time>2026-04-29T13:02:28Z</time>
					</trkpt>
					<trkpt lat="46.938020" lon="4.861410">
						<ele>193</ele>
						<time>2026-04-29T13:02:46Z</time>
					</trkpt>
					<trkpt lat="46.938350" lon="4.862070">
						<ele>194</ele>
						<time>2026-04-29T13:02:56Z</time>
					</trkpt>
					<trkpt lat="46.938600" lon="4.862620">
						<ele>196</ele>
						<time>2026-04-29T13:03:04Z</time>
					</trkpt>
					<trkpt lat="46.938770" lon="4.862990">
						<ele>198</ele>
						<time>2026-04-29T13:03:10Z</time>
					</trkpt>
					<trkpt lat="46.938920" lon="4.863290">
						<ele>199</ele>
						<time>2026-04-29T13:03:14Z</time>
					</trkpt>
					<trkpt lat="46.939080" lon="4.863570">
						<ele>199</ele>
						<time>2026-04-29T13:03:19Z</time>
					</trkpt>
					<trkpt lat="46.939550" lon="4.864360">
						<ele>199</ele>
						<time>2026-04-29T13:03:32Z</time>
					</trkpt>
					<trkpt lat="46.939910" lon="4.864950">
						<ele>199</ele>
						<time>2026-04-29T13:03:41Z</time>
					</trkpt>
					<trkpt lat="46.940770" lon="4.866400">
						<ele>197</ele>
						<time>2026-04-29T13:04:04Z</time>
					</trkpt>
					<trkpt lat="46.940850" lon="4.866570">
						<ele>196</ele>
						<time>2026-04-29T13:04:07Z</time>
					</trkpt>
					<trkpt lat="46.941010" lon="4.866970">
						<ele>197</ele>
						<time>2026-04-29T13:04:13Z</time>
					</trkpt>
					<trkpt lat="46.941940" lon="4.869320">
						<ele>198</ele>
						<time>2026-04-29T13:04:46Z</time>
					</trkpt>
					<trkpt lat="46.942780" lon="4.871400">
						<ele>195</ele>
						<time>2026-04-29T13:05:15Z</time>
					</trkpt>
					<trkpt lat="46.942870" lon="4.871660">
						<ele>195</ele>
						<time>2026-04-29T13:05:19Z</time>
					</trkpt>
					<trkpt lat="46.942920" lon="4.871850">
						<ele>194</ele>
						<time>2026-04-29T13:05:21Z</time>
					</trkpt>
					<trkpt lat="46.942960" lon="4.872060">
						<ele>194</ele>
						<time>2026-04-29T13:05:24Z</time>
					</trkpt>
					<trkpt lat="46.943000" lon="4.872340">
						<ele>194</ele>
						<time>2026-04-29T13:05:27Z</time>
					</trkpt>
					<trkpt lat="46.943080" lon="4.873190">
						<ele>194</ele>
						<time>2026-04-29T13:05:38Z</time>
					</trkpt>
					<trkpt lat="46.943290" lon="4.875340">
						<ele>197</ele>
						<time>2026-04-29T13:06:04Z</time>
					</trkpt>
					<trkpt lat="46.943330" lon="4.875790">
						<ele>196</ele>
						<time>2026-04-29T13:06:09Z</time>
					</trkpt>
					<trkpt lat="46.943390" lon="4.876270">
						<ele>196</ele>
						<time>2026-04-29T13:06:15Z</time>
					</trkpt>
					<trkpt lat="46.943460" lon="4.876610">
						<ele>195</ele>
						<time>2026-04-29T13:06:20Z</time>
					</trkpt>
					<trkpt lat="46.943540" lon="4.876910">
						<ele>196</ele>
						<time>2026-04-29T13:06:24Z</time>
					</trkpt>
					<trkpt lat="46.943690" lon="4.877310">
						<ele>196</ele>
						<time>2026-04-29T13:06:29Z</time>
					</trkpt>
					<trkpt lat="46.944260" lon="4.878740">
						<ele>198</ele>
						<time>2026-04-29T13:06:49Z</time>
					</trkpt>
					<trkpt lat="46.946040" lon="4.883430">
						<ele>188</ele>
						<time>2026-04-29T13:07:54Z</time>
					</trkpt>
					<trkpt lat="46.946410" lon="4.884360">
						<ele>188</ele>
						<time>2026-04-29T13:08:08Z</time>
					</trkpt>
					<trkpt lat="46.946510" lon="4.884670">
						<ele>189</ele>
						<time>2026-04-29T13:08:12Z</time>
					</trkpt>
					<trkpt lat="46.946550" lon="4.884900">
						<ele>189</ele>
						<time>2026-04-29T13:08:15Z</time>
					</trkpt>
					<trkpt lat="46.946570" lon="4.885120">
						<ele>189</ele>
						<time>2026-04-29T13:08:17Z</time>
					</trkpt>
					<trkpt lat="46.946560" lon="4.885270">
						<ele>189</ele>
						<time>2026-04-29T13:08:19Z</time>
					</trkpt>
					<trkpt lat="46.946540" lon="4.885430">
						<ele>189</ele>
						<time>2026-04-29T13:08:21Z</time>
					</trkpt>
					<trkpt lat="46.946320" lon="4.886490">
						<ele>190</ele>
						<time>2026-04-29T13:08:35Z</time>
					</trkpt>
					<trkpt lat="46.946290" lon="4.886720">
						<ele>191</ele>
						<time>2026-04-29T13:08:37Z</time>
					</trkpt>
					<trkpt lat="46.946240" lon="4.888130">
						<ele>192</ele>
						<time>2026-04-29T13:08:55Z</time>
					</trkpt>
					<trkpt lat="46.946200" lon="4.889320">
						<ele>191</ele>
						<time>2026-04-29T13:09:09Z</time>
					</trkpt>
					<trkpt lat="46.946190" lon="4.889640">
						<ele>189</ele>
						<time>2026-04-29T13:09:13Z</time>
					</trkpt>
					<trkpt lat="46.946200" lon="4.889840">
						<ele>189</ele>
						<time>2026-04-29T13:09:15Z</time>
					</trkpt>
					<trkpt lat="46.946230" lon="4.890070">
						<ele>188</ele>
						<time>2026-04-29T13:09:18Z</time>
					</trkpt>
					<trkpt lat="46.946370" lon="4.890680">
						<ele>187</ele>
						<time>2026-04-29T13:09:26Z</time>
					</trkpt>
					<trkpt lat="46.947360" lon="4.894770">
						<ele>184</ele>
						<time>2026-04-29T13:10:19Z</time>
					</trkpt>
					<trkpt lat="46.947410" lon="4.895080">
						<ele>184</ele>
						<time>2026-04-29T13:10:23Z</time>
					</trkpt>
					<trkpt lat="46.947440" lon="4.895330">
						<ele>184</ele>
						<time>2026-04-29T13:10:26Z</time>
					</trkpt>
					<trkpt lat="46.947460" lon="4.895630">
						<ele>185</ele>
						<time>2026-04-29T13:10:29Z</time>
					</trkpt>
					<trkpt lat="46.947430" lon="4.897610">
						<ele>183</ele>
						<time>2026-04-29T13:10:53Z</time>
					</trkpt>
					<trkpt lat="46.947420" lon="4.898180">
						<ele>184</ele>
						<time>2026-04-29T13:11:00Z</time>
					</trkpt>
					<trkpt lat="46.947320" lon="4.900320">
						<ele>184</ele>
						<time>2026-04-29T13:11:26Z</time>
					</trkpt>
					<trkpt lat="46.947300" lon="4.900840">
						<ele>184</ele>
						<time>2026-04-29T13:11:33Z</time>
					</trkpt>
					<trkpt lat="46.947210" lon="4.902660">
						<ele>185</ele>
						<time>2026-04-29T13:11:55Z</time>
					</trkpt>
					<trkpt lat="46.947210" lon="4.903050">
						<ele>185</ele>
						<time>2026-04-29T13:12:00Z</time>
					</trkpt>
					<trkpt lat="46.947220" lon="4.903620">
						<ele>186</ele>
						<time>2026-04-29T13:12:06Z</time>
					</trkpt>
					<trkpt lat="46.947250" lon="4.903790">
						<ele>186</ele>
						<time>2026-04-29T13:12:09Z</time>
					</trkpt>
					<trkpt lat="46.947280" lon="4.903930">
						<ele>186</ele>
						<time>2026-04-29T13:12:10Z</time>
					</trkpt>
					<trkpt lat="46.947330" lon="4.904050">
						<ele>186</ele>
						<time>2026-04-29T13:12:12Z</time>
					</trkpt>
					<trkpt lat="46.947370" lon="4.904230">
						<ele>186</ele>
						<time>2026-04-29T13:12:14Z</time>
					</trkpt>
					<trkpt lat="46.947390" lon="4.904410">
						<ele>186</ele>
						<time>2026-04-29T13:12:17Z</time>
					</trkpt>
					<trkpt lat="46.947420" lon="4.904950">
						<ele>185</ele>
						<time>2026-04-29T13:12:23Z</time>
					</trkpt>
					<trkpt lat="46.947410" lon="4.905280">
						<ele>185</ele>
						<time>2026-04-29T13:12:27Z</time>
					</trkpt>
					<trkpt lat="46.947390" lon="4.905480">
						<ele>185</ele>
						<time>2026-04-29T13:12:30Z</time>
					</trkpt>
					<trkpt lat="46.947330" lon="4.905910">
						<ele>185</ele>
						<time>2026-04-29T13:12:35Z</time>
					</trkpt>
					<trkpt lat="46.947320" lon="4.906120">
						<ele>185</ele>
						<time>2026-04-29T13:12:38Z</time>
					</trkpt>
					<trkpt lat="46.947350" lon="4.906780">
						<ele>186</ele>
						<time>2026-04-29T13:12:46Z</time>
					</trkpt>
					<trkpt lat="46.947420" lon="4.907890">
						<ele>187</ele>
						<time>2026-04-29T13:12:59Z</time>
					</trkpt>
					<trkpt lat="46.947460" lon="4.908030">
						<ele>187</ele>
						<time>2026-04-29T13:13:01Z</time>
					</trkpt>
					<trkpt lat="46.947230" lon="4.908070">
						<ele>187</ele>
						<time>2026-04-29T13:13:05Z</time>
					</trkpt>
					<trkpt lat="46.947270" lon="4.908180">
						<ele>187</ele>
						<time>2026-04-29T13:13:07Z</time>
					</trkpt>
					<trkpt lat="46.947400" lon="4.908390">
						<ele>187</ele>
						<time>2026-04-29T13:13:10Z</time>
					</trkpt>
					<trkpt lat="46.947430" lon="4.908740">
						<ele>187</ele>
						<time>2026-04-29T13:13:14Z</time>
					</trkpt>
					<trkpt lat="46.947430" lon="4.908820">
						<ele>187</ele>
						<time>2026-04-29T13:13:15Z</time>
					</trkpt>
					<trkpt lat="46.947330" lon="4.908780">
						<ele>187</ele>
						<time>2026-04-29T13:13:17Z</time>
					</trkpt>
					<trkpt lat="46.947210" lon="4.908740">
						<ele>188</ele>
						<time>2026-04-29T13:13:19Z</time>
					</trkpt>
					<trkpt lat="46.947100" lon="4.908710">
						<ele>188</ele>
						<time>2026-04-29T13:13:21Z</time>
					</trkpt>
					<trkpt lat="46.947040" lon="4.908770">
						<ele>188</ele>
						<time>2026-04-29T13:13:23Z</time>
					</trkpt>
					<trkpt lat="46.946500" lon="4.909380">
						<ele>189</ele>
						<time>2026-04-29T13:13:35Z</time>
					</trkpt>
					<trkpt lat="46.946300" lon="4.909660">
						<ele>189</ele>
						<time>2026-04-29T13:13:40Z</time>
					</trkpt>
					<trkpt lat="46.945920" lon="4.910340">
						<ele>191</ele>
						<time>2026-04-29T13:13:50Z</time>
					</trkpt>
					<trkpt lat="46.945850" lon="4.910390">
						<ele>191</ele>
						<time>2026-04-29T13:13:52Z</time>
					</trkpt>
					<trkpt lat="46.945800" lon="4.910410">
						<ele>191</ele>
						<time>2026-04-29T13:13:53Z</time>
					</trkpt>
					<trkpt lat="46.945320" lon="4.910380">
						<ele>191</ele>
						<time>2026-04-29T13:14:01Z</time>
					</trkpt>
					<trkpt lat="46.945180" lon="4.910440">
						<ele>191</ele>
						<time>2026-04-29T13:14:04Z</time>
					</trkpt>
					<trkpt lat="46.945110" lon="4.910490">
						<ele>192</ele>
						<time>2026-04-29T13:14:05Z</time>
					</trkpt>
					<trkpt lat="46.945030" lon="4.910570">
						<ele>192</ele>
						<time>2026-04-29T13:14:07Z</time>
					</trkpt>
					<trkpt lat="46.944940" lon="4.910690">
						<ele>192</ele>
						<time>2026-04-29T13:14:09Z</time>
					</trkpt>
					<trkpt lat="46.944690" lon="4.911180">
						<ele>191</ele>
						<time>2026-04-29T13:14:17Z</time>
					</trkpt>
					<trkpt lat="46.944620" lon="4.911290">
						<ele>190</ele>
						<time>2026-04-29T13:14:18Z</time>
					</trkpt>
					<trkpt lat="46.944510" lon="4.911400">
						<ele>190</ele>
						<time>2026-04-29T13:14:21Z</time>
					</trkpt>
					<trkpt lat="46.944400" lon="4.911440">
						<ele>190</ele>
						<time>2026-04-29T13:14:23Z</time>
					</trkpt>
					<trkpt lat="46.944260" lon="4.911450">
						<ele>190</ele>
						<time>2026-04-29T13:14:25Z</time>
					</trkpt>
					<trkpt lat="46.944080" lon="4.911430">
						<ele>190</ele>
						<time>2026-04-29T13:14:28Z</time>
					</trkpt>
					<trkpt lat="46.943680" lon="4.911370">
						<ele>190</ele>
						<time>2026-04-29T13:14:36Z</time>
					</trkpt>
					<trkpt lat="46.942860" lon="4.911390">
						<ele>191</ele>
						<time>2026-04-29T13:14:50Z</time>
					</trkpt>
					<trkpt lat="46.942740" lon="4.911410">
						<ele>191</ele>
						<time>2026-04-29T13:14:52Z</time>
					</trkpt>
					<trkpt lat="46.942660" lon="4.911440">
						<ele>192</ele>
						<time>2026-04-29T13:14:54Z</time>
					</trkpt>
					<trkpt lat="46.942590" lon="4.911510">
						<ele>192</ele>
						<time>2026-04-29T13:14:55Z</time>
					</trkpt>
					<trkpt lat="46.942550" lon="4.911540">
						<ele>192</ele>
						<time>2026-04-29T13:14:56Z</time>
					</trkpt>
					<trkpt lat="46.940750" lon="4.913970">
						<ele>199</ele>
						<time>2026-04-29T13:15:40Z</time>
					</trkpt>
					<trkpt lat="46.939090" lon="4.916190">
						<ele>200</ele>
						<time>2026-04-29T13:16:20Z</time>
					</trkpt>
					<trkpt lat="46.937670" lon="4.918080">
						<ele>201</ele>
						<time>2026-04-29T13:16:54Z</time>
					</trkpt>
					<trkpt lat="46.937210" lon="4.918690">
						<ele>201</ele>
						<time>2026-04-29T13:17:05Z</time>
					</trkpt>
					<trkpt lat="46.933830" lon="4.923220">
						<ele>204</ele>
						<time>2026-04-29T13:18:26Z</time>
					</trkpt>
					<trkpt lat="46.932770" lon="4.924640">
						<ele>203</ele>
						<time>2026-04-29T13:18:52Z</time>
					</trkpt>
					<trkpt lat="46.932380" lon="4.925160">
						<ele>204</ele>
						<time>2026-04-29T13:19:01Z</time>
					</trkpt>
					<trkpt lat="46.931810" lon="4.925900">
						<ele>206</ele>
						<time>2026-04-29T13:19:15Z</time>
					</trkpt>
					<trkpt lat="46.931630" lon="4.926170">
						<ele>207</ele>
						<time>2026-04-29T13:19:19Z</time>
					</trkpt>
					<trkpt lat="46.931430" lon="4.926520">
						<ele>207</ele>
						<time>2026-04-29T13:19:25Z</time>
					</trkpt>
					<trkpt lat="46.931300" lon="4.926800">
						<ele>208</ele>
						<time>2026-04-29T13:19:29Z</time>
					</trkpt>
					<trkpt lat="46.929360" lon="4.931170">
						<ele>210</ele>
						<time>2026-04-29T13:20:32Z</time>
					</trkpt>
					<trkpt lat="46.923790" lon="4.943680">
						<ele>208</ele>
						<time>2026-04-29T13:23:34Z</time>
					</trkpt>
					<trkpt lat="46.921780" lon="4.948210">
						<ele>206</ele>
						<time>2026-04-29T13:24:40Z</time>
					</trkpt>
					<trkpt lat="46.921570" lon="4.948680">
						<ele>205</ele>
						<time>2026-04-29T13:24:46Z</time>
					</trkpt>
					<trkpt lat="46.920460" lon="4.951170">
						<ele>204</ele>
						<time>2026-04-29T13:25:23Z</time>
					</trkpt>
					<trkpt lat="46.920120" lon="4.951930">
						<ele>204</ele>
						<time>2026-04-29T13:25:34Z</time>
					</trkpt>
					<trkpt lat="46.919710" lon="4.952850">
						<ele>204</ele>
						<time>2026-04-29T13:25:47Z</time>
					</trkpt>
					<trkpt lat="46.917740" lon="4.957250">
						<ele>200</ele>
						<time>2026-04-29T13:26:51Z</time>
					</trkpt>
					<trkpt lat="46.916830" lon="4.959260">
						<ele>198</ele>
						<time>2026-04-29T13:27:20Z</time>
					</trkpt>
					<trkpt lat="46.915830" lon="4.961520">
						<ele>200</ele>
						<time>2026-04-29T13:27:53Z</time>
					</trkpt>
					<trkpt lat="46.914890" lon="4.963630">
						<ele>197</ele>
						<time>2026-04-29T13:28:23Z</time>
					</trkpt>
					<trkpt lat="46.912920" lon="4.968000">
						<ele>192</ele>
						<time>2026-04-29T13:29:27Z</time>
					</trkpt>
					<trkpt lat="46.912410" lon="4.969160">
						<ele>194</ele>
						<time>2026-04-29T13:29:44Z</time>
					</trkpt>
					<trkpt lat="46.910570" lon="4.973250">
						<ele>190</ele>
						<time>2026-04-29T13:30:43Z</time>
					</trkpt>
					<trkpt lat="46.909660" lon="4.975290">
						<ele>189</ele>
						<time>2026-04-29T13:31:13Z</time>
					</trkpt>
					<trkpt lat="46.908100" lon="4.978740">
						<ele>190</ele>
						<time>2026-04-29T13:32:03Z</time>
					</trkpt>
					<trkpt lat="46.908020" lon="4.978950">
						<ele>190</ele>
						<time>2026-04-29T13:32:06Z</time>
					</trkpt>
					<trkpt lat="46.907840" lon="4.979340">
						<ele>190</ele>
						<time>2026-04-29T13:32:12Z</time>
					</trkpt>
					<trkpt lat="46.907800" lon="4.979420">
						<ele>190</ele>
						<time>2026-04-29T13:32:13Z</time>
					</trkpt>
					<trkpt lat="46.907430" lon="4.980260">
						<ele>191</ele>
						<time>2026-04-29T13:32:25Z</time>
					</trkpt>
					<trkpt lat="46.906680" lon="4.981940">
						<ele>193</ele>
						<time>2026-04-29T13:32:50Z</time>
					</trkpt>
					<trkpt lat="46.906550" lon="4.982230">
						<ele>193</ele>
						<time>2026-04-29T13:32:54Z</time>
					</trkpt>
					<trkpt lat="46.906470" lon="4.982430">
						<ele>193</ele>
						<time>2026-04-29T13:32:57Z</time>
					</trkpt>
					<trkpt lat="46.906360" lon="4.982630">
						<ele>193</ele>
						<time>2026-04-29T13:33:00Z</time>
					</trkpt>
					<trkpt lat="46.906300" lon="4.982730">
						<ele>194</ele>
						<time>2026-04-29T13:33:01Z</time>
					</trkpt>
					<trkpt lat="46.906220" lon="4.982770">
						<ele>194</ele>
						<time>2026-04-29T13:33:03Z</time>
					</trkpt>
					<trkpt lat="46.906160" lon="4.982790">
						<ele>194</ele>
						<time>2026-04-29T13:33:04Z</time>
					</trkpt>
					<trkpt lat="46.906040" lon="4.982750">
						<ele>195</ele>
						<time>2026-04-29T13:33:06Z</time>
					</trkpt>
					<trkpt lat="46.905740" lon="4.982650">
						<ele>194</ele>
						<time>2026-04-29T13:33:12Z</time>
					</trkpt>
					<trkpt lat="46.905670" lon="4.982640">
						<ele>194</ele>
						<time>2026-04-29T13:33:13Z</time>
					</trkpt>
					<trkpt lat="46.905620" lon="4.982650">
						<ele>194</ele>
						<time>2026-04-29T13:33:14Z</time>
					</trkpt>
					<trkpt lat="46.905550" lon="4.982710">
						<ele>194</ele>
						<time>2026-04-29T13:33:15Z</time>
					</trkpt>
					<trkpt lat="46.905500" lon="4.982820">
						<ele>194</ele>
						<time>2026-04-29T13:33:17Z</time>
					</trkpt>
					<trkpt lat="46.905480" lon="4.982920">
						<ele>194</ele>
						<time>2026-04-29T13:33:18Z</time>
					</trkpt>
					<trkpt lat="46.905470" lon="4.983140">
						<ele>194</ele>
						<time>2026-04-29T13:33:21Z</time>
					</trkpt>
					<trkpt lat="46.905430" lon="4.983890">
						<ele>194</ele>
						<time>2026-04-29T13:33:30Z</time>
					</trkpt>
					<trkpt lat="46.905450" lon="4.984930">
						<ele>194</ele>
						<time>2026-04-29T13:33:43Z</time>
					</trkpt>
					<trkpt lat="46.905640" lon="4.986620">
						<ele>191</ele>
						<time>2026-04-29T13:34:04Z</time>
					</trkpt>
					<trkpt lat="46.905670" lon="4.986840">
						<ele>191</ele>
						<time>2026-04-29T13:34:06Z</time>
					</trkpt>
					<trkpt lat="46.905700" lon="4.987070">
						<ele>191</ele>
						<time>2026-04-29T13:34:09Z</time>
					</trkpt>
					<trkpt lat="46.905740" lon="4.987530">
						<ele>190</ele>
						<time>2026-04-29T13:34:15Z</time>
					</trkpt>
					<trkpt lat="46.905780" lon="4.988220">
						<ele>189</ele>
						<time>2026-04-29T13:34:23Z</time>
					</trkpt>
					<trkpt lat="46.905780" lon="4.988560">
						<ele>188</ele>
						<time>2026-04-29T13:34:27Z</time>
					</trkpt>
					<trkpt lat="46.905790" lon="4.988770">
						<ele>187</ele>
						<time>2026-04-29T13:34:30Z</time>
					</trkpt>
					<trkpt lat="46.905820" lon="4.990170">
						<ele>185</ele>
						<time>2026-04-29T13:34:47Z</time>
					</trkpt>
					<trkpt lat="46.905820" lon="4.990420">
						<ele>185</ele>
						<time>2026-04-29T13:34:50Z</time>
					</trkpt>
					<trkpt lat="46.905760" lon="4.991280">
						<ele>183</ele>
						<time>2026-04-29T13:35:00Z</time>
					</trkpt>
					<trkpt lat="46.905770" lon="4.992020">
						<ele>183</ele>
						<time>2026-04-29T13:35:09Z</time>
					</trkpt>
					<trkpt lat="46.905770" lon="4.992170">
						<ele>182</ele>
						<time>2026-04-29T13:35:11Z</time>
					</trkpt>
					<trkpt lat="46.905720" lon="4.992790">
						<ele>181</ele>
						<time>2026-04-29T13:35:19Z</time>
					</trkpt>
					<trkpt lat="46.905680" lon="4.993060">
						<ele>180</ele>
						<time>2026-04-29T13:35:22Z</time>
					</trkpt>
					<trkpt lat="46.905550" lon="4.993580">
						<ele>178</ele>
						<time>2026-04-29T13:35:29Z</time>
					</trkpt>
					<trkpt lat="46.905470" lon="4.993910">
						<ele>177</ele>
						<time>2026-04-29T13:35:33Z</time>
					</trkpt>
					<trkpt lat="46.905020" lon="4.995430">
						<ele>177</ele>
						<time>2026-04-29T13:35:53Z</time>
					</trkpt>
					<trkpt lat="46.904850" lon="4.995880">
						<ele>176</ele>
						<time>2026-04-29T13:36:00Z</time>
					</trkpt>
					<trkpt lat="46.904670" lon="4.996310">
						<ele>176</ele>
						<time>2026-04-29T13:36:06Z</time>
					</trkpt>
					<trkpt lat="46.904420" lon="4.996810">
						<ele>176</ele>
						<time>2026-04-29T13:36:13Z</time>
					</trkpt>
					<trkpt lat="46.904120" lon="4.997320">
						<ele>175</ele>
						<time>2026-04-29T13:36:21Z</time>
					</trkpt>
					<trkpt lat="46.903810" lon="4.997760">
						<ele>174</ele>
						<time>2026-04-29T13:36:29Z</time>
					</trkpt>
					<trkpt lat="46.903500" lon="4.998160">
						<ele>174</ele>
						<time>2026-04-29T13:36:36Z</time>
					</trkpt>
					<trkpt lat="46.903420" lon="4.998260">
						<ele>174</ele>
						<time>2026-04-29T13:36:38Z</time>
					</trkpt>
					<trkpt lat="46.903350" lon="4.998410">
						<ele>174</ele>
						<time>2026-04-29T13:36:41Z</time>
					</trkpt>
					<trkpt lat="46.903260" lon="4.998550">
						<ele>174</ele>
						<time>2026-04-29T13:36:43Z</time>
					</trkpt>
					<trkpt lat="46.902930" lon="4.999040">
						<ele>174</ele>
						<time>2026-04-29T13:36:51Z</time>
					</trkpt>
					<trkpt lat="46.902620" lon="4.999520">
						<ele>173</ele>
						<time>2026-04-29T13:36:59Z</time>
					</trkpt>
					<trkpt lat="46.901880" lon="5.000640">
						<ele>176</ele>
						<time>2026-04-29T13:37:18Z</time>
					</trkpt>
					<trkpt lat="46.901780" lon="5.000750">
						<ele>177</ele>
						<time>2026-04-29T13:37:20Z</time>
					</trkpt>
					<trkpt lat="46.901180" lon="5.001770">
						<ele>177</ele>
						<time>2026-04-29T13:37:37Z</time>
					</trkpt>
					<trkpt lat="46.901080" lon="5.001970">
						<ele>177</ele>
						<time>2026-04-29T13:37:40Z</time>
					</trkpt>
					<trkpt lat="46.900970" lon="5.002200">
						<ele>177</ele>
						<time>2026-04-29T13:37:43Z</time>
					</trkpt>
					<trkpt lat="46.900840" lon="5.002610">
						<ele>178</ele>
						<time>2026-04-29T13:37:49Z</time>
					</trkpt>
					<trkpt lat="46.900730" lon="5.003070">
						<ele>177</ele>
						<time>2026-04-29T13:37:55Z</time>
					</trkpt>
					<trkpt lat="46.900660" lon="5.003510">
						<ele>176</ele>
						<time>2026-04-29T13:38:00Z</time>
					</trkpt>
					<trkpt lat="46.900650" lon="5.003580">
						<ele>176</ele>
						<time>2026-04-29T13:38:01Z</time>
					</trkpt>
					<trkpt lat="46.900630" lon="5.003890">
						<ele>175</ele>
						<time>2026-04-29T13:38:05Z</time>
					</trkpt>
					<trkpt lat="46.900620" lon="5.004140">
						<ele>174</ele>
						<time>2026-04-29T13:38:08Z</time>
					</trkpt>
					<trkpt lat="46.900620" lon="5.004450">
						<ele>174</ele>
						<time>2026-04-29T13:38:12Z</time>
					</trkpt>
					<trkpt lat="46.900640" lon="5.004730">
						<ele>174</ele>
						<time>2026-04-29T13:38:15Z</time>
					</trkpt>
					<trkpt lat="46.900660" lon="5.004910">
						<ele>174</ele>
						<time>2026-04-29T13:38:17Z</time>
					</trkpt>
					<trkpt lat="46.900710" lon="5.005200">
						<ele>174</ele>
						<time>2026-04-29T13:38:21Z</time>
					</trkpt>
					<trkpt lat="46.900790" lon="5.005540">
						<ele>175</ele>
						<time>2026-04-29T13:38:25Z</time>
					</trkpt>
					<trkpt lat="46.900800" lon="5.005600">
						<ele>175</ele>
						<time>2026-04-29T13:38:26Z</time>
					</trkpt>
					<trkpt lat="46.901300" lon="5.007120">
						<ele>174</ele>
						<time>2026-04-29T13:38:46Z</time>
					</trkpt>
					<trkpt lat="46.901540" lon="5.007880">
						<ele>173</ele>
						<time>2026-04-29T13:38:57Z</time>
					</trkpt>
					<trkpt lat="46.901700" lon="5.008390">
						<ele>173</ele>
						<time>2026-04-29T13:39:03Z</time>
					</trkpt>
					<trkpt lat="46.901770" lon="5.008650">
						<ele>174</ele>
						<time>2026-04-29T13:39:07Z</time>
					</trkpt>
					<trkpt lat="46.901870" lon="5.009060">
						<ele>174</ele>
						<time>2026-04-29T13:39:12Z</time>
					</trkpt>
					<trkpt lat="46.901920" lon="5.009340">
						<ele>175</ele>
						<time>2026-04-29T13:39:16Z</time>
					</trkpt>
					<trkpt lat="46.901960" lon="5.009710">
						<ele>175</ele>
						<time>2026-04-29T13:39:20Z</time>
					</trkpt>
					<trkpt lat="46.901980" lon="5.010090">
						<ele>175</ele>
						<time>2026-04-29T13:39:25Z</time>
					</trkpt>
					<trkpt lat="46.901970" lon="5.010310">
						<ele>174</ele>
						<time>2026-04-29T13:39:28Z</time>
					</trkpt>
					<trkpt lat="46.901950" lon="5.010650">
						<ele>174</ele>
						<time>2026-04-29T13:39:32Z</time>
					</trkpt>
					<trkpt lat="46.901920" lon="5.010910">
						<ele>174</ele>
						<time>2026-04-29T13:39:35Z</time>
					</trkpt>
					<trkpt lat="46.901870" lon="5.011200">
						<ele>174</ele>
						<time>2026-04-29T13:39:39Z</time>
					</trkpt>
					<trkpt lat="46.901840" lon="5.011300">
						<ele>174</ele>
						<time>2026-04-29T13:39:40Z</time>
					</trkpt>
					<trkpt lat="46.901660" lon="5.011990">
						<ele>174</ele>
						<time>2026-04-29T13:39:49Z</time>
					</trkpt>
					<trkpt lat="46.901320" lon="5.012690">
						<ele>173</ele>
						<time>2026-04-29T13:39:59Z</time>
					</trkpt>
					<trkpt lat="46.899300" lon="5.016530">
						<ele>173</ele>
						<time>2026-04-29T13:40:58Z</time>
					</trkpt>
					<trkpt lat="46.899120" lon="5.016880">
						<ele>173</ele>
						<time>2026-04-29T13:41:04Z</time>
					</trkpt>
					<trkpt lat="46.898090" lon="5.018830">
						<ele>173</ele>
						<time>2026-04-29T13:41:34Z</time>
					</trkpt>
					<trkpt lat="46.897940" lon="5.019140">
						<ele>173</ele>
						<time>2026-04-29T13:41:38Z</time>
					</trkpt>
					<trkpt lat="46.897760" lon="5.019590">
						<ele>174</ele>
						<time>2026-04-29T13:41:44Z</time>
					</trkpt>
					<trkpt lat="46.897340" lon="5.020730">
						<ele>176</ele>
						<time>2026-04-29T13:42:00Z</time>
					</trkpt>
					<trkpt lat="46.897060" lon="5.021420">
						<ele>176</ele>
						<time>2026-04-29T13:42:10Z</time>
					</trkpt>
					<trkpt lat="46.896990" lon="5.021570">
						<ele>176</ele>
						<time>2026-04-29T13:42:12Z</time>
					</trkpt>
					<trkpt lat="46.896950" lon="5.021710">
						<ele>176</ele>
						<time>2026-04-29T13:42:14Z</time>
					</trkpt>
					<trkpt lat="46.896680" lon="5.022570">
						<ele>178</ele>
						<time>2026-04-29T13:42:26Z</time>
					</trkpt>
					<trkpt lat="46.896580" lon="5.022820">
						<ele>178</ele>
						<time>2026-04-29T13:42:29Z</time>
					</trkpt>
					<trkpt lat="46.896400" lon="5.023130">
						<ele>178</ele>
						<time>2026-04-29T13:42:34Z</time>
					</trkpt>
					<trkpt lat="46.896240" lon="5.023360">
						<ele>179</ele>
						<time>2026-04-29T13:42:38Z</time>
					</trkpt>
					<trkpt lat="46.896220" lon="5.023380">
						<ele>179</ele>
						<time>2026-04-29T13:42:38Z</time>
					</trkpt>
					<trkpt lat="46.896130" lon="5.023530">
						<ele>179</ele>
						<time>2026-04-29T13:42:41Z</time>
					</trkpt>
					<trkpt lat="46.895970" lon="5.023720">
						<ele>180</ele>
						<time>2026-04-29T13:42:45Z</time>
					</trkpt>
					<trkpt lat="46.895840" lon="5.023840">
						<ele>180</ele>
						<time>2026-04-29T13:42:47Z</time>
					</trkpt>
					<trkpt lat="46.895760" lon="5.023950">
						<ele>180</ele>
						<time>2026-04-29T13:42:49Z</time>
					</trkpt>
					<trkpt lat="46.895620" lon="5.024210">
						<ele>180</ele>
						<time>2026-04-29T13:42:53Z</time>
					</trkpt>
					<trkpt lat="46.895590" lon="5.024270">
						<ele>180</ele>
						<time>2026-04-29T13:42:54Z</time>
					</trkpt>
					<trkpt lat="46.895310" lon="5.024130">
						<ele>179</ele>
						<time>2026-04-29T13:42:59Z</time>
					</trkpt>
					<trkpt lat="46.895040" lon="5.024030">
						<ele>178</ele>
						<time>2026-04-29T13:43:04Z</time>
					</trkpt>
					<trkpt lat="46.894990" lon="5.024020">
						<ele>178</ele>
						<time>2026-04-29T13:43:05Z</time>
					</trkpt>
					<trkpt lat="46.894760" lon="5.023940">
						<ele>177</ele>
						<time>2026-04-29T13:43:09Z</time>
					</trkpt>
					<trkpt lat="46.894620" lon="5.023890">
						<ele>177</ele>
						<time>2026-04-29T13:43:12Z</time>
					</trkpt>
					<trkpt lat="46.894540" lon="5.023860">
						<ele>177</ele>
						<time>2026-04-29T13:43:13Z</time>
					</trkpt>
					<trkpt lat="46.894340" lon="5.023780">
						<ele>177</ele>
						<time>2026-04-29T13:43:17Z</time>
					</trkpt>
					<trkpt lat="46.893640" lon="5.023560">
						<ele>176</ele>
						<time>2026-04-29T13:43:30Z</time>
					</trkpt>
					<trkpt lat="46.893290" lon="5.023470">
						<ele>176</ele>
						<time>2026-04-29T13:43:36Z</time>
					</trkpt>
					<trkpt lat="46.892810" lon="5.023310">
						<ele>175</ele>
						<time>2026-04-29T13:43:45Z</time>
					</trkpt>
					<trkpt lat="46.892690" lon="5.023290">
						<ele>174</ele>
						<time>2026-04-29T13:43:47Z</time>
					</trkpt>
					<trkpt lat="46.892540" lon="5.023300">
						<ele>174</ele>
						<time>2026-04-29T13:43:50Z</time>
					</trkpt>
					<trkpt lat="46.892400" lon="5.023360">
						<ele>174</ele>
						<time>2026-04-29T13:43:52Z</time>
					</trkpt>
					<trkpt lat="46.892350" lon="5.023380">
						<ele>174</ele>
						<time>2026-04-29T13:43:53Z</time>
					</trkpt>
					<trkpt lat="46.892010" lon="5.023750">
						<ele>173</ele>
						<time>2026-04-29T13:44:01Z</time>
					</trkpt>
					<trkpt lat="46.891640" lon="5.024160">
						<ele>173</ele>
						<time>2026-04-29T13:44:09Z</time>
					</trkpt>
					<trkpt lat="46.891410" lon="5.024410">
						<ele>174</ele>
						<time>2026-04-29T13:44:14Z</time>
					</trkpt>
					<trkpt lat="46.891280" lon="5.024590">
						<ele>175</ele>
						<time>2026-04-29T13:44:17Z</time>
					</trkpt>
					<trkpt lat="46.891210" lon="5.024730">
						<ele>175</ele>
						<time>2026-04-29T13:44:20Z</time>
					</trkpt>
					<trkpt lat="46.891130" lon="5.024960">
						<ele>176</ele>
						<time>2026-04-29T13:44:23Z</time>
					</trkpt>
					<trkpt lat="46.890950" lon="5.025720">
						<ele>175</ele>
						<time>2026-04-29T13:44:32Z</time>
					</trkpt>
					<trkpt lat="46.890870" lon="5.026050">
						<ele>175</ele>
						<time>2026-04-29T13:44:37Z</time>
					</trkpt>
					<trkpt lat="46.890740" lon="5.026620">
						<ele>176</ele>
						<time>2026-04-29T13:44:44Z</time>
					</trkpt>
					<trkpt lat="46.890590" lon="5.027670">
						<ele>177</ele>
						<time>2026-04-29T13:44:57Z</time>
					</trkpt>
					<trkpt lat="46.890460" lon="5.028660">
						<ele>178</ele>
						<time>2026-04-29T13:45:09Z</time>
					</trkpt>
					<trkpt lat="46.890450" lon="5.028710">
						<ele>178</ele>
						<time>2026-04-29T13:45:10Z</time>
					</trkpt>
					<trkpt lat="46.889970" lon="5.032280">
						<ele>176</ele>
						<time>2026-04-29T13:45:54Z</time>
					</trkpt>
					<trkpt lat="46.889930" lon="5.032540">
						<ele>176</ele>
						<time>2026-04-29T13:45:57Z</time>
					</trkpt>
					<trkpt lat="46.889860" lon="5.032800">
						<ele>176</ele>
						<time>2026-04-29T13:46:01Z</time>
					</trkpt>
					<trkpt lat="46.889740" lon="5.033000">
						<ele>176</ele>
						<time>2026-04-29T13:46:04Z</time>
					</trkpt>
					<trkpt lat="46.889630" lon="5.033150">
						<ele>176</ele>
						<time>2026-04-29T13:46:07Z</time>
					</trkpt>
					<trkpt lat="46.889460" lon="5.033340">
						<ele>176</ele>
						<time>2026-04-29T13:46:11Z</time>
					</trkpt>
					<trkpt lat="46.888860" lon="5.033830">
						<ele>175</ele>
						<time>2026-04-29T13:46:23Z</time>
					</trkpt>
					<trkpt lat="46.888760" lon="5.033940">
						<ele>175</ele>
						<time>2026-04-29T13:46:25Z</time>
					</trkpt>
					<trkpt lat="46.888640" lon="5.034110">
						<ele>175</ele>
						<time>2026-04-29T13:46:28Z</time>
					</trkpt>
					<trkpt lat="46.888540" lon="5.034290">
						<ele>175</ele>
						<time>2026-04-29T13:46:31Z</time>
					</trkpt>
					<trkpt lat="46.888300" lon="5.034870">
						<ele>174</ele>
						<time>2026-04-29T13:46:39Z</time>
					</trkpt>
					<trkpt lat="46.888170" lon="5.035140">
						<ele>174</ele>
						<time>2026-04-29T13:46:43Z</time>
					</trkpt>
					<trkpt lat="46.888030" lon="5.035380">
						<ele>175</ele>
						<time>2026-04-29T13:46:47Z</time>
					</trkpt>
					<trkpt lat="46.887900" lon="5.035590">
						<ele>175</ele>
						<time>2026-04-29T13:46:50Z</time>
					</trkpt>
					<trkpt lat="46.887130" lon="5.036890">
						<ele>175</ele>
						<time>2026-04-29T13:47:11Z</time>
					</trkpt>
					<trkpt lat="46.886880" lon="5.037330">
						<ele>176</ele>
						<time>2026-04-29T13:47:18Z</time>
					</trkpt>
					<trkpt lat="46.886770" lon="5.037540">
						<ele>176</ele>
						<time>2026-04-29T13:47:21Z</time>
					</trkpt>
					<trkpt lat="46.886310" lon="5.038240">
						<ele>175</ele>
						<time>2026-04-29T13:47:33Z</time>
					</trkpt>
					<trkpt lat="46.885340" lon="5.039760">
						<ele>175</ele>
						<time>2026-04-29T13:47:59Z</time>
					</trkpt>
					<trkpt lat="46.885160" lon="5.040040">
						<ele>176</ele>
						<time>2026-04-29T13:48:03Z</time>
					</trkpt>
					<trkpt lat="46.884520" lon="5.041040">
						<ele>177</ele>
						<time>2026-04-29T13:48:20Z</time>
					</trkpt>
					<trkpt lat="46.884380" lon="5.041310">
						<ele>178</ele>
						<time>2026-04-29T13:48:24Z</time>
					</trkpt>
					<trkpt lat="46.884350" lon="5.041360">
						<ele>178</ele>
						<time>2026-04-29T13:48:25Z</time>
					</trkpt>
					<trkpt lat="46.884160" lon="5.041840">
						<ele>178</ele>
						<time>2026-04-29T13:48:32Z</time>
					</trkpt>
					<trkpt lat="46.884090" lon="5.041930">
						<ele>178</ele>
						<time>2026-04-29T13:48:33Z</time>
					</trkpt>
					<trkpt lat="46.884100" lon="5.042060">
						<ele>178</ele>
						<time>2026-04-29T13:48:35Z</time>
					</trkpt>
					<trkpt lat="46.884080" lon="5.042270">
						<ele>178</ele>
						<time>2026-04-29T13:48:37Z</time>
					</trkpt>
					<trkpt lat="46.884080" lon="5.042300">
						<ele>177</ele>
						<time>2026-04-29T13:48:38Z</time>
					</trkpt>
					<trkpt lat="46.883130" lon="5.045940">
						<ele>182</ele>
						<time>2026-04-29T13:49:25Z</time>
					</trkpt>
					<trkpt lat="46.883020" lon="5.046400">
						<ele>181</ele>
						<time>2026-04-29T13:49:31Z</time>
					</trkpt>
					<trkpt lat="46.882680" lon="5.047910">
						<ele>182</ele>
						<time>2026-04-29T13:49:50Z</time>
					</trkpt>
					<trkpt lat="46.882480" lon="5.048780">
						<ele>183</ele>
						<time>2026-04-29T13:50:02Z</time>
					</trkpt>
					<trkpt lat="46.882830" lon="5.048980">
						<ele>183</ele>
						<time>2026-04-29T13:50:08Z</time>
					</trkpt>
					<trkpt lat="46.882980" lon="5.049100">
						<ele>183</ele>
						<time>2026-04-29T13:50:11Z</time>
					</trkpt>
					<trkpt lat="46.883110" lon="5.049210">
						<ele>183</ele>
						<time>2026-04-29T13:50:14Z</time>
					</trkpt>
					<trkpt lat="46.883210" lon="5.049390">
						<ele>183</ele>
						<time>2026-04-29T13:50:17Z</time>
					</trkpt>
					<trkpt lat="46.883250" lon="5.049450">
						<ele>183</ele>
						<time>2026-04-29T13:50:18Z</time>
					</trkpt>
					<trkpt lat="46.883330" lon="5.049730">
						<ele>182</ele>
						<time>2026-04-29T13:50:21Z</time>
					</trkpt>
					<trkpt lat="46.883420" lon="5.050140">
						<ele>182</ele>
						<time>2026-04-29T13:50:27Z</time>
					</trkpt>
					<trkpt lat="46.883540" lon="5.050330">
						<ele>182</ele>
						<time>2026-04-29T13:50:30Z</time>
					</trkpt>
					<trkpt lat="46.883580" lon="5.050380">
						<ele>182</ele>
						<time>2026-04-29T13:50:31Z</time>
					</trkpt>
					<trkpt lat="46.883660" lon="5.050430">
						<ele>182</ele>
						<time>2026-04-29T13:50:32Z</time>
					</trkpt>
					<trkpt lat="46.883790" lon="5.050490">
						<ele>182</ele>
						<time>2026-04-29T13:50:35Z</time>
					</trkpt>
					<trkpt lat="46.883930" lon="5.050550">
						<ele>182</ele>
						<time>2026-04-29T13:50:37Z</time>
					</trkpt>
					<trkpt lat="46.884060" lon="5.050640">
						<ele>182</ele>
						<time>2026-04-29T13:50:40Z</time>
					</trkpt>
					<trkpt lat="46.884120" lon="5.050710">
						<ele>182</ele>
						<time>2026-04-29T13:50:41Z</time>
					</trkpt>
					<trkpt lat="46.884170" lon="5.050780">
						<ele>182</ele>
						<time>2026-04-29T13:50:43Z</time>
					</trkpt>
					<trkpt lat="46.884360" lon="5.051240">
						<ele>183</ele>
						<time>2026-04-29T13:50:49Z</time>
					</trkpt>
					<trkpt lat="46.884510" lon="5.051650">
						<ele>184</ele>
						<time>2026-04-29T13:50:55Z</time>
					</trkpt>
					<trkpt lat="46.884700" lon="5.052120">
						<ele>184</ele>
						<time>2026-04-29T13:51:01Z</time>
					</trkpt>
					<trkpt lat="46.884870" lon="5.052380">
						<ele>185</ele>
						<time>2026-04-29T13:51:06Z</time>
					</trkpt>
					<trkpt lat="46.884950" lon="5.052480">
						<ele>185</ele>
						<time>2026-04-29T13:51:08Z</time>
					</trkpt>
					<trkpt lat="46.885510" lon="5.053120">
						<ele>187</ele>
						<time>2026-04-29T13:51:20Z</time>
					</trkpt>
					<trkpt lat="46.885730" lon="5.053350">
						<ele>188</ele>
						<time>2026-04-29T13:51:25Z</time>
					</trkpt>
					<trkpt lat="46.886210" lon="5.053860">
						<ele>188</ele>
						<time>2026-04-29T13:51:36Z</time>
					</trkpt>
					<trkpt lat="46.886330" lon="5.053990">
						<ele>187</ele>
						<time>2026-04-29T13:51:38Z</time>
					</trkpt>
					<trkpt lat="46.886490" lon="5.054260">
						<ele>187</ele>
						<time>2026-04-29T13:51:43Z</time>
					</trkpt>
					<trkpt lat="46.886660" lon="5.054610">
						<ele>188</ele>
						<time>2026-04-29T13:51:48Z</time>
					</trkpt>
					<trkpt lat="46.886800" lon="5.054940">
						<ele>188</ele>
						<time>2026-04-29T13:51:53Z</time>
					</trkpt>
					<trkpt lat="46.886910" lon="5.055200">
						<ele>189</ele>
						<time>2026-04-29T13:51:56Z</time>
					</trkpt>
					<trkpt lat="46.887220" lon="5.056070">
						<ele>190</ele>
						<time>2026-04-29T13:52:08Z</time>
					</trkpt>
					<trkpt lat="46.887450" lon="5.056840">
						<ele>191</ele>
						<time>2026-04-29T13:52:18Z</time>
					</trkpt>
					<trkpt lat="46.887880" lon="5.058200">
						<ele>192</ele>
						<time>2026-04-29T13:52:37Z</time>
					</trkpt>
					<trkpt lat="46.887980" lon="5.058500">
						<ele>192</ele>
						<time>2026-04-29T13:52:41Z</time>
					</trkpt>
					<trkpt lat="46.888150" lon="5.058940">
						<ele>191</ele>
						<time>2026-04-29T13:52:47Z</time>
					</trkpt>
					<trkpt lat="46.888670" lon="5.059980">
						<ele>188</ele>
						<time>2026-04-29T13:53:03Z</time>
					</trkpt>
					<trkpt lat="46.888900" lon="5.060420">
						<ele>189</ele>
						<time>2026-04-29T13:53:09Z</time>
					</trkpt>
					<trkpt lat="46.889020" lon="5.060720">
						<ele>189</ele>
						<time>2026-04-29T13:53:13Z</time>
					</trkpt>
					<trkpt lat="46.889040" lon="5.060890">
						<ele>189</ele>
						<time>2026-04-29T13:53:16Z</time>
					</trkpt>
					<trkpt lat="46.889020" lon="5.061120">
						<ele>190</ele>
						<time>2026-04-29T13:53:18Z</time>
					</trkpt>
					<trkpt lat="46.888960" lon="5.061930">
						<ele>191</ele>
						<time>2026-04-29T13:53:28Z</time>
					</trkpt>
					<trkpt lat="46.888880" lon="5.063360">
						<ele>192</ele>
						<time>2026-04-29T13:53:46Z</time>
					</trkpt>
					<trkpt lat="46.888800" lon="5.064850">
						<ele>190</ele>
						<time>2026-04-29T13:54:04Z</time>
					</trkpt>
					<trkpt lat="46.888810" lon="5.065190">
						<ele>190</ele>
						<time>2026-04-29T13:54:08Z</time>
					</trkpt>
					<trkpt lat="46.888830" lon="5.065290">
						<ele>190</ele>
						<time>2026-04-29T13:54:09Z</time>
					</trkpt>
					<trkpt lat="46.888910" lon="5.065390">
						<ele>190</ele>
						<time>2026-04-29T13:54:11Z</time>
					</trkpt>
					<trkpt lat="46.888990" lon="5.065460">
						<ele>190</ele>
						<time>2026-04-29T13:54:13Z</time>
					</trkpt>
					<trkpt lat="46.889490" lon="5.065760">
						<ele>190</ele>
						<time>2026-04-29T13:54:22Z</time>
					</trkpt>
					<trkpt lat="46.889700" lon="5.065920">
						<ele>190</ele>
						<time>2026-04-29T13:54:27Z</time>
					</trkpt>
					<trkpt lat="46.889770" lon="5.066020">
						<ele>190</ele>
						<time>2026-04-29T13:54:28Z</time>
					</trkpt>
					<trkpt lat="46.889890" lon="5.066220">
						<ele>190</ele>
						<time>2026-04-29T13:54:32Z</time>
					</trkpt>
					<trkpt lat="46.889980" lon="5.066450">
						<ele>190</ele>
						<time>2026-04-29T13:54:35Z</time>
					</trkpt>
					<trkpt lat="46.890170" lon="5.066860">
						<ele>189</ele>
						<time>2026-04-29T13:54:41Z</time>
					</trkpt>
					<trkpt lat="46.890530" lon="5.067690">
						<ele>189</ele>
						<time>2026-04-29T13:54:53Z</time>
					</trkpt>
					<trkpt lat="46.890760" lon="5.068200">
						<ele>189</ele>
						<time>2026-04-29T13:55:00Z</time>
					</trkpt>
					<trkpt lat="46.891390" lon="5.069530">
						<ele>189</ele>
						<time>2026-04-29T13:55:20Z</time>
					</trkpt>
					<trkpt lat="46.891450" lon="5.069750">
						<ele>189</ele>
						<time>2026-04-29T13:55:23Z</time>
					</trkpt>
					<trkpt lat="46.891270" lon="5.069900">
						<ele>190</ele>
						<time>2026-04-29T13:55:27Z</time>
					</trkpt>
					<trkpt lat="46.891450" lon="5.069750">
						<ele>189</ele>
						<time>2026-04-29T13:55:30Z</time>
					</trkpt>
					<trkpt lat="46.891470" lon="5.069830">
						<ele>190</ele>
						<time>2026-04-29T13:55:31Z</time>
					</trkpt>
					<trkpt lat="46.891500" lon="5.069980">
						<ele>190</ele>
						<time>2026-04-29T13:55:33Z</time>
					</trkpt>
					<trkpt lat="46.891560" lon="5.070310">
						<ele>190</ele>
						<time>2026-04-29T13:55:37Z</time>
					</trkpt>
					<trkpt lat="46.891610" lon="5.070640">
						<ele>190</ele>
						<time>2026-04-29T13:55:41Z</time>
					</trkpt>
					<trkpt lat="46.891740" lon="5.071160">
						<ele>189</ele>
						<time>2026-04-29T13:55:48Z</time>
					</trkpt>
					<trkpt lat="46.891860" lon="5.071500">
						<ele>189</ele>
						<time>2026-04-29T13:55:53Z</time>
					</trkpt>
					<trkpt lat="46.893540" lon="5.075820">
						<ele>185</ele>
						<time>2026-04-29T13:56:53Z</time>
					</trkpt>
					<trkpt lat="46.893640" lon="5.076050">
						<ele>185</ele>
						<time>2026-04-29T13:56:57Z</time>
					</trkpt>
					<trkpt lat="46.894250" lon="5.077590">
						<ele>187</ele>
						<time>2026-04-29T13:57:18Z</time>
					</trkpt>
					<trkpt lat="46.894360" lon="5.077810">
						<ele>187</ele>
						<time>2026-04-29T13:57:22Z</time>
					</trkpt>
					<trkpt lat="46.894540" lon="5.078110">
						<ele>187</ele>
						<time>2026-04-29T13:57:26Z</time>
					</trkpt>
					<trkpt lat="46.894780" lon="5.078500">
						<ele>188</ele>
						<time>2026-04-29T13:57:33Z</time>
					</trkpt>
					<trkpt lat="46.895150" lon="5.079050">
						<ele>189</ele>
						<time>2026-04-29T13:57:42Z</time>
					</trkpt>
					<trkpt lat="46.895240" lon="5.079190">
						<ele>189</ele>
						<time>2026-04-29T13:57:44Z</time>
					</trkpt>
					<trkpt lat="46.895960" lon="5.080230">
						<ele>188</ele>
						<time>2026-04-29T13:58:02Z</time>
					</trkpt>
					<trkpt lat="46.896360" lon="5.080940">
						<ele>187</ele>
						<time>2026-04-29T13:58:14Z</time>
					</trkpt>
					<trkpt lat="46.896720" lon="5.081650">
						<ele>187</ele>
						<time>2026-04-29T13:58:24Z</time>
					</trkpt>
					<trkpt lat="46.897120" lon="5.082480">
						<ele>189</ele>
						<time>2026-04-29T13:58:37Z</time>
					</trkpt>
					<trkpt lat="46.897360" lon="5.083140">
						<ele>190</ele>
						<time>2026-04-29T13:58:46Z</time>
					</trkpt>
					<trkpt lat="46.897500" lon="5.083610">
						<ele>191</ele>
						<time>2026-04-29T13:58:52Z</time>
					</trkpt>
					<trkpt lat="46.897540" lon="5.083880">
						<ele>191</ele>
						<time>2026-04-29T13:58:55Z</time>
					</trkpt>
					<trkpt lat="46.897550" lon="5.084340">
						<ele>192</ele>
						<time>2026-04-29T13:59:01Z</time>
					</trkpt>
					<trkpt lat="46.897540" lon="5.084530">
						<ele>192</ele>
						<time>2026-04-29T13:59:03Z</time>
					</trkpt>
					<trkpt lat="46.897420" lon="5.085690">
						<ele>192</ele>
						<time>2026-04-29T13:59:18Z</time>
					</trkpt>
					<trkpt lat="46.897370" lon="5.086170">
						<ele>191</ele>
						<time>2026-04-29T13:59:24Z</time>
					</trkpt>
					<trkpt lat="46.897310" lon="5.086100">
						<ele>191</ele>
						<time>2026-04-29T13:59:25Z</time>
					</trkpt>
					<trkpt lat="46.897370" lon="5.086170">
						<ele>191</ele>
						<time>2026-04-29T13:59:26Z</time>
					</trkpt>
					<trkpt lat="46.898070" lon="5.087070">
						<ele>192</ele>
						<time>2026-04-29T13:59:43Z</time>
					</trkpt>
					<trkpt lat="46.898640" lon="5.087820">
						<ele>191</ele>
						<time>2026-04-29T13:59:56Z</time>
					</trkpt>
					<trkpt lat="46.898940" lon="5.088200">
						<ele>191</ele>
						<time>2026-04-29T14:00:04Z</time>
					</trkpt>
					<trkpt lat="46.899270" lon="5.088620">
						<ele>191</ele>
						<time>2026-04-29T14:00:11Z</time>
					</trkpt>
					<trkpt lat="46.899920" lon="5.089480">
						<ele>191</ele>
						<time>2026-04-29T14:00:27Z</time>
					</trkpt>
					<trkpt lat="46.900440" lon="5.090280">
						<ele>192</ele>
						<time>2026-04-29T14:00:40Z</time>
					</trkpt>
					<trkpt lat="46.900840" lon="5.090910">
						<ele>192</ele>
						<time>2026-04-29T14:00:51Z</time>
					</trkpt>
					<trkpt lat="46.901070" lon="5.091260">
						<ele>191</ele>
						<time>2026-04-29T14:00:57Z</time>
					</trkpt>
					<trkpt lat="46.901480" lon="5.091940">
						<ele>190</ele>
						<time>2026-04-29T14:01:08Z</time>
					</trkpt>
					<trkpt lat="46.901750" lon="5.092430">
						<ele>190</ele>
						<time>2026-04-29T14:01:15Z</time>
					</trkpt>
					<trkpt lat="46.901800" lon="5.092550">
						<ele>190</ele>
						<time>2026-04-29T14:01:17Z</time>
					</trkpt>
					<trkpt lat="46.902030" lon="5.093040">
						<ele>189</ele>
						<time>2026-04-29T14:01:24Z</time>
					</trkpt>
					<trkpt lat="46.904850" lon="5.099110">
						<ele>186</ele>
						<time>2026-04-29T14:02:54Z</time>
					</trkpt>
					<trkpt lat="46.904990" lon="5.099420">
						<ele>187</ele>
						<time>2026-04-29T14:02:58Z</time>
					</trkpt>
					<trkpt lat="46.905330" lon="5.100090">
						<ele>187</ele>
						<time>2026-04-29T14:03:08Z</time>
					</trkpt>
					<trkpt lat="46.906200" lon="5.101400">
						<ele>189</ele>
						<time>2026-04-29T14:03:30Z</time>
					</trkpt>
					<trkpt lat="46.907560" lon="5.103930">
						<ele>189</ele>
						<time>2026-04-29T14:04:10Z</time>
					</trkpt>
					<trkpt lat="46.907730" lon="5.104230">
						<ele>188</ele>
						<time>2026-04-29T14:04:14Z</time>
					</trkpt>
					<trkpt lat="46.907890" lon="5.104470">
						<ele>188</ele>
						<time>2026-04-29T14:04:18Z</time>
					</trkpt>
					<trkpt lat="46.909090" lon="5.105790">
						<ele>188</ele>
						<time>2026-04-29T14:04:45Z</time>
					</trkpt>
					<trkpt lat="46.909460" lon="5.106100">
						<ele>188</ele>
						<time>2026-04-29T14:04:53Z</time>
					</trkpt>
					<trkpt lat="46.910230" lon="5.106620">
						<ele>188</ele>
						<time>2026-04-29T14:05:08Z</time>
					</trkpt>
					<trkpt lat="46.910990" lon="5.107070">
						<ele>189</ele>
						<time>2026-04-29T14:05:22Z</time>
					</trkpt>
					<trkpt lat="46.911170" lon="5.107210">
						<ele>189</ele>
						<time>2026-04-29T14:05:26Z</time>
					</trkpt>
					<trkpt lat="46.911360" lon="5.107380">
						<ele>188</ele>
						<time>2026-04-29T14:05:30Z</time>
					</trkpt>
					<trkpt lat="46.912120" lon="5.108270">
						<ele>186</ele>
						<time>2026-04-29T14:05:47Z</time>
					</trkpt>
					<trkpt lat="46.912060" lon="5.108330">
						<ele>187</ele>
						<time>2026-04-29T14:05:49Z</time>
					</trkpt>
					<trkpt lat="46.911920" lon="5.108540">
						<ele>187</ele>
						<time>2026-04-29T14:05:52Z</time>
					</trkpt>
					<trkpt lat="46.911470" lon="5.109200">
						<ele>189</ele>
						<time>2026-04-29T14:06:03Z</time>
					</trkpt>
					<trkpt lat="46.911190" lon="5.109700">
						<ele>189</ele>
						<time>2026-04-29T14:06:11Z</time>
					</trkpt>
					<trkpt lat="46.910800" lon="5.110340">
						<ele>188</ele>
						<time>2026-04-29T14:06:22Z</time>
					</trkpt>
					<trkpt lat="46.910650" lon="5.110670">
						<ele>188</ele>
						<time>2026-04-29T14:06:27Z</time>
					</trkpt>
					<trkpt lat="46.910540" lon="5.111030">
						<ele>188</ele>
						<time>2026-04-29T14:06:31Z</time>
					</trkpt>
					<trkpt lat="46.910470" lon="5.111330">
						<ele>188</ele>
						<time>2026-04-29T14:06:35Z</time>
					</trkpt>
					<trkpt lat="46.910440" lon="5.111710">
						<ele>188</ele>
						<time>2026-04-29T14:06:40Z</time>
					</trkpt>
					<trkpt lat="46.910430" lon="5.112100">
						<ele>189</ele>
						<time>2026-04-29T14:06:45Z</time>
					</trkpt>
					<trkpt lat="46.910450" lon="5.112300">
						<ele>189</ele>
						<time>2026-04-29T14:06:47Z</time>
					</trkpt>
					<trkpt lat="46.910500" lon="5.112720">
						<ele>189</ele>
						<time>2026-04-29T14:06:52Z</time>
					</trkpt>
					<trkpt lat="46.910540" lon="5.112930">
						<ele>189</ele>
						<time>2026-04-29T14:06:55Z</time>
					</trkpt>
					<trkpt lat="46.912190" lon="5.121030">
						<ele>188</ele>
						<time>2026-04-29T14:08:38Z</time>
					</trkpt>
					<trkpt lat="46.913940" lon="5.129530">
						<ele>188</ele>
						<time>2026-04-29T14:10:25Z</time>
					</trkpt>
					<trkpt lat="46.914950" lon="5.134480">
						<ele>188</ele>
						<time>2026-04-29T14:11:28Z</time>
					</trkpt>
					<trkpt lat="46.915850" lon="5.138820">
						<ele>186</ele>
						<time>2026-04-29T14:12:23Z</time>
					</trkpt>
					<trkpt lat="46.916170" lon="5.140370">
						<ele>187</ele>
						<time>2026-04-29T14:12:43Z</time>
					</trkpt>
					<trkpt lat="46.916200" lon="5.140530">
						<ele>187</ele>
						<time>2026-04-29T14:12:45Z</time>
					</trkpt>
					<trkpt lat="46.916210" lon="5.140750">
						<ele>187</ele>
						<time>2026-04-29T14:12:48Z</time>
					</trkpt>
					<trkpt lat="46.916190" lon="5.140980">
						<ele>187</ele>
						<time>2026-04-29T14:12:51Z</time>
					</trkpt>
					<trkpt lat="46.916180" lon="5.141110">
						<ele>187</ele>
						<time>2026-04-29T14:12:52Z</time>
					</trkpt>
					<trkpt lat="46.916110" lon="5.141420">
						<ele>186</ele>
						<time>2026-04-29T14:12:56Z</time>
					</trkpt>
					<trkpt lat="46.916070" lon="5.141580">
						<ele>186</ele>
						<time>2026-04-29T14:12:58Z</time>
					</trkpt>
					<trkpt lat="46.915800" lon="5.142500">
						<ele>182</ele>
						<time>2026-04-29T14:13:10Z</time>
					</trkpt>
					<trkpt lat="46.915360" lon="5.143970">
						<ele>177</ele>
						<time>2026-04-29T14:13:30Z</time>
					</trkpt>
					<trkpt lat="46.915290" lon="5.144220">
						<ele>176</ele>
						<time>2026-04-29T14:13:33Z</time>
					</trkpt>
					<trkpt lat="46.915260" lon="5.144310">
						<ele>176</ele>
						<time>2026-04-29T14:13:34Z</time>
					</trkpt>
					<trkpt lat="46.915130" lon="5.144730">
						<ele>174</ele>
						<time>2026-04-29T14:13:40Z</time>
					</trkpt>
					<trkpt lat="46.914580" lon="5.146520">
						<ele>173</ele>
						<time>2026-04-29T14:14:04Z</time>
					</trkpt>
					<trkpt lat="46.913770" lon="5.149140">
						<ele>176</ele>
						<time>2026-04-29T14:14:39Z</time>
					</trkpt>
					<trkpt lat="46.913320" lon="5.150610">
						<ele>177</ele>
						<time>2026-04-29T14:14:58Z</time>
					</trkpt>
					<trkpt lat="46.913260" lon="5.150850">
						<ele>177</ele>
						<time>2026-04-29T14:15:01Z</time>
					</trkpt>
					<trkpt lat="46.913240" lon="5.151120">
						<ele>177</ele>
						<time>2026-04-29T14:15:05Z</time>
					</trkpt>
					<trkpt lat="46.913230" lon="5.151810">
						<ele>176</ele>
						<time>2026-04-29T14:15:13Z</time>
					</trkpt>
					<trkpt lat="46.913160" lon="5.154360">
						<ele>178</ele>
						<time>2026-04-29T14:15:44Z</time>
					</trkpt>
					<trkpt lat="46.913170" lon="5.154810">
						<ele>179</ele>
						<time>2026-04-29T14:15:50Z</time>
					</trkpt>
					<trkpt lat="46.913200" lon="5.155350">
						<ele>180</ele>
						<time>2026-04-29T14:15:56Z</time>
					</trkpt>
					<trkpt lat="46.913220" lon="5.155600">
						<ele>180</ele>
						<time>2026-04-29T14:15:59Z</time>
					</trkpt>
					<trkpt lat="46.913310" lon="5.157300">
						<ele>181</ele>
						<time>2026-04-29T14:16:20Z</time>
					</trkpt>
					<trkpt lat="46.913390" lon="5.157830">
						<ele>180</ele>
						<time>2026-04-29T14:16:27Z</time>
					</trkpt>
					<trkpt lat="46.913420" lon="5.157990">
						<ele>180</ele>
						<time>2026-04-29T14:16:29Z</time>
					</trkpt>
					<trkpt lat="46.913490" lon="5.158260">
						<ele>180</ele>
						<time>2026-04-29T14:16:32Z</time>
					</trkpt>
					<trkpt lat="46.913570" lon="5.158380">
						<ele>179</ele>
						<time>2026-04-29T14:16:34Z</time>
					</trkpt>
					<trkpt lat="46.913590" lon="5.158430">
						<ele>179</ele>
						<time>2026-04-29T14:16:35Z</time>
					</trkpt>
					<trkpt lat="46.913630" lon="5.158790">
						<ele>179</ele>
						<time>2026-04-29T14:16:39Z</time>
					</trkpt>
					<trkpt lat="46.913900" lon="5.160410">
						<ele>180</ele>
						<time>2026-04-29T14:17:00Z</time>
					</trkpt>
					<trkpt lat="46.914140" lon="5.161980">
						<ele>183</ele>
						<time>2026-04-29T14:17:19Z</time>
					</trkpt>
					<trkpt lat="46.914550" lon="5.164590">
						<ele>184</ele>
						<time>2026-04-29T14:17:52Z</time>
					</trkpt>
					<trkpt lat="46.914670" lon="5.165480">
						<ele>185</ele>
						<time>2026-04-29T14:18:03Z</time>
					</trkpt>
					<trkpt lat="46.914690" lon="5.165830">
						<ele>185</ele>
						<time>2026-04-29T14:18:07Z</time>
					</trkpt>
					<trkpt lat="46.914690" lon="5.166110">
						<ele>185</ele>
						<time>2026-04-29T14:18:10Z</time>
					</trkpt>
					<trkpt lat="46.914590" lon="5.168000">
						<ele>186</ele>
						<time>2026-04-29T14:18:33Z</time>
					</trkpt>
					<trkpt lat="46.914270" lon="5.174300">
						<ele>189</ele>
						<time>2026-04-29T14:19:50Z</time>
					</trkpt>
					<trkpt lat="46.914210" lon="5.175510">
						<ele>189</ele>
						<time>2026-04-29T14:20:05Z</time>
					</trkpt>
					<trkpt lat="46.914010" lon="5.179790">
						<ele>190</ele>
						<time>2026-04-29T14:20:57Z</time>
					</trkpt>
					<trkpt lat="46.913980" lon="5.180270">
						<ele>191</ele>
						<time>2026-04-29T14:21:03Z</time>
					</trkpt>
					<trkpt lat="46.913880" lon="5.181350">
						<ele>192</ele>
						<time>2026-04-29T14:21:16Z</time>
					</trkpt>
					<trkpt lat="46.913770" lon="5.182390">
						<ele>192</ele>
						<time>2026-04-29T14:21:29Z</time>
					</trkpt>
					<trkpt lat="46.913720" lon="5.182740">
						<ele>192</ele>
						<time>2026-04-29T14:21:33Z</time>
					</trkpt>
					<trkpt lat="46.913640" lon="5.183250">
						<ele>193</ele>
						<time>2026-04-29T14:21:40Z</time>
					</trkpt>
					<trkpt lat="46.913630" lon="5.183310">
						<ele>193</ele>
						<time>2026-04-29T14:21:40Z</time>
					</trkpt>
					<trkpt lat="46.913110" lon="5.186230">
						<ele>187</ele>
						<time>2026-04-29T14:22:17Z</time>
					</trkpt>
					<trkpt lat="46.912980" lon="5.186890">
						<ele>187</ele>
						<time>2026-04-29T14:22:26Z</time>
					</trkpt>
					<trkpt lat="46.912870" lon="5.187560">
						<ele>190</ele>
						<time>2026-04-29T14:22:34Z</time>
					</trkpt>
					<trkpt lat="46.912720" lon="5.188440">
						<ele>191</ele>
						<time>2026-04-29T14:22:45Z</time>
					</trkpt>
					<trkpt lat="46.912290" lon="5.190790">
						<ele>190</ele>
						<time>2026-04-29T14:23:14Z</time>
					</trkpt>
					<trkpt lat="46.912260" lon="5.190960">
						<ele>191</ele>
						<time>2026-04-29T14:23:17Z</time>
					</trkpt>
					<trkpt lat="46.912250" lon="5.191100">
						<ele>191</ele>
						<time>2026-04-29T14:23:18Z</time>
					</trkpt>
					<trkpt lat="46.912260" lon="5.191270">
						<ele>191</ele>
						<time>2026-04-29T14:23:20Z</time>
					</trkpt>
					<trkpt lat="46.912310" lon="5.191490">
						<ele>191</ele>
						<time>2026-04-29T14:23:23Z</time>
					</trkpt>
					<trkpt lat="46.912450" lon="5.191960">
						<ele>192</ele>
						<time>2026-04-29T14:23:29Z</time>
					</trkpt>
					<trkpt lat="46.912630" lon="5.192590">
						<ele>192</ele>
						<time>2026-04-29T14:23:38Z</time>
					</trkpt>
					<trkpt lat="46.913110" lon="5.194240">
						<ele>191</ele>
						<time>2026-04-29T14:24:00Z</time>
					</trkpt>
					<trkpt lat="46.913160" lon="5.194480">
						<ele>192</ele>
						<time>2026-04-29T14:24:03Z</time>
					</trkpt>
					<trkpt lat="46.913200" lon="5.194710">
						<ele>192</ele>
						<time>2026-04-29T14:24:05Z</time>
					</trkpt>
					<trkpt lat="46.913240" lon="5.195060">
						<ele>193</ele>
						<time>2026-04-29T14:24:10Z</time>
					</trkpt>
					<trkpt lat="46.913430" lon="5.198120">
						<ele>192</ele>
						<time>2026-04-29T14:24:47Z</time>
					</trkpt>
					<trkpt lat="46.913490" lon="5.198990">
						<ele>192</ele>
						<time>2026-04-29T14:24:58Z</time>
					</trkpt>
					<trkpt lat="46.913520" lon="5.199330">
						<ele>191</ele>
						<time>2026-04-29T14:25:02Z</time>
					</trkpt>
					<trkpt lat="46.913510" lon="5.199430">
						<ele>191</ele>
						<time>2026-04-29T14:25:03Z</time>
					</trkpt>
					<trkpt lat="46.913490" lon="5.199510">
						<ele>191</ele>
						<time>2026-04-29T14:25:04Z</time>
					</trkpt>
					<trkpt lat="46.913440" lon="5.199610">
						<ele>191</ele>
						<time>2026-04-29T14:25:06Z</time>
					</trkpt>
					<trkpt lat="46.913370" lon="5.199690">
						<ele>191</ele>
						<time>2026-04-29T14:25:07Z</time>
					</trkpt>
					<trkpt lat="46.913270" lon="5.199770">
						<ele>191</ele>
						<time>2026-04-29T14:25:09Z</time>
					</trkpt>
					<trkpt lat="46.913120" lon="5.199850">
						<ele>192</ele>
						<time>2026-04-29T14:25:12Z</time>
					</trkpt>
					<trkpt lat="46.910930" lon="5.200900">
						<ele>191</ele>
						<time>2026-04-29T14:25:53Z</time>
					</trkpt>
					<trkpt lat="46.910720" lon="5.201000">
						<ele>191</ele>
						<time>2026-04-29T14:25:57Z</time>
					</trkpt>
					<trkpt lat="46.910390" lon="5.201110">
						<ele>191</ele>
						<time>2026-04-29T14:26:03Z</time>
					</trkpt>
					<trkpt lat="46.910310" lon="5.201140">
						<ele>191</ele>
						<time>2026-04-29T14:26:05Z</time>
					</trkpt>
					<trkpt lat="46.910100" lon="5.201220">
						<ele>191</ele>
						<time>2026-04-29T14:26:08Z</time>
					</trkpt>
					<trkpt lat="46.909940" lon="5.201290">
						<ele>192</ele>
						<time>2026-04-29T14:26:11Z</time>
					</trkpt>
					<trkpt lat="46.909810" lon="5.201370">
						<ele>192</ele>
						<time>2026-04-29T14:26:14Z</time>
					</trkpt>
					<trkpt lat="46.909710" lon="5.201440">
						<ele>192</ele>
						<time>2026-04-29T14:26:16Z</time>
					</trkpt>
					<trkpt lat="46.908750" lon="5.202130">
						<ele>190</ele>
						<time>2026-04-29T14:26:35Z</time>
					</trkpt>
					<trkpt lat="46.908480" lon="5.202320">
						<ele>189</ele>
						<time>2026-04-29T14:26:40Z</time>
					</trkpt>
					<trkpt lat="46.907370" lon="5.203120">
						<ele>187</ele>
						<time>2026-04-29T14:27:02Z</time>
					</trkpt>
					<trkpt lat="46.905250" lon="5.204650">
						<ele>189</ele>
						<time>2026-04-29T14:27:44Z</time>
					</trkpt>
					<trkpt lat="46.904020" lon="5.205530">
						<ele>189</ele>
						<time>2026-04-29T14:28:09Z</time>
					</trkpt>
					<trkpt lat="46.901060" lon="5.207670">
						<ele>188</ele>
						<time>2026-04-29T14:29:07Z</time>
					</trkpt>
					<trkpt lat="46.900480" lon="5.208080">
						<ele>186</ele>
						<time>2026-04-29T14:29:19Z</time>
					</trkpt>
					<trkpt lat="46.900060" lon="5.208410">
						<ele>184</ele>
						<time>2026-04-29T14:29:27Z</time>
					</trkpt>
					<trkpt lat="46.899890" lon="5.208620">
						<ele>184</ele>
						<time>2026-04-29T14:29:31Z</time>
					</trkpt>
					<trkpt lat="46.898680" lon="5.210630">
						<ele>190</ele>
						<time>2026-04-29T14:30:04Z</time>
					</trkpt>
					<trkpt lat="46.898230" lon="5.211500">
						<ele>192</ele>
						<time>2026-04-29T14:30:17Z</time>
					</trkpt>
					<trkpt lat="46.897530" lon="5.212960">
						<ele>195</ele>
						<time>2026-04-29T14:30:39Z</time>
					</trkpt>
					<trkpt lat="46.896940" lon="5.214240">
						<ele>193</ele>
						<time>2026-04-29T14:30:58Z</time>
					</trkpt>
					<trkpt lat="46.896730" lon="5.214630">
						<ele>192</ele>
						<time>2026-04-29T14:31:04Z</time>
					</trkpt>
					<trkpt lat="46.896640" lon="5.214770">
						<ele>191</ele>
						<time>2026-04-29T14:31:06Z</time>
					</trkpt>
					<trkpt lat="46.896500" lon="5.214920">
						<ele>190</ele>
						<time>2026-04-29T14:31:09Z</time>
					</trkpt>
					<trkpt lat="46.896250" lon="5.215060">
						<ele>188</ele>
						<time>2026-04-29T14:31:14Z</time>
					</trkpt>
					<trkpt lat="46.896100" lon="5.215090">
						<ele>187</ele>
						<time>2026-04-29T14:31:17Z</time>
					</trkpt>
					<trkpt lat="46.895270" lon="5.215130">
						<ele>183</ele>
						<time>2026-04-29T14:31:31Z</time>
					</trkpt>
					<trkpt lat="46.894300" lon="5.215160">
						<ele>182</ele>
						<time>2026-04-29T14:31:49Z</time>
					</trkpt>
					<trkpt lat="46.894280" lon="5.215150">
						<ele>182</ele>
						<time>2026-04-29T14:31:49Z</time>
					</trkpt>
					<trkpt lat="46.893660" lon="5.214950">
						<ele>183</ele>
						<time>2026-04-29T14:32:00Z</time>
					</trkpt>
					<trkpt lat="46.893440" lon="5.214930">
						<ele>184</ele>
						<time>2026-04-29T14:32:04Z</time>
					</trkpt>
					<trkpt lat="46.893180" lon="5.214960">
						<ele>185</ele>
						<time>2026-04-29T14:32:09Z</time>
					</trkpt>
					<trkpt lat="46.893100" lon="5.214980">
						<ele>185</ele>
						<time>2026-04-29T14:32:10Z</time>
					</trkpt>
					<trkpt lat="46.892920" lon="5.215020">
						<ele>186</ele>
						<time>2026-04-29T14:32:13Z</time>
					</trkpt>
					<trkpt lat="46.889960" lon="5.216010">
						<ele>190</ele>
						<time>2026-04-29T14:33:08Z</time>
					</trkpt>
					<trkpt lat="46.888430" lon="5.216500">
						<ele>194</ele>
						<time>2026-04-29T14:33:35Z</time>
					</trkpt>
					<trkpt lat="46.888240" lon="5.216580">
						<ele>194</ele>
						<time>2026-04-29T14:33:39Z</time>
					</trkpt>
					<trkpt lat="46.888090" lon="5.216700">
						<ele>194</ele>
						<time>2026-04-29T14:33:42Z</time>
					</trkpt>
					<trkpt lat="46.887900" lon="5.216970">
						<ele>194</ele>
						<time>2026-04-29T14:33:47Z</time>
					</trkpt>
					<trkpt lat="46.887620" lon="5.217480">
						<ele>193</ele>
						<time>2026-04-29T14:33:55Z</time>
					</trkpt>
					<trkpt lat="46.886840" lon="5.218930">
						<ele>191</ele>
						<time>2026-04-29T14:34:17Z</time>
					</trkpt>
					<trkpt lat="46.886700" lon="5.219190">
						<ele>190</ele>
						<time>2026-04-29T14:34:21Z</time>
					</trkpt>
					<trkpt lat="46.885760" lon="5.220960">
						<ele>190</ele>
						<time>2026-04-29T14:34:48Z</time>
					</trkpt>
					<trkpt lat="46.885640" lon="5.221180">
						<ele>190</ele>
						<time>2026-04-29T14:34:52Z</time>
					</trkpt>
					<trkpt lat="46.885430" lon="5.221470">
						<ele>191</ele>
						<time>2026-04-29T14:34:57Z</time>
					</trkpt>
					<trkpt lat="46.884960" lon="5.222050">
						<ele>191</ele>
						<time>2026-04-29T14:35:08Z</time>
					</trkpt>
					<trkpt lat="46.884840" lon="5.222260">
						<ele>190</ele>
						<time>2026-04-29T14:35:11Z</time>
					</trkpt>
					<trkpt lat="46.884760" lon="5.222440">
						<ele>190</ele>
						<time>2026-04-29T14:35:14Z</time>
					</trkpt>
					<trkpt lat="46.884680" lon="5.222790">
						<ele>189</ele>
						<time>2026-04-29T14:35:18Z</time>
					</trkpt>
					<trkpt lat="46.884590" lon="5.223170">
						<ele>189</ele>
						<time>2026-04-29T14:35:23Z</time>
					</trkpt>
					<trkpt lat="46.884570" lon="5.223310">
						<ele>189</ele>
						<time>2026-04-29T14:35:25Z</time>
					</trkpt>
					<trkpt lat="46.883730" lon="5.227400">
						<ele>183</ele>
						<time>2026-04-29T14:36:17Z</time>
					</trkpt>
					<trkpt lat="46.883640" lon="5.227830">
						<ele>183</ele>
						<time>2026-04-29T14:36:22Z</time>
					</trkpt>
					<trkpt lat="46.883480" lon="5.228350">
						<ele>182</ele>
						<time>2026-04-29T14:36:29Z</time>
					</trkpt>
					<trkpt lat="46.883210" lon="5.229240">
						<ele>181</ele>
						<time>2026-04-29T14:36:41Z</time>
					</trkpt>
					<trkpt lat="46.883140" lon="5.229480">
						<ele>181</ele>
						<time>2026-04-29T14:36:44Z</time>
					</trkpt>
					<trkpt lat="46.883090" lon="5.229740">
						<ele>180</ele>
						<time>2026-04-29T14:36:48Z</time>
					</trkpt>
					<trkpt lat="46.883060" lon="5.230100">
						<ele>179</ele>
						<time>2026-04-29T14:36:52Z</time>
					</trkpt>
					<trkpt lat="46.883040" lon="5.231150">
						<ele>179</ele>
						<time>2026-04-29T14:37:05Z</time>
					</trkpt>
					<trkpt lat="46.883030" lon="5.232120">
						<ele>182</ele>
						<time>2026-04-29T14:37:17Z</time>
					</trkpt>
					<trkpt lat="46.883030" lon="5.232210">
						<ele>182</ele>
						<time>2026-04-29T14:37:18Z</time>
					</trkpt>
					<trkpt lat="46.883020" lon="5.232330">
						<ele>182</ele>
						<time>2026-04-29T14:37:19Z</time>
					</trkpt>
					<trkpt lat="46.882970" lon="5.235220">
						<ele>186</ele>
						<time>2026-04-29T14:37:54Z</time>
					</trkpt>
					<trkpt lat="46.882950" lon="5.236560">
						<ele>184</ele>
						<time>2026-04-29T14:38:11Z</time>
					</trkpt>
					<trkpt lat="46.882930" lon="5.237390">
						<ele>184</ele>
						<time>2026-04-29T14:38:21Z</time>
					</trkpt>
					<trkpt lat="46.882930" lon="5.237440">
						<ele>184</ele>
						<time>2026-04-29T14:38:21Z</time>
					</trkpt>
					<trkpt lat="46.882890" lon="5.239640">
						<ele>186</ele>
						<time>2026-04-29T14:38:48Z</time>
					</trkpt>
					<trkpt lat="46.882800" lon="5.245260">
						<ele>193</ele>
						<time>2026-04-29T14:39:56Z</time>
					</trkpt>
					<trkpt lat="46.882790" lon="5.245890">
						<ele>193</ele>
						<time>2026-04-29T14:40:04Z</time>
					</trkpt>
					<trkpt lat="46.882770" lon="5.247090">
						<ele>195</ele>
						<time>2026-04-29T14:40:19Z</time>
					</trkpt>
					<trkpt lat="46.882750" lon="5.247900">
						<ele>196</ele>
						<time>2026-04-29T14:40:28Z</time>
					</trkpt>
					<trkpt lat="46.882740" lon="5.248340">
						<ele>195</ele>
						<time>2026-04-29T14:40:34Z</time>
					</trkpt>
					<trkpt lat="46.882730" lon="5.248820">
						<ele>196</ele>
						<time>2026-04-29T14:40:40Z</time>
					</trkpt>
					<trkpt lat="46.882710" lon="5.249880">
						<ele>196</ele>
						<time>2026-04-29T14:40:53Z</time>
					</trkpt>
					<trkpt lat="46.882680" lon="5.251440">
						<ele>198</ele>
						<time>2026-04-29T14:41:12Z</time>
					</trkpt>
					<trkpt lat="46.882660" lon="5.252140">
						<ele>199</ele>
						<time>2026-04-29T14:41:20Z</time>
					</trkpt>
					<trkpt lat="46.882660" lon="5.252200">
						<ele>199</ele>
						<time>2026-04-29T14:41:21Z</time>
					</trkpt>
					<trkpt lat="46.882720" lon="5.254190">
						<ele>198</ele>
						<time>2026-04-29T14:41:45Z</time>
					</trkpt>
					<trkpt lat="46.882790" lon="5.255790">
						<ele>197</ele>
						<time>2026-04-29T14:42:05Z</time>
					</trkpt>
					<trkpt lat="46.882790" lon="5.255840">
						<ele>197</ele>
						<time>2026-04-29T14:42:05Z</time>
					</trkpt>
					<trkpt lat="46.882880" lon="5.258600">
						<ele>201</ele>
						<time>2026-04-29T14:42:39Z</time>
					</trkpt>
					<trkpt lat="46.882970" lon="5.261200">
						<ele>200</ele>
						<time>2026-04-29T14:43:10Z</time>
					</trkpt>
					<trkpt lat="46.882980" lon="5.261330">
						<ele>200</ele>
						<time>2026-04-29T14:43:12Z</time>
					</trkpt>
					<trkpt lat="46.883010" lon="5.262300">
						<ele>201</ele>
						<time>2026-04-29T14:43:24Z</time>
					</trkpt>
					<trkpt lat="46.883010" lon="5.262460">
						<ele>201</ele>
						<time>2026-04-29T14:43:26Z</time>
					</trkpt>
					<trkpt lat="46.883030" lon="5.263270">
						<ele>201</ele>
						<time>2026-04-29T14:43:36Z</time>
					</trkpt>
					<trkpt lat="46.883040" lon="5.263400">
						<ele>202</ele>
						<time>2026-04-29T14:43:37Z</time>
					</trkpt>
					<trkpt lat="46.883080" lon="5.263550">
						<ele>202</ele>
						<time>2026-04-29T14:43:39Z</time>
					</trkpt>
					<trkpt lat="46.883120" lon="5.263720">
						<ele>202</ele>
						<time>2026-04-29T14:43:41Z</time>
					</trkpt>
					<trkpt lat="46.883120" lon="5.264070">
						<ele>203</ele>
						<time>2026-04-29T14:43:46Z</time>
					</trkpt>
					<trkpt lat="46.883130" lon="5.264200">
						<ele>203</ele>
						<time>2026-04-29T14:43:47Z</time>
					</trkpt>
					<trkpt lat="46.883260" lon="5.264670">
						<ele>203</ele>
						<time>2026-04-29T14:43:53Z</time>
					</trkpt>
					<trkpt lat="46.883670" lon="5.266190">
						<ele>204</ele>
						<time>2026-04-29T14:44:13Z</time>
					</trkpt>
					<trkpt lat="46.883680" lon="5.266330">
						<ele>204</ele>
						<time>2026-04-29T14:44:15Z</time>
					</trkpt>
					<trkpt lat="46.883680" lon="5.266370">
						<ele>205</ele>
						<time>2026-04-29T14:44:15Z</time>
					</trkpt>
					<trkpt lat="46.883660" lon="5.266370">
						<ele>205</ele>
						<time>2026-04-29T14:44:16Z</time>
					</trkpt>
					<trkpt lat="46.883610" lon="5.266390">
						<ele>205</ele>
						<time>2026-04-29T14:44:17Z</time>
					</trkpt>
					<trkpt lat="46.883580" lon="5.266440">
						<ele>205</ele>
						<time>2026-04-29T14:44:18Z</time>
					</trkpt>
					<trkpt lat="46.883570" lon="5.266500">
						<ele>206</ele>
						<time>2026-04-29T14:44:18Z</time>
					</trkpt>
					<trkpt lat="46.883570" lon="5.266540">
						<ele>206</ele>
						<time>2026-04-29T14:44:19Z</time>
					</trkpt>
					<trkpt lat="46.883580" lon="5.266570">
						<ele>206</ele>
						<time>2026-04-29T14:44:19Z</time>
					</trkpt>
					<trkpt lat="46.883600" lon="5.266620">
						<ele>206</ele>
						<time>2026-04-29T14:44:20Z</time>
					</trkpt>
					<trkpt lat="46.883620" lon="5.266640">
						<ele>206</ele>
						<time>2026-04-29T14:44:20Z</time>
					</trkpt>
					<trkpt lat="46.883660" lon="5.266650">
						<ele>205</ele>
						<time>2026-04-29T14:44:21Z</time>
					</trkpt>
					<trkpt lat="46.883700" lon="5.266640">
						<ele>205</ele>
						<time>2026-04-29T14:44:22Z</time>
					</trkpt>
					<trkpt lat="46.883740" lon="5.266590">
						<ele>204</ele>
						<time>2026-04-29T14:44:23Z</time>
					</trkpt>
					<trkpt lat="46.883760" lon="5.266520">
						<ele>204</ele>
						<time>2026-04-29T14:44:24Z</time>
					</trkpt>
					<trkpt lat="46.883870" lon="5.266550">
						<ele>203</ele>
						<time>2026-04-29T14:44:26Z</time>
					</trkpt>
					<trkpt lat="46.884550" lon="5.266900">
						<ele>201</ele>
						<time>2026-04-29T14:44:38Z</time>
					</trkpt>
					<trkpt lat="46.886040" lon="5.267640">
						<ele>199</ele>
						<time>2026-04-29T14:45:06Z</time>
					</trkpt>
					<trkpt lat="46.886230" lon="5.267720">
						<ele>199</ele>
						<time>2026-04-29T14:45:10Z</time>
					</trkpt>
					<trkpt lat="46.886310" lon="5.267760">
						<ele>198</ele>
						<time>2026-04-29T14:45:11Z</time>
					</trkpt>
					<trkpt lat="46.886900" lon="5.268060">
						<ele>197</ele>
						<time>2026-04-29T14:45:23Z</time>
					</trkpt>
					<trkpt lat="46.887380" lon="5.268280">
						<ele>195</ele>
						<time>2026-04-29T14:45:31Z</time>
					</trkpt>
					<trkpt lat="46.887450" lon="5.268310">
						<ele>195</ele>
						<time>2026-04-29T14:45:33Z</time>
					</trkpt>
					<trkpt lat="46.887440" lon="5.269010">
						<ele>198</ele>
						<time>2026-04-29T14:45:41Z</time>
					</trkpt>
					<trkpt lat="46.887440" lon="5.269180">
						<ele>198</ele>
						<time>2026-04-29T14:45:43Z</time>
					</trkpt>
					<trkpt lat="46.887460" lon="5.270110">
						<ele>196</ele>
						<time>2026-04-29T14:45:55Z</time>
					</trkpt>
					<trkpt lat="46.887480" lon="5.270490">
						<ele>194</ele>
						<time>2026-04-29T14:45:59Z</time>
					</trkpt>
					<trkpt lat="46.887540" lon="5.270880">
						<ele>192</ele>
						<time>2026-04-29T14:46:04Z</time>
					</trkpt>
					<trkpt lat="46.887800" lon="5.271720">
						<ele>190</ele>
						<time>2026-04-29T14:46:15Z</time>
					</trkpt>
					<trkpt lat="46.887960" lon="5.272170">
						<ele>190</ele>
						<time>2026-04-29T14:46:22Z</time>
					</trkpt>
					<trkpt lat="46.888080" lon="5.272530">
						<ele>189</ele>
						<time>2026-04-29T14:46:26Z</time>
					</trkpt>
					<trkpt lat="46.888210" lon="5.272950">
						<ele>192</ele>
						<time>2026-04-29T14:46:32Z</time>
					</trkpt>
					<trkpt lat="46.888230" lon="5.273050">
						<ele>192</ele>
						<time>2026-04-29T14:46:33Z</time>
					</trkpt>
					<trkpt lat="46.888220" lon="5.273170">
						<ele>193</ele>
						<time>2026-04-29T14:46:35Z</time>
					</trkpt>
					<trkpt lat="46.888180" lon="5.273290">
						<ele>194</ele>
						<time>2026-04-29T14:46:36Z</time>
					</trkpt>
					<trkpt lat="46.888120" lon="5.273400">
						<ele>194</ele>
						<time>2026-04-29T14:46:38Z</time>
					</trkpt>
					<trkpt lat="46.887910" lon="5.273710">
						<ele>195</ele>
						<time>2026-04-29T14:46:43Z</time>
					</trkpt>
					<trkpt lat="46.887810" lon="5.273890">
						<ele>196</ele>
						<time>2026-04-29T14:46:46Z</time>
					</trkpt>
					<trkpt lat="46.887750" lon="5.274110">
						<ele>197</ele>
						<time>2026-04-29T14:46:49Z</time>
					</trkpt>
					<trkpt lat="46.887610" lon="5.275170">
						<ele>198</ele>
						<time>2026-04-29T14:47:02Z</time>
					</trkpt>
					<trkpt lat="46.887580" lon="5.275500">
						<ele>198</ele>
						<time>2026-04-29T14:47:06Z</time>
					</trkpt>
					<trkpt lat="46.887560" lon="5.275710">
						<ele>198</ele>
						<time>2026-04-29T14:47:09Z</time>
					</trkpt>
					<trkpt lat="46.887530" lon="5.276230">
						<ele>198</ele>
						<time>2026-04-29T14:47:15Z</time>
					</trkpt>
					<trkpt lat="46.887550" lon="5.276640">
						<ele>198</ele>
						<time>2026-04-29T14:47:20Z</time>
					</trkpt>
					<trkpt lat="46.887650" lon="5.277440">
						<ele>198</ele>
						<time>2026-04-29T14:47:30Z</time>
					</trkpt>
					<trkpt lat="46.887790" lon="5.278810">
						<ele>197</ele>
						<time>2026-04-29T14:47:47Z</time>
					</trkpt>
					<trkpt lat="46.887810" lon="5.278980">
						<ele>197</ele>
						<time>2026-04-29T14:47:49Z</time>
					</trkpt>
					<trkpt lat="46.887830" lon="5.279490">
						<ele>198</ele>
						<time>2026-04-29T14:47:55Z</time>
					</trkpt>
					<trkpt lat="46.887820" lon="5.279960">
						<ele>199</ele>
						<time>2026-04-29T14:48:01Z</time>
					</trkpt>
					<trkpt lat="46.887810" lon="5.280140">
						<ele>199</ele>
						<time>2026-04-29T14:48:03Z</time>
					</trkpt>
					<trkpt lat="46.887740" lon="5.280440">
						<ele>199</ele>
						<time>2026-04-29T14:48:07Z</time>
					</trkpt>
					<trkpt lat="46.887730" lon="5.280490">
						<ele>199</ele>
						<time>2026-04-29T14:48:08Z</time>
					</trkpt>
					<trkpt lat="46.887860" lon="5.280550">
						<ele>199</ele>
						<time>2026-04-29T14:48:10Z</time>
					</trkpt>
					<trkpt lat="46.888230" lon="5.280450">
						<ele>199</ele>
						<time>2026-04-29T14:48:17Z</time>
					</trkpt>
					<trkpt lat="46.888770" lon="5.280210">
						<ele>199</ele>
						<time>2026-04-29T14:48:27Z</time>
					</trkpt>
					<trkpt lat="46.889270" lon="5.279900">
						<ele>198</ele>
						<time>2026-04-29T14:48:36Z</time>
					</trkpt>
					<trkpt lat="46.889790" lon="5.279500">
						<ele>196</ele>
						<time>2026-04-29T14:48:47Z</time>
					</trkpt>
					<trkpt lat="46.890020" lon="5.279380">
						<ele>196</ele>
						<time>2026-04-29T14:48:51Z</time>
					</trkpt>
					<trkpt lat="46.890110" lon="5.279360">
						<ele>196</ele>
						<time>2026-04-29T14:48:53Z</time>
					</trkpt>
					<trkpt lat="46.890230" lon="5.279350">
						<ele>196</ele>
						<time>2026-04-29T14:48:55Z</time>
					</trkpt>
					<trkpt lat="46.890310" lon="5.279380">
						<ele>196</ele>
						<time>2026-04-29T14:48:57Z</time>
					</trkpt>
					<trkpt lat="46.890400" lon="5.279430">
						<ele>196</ele>
						<time>2026-04-29T14:48:58Z</time>
					</trkpt>
					<trkpt lat="46.890630" lon="5.279570">
						<ele>196</ele>
						<time>2026-04-29T14:49:03Z</time>
					</trkpt>
					<trkpt lat="46.890930" lon="5.279660">
						<ele>196</ele>
						<time>2026-04-29T14:49:08Z</time>
					</trkpt>
					<trkpt lat="46.891500" lon="5.279810">
						<ele>197</ele>
						<time>2026-04-29T14:49:18Z</time>
					</trkpt>
					<trkpt lat="46.891640" lon="5.279790">
						<ele>197</ele>
						<time>2026-04-29T14:49:21Z</time>
					</trkpt>
					<trkpt lat="46.891790" lon="5.279720">
						<ele>197</ele>
						<time>2026-04-29T14:49:24Z</time>
					</trkpt>
					<trkpt lat="46.892260" lon="5.279360">
						<ele>196</ele>
						<time>2026-04-29T14:49:33Z</time>
					</trkpt>
					<trkpt lat="46.892670" lon="5.279040">
						<ele>195</ele>
						<time>2026-04-29T14:49:41Z</time>
					</trkpt>
					<trkpt lat="46.892780" lon="5.279010">
						<ele>195</ele>
						<time>2026-04-29T14:49:43Z</time>
					</trkpt>
					<trkpt lat="46.892870" lon="5.279010">
						<ele>195</ele>
						<time>2026-04-29T14:49:45Z</time>
					</trkpt>
					<trkpt lat="46.892980" lon="5.279100">
						<ele>195</ele>
						<time>2026-04-29T14:49:47Z</time>
					</trkpt>
					<trkpt lat="46.893180" lon="5.279320">
						<ele>194</ele>
						<time>2026-04-29T14:49:52Z</time>
					</trkpt>
					<trkpt lat="46.893350" lon="5.279450">
						<ele>194</ele>
						<time>2026-04-29T14:49:55Z</time>
					</trkpt>
					<trkpt lat="46.893570" lon="5.279580">
						<ele>194</ele>
						<time>2026-04-29T14:49:59Z</time>
					</trkpt>
					<trkpt lat="46.893700" lon="5.279610">
						<ele>194</ele>
						<time>2026-04-29T14:50:02Z</time>
					</trkpt>
					<trkpt lat="46.893790" lon="5.279620">
						<ele>194</ele>
						<time>2026-04-29T14:50:03Z</time>
					</trkpt>
					<trkpt lat="46.893940" lon="5.279580">
						<ele>194</ele>
						<time>2026-04-29T14:50:06Z</time>
					</trkpt>
					<trkpt lat="46.894090" lon="5.279540">
						<ele>194</ele>
						<time>2026-04-29T14:50:09Z</time>
					</trkpt>
					<trkpt lat="46.894160" lon="5.279530">
						<ele>194</ele>
						<time>2026-04-29T14:50:10Z</time>
					</trkpt>
					<trkpt lat="46.894300" lon="5.279510">
						<ele>194</ele>
						<time>2026-04-29T14:50:12Z</time>
					</trkpt>
					<trkpt lat="46.895130" lon="5.279620">
						<ele>193</ele>
						<time>2026-04-29T14:50:27Z</time>
					</trkpt>
					<trkpt lat="46.895430" lon="5.279580">
						<ele>192</ele>
						<time>2026-04-29T14:50:33Z</time>
					</trkpt>
					<trkpt lat="46.895750" lon="5.279450">
						<ele>191</ele>
						<time>2026-04-29T14:50:39Z</time>
					</trkpt>
					<trkpt lat="46.896130" lon="5.279170">
						<ele>191</ele>
						<time>2026-04-29T14:50:46Z</time>
					</trkpt>
					<trkpt lat="46.896360" lon="5.279030">
						<ele>191</ele>
						<time>2026-04-29T14:50:51Z</time>
					</trkpt>
					<trkpt lat="46.896620" lon="5.278940">
						<ele>190</ele>
						<time>2026-04-29T14:50:55Z</time>
					</trkpt>
					<trkpt lat="46.897260" lon="5.278760">
						<ele>187</ele>
						<time>2026-04-29T14:51:07Z</time>
					</trkpt>
					<trkpt lat="46.898140" lon="5.278450">
						<ele>183</ele>
						<time>2026-04-29T14:51:23Z</time>
					</trkpt>
					<trkpt lat="46.898470" lon="5.278300">
						<ele>182</ele>
						<time>2026-04-29T14:51:29Z</time>
					</trkpt>
					<trkpt lat="46.898890" lon="5.278150">
						<ele>181</ele>
						<time>2026-04-29T14:51:37Z</time>
					</trkpt>
					<trkpt lat="46.899070" lon="5.278010">
						<ele>180</ele>
						<time>2026-04-29T14:51:40Z</time>
					</trkpt>
					<trkpt lat="46.899160" lon="5.277900">
						<ele>180</ele>
						<time>2026-04-29T14:51:43Z</time>
					</trkpt>
					<trkpt lat="46.899290" lon="5.278100">
						<ele>180</ele>
						<time>2026-04-29T14:51:46Z</time>
					</trkpt>
					<trkpt lat="46.899450" lon="5.278290">
						<ele>180</ele>
						<time>2026-04-29T14:51:50Z</time>
					</trkpt>
					<trkpt lat="46.899610" lon="5.278420">
						<ele>180</ele>
						<time>2026-04-29T14:51:53Z</time>
					</trkpt>
					<trkpt lat="46.899710" lon="5.278490">
						<ele>180</ele>
						<time>2026-04-29T14:51:55Z</time>
					</trkpt>
					<trkpt lat="46.899850" lon="5.278540">
						<ele>181</ele>
						<time>2026-04-29T14:51:57Z</time>
					</trkpt>
					<trkpt lat="46.900330" lon="5.278560">
						<ele>180</ele>
						<time>2026-04-29T14:52:06Z</time>
					</trkpt>
					<trkpt lat="46.900470" lon="5.278580">
						<ele>179</ele>
						<time>2026-04-29T14:52:08Z</time>
					</trkpt>
					<trkpt lat="46.900600" lon="5.278620">
						<ele>179</ele>
						<time>2026-04-29T14:52:11Z</time>
					</trkpt>
					<trkpt lat="46.900760" lon="5.278710">
						<ele>178</ele>
						<time>2026-04-29T14:52:14Z</time>
					</trkpt>
					<trkpt lat="46.900900" lon="5.278810">
						<ele>178</ele>
						<time>2026-04-29T14:52:17Z</time>
					</trkpt>
					<trkpt lat="46.901150" lon="5.279040">
						<ele>178</ele>
						<time>2026-04-29T14:52:22Z</time>
					</trkpt>
					<trkpt lat="46.901350" lon="5.279290">
						<ele>178</ele>
						<time>2026-04-29T14:52:27Z</time>
					</trkpt>
					<trkpt lat="46.901530" lon="5.279570">
						<ele>178</ele>
						<time>2026-04-29T14:52:31Z</time>
					</trkpt>
					<trkpt lat="46.901710" lon="5.279900">
						<ele>178</ele>
						<time>2026-04-29T14:52:36Z</time>
					</trkpt>
					<trkpt lat="46.901840" lon="5.280200">
						<ele>178</ele>
						<time>2026-04-29T14:52:41Z</time>
					</trkpt>
					<trkpt lat="46.901920" lon="5.280460">
						<ele>179</ele>
						<time>2026-04-29T14:52:44Z</time>
					</trkpt>
					<trkpt lat="46.901960" lon="5.280820">
						<ele>179</ele>
						<time>2026-04-29T14:52:49Z</time>
					</trkpt>
					<trkpt lat="46.902020" lon="5.282170">
						<ele>180</ele>
						<time>2026-04-29T14:53:05Z</time>
					</trkpt>
					<trkpt lat="46.902040" lon="5.282360">
						<ele>180</ele>
						<time>2026-04-29T14:53:07Z</time>
					</trkpt>
					<trkpt lat="46.902080" lon="5.282550">
						<ele>180</ele>
						<time>2026-04-29T14:53:10Z</time>
					</trkpt>
					<trkpt lat="46.902130" lon="5.282740">
						<ele>179</ele>
						<time>2026-04-29T14:53:12Z</time>
					</trkpt>
					<trkpt lat="46.902220" lon="5.282940">
						<ele>179</ele>
						<time>2026-04-29T14:53:15Z</time>
					</trkpt>
					<trkpt lat="46.902500" lon="5.283460">
						<ele>179</ele>
						<time>2026-04-29T14:53:23Z</time>
					</trkpt>
					<trkpt lat="46.902670" lon="5.283720">
						<ele>179</ele>
						<time>2026-04-29T14:53:28Z</time>
					</trkpt>
					<trkpt lat="46.902840" lon="5.283940">
						<ele>179</ele>
						<time>2026-04-29T14:53:32Z</time>
					</trkpt>
					<trkpt lat="46.903020" lon="5.284160">
						<ele>180</ele>
						<time>2026-04-29T14:53:36Z</time>
					</trkpt>
					<trkpt lat="46.903290" lon="5.284440">
						<ele>180</ele>
						<time>2026-04-29T14:53:42Z</time>
					</trkpt>
					<trkpt lat="46.903400" lon="5.284570">
						<ele>180</ele>
						<time>2026-04-29T14:53:44Z</time>
					</trkpt>
					<trkpt lat="46.903460" lon="5.284670">
						<ele>180</ele>
						<time>2026-04-29T14:53:46Z</time>
					</trkpt>
					<trkpt lat="46.903530" lon="5.284780">
						<ele>180</ele>
						<time>2026-04-29T14:53:48Z</time>
					</trkpt>
					<trkpt lat="46.903620" lon="5.284950">
						<ele>180</ele>
						<time>2026-04-29T14:53:50Z</time>
					</trkpt>
					<trkpt lat="46.903810" lon="5.285360">
						<ele>180</ele>
						<time>2026-04-29T14:53:56Z</time>
					</trkpt>
					<trkpt lat="46.904670" lon="5.287330">
						<ele>179</ele>
						<time>2026-04-29T14:54:25Z</time>
					</trkpt>
					<trkpt lat="46.904720" lon="5.287480">
						<ele>178</ele>
						<time>2026-04-29T14:54:27Z</time>
					</trkpt>
					<trkpt lat="46.904940" lon="5.288170">
						<ele>179</ele>
						<time>2026-04-29T14:54:36Z</time>
					</trkpt>
					<trkpt lat="46.905740" lon="5.290860">
						<ele>180</ele>
						<time>2026-04-29T14:55:12Z</time>
					</trkpt>
					<trkpt lat="46.905790" lon="5.291120">
						<ele>180</ele>
						<time>2026-04-29T14:55:15Z</time>
					</trkpt>
					<trkpt lat="46.905890" lon="5.292020">
						<ele>179</ele>
						<time>2026-04-29T14:55:26Z</time>
					</trkpt>
					<trkpt lat="46.905930" lon="5.292460">
						<ele>180</ele>
						<time>2026-04-29T14:55:31Z</time>
					</trkpt>
					<trkpt lat="46.905970" lon="5.292890">
						<ele>180</ele>
						<time>2026-04-29T14:55:37Z</time>
					</trkpt>
					<trkpt lat="46.906070" lon="5.293420">
						<ele>180</ele>
						<time>2026-04-29T14:55:43Z</time>
					</trkpt>
					<trkpt lat="46.906380" lon="5.294490">
						<ele>180</ele>
						<time>2026-04-29T14:55:58Z</time>
					</trkpt>
					<trkpt lat="46.906980" lon="5.296520">
						<ele>179</ele>
						<time>2026-04-29T14:56:24Z</time>
					</trkpt>
					<trkpt lat="46.906880" lon="5.296590">
						<ele>178</ele>
						<time>2026-04-29T14:56:26Z</time>
					</trkpt>
					<trkpt lat="46.905840" lon="5.297340">
						<ele>179</ele>
						<time>2026-04-29T14:56:47Z</time>
					</trkpt>
					<trkpt lat="46.905780" lon="5.297380">
						<ele>179</ele>
						<time>2026-04-29T14:56:48Z</time>
					</trkpt>
					<trkpt lat="46.904780" lon="5.298130">
						<ele>182</ele>
						<time>2026-04-29T14:57:08Z</time>
					</trkpt>
					<trkpt lat="46.903600" lon="5.298810">
						<ele>184</ele>
						<time>2026-04-29T14:57:31Z</time>
					</trkpt>
					<trkpt lat="46.903050" lon="5.299110">
						<ele>184</ele>
						<time>2026-04-29T14:57:41Z</time>
					</trkpt>
					<trkpt lat="46.902390" lon="5.299270">
						<ele>184</ele>
						<time>2026-04-29T14:57:53Z</time>
					</trkpt>
					<trkpt lat="46.901110" lon="5.299660">
						<ele>186</ele>
						<time>2026-04-29T14:58:16Z</time>
					</trkpt>
					<trkpt lat="46.900590" lon="5.299850">
						<ele>186</ele>
						<time>2026-04-29T14:58:26Z</time>
					</trkpt>
					<trkpt lat="46.899830" lon="5.300280">
						<ele>187</ele>
						<time>2026-04-29T14:58:40Z</time>
					</trkpt>
					<trkpt lat="46.899350" lon="5.300580">
						<ele>190</ele>
						<time>2026-04-29T14:58:50Z</time>
					</trkpt>
					<trkpt lat="46.898930" lon="5.300850">
						<ele>192</ele>
						<time>2026-04-29T14:58:58Z</time>
					</trkpt>
					<trkpt lat="46.897950" lon="5.301420">
						<ele>192</ele>
						<time>2026-04-29T14:59:17Z</time>
					</trkpt>
					<trkpt lat="46.897750" lon="5.301550">
						<ele>192</ele>
						<time>2026-04-29T14:59:20Z</time>
					</trkpt>
					<trkpt lat="46.897270" lon="5.301840">
						<ele>192</ele>
						<time>2026-04-29T14:59:30Z</time>
					</trkpt>
					<trkpt lat="46.897090" lon="5.301950">
						<ele>192</ele>
						<time>2026-04-29T14:59:33Z</time>
					</trkpt>
					<trkpt lat="46.896940" lon="5.302020">
						<ele>192</ele>
						<time>2026-04-29T14:59:36Z</time>
					</trkpt>
					<trkpt lat="46.896790" lon="5.302070">
						<ele>191</ele>
						<time>2026-04-29T14:59:39Z</time>
					</trkpt>
					<trkpt lat="46.896640" lon="5.302080">
						<ele>191</ele>
						<time>2026-04-29T14:59:41Z</time>
					</trkpt>
					<trkpt lat="46.896480" lon="5.302070">
						<ele>191</ele>
						<time>2026-04-29T14:59:44Z</time>
					</trkpt>
					<trkpt lat="46.896300" lon="5.302040">
						<ele>191</ele>
						<time>2026-04-29T14:59:47Z</time>
					</trkpt>
					<trkpt lat="46.895890" lon="5.301940">
						<ele>190</ele>
						<time>2026-04-29T14:59:55Z</time>
					</trkpt>
					<trkpt lat="46.895720" lon="5.301910">
						<ele>190</ele>
						<time>2026-04-29T14:59:58Z</time>
					</trkpt>
					<trkpt lat="46.895590" lon="5.301900">
						<ele>190</ele>
						<time>2026-04-29T15:00:00Z</time>
					</trkpt>
					<trkpt lat="46.895340" lon="5.301920">
						<ele>190</ele>
						<time>2026-04-29T15:00:05Z</time>
					</trkpt>
					<trkpt lat="46.894820" lon="5.302050">
						<ele>190</ele>
						<time>2026-04-29T15:00:14Z</time>
					</trkpt>
					<trkpt lat="46.894680" lon="5.302080">
						<ele>190</ele>
						<time>2026-04-29T15:00:17Z</time>
					</trkpt>
					<trkpt lat="46.894560" lon="5.302090">
						<ele>190</ele>
						<time>2026-04-29T15:00:19Z</time>
					</trkpt>
					<trkpt lat="46.894230" lon="5.302070">
						<ele>190</ele>
						<time>2026-04-29T15:00:25Z</time>
					</trkpt>
					<trkpt lat="46.894080" lon="5.302050">
						<ele>190</ele>
						<time>2026-04-29T15:00:27Z</time>
					</trkpt>
					<trkpt lat="46.893630" lon="5.301950">
						<ele>193</ele>
						<time>2026-04-29T15:00:35Z</time>
					</trkpt>
					<trkpt lat="46.893400" lon="5.301870">
						<ele>194</ele>
						<time>2026-04-29T15:00:40Z</time>
					</trkpt>
					<trkpt lat="46.893100" lon="5.301780">
						<ele>195</ele>
						<time>2026-04-29T15:00:45Z</time>
					</trkpt>
					<trkpt lat="46.893020" lon="5.301770">
						<ele>195</ele>
						<time>2026-04-29T15:00:46Z</time>
					</trkpt>
					<trkpt lat="46.892920" lon="5.301780">
						<ele>195</ele>
						<time>2026-04-29T15:00:48Z</time>
					</trkpt>
					<trkpt lat="46.892830" lon="5.301800">
						<ele>196</ele>
						<time>2026-04-29T15:00:50Z</time>
					</trkpt>
					<trkpt lat="46.892710" lon="5.301840">
						<ele>196</ele>
						<time>2026-04-29T15:00:52Z</time>
					</trkpt>
					<trkpt lat="46.892490" lon="5.301940">
						<ele>196</ele>
						<time>2026-04-29T15:00:56Z</time>
					</trkpt>
					<trkpt lat="46.892130" lon="5.302120">
						<ele>197</ele>
						<time>2026-04-29T15:01:03Z</time>
					</trkpt>
					<trkpt lat="46.891260" lon="5.302520">
						<ele>199</ele>
						<time>2026-04-29T15:01:19Z</time>
					</trkpt>
					<trkpt lat="46.891120" lon="5.302580">
						<ele>199</ele>
						<time>2026-04-29T15:01:22Z</time>
					</trkpt>
					<trkpt lat="46.890980" lon="5.302630">
						<ele>200</ele>
						<time>2026-04-29T15:01:24Z</time>
					</trkpt>
					<trkpt lat="46.890890" lon="5.302660">
						<ele>200</ele>
						<time>2026-04-29T15:01:26Z</time>
					</trkpt>
					<trkpt lat="46.890840" lon="5.302670">
						<ele>200</ele>
						<time>2026-04-29T15:01:27Z</time>
					</trkpt>
					<trkpt lat="46.890890" lon="5.302660">
						<ele>200</ele>
						<time>2026-04-29T15:01:28Z</time>
					</trkpt>
					<trkpt lat="46.890750" lon="5.302390">
						<ele>201</ele>
						<time>2026-04-29T15:01:32Z</time>
					</trkpt>
					<trkpt lat="46.890490" lon="5.301780">
						<ele>201</ele>
						<time>2026-04-29T15:01:41Z</time>
					</trkpt>
					<trkpt lat="46.890250" lon="5.301250">
						<ele>200</ele>
						<time>2026-04-29T15:01:48Z</time>
					</trkpt>
					<trkpt lat="46.890180" lon="5.301080">
						<ele>200</ele>
						<time>2026-04-29T15:01:51Z</time>
					</trkpt>
					<trkpt lat="46.890130" lon="5.301010">
						<ele>201</ele>
						<time>2026-04-29T15:01:52Z</time>
					</trkpt>
					<trkpt lat="46.890080" lon="5.300960">
						<ele>201</ele>
						<time>2026-04-29T15:01:53Z</time>
					</trkpt>
					<trkpt lat="46.890040" lon="5.300940">
						<ele>201</ele>
						<time>2026-04-29T15:01:54Z</time>
					</trkpt>
					<trkpt lat="46.889940" lon="5.300930">
						<ele>201</ele>
						<time>2026-04-29T15:01:56Z</time>
					</trkpt>
					<trkpt lat="46.889890" lon="5.300940">
						<ele>201</ele>
						<time>2026-04-29T15:01:57Z</time>
					</trkpt>
					<trkpt lat="46.889800" lon="5.300980">
						<ele>201</ele>
						<time>2026-04-29T15:01:58Z</time>
					</trkpt>
					<trkpt lat="46.889670" lon="5.301070">
						<ele>201</ele>
						<time>2026-04-29T15:02:01Z</time>
					</trkpt>
					<trkpt lat="46.889520" lon="5.301140">
						<ele>201</ele>
						<time>2026-04-29T15:02:04Z</time>
					</trkpt>
					<trkpt lat="46.889400" lon="5.301170">
						<ele>202</ele>
						<time>2026-04-29T15:02:06Z</time>
					</trkpt>
					<trkpt lat="46.889270" lon="5.301170">
						<ele>202</ele>
						<time>2026-04-29T15:02:08Z</time>
					</trkpt>
					<trkpt lat="46.889130" lon="5.301080">
						<ele>202</ele>
						<time>2026-04-29T15:02:11Z</time>
					</trkpt>
					<trkpt lat="46.888920" lon="5.300910">
						<ele>203</ele>
						<time>2026-04-29T15:02:15Z</time>
					</trkpt>
					<trkpt lat="46.888600" lon="5.300590">
						<ele>203</ele>
						<time>2026-04-29T15:02:22Z</time>
					</trkpt>
					<trkpt lat="46.888040" lon="5.299960">
						<ele>203</ele>
						<time>2026-04-29T15:02:34Z</time>
					</trkpt>
					<trkpt lat="46.887940" lon="5.299870">
						<ele>202</ele>
						<time>2026-04-29T15:02:37Z</time>
					</trkpt>
					<trkpt lat="46.887720" lon="5.299770">
						<ele>202</ele>
						<time>2026-04-29T15:02:41Z</time>
					</trkpt>
					<trkpt lat="46.887330" lon="5.299660">
						<ele>203</ele>
						<time>2026-04-29T15:02:48Z</time>
					</trkpt>
					<trkpt lat="46.887050" lon="5.299650">
						<ele>204</ele>
						<time>2026-04-29T15:02:53Z</time>
					</trkpt>
					<trkpt lat="46.886190" lon="5.299760">
						<ele>208</ele>
						<time>2026-04-29T15:03:08Z</time>
					</trkpt>
					<trkpt lat="46.886060" lon="5.299750">
						<ele>209</ele>
						<time>2026-04-29T15:03:10Z</time>
					</trkpt>
					<trkpt lat="46.885960" lon="5.299690">
						<ele>209</ele>
						<time>2026-04-29T15:03:12Z</time>
					</trkpt>
					<trkpt lat="46.885900" lon="5.299630">
						<ele>209</ele>
						<time>2026-04-29T15:03:14Z</time>
					</trkpt>
					<trkpt lat="46.885830" lon="5.299450">
						<ele>209</ele>
						<time>2026-04-29T15:03:16Z</time>
					</trkpt>
					<trkpt lat="46.885670" lon="5.298540">
						<ele>210</ele>
						<time>2026-04-29T15:03:28Z</time>
					</trkpt>
					<trkpt lat="46.885390" lon="5.296970">
						<ele>209</ele>
						<time>2026-04-29T15:03:47Z</time>
					</trkpt>
					<trkpt lat="46.885300" lon="5.296460">
						<ele>208</ele>
						<time>2026-04-29T15:03:54Z</time>
					</trkpt>
					<trkpt lat="46.885160" lon="5.295680">
						<ele>208</ele>
						<time>2026-04-29T15:04:03Z</time>
					</trkpt>
					<trkpt lat="46.885110" lon="5.295400">
						<ele>208</ele>
						<time>2026-04-29T15:04:07Z</time>
					</trkpt>
					<trkpt lat="46.885080" lon="5.295170">
						<ele>209</ele>
						<time>2026-04-29T15:04:10Z</time>
					</trkpt>
					<trkpt lat="46.885030" lon="5.294600">
						<ele>209</ele>
						<time>2026-04-29T15:04:17Z</time>
					</trkpt>
					<trkpt lat="46.884930" lon="5.293130">
						<ele>210</ele>
						<time>2026-04-29T15:04:35Z</time>
					</trkpt>
					<trkpt lat="46.884860" lon="5.292470">
						<ele>208</ele>
						<time>2026-04-29T15:04:43Z</time>
					</trkpt>
					<trkpt lat="46.884750" lon="5.291570">
						<ele>206</ele>
						<time>2026-04-29T15:04:54Z</time>
					</trkpt>
					<trkpt lat="46.884700" lon="5.291320">
						<ele>206</ele>
						<time>2026-04-29T15:04:57Z</time>
					</trkpt>
					<trkpt lat="46.884490" lon="5.290200">
						<ele>208</ele>
						<time>2026-04-29T15:05:11Z</time>
					</trkpt>
					<trkpt lat="46.884420" lon="5.289860">
						<ele>209</ele>
						<time>2026-04-29T15:05:16Z</time>
					</trkpt>
					<trkpt lat="46.884340" lon="5.289560">
						<ele>208</ele>
						<time>2026-04-29T15:05:20Z</time>
					</trkpt>
					<trkpt lat="46.884240" lon="5.289250">
						<ele>208</ele>
						<time>2026-04-29T15:05:24Z</time>
					</trkpt>
					<trkpt lat="46.883530" lon="5.287330">
						<ele>210</ele>
						<time>2026-04-29T15:05:50Z</time>
					</trkpt>
					<trkpt lat="46.882490" lon="5.284490">
						<ele>209</ele>
						<time>2026-04-29T15:06:29Z</time>
					</trkpt>
					<trkpt lat="46.881300" lon="5.281190">
						<ele>208</ele>
						<time>2026-04-29T15:07:15Z</time>
					</trkpt>
					<trkpt lat="46.880110" lon="5.277910">
						<ele>208</ele>
						<time>2026-04-29T15:08:00Z</time>
					</trkpt>
					<trkpt lat="46.880060" lon="5.277750">
						<ele>208</ele>
						<time>2026-04-29T15:08:02Z</time>
					</trkpt>
					<trkpt lat="46.880040" lon="5.277630">
						<ele>209</ele>
						<time>2026-04-29T15:08:04Z</time>
					</trkpt>
					<trkpt lat="46.880040" lon="5.277460">
						<ele>209</ele>
						<time>2026-04-29T15:08:06Z</time>
					</trkpt>
					<trkpt lat="46.880140" lon="5.276720">
						<ele>212</ele>
						<time>2026-04-29T15:08:15Z</time>
					</trkpt>
					<trkpt lat="46.881420" lon="5.269440">
						<ele>207</ele>
						<time>2026-04-29T15:09:46Z</time>
					</trkpt>
					<trkpt lat="46.881570" lon="5.268730">
						<ele>208</ele>
						<time>2026-04-29T15:09:55Z</time>
					</trkpt>
					<trkpt lat="46.881640" lon="5.268430">
						<ele>210</ele>
						<time>2026-04-29T15:09:59Z</time>
					</trkpt>
					<trkpt lat="46.881650" lon="5.268290">
						<ele>211</ele>
						<time>2026-04-29T15:10:01Z</time>
					</trkpt>
					<trkpt lat="46.881650" lon="5.268080">
						<ele>213</ele>
						<time>2026-04-29T15:10:03Z</time>
					</trkpt>
					<trkpt lat="46.881520" lon="5.268180">
						<ele>212</ele>
						<time>2026-04-29T15:10:06Z</time>
					</trkpt>
					<trkpt lat="46.881650" lon="5.268080">
						<ele>213</ele>
						<time>2026-04-29T15:10:09Z</time>
					</trkpt>
					<trkpt lat="46.882050" lon="5.267900">
						<ele>210</ele>
						<time>2026-04-29T15:10:16Z</time>
					</trkpt>
					<trkpt lat="46.882150" lon="5.267870">
						<ele>209</ele>
						<time>2026-04-29T15:10:18Z</time>
					</trkpt>
					<trkpt lat="46.882300" lon="5.267830">
						<ele>208</ele>
						<time>2026-04-29T15:10:21Z</time>
					</trkpt>
					<trkpt lat="46.882470" lon="5.267800">
						<ele>206</ele>
						<time>2026-04-29T15:10:24Z</time>
					</trkpt>
					<trkpt lat="46.882700" lon="5.267760">
						<ele>205</ele>
						<time>2026-04-29T15:10:28Z</time>
					</trkpt>
					<trkpt lat="46.882790" lon="5.267710">
						<ele>205</ele>
						<time>2026-04-29T15:10:30Z</time>
					</trkpt>
					<trkpt lat="46.882970" lon="5.267580">
						<ele>205</ele>
						<time>2026-04-29T15:10:33Z</time>
					</trkpt>
					<trkpt lat="46.883050" lon="5.267490">
						<ele>204</ele>
						<time>2026-04-29T15:10:35Z</time>
					</trkpt>
					<trkpt lat="46.883540" lon="5.266750">
						<ele>206</ele>
						<time>2026-04-29T15:10:47Z</time>
					</trkpt>
					<trkpt lat="46.883600" lon="5.266620">
						<ele>206</ele>
						<time>2026-04-29T15:10:49Z</time>
					</trkpt>
					<trkpt lat="46.883620" lon="5.266640">
						<ele>206</ele>
						<time>2026-04-29T15:10:50Z</time>
					</trkpt>
					<trkpt lat="46.883660" lon="5.266650">
						<ele>205</ele>
						<time>2026-04-29T15:10:51Z</time>
					</trkpt>
					<trkpt lat="46.883700" lon="5.266640">
						<ele>205</ele>
						<time>2026-04-29T15:10:51Z</time>
					</trkpt>
					<trkpt lat="46.883740" lon="5.266590">
						<ele>204</ele>
						<time>2026-04-29T15:10:52Z</time>
					</trkpt>
					<trkpt lat="46.883760" lon="5.266520">
						<ele>204</ele>
						<time>2026-04-29T15:10:53Z</time>
					</trkpt>
					<trkpt lat="46.883870" lon="5.266550">
						<ele>203</ele>
						<time>2026-04-29T15:10:55Z</time>
					</trkpt>
					<trkpt lat="46.884550" lon="5.266900">
						<ele>201</ele>
						<time>2026-04-29T15:11:08Z</time>
					</trkpt>
					<trkpt lat="46.884810" lon="5.267030">
						<ele>201</ele>
						<time>2026-04-29T15:11:13Z</time>
					</trkpt>
					<trkpt lat="46.885520" lon="5.267380">
						<ele>200</ele>
						<time>2026-04-29T15:11:26Z</time>
					</trkpt>
					<trkpt lat="46.885770" lon="5.267500">
						<ele>199</ele>
						<time>2026-04-29T15:11:31Z</time>
					</trkpt>
					<trkpt lat="46.886040" lon="5.267640">
						<ele>199</ele>
						<time>2026-04-29T15:11:36Z</time>
					</trkpt>
					<trkpt lat="46.886230" lon="5.267720">
						<ele>199</ele>
						<time>2026-04-29T15:11:39Z</time>
					</trkpt>
					<trkpt lat="46.886900" lon="5.268060">
						<ele>197</ele>
						<time>2026-04-29T15:11:52Z</time>
					</trkpt>
					<trkpt lat="46.887450" lon="5.268310">
						<ele>195</ele>
						<time>2026-04-29T15:12:02Z</time>
					</trkpt>
					<trkpt lat="46.887440" lon="5.269010">
						<ele>198</ele>
						<time>2026-04-29T15:12:11Z</time>
					</trkpt>
					<trkpt lat="46.887440" lon="5.269180">
						<ele>198</ele>
						<time>2026-04-29T15:12:13Z</time>
					</trkpt>
					<trkpt lat="46.887460" lon="5.270110">
						<ele>196</ele>
						<time>2026-04-29T15:12:24Z</time>
					</trkpt>
					<trkpt lat="46.887480" lon="5.270490">
						<ele>194</ele>
						<time>2026-04-29T15:12:29Z</time>
					</trkpt>
					<trkpt lat="46.887540" lon="5.270880">
						<ele>192</ele>
						<time>2026-04-29T15:12:34Z</time>
					</trkpt>
					<trkpt lat="46.887800" lon="5.271720">
						<ele>190</ele>
						<time>2026-04-29T15:12:45Z</time>
					</trkpt>
					<trkpt lat="46.887960" lon="5.272170">
						<ele>190</ele>
						<time>2026-04-29T15:12:51Z</time>
					</trkpt>
					<trkpt lat="46.888080" lon="5.272530">
						<ele>189</ele>
						<time>2026-04-29T15:12:56Z</time>
					</trkpt>
					<trkpt lat="46.888210" lon="5.272950">
						<ele>192</ele>
						<time>2026-04-29T15:13:02Z</time>
					</trkpt>
					<trkpt lat="46.888230" lon="5.273050">
						<ele>192</ele>
						<time>2026-04-29T15:13:03Z</time>
					</trkpt>
					<trkpt lat="46.888220" lon="5.273170">
						<ele>193</ele>
						<time>2026-04-29T15:13:04Z</time>
					</trkpt>
					<trkpt lat="46.888180" lon="5.273290">
						<ele>194</ele>
						<time>2026-04-29T15:13:06Z</time>
					</trkpt>
					<trkpt lat="46.888120" lon="5.273400">
						<ele>194</ele>
						<time>2026-04-29T15:13:08Z</time>
					</trkpt>
					<trkpt lat="46.887910" lon="5.273710">
						<ele>195</ele>
						<time>2026-04-29T15:13:13Z</time>
					</trkpt>
					<trkpt lat="46.887810" lon="5.273890">
						<ele>196</ele>
						<time>2026-04-29T15:13:16Z</time>
					</trkpt>
					<trkpt lat="46.887750" lon="5.274110">
						<ele>197</ele>
						<time>2026-04-29T15:13:19Z</time>
					</trkpt>
					<trkpt lat="46.887610" lon="5.275170">
						<ele>198</ele>
						<time>2026-04-29T15:13:32Z</time>
					</trkpt>
					<trkpt lat="46.887580" lon="5.275500">
						<ele>198</ele>
						<time>2026-04-29T15:13:36Z</time>
					</trkpt>
					<trkpt lat="46.887560" lon="5.275710">
						<ele>198</ele>
						<time>2026-04-29T15:13:38Z</time>
					</trkpt>
					<trkpt lat="46.887530" lon="5.276230">
						<ele>198</ele>
						<time>2026-04-29T15:13:45Z</time>
					</trkpt>
					<trkpt lat="46.887550" lon="5.276640">
						<ele>198</ele>
						<time>2026-04-29T15:13:50Z</time>
					</trkpt>
					<trkpt lat="46.887650" lon="5.277440">
						<ele>198</ele>
						<time>2026-04-29T15:14:00Z</time>
					</trkpt>
					<trkpt lat="46.887790" lon="5.278810">
						<ele>197</ele>
						<time>2026-04-29T15:14:16Z</time>
					</trkpt>
					<trkpt lat="46.887810" lon="5.278980">
						<ele>197</ele>
						<time>2026-04-29T15:14:19Z</time>
					</trkpt>
					<trkpt lat="46.887830" lon="5.279490">
						<ele>198</ele>
						<time>2026-04-29T15:14:25Z</time>
					</trkpt>
					<trkpt lat="46.887820" lon="5.279960">
						<ele>199</ele>
						<time>2026-04-29T15:14:30Z</time>
					</trkpt>
					<trkpt lat="46.887810" lon="5.280140">
						<ele>199</ele>
						<time>2026-04-29T15:14:33Z</time>
					</trkpt>
					<trkpt lat="46.887740" lon="5.280440">
						<ele>199</ele>
						<time>2026-04-29T15:14:37Z</time>
					</trkpt>
					<trkpt lat="46.887730" lon="5.280490">
						<ele>199</ele>
						<time>2026-04-29T15:14:37Z</time>
					</trkpt>
					<trkpt lat="46.887860" lon="5.280550">
						<ele>199</ele>
						<time>2026-04-29T15:14:40Z</time>
					</trkpt>
					<trkpt lat="46.888230" lon="5.280450">
						<ele>199</ele>
						<time>2026-04-29T15:14:46Z</time>
					</trkpt>
					<trkpt lat="46.888770" lon="5.280210">
						<ele>199</ele>
						<time>2026-04-29T15:14:56Z</time>
					</trkpt>
					<trkpt lat="46.889270" lon="5.279900">
						<ele>198</ele>
						<time>2026-04-29T15:15:06Z</time>
					</trkpt>
					<trkpt lat="46.889790" lon="5.279500">
						<ele>196</ele>
						<time>2026-04-29T15:15:16Z</time>
					</trkpt>
					<trkpt lat="46.890020" lon="5.279380">
						<ele>196</ele>
						<time>2026-04-29T15:15:21Z</time>
					</trkpt>
					<trkpt lat="46.890110" lon="5.279360">
						<ele>196</ele>
						<time>2026-04-29T15:15:22Z</time>
					</trkpt>
					<trkpt lat="46.890230" lon="5.279350">
						<ele>196</ele>
						<time>2026-04-29T15:15:25Z</time>
					</trkpt>
					<trkpt lat="46.890310" lon="5.279380">
						<ele>196</ele>
						<time>2026-04-29T15:15:26Z</time>
					</trkpt>
					<trkpt lat="46.890400" lon="5.279430">
						<ele>196</ele>
						<time>2026-04-29T15:15:28Z</time>
					</trkpt>
					<trkpt lat="46.890630" lon="5.279570">
						<ele>196</ele>
						<time>2026-04-29T15:15:32Z</time>
					</trkpt>
					<trkpt lat="46.890930" lon="5.279660">
						<ele>196</ele>
						<time>2026-04-29T15:15:38Z</time>
					</trkpt>
					<trkpt lat="46.891500" lon="5.279810">
						<ele>197</ele>
						<time>2026-04-29T15:15:48Z</time>
					</trkpt>
					<trkpt lat="46.891640" lon="5.279790">
						<ele>197</ele>
						<time>2026-04-29T15:15:50Z</time>
					</trkpt>
					<trkpt lat="46.891790" lon="5.279720">
						<ele>197</ele>
						<time>2026-04-29T15:15:53Z</time>
					</trkpt>
					<trkpt lat="46.892260" lon="5.279360">
						<ele>196</ele>
						<time>2026-04-29T15:16:03Z</time>
					</trkpt>
					<trkpt lat="46.892670" lon="5.279040">
						<ele>195</ele>
						<time>2026-04-29T15:16:11Z</time>
					</trkpt>
					<trkpt lat="46.892780" lon="5.279010">
						<ele>195</ele>
						<time>2026-04-29T15:16:13Z</time>
					</trkpt>
					<trkpt lat="46.892870" lon="5.279010">
						<ele>195</ele>
						<time>2026-04-29T15:16:15Z</time>
					</trkpt>
					<trkpt lat="46.892980" lon="5.279100">
						<ele>195</ele>
						<time>2026-04-29T15:16:17Z</time>
					</trkpt>
					<trkpt lat="46.893180" lon="5.279320">
						<ele>194</ele>
						<time>2026-04-29T15:16:21Z</time>
					</trkpt>
					<trkpt lat="46.893350" lon="5.279450">
						<ele>194</ele>
						<time>2026-04-29T15:16:25Z</time>
					</trkpt>
					<trkpt lat="46.893570" lon="5.279580">
						<ele>194</ele>
						<time>2026-04-29T15:16:29Z</time>
					</trkpt>
					<trkpt lat="46.893700" lon="5.279610">
						<ele>194</ele>
						<time>2026-04-29T15:16:31Z</time>
					</trkpt>
					<trkpt lat="46.893790" lon="5.279620">
						<ele>194</ele>
						<time>2026-04-29T15:16:33Z</time>
					</trkpt>
					<trkpt lat="46.893940" lon="5.279580">
						<ele>194</ele>
						<time>2026-04-29T15:16:36Z</time>
					</trkpt>
					<trkpt lat="46.894090" lon="5.279540">
						<ele>194</ele>
						<time>2026-04-29T15:16:38Z</time>
					</trkpt>
					<trkpt lat="46.894160" lon="5.279530">
						<ele>194</ele>
						<time>2026-04-29T15:16:39Z</time>
					</trkpt>
					<trkpt lat="46.894300" lon="5.279510">
						<ele>194</ele>
						<time>2026-04-29T15:16:42Z</time>
					</trkpt>
					<trkpt lat="46.895130" lon="5.279620">
						<ele>193</ele>
						<time>2026-04-29T15:16:57Z</time>
					</trkpt>
					<trkpt lat="46.895430" lon="5.279580">
						<ele>192</ele>
						<time>2026-04-29T15:17:02Z</time>
					</trkpt>
					<trkpt lat="46.895750" lon="5.279450">
						<ele>191</ele>
						<time>2026-04-29T15:17:08Z</time>
					</trkpt>
					<trkpt lat="46.896130" lon="5.279170">
						<ele>191</ele>
						<time>2026-04-29T15:17:16Z</time>
					</trkpt>
					<trkpt lat="46.896360" lon="5.279030">
						<ele>191</ele>
						<time>2026-04-29T15:17:20Z</time>
					</trkpt>
					<trkpt lat="46.896620" lon="5.278940">
						<ele>190</ele>
						<time>2026-04-29T15:17:25Z</time>
					</trkpt>
					<trkpt lat="46.897260" lon="5.278760">
						<ele>187</ele>
						<time>2026-04-29T15:17:36Z</time>
					</trkpt>
					<trkpt lat="46.898140" lon="5.278450">
						<ele>183</ele>
						<time>2026-04-29T15:17:53Z</time>
					</trkpt>
					<trkpt lat="46.898470" lon="5.278300">
						<ele>182</ele>
						<time>2026-04-29T15:17:59Z</time>
					</trkpt>
					<trkpt lat="46.898890" lon="5.278150">
						<ele>181</ele>
						<time>2026-04-29T15:18:06Z</time>
					</trkpt>
					<trkpt lat="46.899070" lon="5.278010">
						<ele>180</ele>
						<time>2026-04-29T15:18:10Z</time>
					</trkpt>
					<trkpt lat="46.899160" lon="5.277900">
						<ele>180</ele>
						<time>2026-04-29T15:18:12Z</time>
					</trkpt>
					<trkpt lat="46.899290" lon="5.278100">
						<ele>180</ele>
						<time>2026-04-29T15:18:15Z</time>
					</trkpt>
					<trkpt lat="46.899450" lon="5.278290">
						<ele>180</ele>
						<time>2026-04-29T15:18:19Z</time>
					</trkpt>
					<trkpt lat="46.899610" lon="5.278420">
						<ele>180</ele>
						<time>2026-04-29T15:18:22Z</time>
					</trkpt>
					<trkpt lat="46.899710" lon="5.278490">
						<ele>180</ele>
						<time>2026-04-29T15:18:24Z</time>
					</trkpt>
					<trkpt lat="46.899850" lon="5.278540">
						<ele>181</ele>
						<time>2026-04-29T15:18:27Z</time>
					</trkpt>
					<trkpt lat="46.899980" lon="5.278540">
						<ele>181</ele>
						<time>2026-04-29T15:18:29Z</time>
					</trkpt>
					<trkpt lat="46.900330" lon="5.278560">
						<ele>180</ele>
						<time>2026-04-29T15:18:35Z</time>
					</trkpt>
					<trkpt lat="46.900470" lon="5.278580">
						<ele>179</ele>
						<time>2026-04-29T15:18:38Z</time>
					</trkpt>
					<trkpt lat="46.900600" lon="5.278620">
						<ele>179</ele>
						<time>2026-04-29T15:18:40Z</time>
					</trkpt>
					<trkpt lat="46.900680" lon="5.278660">
						<ele>178</ele>
						<time>2026-04-29T15:18:42Z</time>
					</trkpt>
					<trkpt lat="46.900760" lon="5.278710">
						<ele>178</ele>
						<time>2026-04-29T15:18:43Z</time>
					</trkpt>
					<trkpt lat="46.900900" lon="5.278810">
						<ele>178</ele>
						<time>2026-04-29T15:18:46Z</time>
					</trkpt>
					<trkpt lat="46.901150" lon="5.279040">
						<ele>178</ele>
						<time>2026-04-29T15:18:51Z</time>
					</trkpt>
					<trkpt lat="46.901350" lon="5.279290">
						<ele>178</ele>
						<time>2026-04-29T15:18:56Z</time>
					</trkpt>
					<trkpt lat="46.901530" lon="5.279570">
						<ele>178</ele>
						<time>2026-04-29T15:19:01Z</time>
					</trkpt>
					<trkpt lat="46.901710" lon="5.279900">
						<ele>178</ele>
						<time>2026-04-29T15:19:06Z</time>
					</trkpt>
					<trkpt lat="46.901840" lon="5.280200">
						<ele>178</ele>
						<time>2026-04-29T15:19:10Z</time>
					</trkpt>
					<trkpt lat="46.901920" lon="5.280460">
						<ele>179</ele>
						<time>2026-04-29T15:19:14Z</time>
					</trkpt>
					<trkpt lat="46.901960" lon="5.280820">
						<ele>179</ele>
						<time>2026-04-29T15:19:18Z</time>
					</trkpt>
					<trkpt lat="46.901990" lon="5.281530">
						<ele>180</ele>
						<time>2026-04-29T15:19:27Z</time>
					</trkpt>
					<trkpt lat="46.902020" lon="5.282170">
						<ele>180</ele>
						<time>2026-04-29T15:19:35Z</time>
					</trkpt>
					<trkpt lat="46.902040" lon="5.282360">
						<ele>180</ele>
						<time>2026-04-29T15:19:37Z</time>
					</trkpt>
					<trkpt lat="46.902080" lon="5.282550">
						<ele>180</ele>
						<time>2026-04-29T15:19:39Z</time>
					</trkpt>
					<trkpt lat="46.902130" lon="5.282740">
						<ele>179</ele>
						<time>2026-04-29T15:19:42Z</time>
					</trkpt>
					<trkpt lat="46.902220" lon="5.282940">
						<ele>179</ele>
						<time>2026-04-29T15:19:45Z</time>
					</trkpt>
					<trkpt lat="46.902500" lon="5.283460">
						<ele>179</ele>
						<time>2026-04-29T15:19:53Z</time>
					</trkpt>
					<trkpt lat="46.902670" lon="5.283720">
						<ele>179</ele>
						<time>2026-04-29T15:19:57Z</time>
					</trkpt>
					<trkpt lat="46.902840" lon="5.283940">
						<ele>179</ele>
						<time>2026-04-29T15:20:01Z</time>
					</trkpt>
					<trkpt lat="46.903020" lon="5.284160">
						<ele>180</ele>
						<time>2026-04-29T15:20:05Z</time>
					</trkpt>
					<trkpt lat="46.903290" lon="5.284440">
						<ele>180</ele>
						<time>2026-04-29T15:20:11Z</time>
					</trkpt>
					<trkpt lat="46.903400" lon="5.284570">
						<ele>180</ele>
						<time>2026-04-29T15:20:14Z</time>
					</trkpt>
					<trkpt lat="46.903460" lon="5.284670">
						<ele>180</ele>
						<time>2026-04-29T15:20:15Z</time>
					</trkpt>
					<trkpt lat="46.903530" lon="5.284780">
						<ele>180</ele>
						<time>2026-04-29T15:20:17Z</time>
					</trkpt>
					<trkpt lat="46.903620" lon="5.284950">
						<ele>180</ele>
						<time>2026-04-29T15:20:20Z</time>
					</trkpt>
					<trkpt lat="46.903810" lon="5.285360">
						<ele>180</ele>
						<time>2026-04-29T15:20:26Z</time>
					</trkpt>
					<trkpt lat="46.904670" lon="5.287330">
						<ele>179</ele>
						<time>2026-04-29T15:20:54Z</time>
					</trkpt>
					<trkpt lat="46.904720" lon="5.287480">
						<ele>178</ele>
						<time>2026-04-29T15:20:56Z</time>
					</trkpt>
					<trkpt lat="46.904940" lon="5.288170">
						<ele>179</ele>
						<time>2026-04-29T15:21:06Z</time>
					</trkpt>
					<trkpt lat="46.905740" lon="5.290860">
						<ele>180</ele>
						<time>2026-04-29T15:21:41Z</time>
					</trkpt>
					<trkpt lat="46.905790" lon="5.291120">
						<ele>180</ele>
						<time>2026-04-29T15:21:44Z</time>
					</trkpt>
					<trkpt lat="46.905890" lon="5.292020">
						<ele>179</ele>
						<time>2026-04-29T15:21:56Z</time>
					</trkpt>
					<trkpt lat="46.905930" lon="5.292460">
						<ele>180</ele>
						<time>2026-04-29T15:22:01Z</time>
					</trkpt>
					<trkpt lat="46.905970" lon="5.292890">
						<ele>180</ele>
						<time>2026-04-29T15:22:06Z</time>
					</trkpt>
					<trkpt lat="46.906070" lon="5.293420">
						<ele>180</ele>
						<time>2026-04-29T15:22:13Z</time>
					</trkpt>
					<trkpt lat="46.906380" lon="5.294490">
						<ele>180</ele>
						<time>2026-04-29T15:22:27Z</time>
					</trkpt>
					<trkpt lat="46.906980" lon="5.296520">
						<ele>179</ele>
						<time>2026-04-29T15:22:54Z</time>
					</trkpt>
					<trkpt lat="46.906880" lon="5.296590">
						<ele>178</ele>
						<time>2026-04-29T15:22:56Z</time>
					</trkpt>
					<trkpt lat="46.905840" lon="5.297340">
						<ele>179</ele>
						<time>2026-04-29T15:23:17Z</time>
					</trkpt>
					<trkpt lat="46.905780" lon="5.297380">
						<ele>179</ele>
						<time>2026-04-29T15:23:18Z</time>
					</trkpt>
					<trkpt lat="46.904780" lon="5.298130">
						<ele>182</ele>
						<time>2026-04-29T15:23:38Z</time>
					</trkpt>
					<trkpt lat="46.903600" lon="5.298810">
						<ele>184</ele>
						<time>2026-04-29T15:24:00Z</time>
					</trkpt>
					<trkpt lat="46.903050" lon="5.299110">
						<ele>184</ele>
						<time>2026-04-29T15:24:11Z</time>
					</trkpt>
					<trkpt lat="46.902390" lon="5.299270">
						<ele>184</ele>
						<time>2026-04-29T15:24:23Z</time>
					</trkpt>
					<trkpt lat="46.901110" lon="5.299660">
						<ele>186</ele>
						<time>2026-04-29T15:24:46Z</time>
					</trkpt>
					<trkpt lat="46.900590" lon="5.299850">
						<ele>186</ele>
						<time>2026-04-29T15:24:55Z</time>
					</trkpt>
					<trkpt lat="46.899830" lon="5.300280">
						<ele>187</ele>
						<time>2026-04-29T15:25:10Z</time>
					</trkpt>
					<trkpt lat="46.899350" lon="5.300580">
						<ele>190</ele>
						<time>2026-04-29T15:25:19Z</time>
					</trkpt>
					<trkpt lat="46.898930" lon="5.300850">
						<ele>192</ele>
						<time>2026-04-29T15:25:27Z</time>
					</trkpt>
					<trkpt lat="46.897950" lon="5.301420">
						<ele>192</ele>
						<time>2026-04-29T15:25:46Z</time>
					</trkpt>
					<trkpt lat="46.897750" lon="5.301550">
						<ele>192</ele>
						<time>2026-04-29T15:25:50Z</time>
					</trkpt>
					<trkpt lat="46.897270" lon="5.301840">
						<ele>192</ele>
						<time>2026-04-29T15:25:59Z</time>
					</trkpt>
					<trkpt lat="46.897090" lon="5.301950">
						<ele>192</ele>
						<time>2026-04-29T15:26:03Z</time>
					</trkpt>
					<trkpt lat="46.896940" lon="5.302020">
						<ele>192</ele>
						<time>2026-04-29T15:26:06Z</time>
					</trkpt>
					<trkpt lat="46.896790" lon="5.302070">
						<ele>191</ele>
						<time>2026-04-29T15:26:08Z</time>
					</trkpt>
					<trkpt lat="46.896640" lon="5.302080">
						<ele>191</ele>
						<time>2026-04-29T15:26:11Z</time>
					</trkpt>
					<trkpt lat="46.896480" lon="5.302070">
						<ele>191</ele>
						<time>2026-04-29T15:26:14Z</time>
					</trkpt>
					<trkpt lat="46.896300" lon="5.302040">
						<ele>191</ele>
						<time>2026-04-29T15:26:17Z</time>
					</trkpt>
					<trkpt lat="46.895890" lon="5.301940">
						<ele>190</ele>
						<time>2026-04-29T15:26:24Z</time>
					</trkpt>
					<trkpt lat="46.895720" lon="5.301910">
						<ele>190</ele>
						<time>2026-04-29T15:26:27Z</time>
					</trkpt>
					<trkpt lat="46.895590" lon="5.301900">
						<ele>190</ele>
						<time>2026-04-29T15:26:30Z</time>
					</trkpt>
					<trkpt lat="46.895340" lon="5.301920">
						<ele>190</ele>
						<time>2026-04-29T15:26:34Z</time>
					</trkpt>
					<trkpt lat="46.894820" lon="5.302050">
						<ele>190</ele>
						<time>2026-04-29T15:26:44Z</time>
					</trkpt>
					<trkpt lat="46.894680" lon="5.302080">
						<ele>190</ele>
						<time>2026-04-29T15:26:46Z</time>
					</trkpt>
					<trkpt lat="46.894560" lon="5.302090">
						<ele>190</ele>
						<time>2026-04-29T15:26:48Z</time>
					</trkpt>
					<trkpt lat="46.894230" lon="5.302070">
						<ele>190</ele>
						<time>2026-04-29T15:26:54Z</time>
					</trkpt>
					<trkpt lat="46.894080" lon="5.302050">
						<ele>190</ele>
						<time>2026-04-29T15:26:57Z</time>
					</trkpt>
					<trkpt lat="46.893630" lon="5.301950">
						<ele>193</ele>
						<time>2026-04-29T15:27:05Z</time>
					</trkpt>
					<trkpt lat="46.893400" lon="5.301870">
						<ele>194</ele>
						<time>2026-04-29T15:27:09Z</time>
					</trkpt>
					<trkpt lat="46.893100" lon="5.301780">
						<ele>195</ele>
						<time>2026-04-29T15:27:15Z</time>
					</trkpt>
					<trkpt lat="46.893020" lon="5.301770">
						<ele>195</ele>
						<time>2026-04-29T15:27:16Z</time>
					</trkpt>
					<trkpt lat="46.892920" lon="5.301780">
						<ele>195</ele>
						<time>2026-04-29T15:27:18Z</time>
					</trkpt>
					<trkpt lat="46.892830" lon="5.301800">
						<ele>196</ele>
						<time>2026-04-29T15:27:19Z</time>
					</trkpt>
					<trkpt lat="46.892710" lon="5.301840">
						<ele>196</ele>
						<time>2026-04-29T15:27:22Z</time>
					</trkpt>
					<trkpt lat="46.892490" lon="5.301940">
						<ele>196</ele>
						<time>2026-04-29T15:27:26Z</time>
					</trkpt>
					<trkpt lat="46.892130" lon="5.302120">
						<ele>197</ele>
						<time>2026-04-29T15:27:32Z</time>
					</trkpt>
					<trkpt lat="46.891260" lon="5.302520">
						<ele>199</ele>
						<time>2026-04-29T15:27:49Z</time>
					</trkpt>
					<trkpt lat="46.891120" lon="5.302580">
						<ele>199</ele>
						<time>2026-04-29T15:27:51Z</time>
					</trkpt>
					<trkpt lat="46.890980" lon="5.302630">
						<ele>200</ele>
						<time>2026-04-29T15:27:54Z</time>
					</trkpt>
					<trkpt lat="46.890890" lon="5.302660">
						<ele>200</ele>
						<time>2026-04-29T15:27:55Z</time>
					</trkpt>
					<trkpt lat="46.890750" lon="5.302390">
						<ele>201</ele>
						<time>2026-04-29T15:28:00Z</time>
					</trkpt>
					<trkpt lat="46.890490" lon="5.301780">
						<ele>201</ele>
						<time>2026-04-29T15:28:08Z</time>
					</trkpt>
					<trkpt lat="46.890250" lon="5.301250">
						<ele>200</ele>
						<time>2026-04-29T15:28:16Z</time>
					</trkpt>
					<trkpt lat="46.890180" lon="5.301080">
						<ele>200</ele>
						<time>2026-04-29T15:28:18Z</time>
					</trkpt>
					<trkpt lat="46.890130" lon="5.301010">
						<ele>201</ele>
						<time>2026-04-29T15:28:20Z</time>
					</trkpt>
					<trkpt lat="46.890080" lon="5.300960">
						<ele>201</ele>
						<time>2026-04-29T15:28:21Z</time>
					</trkpt>
					<trkpt lat="46.890040" lon="5.300940">
						<ele>201</ele>
						<time>2026-04-29T15:28:22Z</time>
					</trkpt>
					<trkpt lat="46.889940" lon="5.300930">
						<ele>201</ele>
						<time>2026-04-29T15:28:23Z</time>
					</trkpt>
					<trkpt lat="46.889890" lon="5.300940">
						<ele>201</ele>
						<time>2026-04-29T15:28:24Z</time>
					</trkpt>
					<trkpt lat="46.889800" lon="5.300980">
						<ele>201</ele>
						<time>2026-04-29T15:28:26Z</time>
					</trkpt>
					<trkpt lat="46.889670" lon="5.301070">
						<ele>201</ele>
						<time>2026-04-29T15:28:28Z</time>
					</trkpt>
					<trkpt lat="46.889520" lon="5.301140">
						<ele>201</ele>
						<time>2026-04-29T15:28:31Z</time>
					</trkpt>
					<trkpt lat="46.889400" lon="5.301170">
						<ele>202</ele>
						<time>2026-04-29T15:28:33Z</time>
					</trkpt>
					<trkpt lat="46.889270" lon="5.301170">
						<ele>202</ele>
						<time>2026-04-29T15:28:36Z</time>
					</trkpt>
					<trkpt lat="46.889130" lon="5.301080">
						<ele>202</ele>
						<time>2026-04-29T15:28:38Z</time>
					</trkpt>
					<trkpt lat="46.888890" lon="5.300890">
						<ele>203</ele>
						<time>2026-04-29T15:28:43Z</time>
					</trkpt>
					<trkpt lat="46.888600" lon="5.300590">
						<ele>203</ele>
						<time>2026-04-29T15:28:50Z</time>
					</trkpt>
					<trkpt lat="46.888040" lon="5.299960">
						<ele>203</ele>
						<time>2026-04-29T15:29:02Z</time>
					</trkpt>
					<trkpt lat="46.887940" lon="5.299870">
						<ele>202</ele>
						<time>2026-04-29T15:29:04Z</time>
					</trkpt>
					<trkpt lat="46.887720" lon="5.299770">
						<ele>202</ele>
						<time>2026-04-29T15:29:08Z</time>
					</trkpt>
					<trkpt lat="46.887330" lon="5.299660">
						<ele>203</ele>
						<time>2026-04-29T15:29:15Z</time>
					</trkpt>
					<trkpt lat="46.887050" lon="5.299650">
						<ele>204</ele>
						<time>2026-04-29T15:29:20Z</time>
					</trkpt>
					<trkpt lat="46.886330" lon="5.299750">
						<ele>207</ele>
						<time>2026-04-29T15:29:33Z</time>
					</trkpt>
					<trkpt lat="46.886190" lon="5.299760">
						<ele>208</ele>
						<time>2026-04-29T15:29:36Z</time>
					</trkpt>
					<trkpt lat="46.886060" lon="5.299750">
						<ele>209</ele>
						<time>2026-04-29T15:29:38Z</time>
					</trkpt>
					<trkpt lat="46.885960" lon="5.299690">
						<ele>209</ele>
						<time>2026-04-29T15:29:40Z</time>
					</trkpt>
					<trkpt lat="46.885900" lon="5.299630">
						<ele>209</ele>
						<time>2026-04-29T15:29:41Z</time>
					</trkpt>
					<trkpt lat="46.885830" lon="5.299450">
						<ele>209</ele>
						<time>2026-04-29T15:29:44Z</time>
					</trkpt>
					<trkpt lat="46.885670" lon="5.298540">
						<ele>210</ele>
						<time>2026-04-29T15:29:55Z</time>
					</trkpt>
					<trkpt lat="46.885390" lon="5.296970">
						<ele>209</ele>
						<time>2026-04-29T15:30:15Z</time>
					</trkpt>
					<trkpt lat="46.885300" lon="5.296460">
						<ele>208</ele>
						<time>2026-04-29T15:30:21Z</time>
					</trkpt>
					<trkpt lat="46.885160" lon="5.295680">
						<ele>208</ele>
						<time>2026-04-29T15:30:31Z</time>
					</trkpt>
					<trkpt lat="46.885110" lon="5.295400">
						<ele>208</ele>
						<time>2026-04-29T15:30:35Z</time>
					</trkpt>
					<trkpt lat="46.885080" lon="5.295170">
						<ele>209</ele>
						<time>2026-04-29T15:30:38Z</time>
					</trkpt>
					<trkpt lat="46.885030" lon="5.294600">
						<ele>209</ele>
						<time>2026-04-29T15:30:45Z</time>
					</trkpt>
					<trkpt lat="46.884930" lon="5.293130">
						<ele>210</ele>
						<time>2026-04-29T15:31:03Z</time>
					</trkpt>
					<trkpt lat="46.884860" lon="5.292470">
						<ele>208</ele>
						<time>2026-04-29T15:31:11Z</time>
					</trkpt>
					<trkpt lat="46.884750" lon="5.291570">
						<ele>206</ele>
						<time>2026-04-29T15:31:22Z</time>
					</trkpt>
					<trkpt lat="46.884700" lon="5.291320">
						<ele>206</ele>
						<time>2026-04-29T15:31:25Z</time>
					</trkpt>
					<trkpt lat="46.884490" lon="5.290200">
						<ele>208</ele>
						<time>2026-04-29T15:31:39Z</time>
					</trkpt>
					<trkpt lat="46.884420" lon="5.289860">
						<ele>209</ele>
						<time>2026-04-29T15:31:43Z</time>
					</trkpt>
					<trkpt lat="46.884340" lon="5.289560">
						<ele>208</ele>
						<time>2026-04-29T15:31:47Z</time>
					</trkpt>
					<trkpt lat="46.884240" lon="5.289250">
						<ele>208</ele>
						<time>2026-04-29T15:31:51Z</time>
					</trkpt>
					<trkpt lat="46.883530" lon="5.287330">
						<ele>210</ele>
						<time>2026-04-29T15:32:18Z</time>
					</trkpt>
					<trkpt lat="46.882490" lon="5.284490">
						<ele>209</ele>
						<time>2026-04-29T15:32:57Z</time>
					</trkpt>
					<trkpt lat="46.881300" lon="5.281190">
						<ele>208</ele>
						<time>2026-04-29T15:33:43Z</time>
					</trkpt>
					<trkpt lat="46.881030" lon="5.280440">
						<ele>208</ele>
						<time>2026-04-29T15:33:53Z</time>
					</trkpt>
					<trkpt lat="46.880120" lon="5.277940">
						<ele>208</ele>
						<time>2026-04-29T15:34:27Z</time>
					</trkpt>
					<trkpt lat="46.880060" lon="5.277750">
						<ele>208</ele>
						<time>2026-04-29T15:34:30Z</time>
					</trkpt>
					<trkpt lat="46.880040" lon="5.277630">
						<ele>209</ele>
						<time>2026-04-29T15:34:31Z</time>
					</trkpt>
					<trkpt lat="46.880040" lon="5.277460">
						<ele>209</ele>
						<time>2026-04-29T15:34:33Z</time>
					</trkpt>
					<trkpt lat="46.880140" lon="5.276720">
						<ele>212</ele>
						<time>2026-04-29T15:34:43Z</time>
					</trkpt>
					<trkpt lat="46.881020" lon="5.271700">
						<ele>211</ele>
						<time>2026-04-29T15:35:46Z</time>
					</trkpt>
					<trkpt lat="46.881420" lon="5.269440">
						<ele>207</ele>
						<time>2026-04-29T15:36:14Z</time>
					</trkpt>
					<trkpt lat="46.881570" lon="5.268730">
						<ele>208</ele>
						<time>2026-04-29T15:36:23Z</time>
					</trkpt>
					<trkpt lat="46.881640" lon="5.268430">
						<ele>210</ele>
						<time>2026-04-29T15:36:27Z</time>
					</trkpt>
					<trkpt lat="46.881650" lon="5.268290">
						<ele>211</ele>
						<time>2026-04-29T15:36:29Z</time>
					</trkpt>
					<trkpt lat="46.881650" lon="5.268080">
						<ele>213</ele>
						<time>2026-04-29T15:36:31Z</time>
					</trkpt>
					<trkpt lat="46.882050" lon="5.267900">
						<ele>210</ele>
						<time>2026-04-29T15:36:39Z</time>
					</trkpt>
					<trkpt lat="46.882150" lon="5.267870">
						<ele>209</ele>
						<time>2026-04-29T15:36:40Z</time>
					</trkpt>
					<trkpt lat="46.882300" lon="5.267830">
						<ele>208</ele>
						<time>2026-04-29T15:36:43Z</time>
					</trkpt>
					<trkpt lat="46.882470" lon="5.267800">
						<ele>206</ele>
						<time>2026-04-29T15:36:46Z</time>
					</trkpt>
					<trkpt lat="46.882530" lon="5.267790">
						<ele>206</ele>
						<time>2026-04-29T15:36:47Z</time>
					</trkpt>
					<trkpt lat="46.882700" lon="5.267760">
						<ele>205</ele>
						<time>2026-04-29T15:36:50Z</time>
					</trkpt>
					<trkpt lat="46.882790" lon="5.267710">
						<ele>205</ele>
						<time>2026-04-29T15:36:52Z</time>
					</trkpt>
					<trkpt lat="46.882970" lon="5.267580">
						<ele>205</ele>
						<time>2026-04-29T15:36:56Z</time>
					</trkpt>
					<trkpt lat="46.883050" lon="5.267490">
						<ele>204</ele>
						<time>2026-04-29T15:36:57Z</time>
					</trkpt>
					<trkpt lat="46.883540" lon="5.266750">
						<ele>206</ele>
						<time>2026-04-29T15:37:10Z</time>
					</trkpt>
					<trkpt lat="46.883600" lon="5.266620">
						<ele>206</ele>
						<time>2026-04-29T15:37:12Z</time>
					</trkpt>
					<trkpt lat="46.883620" lon="5.266640">
						<ele>206</ele>
						<time>2026-04-29T15:37:12Z</time>
					</trkpt>
					<trkpt lat="46.883660" lon="5.266650">
						<ele>205</ele>
						<time>2026-04-29T15:37:13Z</time>
					</trkpt>
					<trkpt lat="46.883700" lon="5.266640">
						<ele>205</ele>
						<time>2026-04-29T15:37:14Z</time>
					</trkpt>
					<trkpt lat="46.883740" lon="5.266590">
						<ele>204</ele>
						<time>2026-04-29T15:37:15Z</time>
					</trkpt>
					<trkpt lat="46.883760" lon="5.266520">
						<ele>204</ele>
						<time>2026-04-29T15:37:16Z</time>
					</trkpt>
					<trkpt lat="46.883870" lon="5.266550">
						<ele>203</ele>
						<time>2026-04-29T15:37:18Z</time>
					</trkpt>
					<trkpt lat="46.884550" lon="5.266900">
						<ele>201</ele>
						<time>2026-04-29T15:37:30Z</time>
					</trkpt>
					<trkpt lat="46.884810" lon="5.267030">
						<ele>201</ele>
						<time>2026-04-29T15:37:35Z</time>
					</trkpt>
					<trkpt lat="46.885520" lon="5.267380">
						<ele>200</ele>
						<time>2026-04-29T15:37:49Z</time>
					</trkpt>
					<trkpt lat="46.885770" lon="5.267500">
						<ele>199</ele>
						<time>2026-04-29T15:37:53Z</time>
					</trkpt>
					<trkpt lat="46.886040" lon="5.267640">
						<ele>199</ele>
						<time>2026-04-29T15:37:58Z</time>
					</trkpt>
					<trkpt lat="46.886230" lon="5.267720">
						<ele>199</ele>
						<time>2026-04-29T15:38:02Z</time>
					</trkpt>
					<trkpt lat="46.886900" lon="5.268060">
						<ele>197</ele>
						<time>2026-04-29T15:38:15Z</time>
					</trkpt>
					<trkpt lat="46.887450" lon="5.268310">
						<ele>195</ele>
						<time>2026-04-29T15:38:25Z</time>
					</trkpt>
					<trkpt lat="46.887440" lon="5.269010">
						<ele>198</ele>
						<time>2026-04-29T15:38:33Z</time>
					</trkpt>
					<trkpt lat="46.887440" lon="5.269180">
						<ele>198</ele>
						<time>2026-04-29T15:38:35Z</time>
					</trkpt>
					<trkpt lat="46.887460" lon="5.270110">
						<ele>196</ele>
						<time>2026-04-29T15:38:47Z</time>
					</trkpt>
					<trkpt lat="46.887480" lon="5.270490">
						<ele>194</ele>
						<time>2026-04-29T15:38:51Z</time>
					</trkpt>
					<trkpt lat="46.887540" lon="5.270880">
						<ele>192</ele>
						<time>2026-04-29T15:38:56Z</time>
					</trkpt>
					<trkpt lat="46.887800" lon="5.271720">
						<ele>190</ele>
						<time>2026-04-29T15:39:07Z</time>
					</trkpt>
					<trkpt lat="46.887960" lon="5.272170">
						<ele>190</ele>
						<time>2026-04-29T15:39:14Z</time>
					</trkpt>
					<trkpt lat="46.888080" lon="5.272530">
						<ele>189</ele>
						<time>2026-04-29T15:39:18Z</time>
					</trkpt>
					<trkpt lat="46.888210" lon="5.272950">
						<ele>192</ele>
						<time>2026-04-29T15:39:24Z</time>
					</trkpt>
					<trkpt lat="46.888230" lon="5.273050">
						<ele>192</ele>
						<time>2026-04-29T15:39:25Z</time>
					</trkpt>
					<trkpt lat="46.888220" lon="5.273170">
						<ele>193</ele>
						<time>2026-04-29T15:39:27Z</time>
					</trkpt>
					<trkpt lat="46.888180" lon="5.273290">
						<ele>194</ele>
						<time>2026-04-29T15:39:28Z</time>
					</trkpt>
					<trkpt lat="46.888120" lon="5.273400">
						<ele>194</ele>
						<time>2026-04-29T15:39:30Z</time>
					</trkpt>
					<trkpt lat="46.887910" lon="5.273710">
						<ele>195</ele>
						<time>2026-04-29T15:39:35Z</time>
					</trkpt>
					<trkpt lat="46.887810" lon="5.273890">
						<ele>196</ele>
						<time>2026-04-29T15:39:38Z</time>
					</trkpt>
					<trkpt lat="46.887750" lon="5.274110">
						<ele>197</ele>
						<time>2026-04-29T15:39:41Z</time>
					</trkpt>
					<trkpt lat="46.887610" lon="5.275170">
						<ele>198</ele>
						<time>2026-04-29T15:39:54Z</time>
					</trkpt>
					<trkpt lat="46.887580" lon="5.275500">
						<ele>198</ele>
						<time>2026-04-29T15:39:58Z</time>
					</trkpt>
					<trkpt lat="46.887560" lon="5.275710">
						<ele>198</ele>
						<time>2026-04-29T15:40:01Z</time>
					</trkpt>
					<trkpt lat="46.887530" lon="5.276230">
						<ele>198</ele>
						<time>2026-04-29T15:40:07Z</time>
					</trkpt>
					<trkpt lat="46.887550" lon="5.276640">
						<ele>198</ele>
						<time>2026-04-29T15:40:12Z</time>
					</trkpt>
					<trkpt lat="46.887650" lon="5.277440">
						<ele>198</ele>
						<time>2026-04-29T15:40:22Z</time>
					</trkpt>
					<trkpt lat="46.887790" lon="5.278810">
						<ele>197</ele>
						<time>2026-04-29T15:40:39Z</time>
					</trkpt>
					<trkpt lat="46.887810" lon="5.278980">
						<ele>197</ele>
						<time>2026-04-29T15:40:41Z</time>
					</trkpt>
					<trkpt lat="46.887830" lon="5.279490">
						<ele>198</ele>
						<time>2026-04-29T15:40:47Z</time>
					</trkpt>
					<trkpt lat="46.887820" lon="5.279960">
						<ele>199</ele>
						<time>2026-04-29T15:40:53Z</time>
					</trkpt>
					<trkpt lat="46.887810" lon="5.280140">
						<ele>199</ele>
						<time>2026-04-29T15:40:55Z</time>
					</trkpt>
					<trkpt lat="46.887740" lon="5.280440">
						<ele>199</ele>
						<time>2026-04-29T15:40:59Z</time>
					</trkpt>
					<trkpt lat="46.887730" lon="5.280490">
						<ele>199</ele>
						<time>2026-04-29T15:41:00Z</time>
					</trkpt>
					<trkpt lat="46.887860" lon="5.280550">
						<ele>199</ele>
						<time>2026-04-29T15:41:02Z</time>
					</trkpt>
					<trkpt lat="46.888230" lon="5.280450">
						<ele>199</ele>
						<time>2026-04-29T15:41:09Z</time>
					</trkpt>
					<trkpt lat="46.888770" lon="5.280210">
						<ele>199</ele>
						<time>2026-04-29T15:41:19Z</time>
					</trkpt>
					<trkpt lat="46.889270" lon="5.279900">
						<ele>198</ele>
						<time>2026-04-29T15:41:28Z</time>
					</trkpt>
					<trkpt lat="46.889790" lon="5.279500">
						<ele>196</ele>
						<time>2026-04-29T15:41:39Z</time>
					</trkpt>
					<trkpt lat="46.890020" lon="5.279380">
						<ele>196</ele>
						<time>2026-04-29T15:41:43Z</time>
					</trkpt>
					<trkpt lat="46.890110" lon="5.279360">
						<ele>196</ele>
						<time>2026-04-29T15:41:45Z</time>
					</trkpt>
					<trkpt lat="46.890230" lon="5.279350">
						<ele>196</ele>
						<time>2026-04-29T15:41:47Z</time>
					</trkpt>
					<trkpt lat="46.890310" lon="5.279380">
						<ele>196</ele>
						<time>2026-04-29T15:41:49Z</time>
					</trkpt>
					<trkpt lat="46.890400" lon="5.279430">
						<ele>196</ele>
						<time>2026-04-29T15:41:50Z</time>
					</trkpt>
					<trkpt lat="46.890630" lon="5.279570">
						<ele>196</ele>
						<time>2026-04-29T15:41:55Z</time>
					</trkpt>
					<trkpt lat="46.890930" lon="5.279660">
						<ele>196</ele>
						<time>2026-04-29T15:42:00Z</time>
					</trkpt>
					<trkpt lat="46.891500" lon="5.279810">
						<ele>197</ele>
						<time>2026-04-29T15:42:10Z</time>
					</trkpt>
					<trkpt lat="46.891640" lon="5.279790">
						<ele>197</ele>
						<time>2026-04-29T15:42:13Z</time>
					</trkpt>
					<trkpt lat="46.891790" lon="5.279720">
						<ele>197</ele>
						<time>2026-04-29T15:42:16Z</time>
					</trkpt>
					<trkpt lat="46.892260" lon="5.279360">
						<ele>196</ele>
						<time>2026-04-29T15:42:25Z</time>
					</trkpt>
					<trkpt lat="46.892670" lon="5.279040">
						<ele>195</ele>
						<time>2026-04-29T15:42:33Z</time>
					</trkpt>
					<trkpt lat="46.892780" lon="5.279010">
						<ele>195</ele>
						<time>2026-04-29T15:42:35Z</time>
					</trkpt>
					<trkpt lat="46.892870" lon="5.279010">
						<ele>195</ele>
						<time>2026-04-29T15:42:37Z</time>
					</trkpt>
					<trkpt lat="46.892980" lon="5.279100">
						<ele>195</ele>
						<time>2026-04-29T15:42:39Z</time>
					</trkpt>
					<trkpt lat="46.893180" lon="5.279320">
						<ele>194</ele>
						<time>2026-04-29T15:42:44Z</time>
					</trkpt>
					<trkpt lat="46.893350" lon="5.279450">
						<ele>194</ele>
						<time>2026-04-29T15:42:47Z</time>
					</trkpt>
					<trkpt lat="46.893570" lon="5.279580">
						<ele>194</ele>
						<time>2026-04-29T15:42:51Z</time>
					</trkpt>
					<trkpt lat="46.893700" lon="5.279610">
						<ele>194</ele>
						<time>2026-04-29T15:42:54Z</time>
					</trkpt>
					<trkpt lat="46.893790" lon="5.279620">
						<ele>194</ele>
						<time>2026-04-29T15:42:55Z</time>
					</trkpt>
					<trkpt lat="46.893940" lon="5.279580">
						<ele>194</ele>
						<time>2026-04-29T15:42:58Z</time>
					</trkpt>
					<trkpt lat="46.894090" lon="5.279540">
						<ele>194</ele>
						<time>2026-04-29T15:43:01Z</time>
					</trkpt>
					<trkpt lat="46.894160" lon="5.279530">
						<ele>194</ele>
						<time>2026-04-29T15:43:02Z</time>
					</trkpt>
					<trkpt lat="46.894300" lon="5.279510">
						<ele>194</ele>
						<time>2026-04-29T15:43:04Z</time>
					</trkpt>
					<trkpt lat="46.895130" lon="5.279620">
						<ele>193</ele>
						<time>2026-04-29T15:43:19Z</time>
					</trkpt>
					<trkpt lat="46.895430" lon="5.279580">
						<ele>192</ele>
						<time>2026-04-29T15:43:25Z</time>
					</trkpt>
					<trkpt lat="46.895750" lon="5.279450">
						<ele>191</ele>
						<time>2026-04-29T15:43:31Z</time>
					</trkpt>
					<trkpt lat="46.896130" lon="5.279170">
						<ele>191</ele>
						<time>2026-04-29T15:43:38Z</time>
					</trkpt>
					<trkpt lat="46.896360" lon="5.279030">
						<ele>191</ele>
						<time>2026-04-29T15:43:43Z</time>
					</trkpt>
					<trkpt lat="46.896620" lon="5.278940">
						<ele>190</ele>
						<time>2026-04-29T15:43:47Z</time>
					</trkpt>
					<trkpt lat="46.897260" lon="5.278760">
						<ele>187</ele>
						<time>2026-04-29T15:43:59Z</time>
					</trkpt>
					<trkpt lat="46.898140" lon="5.278450">
						<ele>183</ele>
						<time>2026-04-29T15:44:15Z</time>
					</trkpt>
					<trkpt lat="46.898470" lon="5.278300">
						<ele>182</ele>
						<time>2026-04-29T15:44:21Z</time>
					</trkpt>
					<trkpt lat="46.898890" lon="5.278150">
						<ele>181</ele>
						<time>2026-04-29T15:44:29Z</time>
					</trkpt>
					<trkpt lat="46.899070" lon="5.278010">
						<ele>180</ele>
						<time>2026-04-29T15:44:33Z</time>
					</trkpt>
					<trkpt lat="46.899160" lon="5.277900">
						<ele>180</ele>
						<time>2026-04-29T15:44:35Z</time>
					</trkpt>
					<trkpt lat="46.899290" lon="5.278100">
						<ele>180</ele>
						<time>2026-04-29T15:44:38Z</time>
					</trkpt>
					<trkpt lat="46.899450" lon="5.278290">
						<ele>180</ele>
						<time>2026-04-29T15:44:42Z</time>
					</trkpt>
					<trkpt lat="46.899610" lon="5.278420">
						<ele>180</ele>
						<time>2026-04-29T15:44:45Z</time>
					</trkpt>
					<trkpt lat="46.899710" lon="5.278490">
						<ele>180</ele>
						<time>2026-04-29T15:44:47Z</time>
					</trkpt>
					<trkpt lat="46.899850" lon="5.278540">
						<ele>181</ele>
						<time>2026-04-29T15:44:49Z</time>
					</trkpt>
					<trkpt lat="46.899980" lon="5.278540">
						<ele>181</ele>
						<time>2026-04-29T15:44:52Z</time>
					</trkpt>
					<trkpt lat="46.900330" lon="5.278560">
						<ele>180</ele>
						<time>2026-04-29T15:44:58Z</time>
					</trkpt>
					<trkpt lat="46.900470" lon="5.278580">
						<ele>179</ele>
						<time>2026-04-29T15:45:00Z</time>
					</trkpt>
					<trkpt lat="46.900600" lon="5.278620">
						<ele>179</ele>
						<time>2026-04-29T15:45:03Z</time>
					</trkpt>
					<trkpt lat="46.900680" lon="5.278660">
						<ele>178</ele>
						<time>2026-04-29T15:45:04Z</time>
					</trkpt>
					<trkpt lat="46.900760" lon="5.278710">
						<ele>178</ele>
						<time>2026-04-29T15:45:06Z</time>
					</trkpt>
					<trkpt lat="46.900900" lon="5.278810">
						<ele>178</ele>
						<time>2026-04-29T15:45:09Z</time>
					</trkpt>
					<trkpt lat="46.901150" lon="5.279040">
						<ele>178</ele>
						<time>2026-04-29T15:45:14Z</time>
					</trkpt>
					<trkpt lat="46.901350" lon="5.279290">
						<ele>178</ele>
						<time>2026-04-29T15:45:19Z</time>
					</trkpt>
					<trkpt lat="46.901530" lon="5.279570">
						<ele>178</ele>
						<time>2026-04-29T15:45:23Z</time>
					</trkpt>
					<trkpt lat="46.901710" lon="5.279900">
						<ele>178</ele>
						<time>2026-04-29T15:45:28Z</time>
					</trkpt>
					<trkpt lat="46.901840" lon="5.280200">
						<ele>178</ele>
						<time>2026-04-29T15:45:33Z</time>
					</trkpt>
					<trkpt lat="46.901920" lon="5.280460">
						<ele>179</ele>
						<time>2026-04-29T15:45:36Z</time>
					</trkpt>
					<trkpt lat="46.901960" lon="5.280820">
						<ele>179</ele>
						<time>2026-04-29T15:45:41Z</time>
					</trkpt>
					<trkpt lat="46.901990" lon="5.281530">
						<ele>180</ele>
						<time>2026-04-29T15:45:49Z</time>
					</trkpt>
					<trkpt lat="46.902020" lon="5.282170">
						<ele>180</ele>
						<time>2026-04-29T15:45:57Z</time>
					</trkpt>
					<trkpt lat="46.902040" lon="5.282360">
						<ele>180</ele>
						<time>2026-04-29T15:45:59Z</time>
					</trkpt>
					<trkpt lat="46.902080" lon="5.282550">
						<ele>180</ele>
						<time>2026-04-29T15:46:02Z</time>
					</trkpt>
					<trkpt lat="46.902130" lon="5.282740">
						<ele>179</ele>
						<time>2026-04-29T15:46:04Z</time>
					</trkpt>
					<trkpt lat="46.902220" lon="5.282940">
						<ele>179</ele>
						<time>2026-04-29T15:46:07Z</time>
					</trkpt>
					<trkpt lat="46.902500" lon="5.283460">
						<ele>179</ele>
						<time>2026-04-29T15:46:15Z</time>
					</trkpt>
					<trkpt lat="46.902670" lon="5.283720">
						<ele>179</ele>
						<time>2026-04-29T15:46:20Z</time>
					</trkpt>
					<trkpt lat="46.902840" lon="5.283940">
						<ele>179</ele>
						<time>2026-04-29T15:46:24Z</time>
					</trkpt>
					<trkpt lat="46.903020" lon="5.284160">
						<ele>180</ele>
						<time>2026-04-29T15:46:28Z</time>
					</trkpt>
					<trkpt lat="46.903290" lon="5.284440">
						<ele>180</ele>
						<time>2026-04-29T15:46:34Z</time>
					</trkpt>
					<trkpt lat="46.903400" lon="5.284570">
						<ele>180</ele>
						<time>2026-04-29T15:46:36Z</time>
					</trkpt>
					<trkpt lat="46.903460" lon="5.284670">
						<ele>180</ele>
						<time>2026-04-29T15:46:38Z</time>
					</trkpt>
					<trkpt lat="46.903530" lon="5.284780">
						<ele>180</ele>
						<time>2026-04-29T15:46:40Z</time>
					</trkpt>
					<trkpt lat="46.903620" lon="5.284950">
						<ele>180</ele>
						<time>2026-04-29T15:46:42Z</time>
					</trkpt>
					<trkpt lat="46.903810" lon="5.285360">
						<ele>180</ele>
						<time>2026-04-29T15:46:48Z</time>
					</trkpt>
					<trkpt lat="46.904670" lon="5.287330">
						<ele>179</ele>
						<time>2026-04-29T15:47:17Z</time>
					</trkpt>
					<trkpt lat="46.904720" lon="5.287480">
						<ele>178</ele>
						<time>2026-04-29T15:47:19Z</time>
					</trkpt>
					<trkpt lat="46.904940" lon="5.288170">
						<ele>179</ele>
						<time>2026-04-29T15:47:28Z</time>
					</trkpt>
					<trkpt lat="46.905470" lon="5.289950">
						<ele>180</ele>
						<time>2026-04-29T15:47:52Z</time>
					</trkpt>
					<trkpt lat="46.905740" lon="5.290860">
						<ele>180</ele>
						<time>2026-04-29T15:48:04Z</time>
					</trkpt>
					<trkpt lat="46.905790" lon="5.291120">
						<ele>180</ele>
						<time>2026-04-29T15:48:07Z</time>
					</trkpt>
					<trkpt lat="46.905890" lon="5.292020">
						<ele>179</ele>
						<time>2026-04-29T15:48:18Z</time>
					</trkpt>
					<trkpt lat="46.905930" lon="5.292460">
						<ele>180</ele>
						<time>2026-04-29T15:48:23Z</time>
					</trkpt>
					<trkpt lat="46.905970" lon="5.292890">
						<ele>180</ele>
						<time>2026-04-29T15:48:29Z</time>
					</trkpt>
					<trkpt lat="46.906070" lon="5.293420">
						<ele>180</ele>
						<time>2026-04-29T15:48:35Z</time>
					</trkpt>
					<trkpt lat="46.906380" lon="5.294490">
						<ele>180</ele>
						<time>2026-04-29T15:48:50Z</time>
					</trkpt>
					<trkpt lat="46.906980" lon="5.296520">
						<ele>179</ele>
						<time>2026-04-29T15:49:16Z</time>
					</trkpt>
					<trkpt lat="46.906880" lon="5.296590">
						<ele>178</ele>
						<time>2026-04-29T15:49:18Z</time>
					</trkpt>
					<trkpt lat="46.905840" lon="5.297340">
						<ele>179</ele>
						<time>2026-04-29T15:49:39Z</time>
					</trkpt>
					<trkpt lat="46.905780" lon="5.297380">
						<ele>179</ele>
						<time>2026-04-29T15:49:40Z</time>
					</trkpt>
					<trkpt lat="46.904780" lon="5.298130">
						<ele>182</ele>
						<time>2026-04-29T15:50:00Z</time>
					</trkpt>
					<trkpt lat="46.903600" lon="5.298810">
						<ele>184</ele>
						<time>2026-04-29T15:50:23Z</time>
					</trkpt>
					<trkpt lat="46.903050" lon="5.299110">
						<ele>184</ele>
						<time>2026-04-29T15:50:33Z</time>
					</trkpt>
					<trkpt lat="46.902390" lon="5.299270">
						<ele>184</ele>
						<time>2026-04-29T15:50:45Z</time>
					</trkpt>
					<trkpt lat="46.901110" lon="5.299660">
						<ele>186</ele>
						<time>2026-04-29T15:51:08Z</time>
					</trkpt>
					<trkpt lat="46.900590" lon="5.299850">
						<ele>186</ele>
						<time>2026-04-29T15:51:18Z</time>
					</trkpt>
					<trkpt lat="46.899830" lon="5.300280">
						<ele>187</ele>
						<time>2026-04-29T15:51:32Z</time>
					</trkpt>
					<trkpt lat="46.899350" lon="5.300580">
						<ele>190</ele>
						<time>2026-04-29T15:51:42Z</time>
					</trkpt>
					<trkpt lat="46.898930" lon="5.300850">
						<ele>192</ele>
						<time>2026-04-29T15:51:50Z</time>
					</trkpt>
					<trkpt lat="46.897950" lon="5.301420">
						<ele>192</ele>
						<time>2026-04-29T15:52:09Z</time>
					</trkpt>
					<trkpt lat="46.897750" lon="5.301550">
						<ele>192</ele>
						<time>2026-04-29T15:52:12Z</time>
					</trkpt>
					<trkpt lat="46.897270" lon="5.301840">
						<ele>192</ele>
						<time>2026-04-29T15:52:22Z</time>
					</trkpt>
					<trkpt lat="46.897090" lon="5.301950">
						<ele>192</ele>
						<time>2026-04-29T15:52:25Z</time>
					</trkpt>
					<trkpt lat="46.896940" lon="5.302020">
						<ele>192</ele>
						<time>2026-04-29T15:52:28Z</time>
					</trkpt>
					<trkpt lat="46.896790" lon="5.302070">
						<ele>191</ele>
						<time>2026-04-29T15:52:31Z</time>
					</trkpt>
					<trkpt lat="46.896640" lon="5.302080">
						<ele>191</ele>
						<time>2026-04-29T15:52:33Z</time>
					</trkpt>
					<trkpt lat="46.896480" lon="5.302070">
						<ele>191</ele>
						<time>2026-04-29T15:52:36Z</time>
					</trkpt>
					<trkpt lat="46.896300" lon="5.302040">
						<ele>191</ele>
						<time>2026-04-29T15:52:39Z</time>
					</trkpt>
					<trkpt lat="46.895890" lon="5.301940">
						<ele>190</ele>
						<time>2026-04-29T15:52:47Z</time>
					</trkpt>
					<trkpt lat="46.895720" lon="5.301910">
						<ele>190</ele>
						<time>2026-04-29T15:52:50Z</time>
					</trkpt>
					<trkpt lat="46.895590" lon="5.301900">
						<ele>190</ele>
						<time>2026-04-29T15:52:52Z</time>
					</trkpt>
					<trkpt lat="46.895340" lon="5.301920">
						<ele>190</ele>
						<time>2026-04-29T15:52:57Z</time>
					</trkpt>
					<trkpt lat="46.894820" lon="5.302050">
						<ele>190</ele>
						<time>2026-04-29T15:53:06Z</time>
					</trkpt>
					<trkpt lat="46.894680" lon="5.302080">
						<ele>190</ele>
						<time>2026-04-29T15:53:09Z</time>
					</trkpt>
					<trkpt lat="46.894560" lon="5.302090">
						<ele>190</ele>
						<time>2026-04-29T15:53:11Z</time>
					</trkpt>
					<trkpt lat="46.894230" lon="5.302070">
						<ele>190</ele>
						<time>2026-04-29T15:53:17Z</time>
					</trkpt>
					<trkpt lat="46.894080" lon="5.302050">
						<ele>190</ele>
						<time>2026-04-29T15:53:19Z</time>
					</trkpt>
					<trkpt lat="46.893630" lon="5.301950">
						<ele>193</ele>
						<time>2026-04-29T15:53:27Z</time>
					</trkpt>
					<trkpt lat="46.893400" lon="5.301870">
						<ele>194</ele>
						<time>2026-04-29T15:53:32Z</time>
					</trkpt>
					<trkpt lat="46.893100" lon="5.301780">
						<ele>195</ele>
						<time>2026-04-29T15:53:37Z</time>
					</trkpt>
					<trkpt lat="46.893020" lon="5.301770">
						<ele>195</ele>
						<time>2026-04-29T15:53:38Z</time>
					</trkpt>
					<trkpt lat="46.892920" lon="5.301780">
						<ele>195</ele>
						<time>2026-04-29T15:53:40Z</time>
					</trkpt>
					<trkpt lat="46.892830" lon="5.301800">
						<ele>196</ele>
						<time>2026-04-29T15:53:42Z</time>
					</trkpt>
					<trkpt lat="46.892710" lon="5.301840">
						<ele>196</ele>
						<time>2026-04-29T15:53:44Z</time>
					</trkpt>
					<trkpt lat="46.892490" lon="5.301940">
						<ele>196</ele>
						<time>2026-04-29T15:53:48Z</time>
					</trkpt>
					<trkpt lat="46.892130" lon="5.302120">
						<ele>197</ele>
						<time>2026-04-29T15:53:55Z</time>
					</trkpt>
					<trkpt lat="46.891260" lon="5.302520">
						<ele>199</ele>
						<time>2026-04-29T15:54:11Z</time>
					</trkpt>
					<trkpt lat="46.890980" lon="5.302630">
						<ele>200</ele>
						<time>2026-04-29T15:54:16Z</time>
					</trkpt>
					<trkpt lat="46.890890" lon="5.302660">
						<ele>200</ele>
						<time>2026-04-29T15:54:18Z</time>
					</trkpt>
					<trkpt lat="46.890750" lon="5.302390">
						<ele>201</ele>
						<time>2026-04-29T15:54:22Z</time>
					</trkpt>
					<trkpt lat="46.890490" lon="5.301780">
						<ele>201</ele>
						<time>2026-04-29T15:54:31Z</time>
					</trkpt>
					<trkpt lat="46.890250" lon="5.301250">
						<ele>200</ele>
						<time>2026-04-29T15:54:39Z</time>
					</trkpt>
					<trkpt lat="46.890180" lon="5.301080">
						<ele>200</ele>
						<time>2026-04-29T15:54:41Z</time>
					</trkpt>
					<trkpt lat="46.890130" lon="5.301010">
						<ele>201</ele>
						<time>2026-04-29T15:54:42Z</time>
					</trkpt>
					<trkpt lat="46.890080" lon="5.300960">
						<ele>201</ele>
						<time>2026-04-29T15:54:43Z</time>
					</trkpt>
					<trkpt lat="46.890040" lon="5.300940">
						<ele>201</ele>
						<time>2026-04-29T15:54:44Z</time>
					</trkpt>
					<trkpt lat="46.889940" lon="5.300930">
						<ele>201</ele>
						<time>2026-04-29T15:54:46Z</time>
					</trkpt>
					<trkpt lat="46.889890" lon="5.300940">
						<ele>201</ele>
						<time>2026-04-29T15:54:47Z</time>
					</trkpt>
					<trkpt lat="46.889800" lon="5.300980">
						<ele>201</ele>
						<time>2026-04-29T15:54:48Z</time>
					</trkpt>
					<trkpt lat="46.889670" lon="5.301070">
						<ele>201</ele>
						<time>2026-04-29T15:54:51Z</time>
					</trkpt>
					<trkpt lat="46.889520" lon="5.301140">
						<ele>201</ele>
						<time>2026-04-29T15:54:54Z</time>
					</trkpt>
					<trkpt lat="46.889400" lon="5.301170">
						<ele>202</ele>
						<time>2026-04-29T15:54:56Z</time>
					</trkpt>
					<trkpt lat="46.889270" lon="5.301170">
						<ele>202</ele>
						<time>2026-04-29T15:54:58Z</time>
					</trkpt>
					<trkpt lat="46.889130" lon="5.301080">
						<ele>202</ele>
						<time>2026-04-29T15:55:01Z</time>
					</trkpt>
					<trkpt lat="46.888890" lon="5.300890">
						<ele>203</ele>
						<time>2026-04-29T15:55:06Z</time>
					</trkpt>
					<trkpt lat="46.888600" lon="5.300590">
						<ele>203</ele>
						<time>2026-04-29T15:55:12Z</time>
					</trkpt>
					<trkpt lat="46.888040" lon="5.299960">
						<ele>203</ele>
						<time>2026-04-29T15:55:25Z</time>
					</trkpt>
					<trkpt lat="46.887940" lon="5.299870">
						<ele>202</ele>
						<time>2026-04-29T15:55:27Z</time>
					</trkpt>
					<trkpt lat="46.887720" lon="5.299770">
						<ele>202</ele>
						<time>2026-04-29T15:55:31Z</time>
					</trkpt>
					<trkpt lat="46.887330" lon="5.299660">
						<ele>203</ele>
						<time>2026-04-29T15:55:38Z</time>
					</trkpt>
					<trkpt lat="46.887050" lon="5.299650">
						<ele>204</ele>
						<time>2026-04-29T15:55:43Z</time>
					</trkpt>
					<trkpt lat="46.886330" lon="5.299750">
						<ele>207</ele>
						<time>2026-04-29T15:55:56Z</time>
					</trkpt>
					<trkpt lat="46.886190" lon="5.299760">
						<ele>208</ele>
						<time>2026-04-29T15:55:58Z</time>
					</trkpt>
					<trkpt lat="46.886060" lon="5.299750">
						<ele>209</ele>
						<time>2026-04-29T15:56:01Z</time>
					</trkpt>
					<trkpt lat="46.885960" lon="5.299690">
						<ele>209</ele>
						<time>2026-04-29T15:56:03Z</time>
					</trkpt>
					<trkpt lat="46.885900" lon="5.299630">
						<ele>209</ele>
						<time>2026-04-29T15:56:04Z</time>
					</trkpt>
					<trkpt lat="46.885830" lon="5.299450">
						<ele>209</ele>
						<time>2026-04-29T15:56:06Z</time>
					</trkpt>
					<trkpt lat="46.885670" lon="5.298540">
						<ele>210</ele>
						<time>2026-04-29T15:56:18Z</time>
					</trkpt>
					<trkpt lat="46.885390" lon="5.296970">
						<ele>209</ele>
						<time>2026-04-29T15:56:38Z</time>
					</trkpt>
					<trkpt lat="46.885300" lon="5.296460">
						<ele>208</ele>
						<time>2026-04-29T15:56:44Z</time>
					</trkpt>
					<trkpt lat="46.885160" lon="5.295680">
						<ele>208</ele>
						<time>2026-04-29T15:56:54Z</time>
					</trkpt>
					<trkpt lat="46.885110" lon="5.295400">
						<ele>208</ele>
						<time>2026-04-29T15:56:57Z</time>
					</trkpt>
					<trkpt lat="46.885080" lon="5.295170">
						<ele>209</ele>
						<time>2026-04-29T15:57:00Z</time>
					</trkpt>
					<trkpt lat="46.885030" lon="5.294600">
						<ele>209</ele>
						<time>2026-04-29T15:57:07Z</time>
					</trkpt>
					<trkpt lat="46.884930" lon="5.293130">
						<ele>210</ele>
						<time>2026-04-29T15:57:25Z</time>
					</trkpt>
					<trkpt lat="46.884860" lon="5.292470">
						<ele>208</ele>
						<time>2026-04-29T15:57:33Z</time>
					</trkpt>
					<trkpt lat="46.884750" lon="5.291570">
						<ele>206</ele>
						<time>2026-04-29T15:57:44Z</time>
					</trkpt>
					<trkpt lat="46.884700" lon="5.291320">
						<ele>206</ele>
						<time>2026-04-29T15:57:47Z</time>
					</trkpt>
					<trkpt lat="46.884490" lon="5.290200">
						<ele>208</ele>
						<time>2026-04-29T15:58:02Z</time>
					</trkpt>
					<trkpt lat="46.884420" lon="5.289860">
						<ele>209</ele>
						<time>2026-04-29T15:58:06Z</time>
					</trkpt>
					<trkpt lat="46.884340" lon="5.289560">
						<ele>208</ele>
						<time>2026-04-29T15:58:10Z</time>
					</trkpt>
					<trkpt lat="46.884240" lon="5.289250">
						<ele>208</ele>
						<time>2026-04-29T15:58:14Z</time>
					</trkpt>
					<trkpt lat="46.883530" lon="5.287330">
						<ele>210</ele>
						<time>2026-04-29T15:58:41Z</time>
					</trkpt>
					<trkpt lat="46.882490" lon="5.284490">
						<ele>209</ele>
						<time>2026-04-29T15:59:20Z</time>
					</trkpt>
					<trkpt lat="46.881300" lon="5.281190">
						<ele>208</ele>
						<time>2026-04-29T16:00:05Z</time>
					</trkpt>
					<trkpt lat="46.880110" lon="5.277910">
						<ele>208</ele>
						<time>2026-04-29T16:00:50Z</time>
					</trkpt>
					<trkpt lat="46.880060" lon="5.277750">
						<ele>208</ele>
						<time>2026-04-29T16:00:52Z</time>
					</trkpt>
					<trkpt lat="46.880040" lon="5.277630">
						<ele>209</ele>
						<time>2026-04-29T16:00:54Z</time>
					</trkpt>
					<trkpt lat="46.880040" lon="5.277460">
						<ele>209</ele>
						<time>2026-04-29T16:00:56Z</time>
					</trkpt>
					<trkpt lat="46.880140" lon="5.276720">
						<ele>212</ele>
						<time>2026-04-29T16:01:05Z</time>
					</trkpt>
					<trkpt lat="46.881020" lon="5.271700">
						<ele>211</ele>
						<time>2026-04-29T16:02:08Z</time>
					</trkpt>
					<trkpt lat="46.881420" lon="5.269440">
						<ele>207</ele>
						<time>2026-04-29T16:02:37Z</time>
					</trkpt>
					<trkpt lat="46.881570" lon="5.268730">
						<ele>208</ele>
						<time>2026-04-29T16:02:46Z</time>
					</trkpt>
					<trkpt lat="46.881640" lon="5.268430">
						<ele>210</ele>
						<time>2026-04-29T16:02:49Z</time>
					</trkpt>
					<trkpt lat="46.881650" lon="5.268290">
						<ele>211</ele>
						<time>2026-04-29T16:02:51Z</time>
					</trkpt>
					<trkpt lat="46.881650" lon="5.268080">
						<ele>213</ele>
						<time>2026-04-29T16:02:54Z</time>
					</trkpt>
					<trkpt lat="46.882050" lon="5.267900">
						<ele>210</ele>
						<time>2026-04-29T16:03:01Z</time>
					</trkpt>
					<trkpt lat="46.882150" lon="5.267870">
						<ele>209</ele>
						<time>2026-04-29T16:03:03Z</time>
					</trkpt>
					<trkpt lat="46.882300" lon="5.267830">
						<ele>208</ele>
						<time>2026-04-29T16:03:06Z</time>
					</trkpt>
					<trkpt lat="46.882470" lon="5.267800">
						<ele>206</ele>
						<time>2026-04-29T16:03:09Z</time>
					</trkpt>
					<trkpt lat="46.882700" lon="5.267760">
						<ele>205</ele>
						<time>2026-04-29T16:03:13Z</time>
					</trkpt>
					<trkpt lat="46.882790" lon="5.267710">
						<ele>205</ele>
						<time>2026-04-29T16:03:15Z</time>
					</trkpt>
					<trkpt lat="46.882970" lon="5.267580">
						<ele>205</ele>
						<time>2026-04-29T16:03:18Z</time>
					</trkpt>
					<trkpt lat="46.883050" lon="5.267490">
						<ele>204</ele>
						<time>2026-04-29T16:03:20Z</time>
					</trkpt>
					<trkpt lat="46.883540" lon="5.266750">
						<ele>206</ele>
						<time>2026-04-29T16:03:32Z</time>
					</trkpt>
					<trkpt lat="46.883600" lon="5.266620">
						<ele>206</ele>
						<time>2026-04-29T16:03:34Z</time>
					</trkpt>
					<trkpt lat="46.883620" lon="5.266640">
						<ele>206</ele>
						<time>2026-04-29T16:03:35Z</time>
					</trkpt>
					<trkpt lat="46.883660" lon="5.266650">
						<ele>205</ele>
						<time>2026-04-29T16:03:36Z</time>
					</trkpt>
					<trkpt lat="46.883700" lon="5.266640">
						<ele>205</ele>
						<time>2026-04-29T16:03:36Z</time>
					</trkpt>
					<trkpt lat="46.883740" lon="5.266590">
						<ele>204</ele>
						<time>2026-04-29T16:03:37Z</time>
					</trkpt>
					<trkpt lat="46.883760" lon="5.266520">
						<ele>204</ele>
						<time>2026-04-29T16:03:38Z</time>
					</trkpt>
					<trkpt lat="46.883870" lon="5.266550">
						<ele>203</ele>
						<time>2026-04-29T16:03:40Z</time>
					</trkpt>
					<trkpt lat="46.884550" lon="5.266900">
						<ele>201</ele>
						<time>2026-04-29T16:03:53Z</time>
					</trkpt>
					<trkpt lat="46.886040" lon="5.267640">
						<ele>199</ele>
						<time>2026-04-29T16:04:21Z</time>
					</trkpt>
					<trkpt lat="46.886230" lon="5.267720">
						<ele>199</ele>
						<time>2026-04-29T16:04:24Z</time>
					</trkpt>
					<trkpt lat="46.886310" lon="5.267760">
						<ele>198</ele>
						<time>2026-04-29T16:04:26Z</time>
					</trkpt>
					<trkpt lat="46.886900" lon="5.268060">
						<ele>197</ele>
						<time>2026-04-29T16:04:37Z</time>
					</trkpt>
					<trkpt lat="46.887380" lon="5.268280">
						<ele>195</ele>
						<time>2026-04-29T16:04:46Z</time>
					</trkpt>
					<trkpt lat="46.887450" lon="5.268310">
						<ele>195</ele>
						<time>2026-04-29T16:04:47Z</time>
					</trkpt>
					<trkpt lat="46.887440" lon="5.269010">
						<ele>198</ele>
						<time>2026-04-29T16:04:56Z</time>
					</trkpt>
					<trkpt lat="46.887440" lon="5.269180">
						<ele>198</ele>
						<time>2026-04-29T16:04:58Z</time>
					</trkpt>
					<trkpt lat="46.887460" lon="5.270110">
						<ele>196</ele>
						<time>2026-04-29T16:05:09Z</time>
					</trkpt>
					<trkpt lat="46.887480" lon="5.270490">
						<ele>194</ele>
						<time>2026-04-29T16:05:14Z</time>
					</trkpt>
					<trkpt lat="46.887540" lon="5.270880">
						<ele>192</ele>
						<time>2026-04-29T16:05:19Z</time>
					</trkpt>
					<trkpt lat="46.887800" lon="5.271720">
						<ele>190</ele>
						<time>2026-04-29T16:05:30Z</time>
					</trkpt>
					<trkpt lat="46.887960" lon="5.272170">
						<ele>190</ele>
						<time>2026-04-29T16:05:36Z</time>
					</trkpt>
					<trkpt lat="46.888080" lon="5.272530">
						<ele>189</ele>
						<time>2026-04-29T16:05:41Z</time>
					</trkpt>
					<trkpt lat="46.888210" lon="5.272950">
						<ele>192</ele>
						<time>2026-04-29T16:05:47Z</time>
					</trkpt>
					<trkpt lat="46.888230" lon="5.273050">
						<ele>192</ele>
						<time>2026-04-29T16:05:48Z</time>
					</trkpt>
					<trkpt lat="46.888220" lon="5.273170">
						<ele>193</ele>
						<time>2026-04-29T16:05:49Z</time>
					</trkpt>
					<trkpt lat="46.888180" lon="5.273290">
						<ele>194</ele>
						<time>2026-04-29T16:05:51Z</time>
					</trkpt>
					<trkpt lat="46.888120" lon="5.273400">
						<ele>194</ele>
						<time>2026-04-29T16:05:53Z</time>
					</trkpt>
					<trkpt lat="46.887910" lon="5.273710">
						<ele>195</ele>
						<time>2026-04-29T16:05:58Z</time>
					</trkpt>
					<trkpt lat="46.887810" lon="5.273890">
						<ele>196</ele>
						<time>2026-04-29T16:06:01Z</time>
					</trkpt>
					<trkpt lat="46.887750" lon="5.274110">
						<ele>197</ele>
						<time>2026-04-29T16:06:04Z</time>
					</trkpt>
					<trkpt lat="46.887610" lon="5.275170">
						<ele>198</ele>
						<time>2026-04-29T16:06:17Z</time>
					</trkpt>
					<trkpt lat="46.887580" lon="5.275500">
						<ele>198</ele>
						<time>2026-04-29T16:06:21Z</time>
					</trkpt>
					<trkpt lat="46.887560" lon="5.275710">
						<ele>198</ele>
						<time>2026-04-29T16:06:23Z</time>
					</trkpt>
					<trkpt lat="46.887530" lon="5.276230">
						<ele>198</ele>
						<time>2026-04-29T16:06:30Z</time>
					</trkpt>
					<trkpt lat="46.887550" lon="5.276640">
						<ele>198</ele>
						<time>2026-04-29T16:06:35Z</time>
					</trkpt>
					<trkpt lat="46.887650" lon="5.277440">
						<ele>198</ele>
						<time>2026-04-29T16:06:45Z</time>
					</trkpt>
					<trkpt lat="46.887790" lon="5.278810">
						<ele>197</ele>
						<time>2026-04-29T16:07:01Z</time>
					</trkpt>
					<trkpt lat="46.887810" lon="5.278980">
						<ele>197</ele>
						<time>2026-04-29T16:07:04Z</time>
					</trkpt>
					<trkpt lat="46.887830" lon="5.279490">
						<ele>198</ele>
						<time>2026-04-29T16:07:10Z</time>
					</trkpt>
					<trkpt lat="46.887820" lon="5.279960">
						<ele>199</ele>
						<time>2026-04-29T16:07:15Z</time>
					</trkpt>
					<trkpt lat="46.887810" lon="5.280140">
						<ele>199</ele>
						<time>2026-04-29T16:07:18Z</time>
					</trkpt>
					<trkpt lat="46.887740" lon="5.280440">
						<ele>199</ele>
						<time>2026-04-29T16:07:22Z</time>
					</trkpt>
					<trkpt lat="46.887730" lon="5.280490">
						<ele>199</ele>
						<time>2026-04-29T16:07:22Z</time>
					</trkpt>
					<trkpt lat="46.887860" lon="5.280550">
						<ele>199</ele>
						<time>2026-04-29T16:07:25Z</time>
					</trkpt>
					<trkpt lat="46.888230" lon="5.280450">
						<ele>199</ele>
						<time>2026-04-29T16:07:31Z</time>
					</trkpt>
					<trkpt lat="46.888770" lon="5.280210">
						<ele>199</ele>
						<time>2026-04-29T16:07:41Z</time>
					</trkpt>
					<trkpt lat="46.889270" lon="5.279900">
						<ele>198</ele>
						<time>2026-04-29T16:07:51Z</time>
					</trkpt>
					<trkpt lat="46.889790" lon="5.279500">
						<ele>196</ele>
						<time>2026-04-29T16:08:01Z</time>
					</trkpt>
					<trkpt lat="46.890020" lon="5.279380">
						<ele>196</ele>
						<time>2026-04-29T16:08:06Z</time>
					</trkpt>
					<trkpt lat="46.890110" lon="5.279360">
						<ele>196</ele>
						<time>2026-04-29T16:08:07Z</time>
					</trkpt>
					<trkpt lat="46.890230" lon="5.279350">
						<ele>196</ele>
						<time>2026-04-29T16:08:10Z</time>
					</trkpt>
					<trkpt lat="46.890310" lon="5.279380">
						<ele>196</ele>
						<time>2026-04-29T16:08:11Z</time>
					</trkpt>
					<trkpt lat="46.890400" lon="5.279430">
						<ele>196</ele>
						<time>2026-04-29T16:08:13Z</time>
					</trkpt>
					<trkpt lat="46.890630" lon="5.279570">
						<ele>196</ele>
						<time>2026-04-29T16:08:17Z</time>
					</trkpt>
					<trkpt lat="46.890930" lon="5.279660">
						<ele>196</ele>
						<time>2026-04-29T16:08:23Z</time>
					</trkpt>
					<trkpt lat="46.891500" lon="5.279810">
						<ele>197</ele>
						<time>2026-04-29T16:08:33Z</time>
					</trkpt>
					<trkpt lat="46.891640" lon="5.279790">
						<ele>197</ele>
						<time>2026-04-29T16:08:35Z</time>
					</trkpt>
					<trkpt lat="46.891790" lon="5.279720">
						<ele>197</ele>
						<time>2026-04-29T16:08:38Z</time>
					</trkpt>
					<trkpt lat="46.892260" lon="5.279360">
						<ele>196</ele>
						<time>2026-04-29T16:08:48Z</time>
					</trkpt>
					<trkpt lat="46.892670" lon="5.279040">
						<ele>195</ele>
						<time>2026-04-29T16:08:56Z</time>
					</trkpt>
					<trkpt lat="46.892780" lon="5.279010">
						<ele>195</ele>
						<time>2026-04-29T16:08:58Z</time>
					</trkpt>
					<trkpt lat="46.892870" lon="5.279010">
						<ele>195</ele>
						<time>2026-04-29T16:09:00Z</time>
					</trkpt>
					<trkpt lat="46.892980" lon="5.279100">
						<ele>195</ele>
						<time>2026-04-29T16:09:02Z</time>
					</trkpt>
					<trkpt lat="46.893180" lon="5.279320">
						<ele>194</ele>
						<time>2026-04-29T16:09:06Z</time>
					</trkpt>
					<trkpt lat="46.893350" lon="5.279450">
						<ele>194</ele>
						<time>2026-04-29T16:09:10Z</time>
					</trkpt>
					<trkpt lat="46.893570" lon="5.279580">
						<ele>194</ele>
						<time>2026-04-29T16:09:14Z</time>
					</trkpt>
					<trkpt lat="46.893700" lon="5.279610">
						<ele>194</ele>
						<time>2026-04-29T16:09:16Z</time>
					</trkpt>
					<trkpt lat="46.893790" lon="5.279620">
						<ele>194</ele>
						<time>2026-04-29T16:09:18Z</time>
					</trkpt>
					<trkpt lat="46.893940" lon="5.279580">
						<ele>194</ele>
						<time>2026-04-29T16:09:21Z</time>
					</trkpt>
					<trkpt lat="46.894090" lon="5.279540">
						<ele>194</ele>
						<time>2026-04-29T16:09:23Z</time>
					</trkpt>
					<trkpt lat="46.894160" lon="5.279530">
						<ele>194</ele>
						<time>2026-04-29T16:09:24Z</time>
					</trkpt>
					<trkpt lat="46.894300" lon="5.279510">
						<ele>194</ele>
						<time>2026-04-29T16:09:27Z</time>
					</trkpt>
					<trkpt lat="46.895130" lon="5.279620">
						<ele>193</ele>
						<time>2026-04-29T16:09:42Z</time>
					</trkpt>
					<trkpt lat="46.895430" lon="5.279580">
						<ele>192</ele>
						<time>2026-04-29T16:09:47Z</time>
					</trkpt>
					<trkpt lat="46.895750" lon="5.279450">
						<ele>191</ele>
						<time>2026-04-29T16:09:53Z</time>
					</trkpt>
					<trkpt lat="46.896130" lon="5.279170">
						<ele>191</ele>
						<time>2026-04-29T16:10:01Z</time>
					</trkpt>
					<trkpt lat="46.896360" lon="5.279030">
						<ele>191</ele>
						<time>2026-04-29T16:10:05Z</time>
					</trkpt>
					<trkpt lat="46.896620" lon="5.278940">
						<ele>190</ele>
						<time>2026-04-29T16:10:10Z</time>
					</trkpt>
					<trkpt lat="46.897260" lon="5.278760">
						<ele>187</ele>
						<time>2026-04-29T16:10:21Z</time>
					</trkpt>
					<trkpt lat="46.898140" lon="5.278450">
						<ele>183</ele>
						<time>2026-04-29T16:10:38Z</time>
					</trkpt>
					<trkpt lat="46.898470" lon="5.278300">
						<ele>182</ele>
						<time>2026-04-29T16:10:44Z</time>
					</trkpt>
					<trkpt lat="46.898890" lon="5.278150">
						<ele>181</ele>
						<time>2026-04-29T16:10:51Z</time>
					</trkpt>
					<trkpt lat="46.899070" lon="5.278010">
						<ele>180</ele>
						<time>2026-04-29T16:10:55Z</time>
					</trkpt>
					<trkpt lat="46.899160" lon="5.277900">
						<ele>180</ele>
						<time>2026-04-29T16:10:57Z</time>
					</trkpt>
					<trkpt lat="46.899290" lon="5.278100">
						<ele>180</ele>
						<time>2026-04-29T16:11:00Z</time>
					</trkpt>
					<trkpt lat="46.899450" lon="5.278290">
						<ele>180</ele>
						<time>2026-04-29T16:11:04Z</time>
					</trkpt>
					<trkpt lat="46.899610" lon="5.278420">
						<ele>180</ele>
						<time>2026-04-29T16:11:07Z</time>
					</trkpt>
					<trkpt lat="46.899710" lon="5.278490">
						<ele>180</ele>
						<time>2026-04-29T16:11:09Z</time>
					</trkpt>
					<trkpt lat="46.899850" lon="5.278540">
						<ele>181</ele>
						<time>2026-04-29T16:11:12Z</time>
					</trkpt>
					<trkpt lat="46.899980" lon="5.278540">
						<ele>181</ele>
						<time>2026-04-29T16:11:14Z</time>
					</trkpt>
					<trkpt lat="46.900330" lon="5.278560">
						<ele>180</ele>
						<time>2026-04-29T16:11:20Z</time>
					</trkpt>
					<trkpt lat="46.900470" lon="5.278580">
						<ele>179</ele>
						<time>2026-04-29T16:11:23Z</time>
					</trkpt>
					<trkpt lat="46.900600" lon="5.278620">
						<ele>179</ele>
						<time>2026-04-29T16:11:25Z</time>
					</trkpt>
					<trkpt lat="46.900680" lon="5.278660">
						<ele>178</ele>
						<time>2026-04-29T16:11:27Z</time>
					</trkpt>
					<trkpt lat="46.900760" lon="5.278710">
						<ele>178</ele>
						<time>2026-04-29T16:11:28Z</time>
					</trkpt>
					<trkpt lat="46.900900" lon="5.278810">
						<ele>178</ele>
						<time>2026-04-29T16:11:31Z</time>
					</trkpt>
					<trkpt lat="46.901150" lon="5.279040">
						<ele>178</ele>
						<time>2026-04-29T16:11:36Z</time>
					</trkpt>
					<trkpt lat="46.901350" lon="5.279290">
						<ele>178</ele>
						<time>2026-04-29T16:11:41Z</time>
					</trkpt>
					<trkpt lat="46.901530" lon="5.279570">
						<ele>178</ele>
						<time>2026-04-29T16:11:46Z</time>
					</trkpt>
					<trkpt lat="46.901710" lon="5.279900">
						<ele>178</ele>
						<time>2026-04-29T16:11:51Z</time>
					</trkpt>
					<trkpt lat="46.901840" lon="5.280200">
						<ele>178</ele>
						<time>2026-04-29T16:11:55Z</time>
					</trkpt>
					<trkpt lat="46.901920" lon="5.280460">
						<ele>179</ele>
						<time>2026-04-29T16:11:59Z</time>
					</trkpt>
					<trkpt lat="46.901960" lon="5.280820">
						<ele>179</ele>
						<time>2026-04-29T16:12:03Z</time>
					</trkpt>
					<trkpt lat="46.901990" lon="5.281530">
						<ele>180</ele>
						<time>2026-04-29T16:12:12Z</time>
					</trkpt>
					<trkpt lat="46.902020" lon="5.282170">
						<ele>180</ele>
						<time>2026-04-29T16:12:20Z</time>
					</trkpt>
					<trkpt lat="46.902040" lon="5.282360">
						<ele>180</ele>
						<time>2026-04-29T16:12:22Z</time>
					</trkpt>
					<trkpt lat="46.902080" lon="5.282550">
						<ele>180</ele>
						<time>2026-04-29T16:12:24Z</time>
					</trkpt>
					<trkpt lat="46.902130" lon="5.282740">
						<ele>179</ele>
						<time>2026-04-29T16:12:27Z</time>
					</trkpt>
					<trkpt lat="46.902220" lon="5.282940">
						<ele>179</ele>
						<time>2026-04-29T16:12:30Z</time>
					</trkpt>
					<trkpt lat="46.902500" lon="5.283460">
						<ele>179</ele>
						<time>2026-04-29T16:12:38Z</time>
					</trkpt>
					<trkpt lat="46.902670" lon="5.283720">
						<ele>179</ele>
						<time>2026-04-29T16:12:42Z</time>
					</trkpt>
					<trkpt lat="46.902840" lon="5.283940">
						<ele>179</ele>
						<time>2026-04-29T16:12:46Z</time>
					</trkpt>
					<trkpt lat="46.903020" lon="5.284160">
						<ele>180</ele>
						<time>2026-04-29T16:12:50Z</time>
					</trkpt>
					<trkpt lat="46.903290" lon="5.284440">
						<ele>180</ele>
						<time>2026-04-29T16:12:56Z</time>
					</trkpt>
					<trkpt lat="46.903400" lon="5.284570">
						<ele>180</ele>
						<time>2026-04-29T16:12:59Z</time>
					</trkpt>
					<trkpt lat="46.903460" lon="5.284670">
						<ele>180</ele>
						<time>2026-04-29T16:13:00Z</time>
					</trkpt>
					<trkpt lat="46.903530" lon="5.284780">
						<ele>180</ele>
						<time>2026-04-29T16:13:02Z</time>
					</trkpt>
					<trkpt lat="46.903620" lon="5.284950">
						<ele>180</ele>
						<time>2026-04-29T16:13:05Z</time>
					</trkpt>
					<trkpt lat="46.903810" lon="5.285360">
						<ele>180</ele>
						<time>2026-04-29T16:13:11Z</time>
					</trkpt>
					<trkpt lat="46.904670" lon="5.287330">
						<ele>179</ele>
						<time>2026-04-29T16:13:39Z</time>
					</trkpt>
					<trkpt lat="46.904720" lon="5.287480">
						<ele>178</ele>
						<time>2026-04-29T16:13:41Z</time>
					</trkpt>
					<trkpt lat="46.904940" lon="5.288170">
						<ele>179</ele>
						<time>2026-04-29T16:13:51Z</time>
					</trkpt>
					<trkpt lat="46.905740" lon="5.290860">
						<ele>180</ele>
						<time>2026-04-29T16:14:26Z</time>
					</trkpt>
					<trkpt lat="46.905790" lon="5.291120">
						<ele>180</ele>
						<time>2026-04-29T16:14:29Z</time>
					</trkpt>
					<trkpt lat="46.905890" lon="5.292020">
						<ele>179</ele>
						<time>2026-04-29T16:14:41Z</time>
					</trkpt>
					<trkpt lat="46.905930" lon="5.292460">
						<ele>180</ele>
						<time>2026-04-29T16:14:46Z</time>
					</trkpt>
					<trkpt lat="46.905970" lon="5.292890">
						<ele>180</ele>
						<time>2026-04-29T16:14:51Z</time>
					</trkpt>
					<trkpt lat="46.906070" lon="5.293420">
						<ele>180</ele>
						<time>2026-04-29T16:14:58Z</time>
					</trkpt>
					<trkpt lat="46.906380" lon="5.294490">
						<ele>180</ele>
						<time>2026-04-29T16:15:12Z</time>
					</trkpt>
					<trkpt lat="46.906980" lon="5.296520">
						<ele>179</ele>
						<time>2026-04-29T16:15:39Z</time>
					</trkpt>
					<trkpt lat="46.906880" lon="5.296590">
						<ele>178</ele>
						<time>2026-04-29T16:15:41Z</time>
					</trkpt>
					<trkpt lat="46.905840" lon="5.297340">
						<ele>179</ele>
						<time>2026-04-29T16:16:02Z</time>
					</trkpt>
					<trkpt lat="46.905780" lon="5.297380">
						<ele>179</ele>
						<time>2026-04-29T16:16:03Z</time>
					</trkpt>
					<trkpt lat="46.904780" lon="5.298130">
						<ele>182</ele>
						<time>2026-04-29T16:16:23Z</time>
					</trkpt>
					<trkpt lat="46.903600" lon="5.298810">
						<ele>184</ele>
						<time>2026-04-29T16:16:45Z</time>
					</trkpt>
					<trkpt lat="46.903050" lon="5.299110">
						<ele>184</ele>
						<time>2026-04-29T16:16:56Z</time>
					</trkpt>
					<trkpt lat="46.902390" lon="5.299270">
						<ele>184</ele>
						<time>2026-04-29T16:17:08Z</time>
					</trkpt>
					<trkpt lat="46.901110" lon="5.299660">
						<ele>186</ele>
						<time>2026-04-29T16:17:31Z</time>
					</trkpt>
					<trkpt lat="46.900590" lon="5.299850">
						<ele>186</ele>
						<time>2026-04-29T16:17:40Z</time>
					</trkpt>
					<trkpt lat="46.899830" lon="5.300280">
						<ele>187</ele>
						<time>2026-04-29T16:17:55Z</time>
					</trkpt>
					<trkpt lat="46.899350" lon="5.300580">
						<ele>190</ele>
						<time>2026-04-29T16:18:04Z</time>
					</trkpt>
					<trkpt lat="46.898930" lon="5.300850">
						<ele>192</ele>
						<time>2026-04-29T16:18:12Z</time>
					</trkpt>
					<trkpt lat="46.897950" lon="5.301420">
						<ele>192</ele>
						<time>2026-04-29T16:18:31Z</time>
					</trkpt>
					<trkpt lat="46.897750" lon="5.301550">
						<ele>192</ele>
						<time>2026-04-29T16:18:35Z</time>
					</trkpt>
					<trkpt lat="46.897270" lon="5.301840">
						<ele>192</ele>
						<time>2026-04-29T16:18:44Z</time>
					</trkpt>
					<trkpt lat="46.897090" lon="5.301950">
						<ele>192</ele>
						<time>2026-04-29T16:18:48Z</time>
					</trkpt>
					<trkpt lat="46.896940" lon="5.302020">
						<ele>192</ele>
						<time>2026-04-29T16:18:51Z</time>
					</trkpt>
					<trkpt lat="46.896790" lon="5.302070">
						<ele>191</ele>
						<time>2026-04-29T16:18:53Z</time>
					</trkpt>
					<trkpt lat="46.896640" lon="5.302080">
						<ele>191</ele>
						<time>2026-04-29T16:18:56Z</time>
					</trkpt>
					<trkpt lat="46.896480" lon="5.302070">
						<ele>191</ele>
						<time>2026-04-29T16:18:59Z</time>
					</trkpt>
					<trkpt lat="46.896300" lon="5.302040">
						<ele>191</ele>
						<time>2026-04-29T16:19:02Z</time>
					</trkpt>
					<trkpt lat="46.895890" lon="5.301940">
						<ele>190</ele>
						<time>2026-04-29T16:19:09Z</time>
					</trkpt>
					<trkpt lat="46.895720" lon="5.301910">
						<ele>190</ele>
						<time>2026-04-29T16:19:12Z</time>
					</trkpt>
					<trkpt lat="46.895590" lon="5.301900">
						<ele>190</ele>
						<time>2026-04-29T16:19:15Z</time>
					</trkpt>
					<trkpt lat="46.895340" lon="5.301920">
						<ele>190</ele>
						<time>2026-04-29T16:19:19Z</time>
					</trkpt>
					<trkpt lat="46.894820" lon="5.302050">
						<ele>190</ele>
						<time>2026-04-29T16:19:29Z</time>
					</trkpt>
					<trkpt lat="46.894680" lon="5.302080">
						<ele>190</ele>
						<time>2026-04-29T16:19:31Z</time>
					</trkpt>
					<trkpt lat="46.894560" lon="5.302090">
						<ele>190</ele>
						<time>2026-04-29T16:19:33Z</time>
					</trkpt>
					<trkpt lat="46.894230" lon="5.302070">
						<ele>190</ele>
						<time>2026-04-29T16:19:39Z</time>
					</trkpt>
					<trkpt lat="46.894080" lon="5.302050">
						<ele>190</ele>
						<time>2026-04-29T16:19:42Z</time>
					</trkpt>
					<trkpt lat="46.893630" lon="5.301950">
						<ele>193</ele>
						<time>2026-04-29T16:19:50Z</time>
					</trkpt>
					<trkpt lat="46.893400" lon="5.301870">
						<ele>194</ele>
						<time>2026-04-29T16:19:54Z</time>
					</trkpt>
					<trkpt lat="46.893100" lon="5.301780">
						<ele>195</ele>
						<time>2026-04-29T16:20:00Z</time>
					</trkpt>
					<trkpt lat="46.893020" lon="5.301770">
						<ele>195</ele>
						<time>2026-04-29T16:20:01Z</time>
					</trkpt>
					<trkpt lat="46.892920" lon="5.301780">
						<ele>195</ele>
						<time>2026-04-29T16:20:03Z</time>
					</trkpt>
					<trkpt lat="46.892830" lon="5.301800">
						<ele>196</ele>
						<time>2026-04-29T16:20:04Z</time>
					</trkpt>
					<trkpt lat="46.892710" lon="5.301840">
						<ele>196</ele>
						<time>2026-04-29T16:20:07Z</time>
					</trkpt>
					<trkpt lat="46.892490" lon="5.301940">
						<ele>196</ele>
						<time>2026-04-29T16:20:11Z</time>
					</trkpt>
					<trkpt lat="46.892130" lon="5.302120">
						<ele>197</ele>
						<time>2026-04-29T16:20:17Z</time>
					</trkpt>
					<trkpt lat="46.891260" lon="5.302520">
						<ele>199</ele>
						<time>2026-04-29T16:20:34Z</time>
					</trkpt>
					<trkpt lat="46.891120" lon="5.302580">
						<ele>199</ele>
						<time>2026-04-29T16:20:36Z</time>
					</trkpt>
					<trkpt lat="46.890980" lon="5.302630">
						<ele>200</ele>
						<time>2026-04-29T16:20:39Z</time>
					</trkpt>
					<trkpt lat="46.890890" lon="5.302660">
						<ele>200</ele>
						<time>2026-04-29T16:20:40Z</time>
					</trkpt>
					<trkpt lat="46.890750" lon="5.302390">
						<ele>201</ele>
						<time>2026-04-29T16:20:45Z</time>
					</trkpt>
					<trkpt lat="46.890490" lon="5.301780">
						<ele>201</ele>
						<time>2026-04-29T16:20:53Z</time>
					</trkpt>
					<trkpt lat="46.890250" lon="5.301250">
						<ele>200</ele>
						<time>2026-04-29T16:21:01Z</time>
					</trkpt>
					<trkpt lat="46.890180" lon="5.301080">
						<ele>200</ele>
						<time>2026-04-29T16:21:03Z</time>
					</trkpt>
					<trkpt lat="46.890130" lon="5.301010">
						<ele>201</ele>
						<time>2026-04-29T16:21:05Z</time>
					</trkpt>
					<trkpt lat="46.890080" lon="5.300960">
						<ele>201</ele>
						<time>2026-04-29T16:21:06Z</time>
					</trkpt>
					<trkpt lat="46.890040" lon="5.300940">
						<ele>201</ele>
						<time>2026-04-29T16:21:07Z</time>
					</trkpt>
					<trkpt lat="46.889940" lon="5.300930">
						<ele>201</ele>
						<time>2026-04-29T16:21:08Z</time>
					</trkpt>
					<trkpt lat="46.889890" lon="5.300940">
						<ele>201</ele>
						<time>2026-04-29T16:21:09Z</time>
					</trkpt>
					<trkpt lat="46.889800" lon="5.300980">
						<ele>201</ele>
						<time>2026-04-29T16:21:11Z</time>
					</trkpt>
					<trkpt lat="46.889670" lon="5.301070">
						<ele>201</ele>
						<time>2026-04-29T16:21:13Z</time>
					</trkpt>
					<trkpt lat="46.889520" lon="5.301140">
						<ele>201</ele>
						<time>2026-04-29T16:21:16Z</time>
					</trkpt>
					<trkpt lat="46.889400" lon="5.301170">
						<ele>202</ele>
						<time>2026-04-29T16:21:18Z</time>
					</trkpt>
					<trkpt lat="46.889270" lon="5.301170">
						<ele>202</ele>
						<time>2026-04-29T16:21:21Z</time>
					</trkpt>
					<trkpt lat="46.889130" lon="5.301080">
						<ele>202</ele>
						<time>2026-04-29T16:21:23Z</time>
					</trkpt>
					<trkpt lat="46.888920" lon="5.300910">
						<ele>203</ele>
						<time>2026-04-29T16:21:28Z</time>
					</trkpt>
					<trkpt lat="46.888600" lon="5.300590">
						<ele>203</ele>
						<time>2026-04-29T16:21:35Z</time>
					</trkpt>
					<trkpt lat="46.888040" lon="5.299960">
						<ele>203</ele>
						<time>2026-04-29T16:21:47Z</time>
					</trkpt>
					<trkpt lat="46.887940" lon="5.299870">
						<ele>202</ele>
						<time>2026-04-29T16:21:49Z</time>
					</trkpt>
					<trkpt lat="46.887720" lon="5.299770">
						<ele>202</ele>
						<time>2026-04-29T16:21:53Z</time>
					</trkpt>
					<trkpt lat="46.887330" lon="5.299660">
						<ele>203</ele>
						<time>2026-04-29T16:22:00Z</time>
					</trkpt>
					<trkpt lat="46.887050" lon="5.299650">
						<ele>204</ele>
						<time>2026-04-29T16:22:05Z</time>
					</trkpt>
					<trkpt lat="46.886190" lon="5.299760">
						<ele>208</ele>
						<time>2026-04-29T16:22:21Z</time>
					</trkpt>
					<trkpt lat="46.886060" lon="5.299750">
						<ele>209</ele>
						<time>2026-04-29T16:22:23Z</time>
					</trkpt>
					<trkpt lat="46.885960" lon="5.299690">
						<ele>209</ele>
						<time>2026-04-29T16:22:25Z</time>
					</trkpt>
					<trkpt lat="46.885900" lon="5.299630">
						<ele>209</ele>
						<time>2026-04-29T16:22:26Z</time>
					</trkpt>
					<trkpt lat="46.885830" lon="5.299450">
						<ele>209</ele>
						<time>2026-04-29T16:22:29Z</time>
					</trkpt>
					<trkpt lat="46.885670" lon="5.298540">
						<ele>210</ele>
						<time>2026-04-29T16:22:40Z</time>
					</trkpt>
					<trkpt lat="46.885390" lon="5.296970">
						<ele>209</ele>
						<time>2026-04-29T16:23:00Z</time>
					</trkpt>
					<trkpt lat="46.885300" lon="5.296460">
						<ele>208</ele>
						<time>2026-04-29T16:23:06Z</time>
					</trkpt>
					<trkpt lat="46.885160" lon="5.295680">
						<ele>208</ele>
						<time>2026-04-29T16:23:16Z</time>
					</trkpt>
					<trkpt lat="46.885110" lon="5.295400">
						<ele>208</ele>
						<time>2026-04-29T16:23:20Z</time>
					</trkpt>
					<trkpt lat="46.885080" lon="5.295170">
						<ele>209</ele>
						<time>2026-04-29T16:23:23Z</time>
					</trkpt>
					<trkpt lat="46.885030" lon="5.294600">
						<ele>209</ele>
						<time>2026-04-29T16:23:30Z</time>
					</trkpt>
					<trkpt lat="46.884930" lon="5.293130">
						<ele>210</ele>
						<time>2026-04-29T16:23:48Z</time>
					</trkpt>
					<trkpt lat="46.884860" lon="5.292470">
						<ele>208</ele>
						<time>2026-04-29T16:23:56Z</time>
					</trkpt>
					<trkpt lat="46.884750" lon="5.291570">
						<ele>206</ele>
						<time>2026-04-29T16:24:07Z</time>
					</trkpt>
					<trkpt lat="46.884700" lon="5.291320">
						<ele>206</ele>
						<time>2026-04-29T16:24:10Z</time>
					</trkpt>
					<trkpt lat="46.884490" lon="5.290200">
						<ele>208</ele>
						<time>2026-04-29T16:24:24Z</time>
					</trkpt>
					<trkpt lat="46.884420" lon="5.289860">
						<ele>209</ele>
						<time>2026-04-29T16:24:28Z</time>
					</trkpt>
					<trkpt lat="46.884340" lon="5.289560">
						<ele>208</ele>
						<time>2026-04-29T16:24:32Z</time>
					</trkpt>
					<trkpt lat="46.884240" lon="5.289250">
						<ele>208</ele>
						<time>2026-04-29T16:24:36Z</time>
					</trkpt>
					<trkpt lat="46.883530" lon="5.287330">
						<ele>210</ele>
						<time>2026-04-29T16:25:03Z</time>
					</trkpt>
					<trkpt lat="46.882490" lon="5.284490">
						<ele>209</ele>
						<time>2026-04-29T16:25:42Z</time>
					</trkpt>
					<trkpt lat="46.881300" lon="5.281190">
						<ele>208</ele>
						<time>2026-04-29T16:26:28Z</time>
					</trkpt>
					<trkpt lat="46.881030" lon="5.280440">
						<ele>208</ele>
						<time>2026-04-29T16:26:38Z</time>
					</trkpt>
					<trkpt lat="46.880120" lon="5.277940">
						<ele>208</ele>
						<time>2026-04-29T16:27:12Z</time>
					</trkpt>
					<trkpt lat="46.880060" lon="5.277750">
						<ele>208</ele>
						<time>2026-04-29T16:27:15Z</time>
					</trkpt>
					<trkpt lat="46.880040" lon="5.277630">
						<ele>209</ele>
						<time>2026-04-29T16:27:16Z</time>
					</trkpt>
					<trkpt lat="46.880040" lon="5.277460">
						<ele>209</ele>
						<time>2026-04-29T16:27:18Z</time>
					</trkpt>
					<trkpt lat="46.880140" lon="5.276720">
						<ele>212</ele>
						<time>2026-04-29T16:27:28Z</time>
					</trkpt>
					<trkpt lat="46.881020" lon="5.271700">
						<ele>211</ele>
						<time>2026-04-29T16:28:31Z</time>
					</trkpt>
					<trkpt lat="46.881420" lon="5.269440">
						<ele>207</ele>
						<time>2026-04-29T16:28:59Z</time>
					</trkpt>
					<trkpt lat="46.881570" lon="5.268730">
						<ele>208</ele>
						<time>2026-04-29T16:29:08Z</time>
					</trkpt>
					<trkpt lat="46.881640" lon="5.268430">
						<ele>210</ele>
						<time>2026-04-29T16:29:12Z</time>
					</trkpt>
					<trkpt lat="46.881650" lon="5.268290">
						<ele>211</ele>
						<time>2026-04-29T16:29:14Z</time>
					</trkpt>
					<trkpt lat="46.881650" lon="5.268080">
						<ele>213</ele>
						<time>2026-04-29T16:29:16Z</time>
					</trkpt>
					<trkpt lat="46.882050" lon="5.267900">
						<ele>210</ele>
						<time>2026-04-29T16:29:24Z</time>
					</trkpt>
					<trkpt lat="46.882150" lon="5.267870">
						<ele>209</ele>
						<time>2026-04-29T16:29:25Z</time>
					</trkpt>
					<trkpt lat="46.882300" lon="5.267830">
						<ele>208</ele>
						<time>2026-04-29T16:29:28Z</time>
					</trkpt>
					<trkpt lat="46.882470" lon="5.267800">
						<ele>206</ele>
						<time>2026-04-29T16:29:31Z</time>
					</trkpt>
					<trkpt lat="46.882700" lon="5.267760">
						<ele>205</ele>
						<time>2026-04-29T16:29:35Z</time>
					</trkpt>
					<trkpt lat="46.882790" lon="5.267710">
						<ele>205</ele>
						<time>2026-04-29T16:29:37Z</time>
					</trkpt>
					<trkpt lat="46.882970" lon="5.267580">
						<ele>205</ele>
						<time>2026-04-29T16:29:41Z</time>
					</trkpt>
					<trkpt lat="46.883050" lon="5.267490">
						<ele>204</ele>
						<time>2026-04-29T16:29:42Z</time>
					</trkpt>
					<trkpt lat="46.883540" lon="5.266750">
						<ele>206</ele>
						<time>2026-04-29T16:29:55Z</time>
					</trkpt>
					<trkpt lat="46.883600" lon="5.266620">
						<ele>206</ele>
						<time>2026-04-29T16:29:57Z</time>
					</trkpt>
					<trkpt lat="46.883620" lon="5.266640">
						<ele>206</ele>
						<time>2026-04-29T16:29:57Z</time>
					</trkpt>
					<trkpt lat="46.883660" lon="5.266650">
						<ele>205</ele>
						<time>2026-04-29T16:29:58Z</time>
					</trkpt>
					<trkpt lat="46.883700" lon="5.266640">
						<ele>205</ele>
						<time>2026-04-29T16:29:59Z</time>
					</trkpt>
					<trkpt lat="46.883740" lon="5.266590">
						<ele>204</ele>
						<time>2026-04-29T16:30:00Z</time>
					</trkpt>
					<trkpt lat="46.883760" lon="5.266520">
						<ele>204</ele>
						<time>2026-04-29T16:30:01Z</time>
					</trkpt>
					<trkpt lat="46.883870" lon="5.266550">
						<ele>203</ele>
						<time>2026-04-29T16:30:03Z</time>
					</trkpt>
					<trkpt lat="46.884550" lon="5.266900">
						<ele>201</ele>
						<time>2026-04-29T16:30:15Z</time>
					</trkpt>
					<trkpt lat="46.884810" lon="5.267030">
						<ele>201</ele>
						<time>2026-04-29T16:30:20Z</time>
					</trkpt>
					</trkseg>
				</trk>
			</gpx>